<?xml version="1.0" encoding="UTF-8" standalone="no" ?>
<gpx xmlns="http://www.topografix.com/GPX/1/1" xmlns:xsi="http://www.w3.org/2001/XMLSchema-instance" xsi:schemaLocation="http://www.topografix.com/GPX/1/1 http://www.topografix.com/GPX/1/1/gpx.xsd" version="1.1" creator="EditGPX">
  <metadata>
    <name>g727 2026</name>
    <desc>https://727bikepacking.fr/g727/</desc>
  </metadata>
  <wpt lat="42.455080" lon="2.844570">
    <ele>318.6</ele>
    <name><![CDATA[Montées rudes]]></name>
    <type><![CDATA[danger]]></type>
  </wpt>
  <wpt lat="42.109070" lon="2.956260">
    <ele>67.5</ele>
    <name><![CDATA[Bois ornières]]></name>
    <type><![CDATA[danger]]></type>
  </wpt>
  <wpt lat="41.983180" lon="2.866170">
    <ele>346.3</ele>
    <name><![CDATA[Point de vue]]></name>
    <type><![CDATA[star]]></type>
  </wpt>
  <wpt lat="41.984280" lon="2.864660">
    <ele>327.2</ele>
    <name><![CDATA[Fort pourcentage]]></name>
    <type><![CDATA[danger]]></type>
  </wpt>
  <wpt lat="41.986010" lon="2.823400">
    <ele>68</ele>
    <name><![CDATA[Eau]]></name>
    <type><![CDATA[drink]]></type>
  </wpt>
  <wpt lat="42.264330" lon="3.151060">
    <ele>1</ele>
    <name><![CDATA[Siklistam]]></name>
    <desc><![CDATA[Par un ancien 727ter]]></desc>
    <type><![CDATA[velo]]></type>
  </wpt>
  <wpt lat="42.859240" lon="2.943590">
    <ele>85.7</ele>
    <name><![CDATA[Descente rugueuse, prudence]]></name>
    <type><![CDATA[danger]]></type>
  </wpt>
  <wpt lat="42.791260" lon="2.905850">
    <ele>17</ele>
    <name><![CDATA[Traveaux lors de la reco]]></name>
    <type><![CDATA[danger]]></type>
  </wpt>
  <wpt lat="42.772400" lon="2.841880">
    <ele>30.3</ele>
    <name><![CDATA[Eau]]></name>
    <type><![CDATA[drink]]></type>
  </wpt>
  <wpt lat="43.330630" lon="3.199480">
    <ele>24.1</ele>
    <name><![CDATA[Les 7 écluses]]></name>
    <type><![CDATA[star]]></type>
  </wpt>
  <wpt lat="43.460980" lon="3.422890">
    <ele>21.9</ele>
    <name><![CDATA[Pézenas]]></name>
    <type><![CDATA[star]]></type>
  </wpt>
  <wpt lat="43.280840" lon="3.129440">
    <ele>70</ele>
    <name><![CDATA[Moulin]]></name>
    <type><![CDATA[star]]></type>
  </wpt>
  <wpt lat="43.184780" lon="3.003800">
    <ele>12.1</ele>
    <name><![CDATA[Cathédrale]]></name>
    <type><![CDATA[star]]></type>
  </wpt>
  <wpt lat="42.458550" lon="2.859280">
    <ele>424</ele>
    <name><![CDATA[Fort de Bellegarde]]></name>
    <type><![CDATA[star]]></type>
  </wpt>
  <wpt lat="42.115120" lon="3.143630">
    <ele>3.5</ele>
    <name><![CDATA[L'Escala]]></name>
    <type><![CDATA[star]]></type>
  </wpt>
  <wpt lat="41.984520" lon="2.824430">
    <ele>66.9</ele>
    <name><![CDATA[Girona]]></name>
    <type><![CDATA[star]]></type>
  </wpt>
  <wpt lat="42.259910" lon="3.177820">
    <ele>1</ele>
    <name><![CDATA[Roses]]></name>
    <type><![CDATA[star]]></type>
  </wpt>
  <wpt lat="42.236510" lon="3.218290">
    <ele>56</ele>
    <name><![CDATA[Parc sublime]]></name>
    <type><![CDATA[star]]></type>
  </wpt>
  <wpt lat="42.287250" lon="3.276270">
    <ele>1.6</ele>
    <name><![CDATA[Casaqués]]></name>
    <type><![CDATA[star]]></type>
  </wpt>
  <wpt lat="43.059030" lon="3.001630">
    <ele>6.5</ele>
    <name><![CDATA[Golfe antique]]></name>
    <type><![CDATA[star]]></type>
  </wpt>
  <wpt lat="42.954380" lon="3.039560">
    <name><![CDATA[Plage immense]]></name>
    <type><![CDATA[star]]></type>
  </wpt>
  <wpt lat="43.047470" lon="3.055740">
    <ele>1.6</ele>
    <name><![CDATA[La roubine]]></name>
    <type><![CDATA[star]]></type>
  </wpt>
  <wpt lat="42.916210" lon="3.058560">
    <ele>39.1</ele>
    <name><![CDATA[Falaises]]></name>
    <type><![CDATA[star]]></type>
  </wpt>
  <wpt lat="42.377820" lon="3.069600">
    <ele>194</ele>
    <name><![CDATA[Eau]]></name>
    <type><![CDATA[drink]]></type>
  </wpt>
  <wpt lat="42.391050" lon="2.999950">
    <ele>111.3</ele>
    <name><![CDATA[Eau]]></name>
    <type><![CDATA[drink]]></type>
  </wpt>
  <wpt lat="42.391620" lon="3.000940">
    <ele>119.9</ele>
    <name><![CDATA[Eau]]></name>
    <type><![CDATA[drink]]></type>
  </wpt>
  <wpt lat="42.527140" lon="3.082950">
    <ele>9.3</ele>
    <name><![CDATA[Gâteaux fous]]></name>
    <type><![CDATA[boulangerie]]></type>
  </wpt>
  <wpt lat="42.527550" lon="3.083800">
    <ele>8.6</ele>
    <name><![CDATA[Glaces top]]></name>
    <type><![CDATA[restaurant]]></type>
  </wpt>
  <wpt lat="42.535160" lon="3.059730">
    <ele>28.1</ele>
    <name><![CDATA[Escaliers]]></name>
    <type><![CDATA[danger]]></type>
  </wpt>
  <wpt lat="42.526710" lon="3.085320">
    <ele>1.1</ele>
    <name><![CDATA[Colioure]]></name>
    <type><![CDATA[star]]></type>
  </wpt>
  <wpt lat="42.687550" lon="2.982420">
    <ele>19.9</ele>
    <name><![CDATA[Banc géant]]></name>
    <type><![CDATA[star]]></type>
  </wpt>
  <wpt lat="43.234750" lon="3.058660">
    <ele>5.1</ele>
    <name><![CDATA[Eau-Fontaine Wallace]]></name>
    <type><![CDATA[drink]]></type>
  </wpt>
  <wpt lat="41.995060" lon="2.820780">
    <ele>67.2</ele>
    <name><![CDATA[Eau]]></name>
    <type><![CDATA[drink]]></type>
  </wpt>
  <wpt lat="41.981610" lon="2.823750">
    <ele>69</ele>
    <name><![CDATA[Eau]]></name>
    <type><![CDATA[drink]]></type>
  </wpt>
  <wpt lat="42.559450" lon="3.046450">
    <ele>3</ele>
    <name><![CDATA[Eau]]></name>
    <type><![CDATA[drink]]></type>
  </wpt>
  <wpt lat="42.536070" lon="3.056580">
    <ele>4.1</ele>
    <name><![CDATA[Eau]]></name>
    <type><![CDATA[drink]]></type>
  </wpt>
  <wpt lat="42.543030" lon="3.052050">
    <ele>3</ele>
    <name><![CDATA[Eau]]></name>
    <type><![CDATA[drink]]></type>
  </wpt>
  <wpt lat="42.621930" lon="3.035480">
    <ele>1.3</ele>
    <name><![CDATA[Eau-Fontaine marine]]></name>
    <type><![CDATA[drink]]></type>
  </wpt>
  <wpt lat="42.259570" lon="3.075350">
    <ele>16.3</ele>
    <name><![CDATA[Eau]]></name>
    <type><![CDATA[drink]]></type>
  </wpt>
  <wpt lat="42.259850" lon="3.073810">
    <ele>12.7</ele>
    <name><![CDATA[Eau]]></name>
    <type><![CDATA[drink]]></type>
  </wpt>
  <wpt lat="42.009130" lon="2.815440">
    <ele>66.9</ele>
    <name><![CDATA[Eau]]></name>
    <type><![CDATA[drink]]></type>
  </wpt>
  <wpt lat="42.524250" lon="3.084880">
    <ele>4.7</ele>
    <name><![CDATA[Eau]]></name>
    <type><![CDATA[drink]]></type>
  </wpt>
  <wpt lat="43.011240" lon="3.061330">
    <ele>2</ele>
    <name><![CDATA[Eau]]></name>
    <type><![CDATA[drink]]></type>
  </wpt>
  <wpt lat="43.351220" lon="3.531640">
    <ele>1</ele>
    <name><![CDATA[Eau]]></name>
    <type><![CDATA[drink]]></type>
  </wpt>
  <wpt lat="42.067960" lon="2.914250">
    <ele>41.8</ele>
    <name><![CDATA[Eau]]></name>
    <type><![CDATA[drink]]></type>
  </wpt>
  <wpt lat="42.786940" lon="3.038770">
    <ele>3</ele>
    <name><![CDATA[Eau]]></name>
    <type><![CDATA[drink]]></type>
  </wpt>
  <wpt lat="42.766540" lon="2.989470">
    <ele>5</ele>
    <name><![CDATA[Eau]]></name>
    <type><![CDATA[drink]]></type>
  </wpt>
  <wpt lat="43.184290" lon="3.003750">
    <ele>8.7</ele>
    <name><![CDATA[Eau]]></name>
    <type><![CDATA[drink]]></type>
  </wpt>
  <wpt lat="43.313810" lon="3.143500">
    <ele>32.8</ele>
    <name><![CDATA[Eau]]></name>
    <type><![CDATA[drink]]></type>
  </wpt>
  <wpt lat="43.047870" lon="3.056530">
    <ele>1.7</ele>
    <name><![CDATA[Eau]]></name>
    <type><![CDATA[drink]]></type>
  </wpt>
  <wpt lat="42.018480" lon="2.825530">
    <ele>64</ele>
    <name><![CDATA[Eau]]></name>
    <type><![CDATA[drink]]></type>
  </wpt>
  <wpt lat="42.017600" lon="2.823090">
    <ele>65</ele>
    <name><![CDATA[Eau]]></name>
    <type><![CDATA[drink]]></type>
  </wpt>
  <wpt lat="43.181570" lon="3.007090">
    <ele>5.6</ele>
    <name><![CDATA[Eau]]></name>
    <type><![CDATA[drink]]></type>
  </wpt>
  <wpt lat="42.289400" lon="3.275350">
    <ele>3.8</ele>
    <name><![CDATA[Eau]]></name>
    <type><![CDATA[drink]]></type>
  </wpt>
  <wpt lat="42.391620" lon="3.000950">
    <ele>119.8</ele>
    <name><![CDATA[Eau]]></name>
    <type><![CDATA[drink]]></type>
  </wpt>
  <wpt lat="42.990080" lon="2.952800">
    <ele>56.7</ele>
    <name><![CDATA[Eau]]></name>
    <type><![CDATA[drink]]></type>
  </wpt>
  <wpt lat="42.992080" lon="2.956020">
    <ele>50.8</ele>
    <name><![CDATA[Eau]]></name>
    <type><![CDATA[drink]]></type>
  </wpt>
  <wpt lat="43.183060" lon="3.004310">
    <ele>4</ele>
    <name><![CDATA[Eau]]></name>
    <type><![CDATA[drink]]></type>
  </wpt>
  <wpt lat="42.375490" lon="3.066240">
    <ele>152.2</ele>
    <name><![CDATA[Eau-Font de l'Ou]]></name>
    <type><![CDATA[drink]]></type>
  </wpt>
  <wpt lat="42.313920" lon="2.928650">
    <ele>40.8</ele>
    <name><![CDATA[Eau]]></name>
    <type><![CDATA[drink]]></type>
  </wpt>
  <wpt lat="42.391050" lon="2.999950">
    <ele>111.3</ele>
    <name><![CDATA[Eau-Font del Còrrec]]></name>
    <type><![CDATA[drink]]></type>
  </wpt>
  <wpt lat="42.375680" lon="3.067900">
    <ele>158.8</ele>
    <name><![CDATA[Eau]]></name>
    <type><![CDATA[drink]]></type>
  </wpt>
  <wpt lat="43.332570" lon="3.224510">
    <ele>10.7</ele>
    <name><![CDATA[Eau]]></name>
    <type><![CDATA[drink]]></type>
  </wpt>
  <wpt lat="42.509410" lon="2.792230">
    <ele>102.9</ele>
    <name><![CDATA[Eau-Fontaine du Docteur Basman]]></name>
    <type><![CDATA[drink]]></type>
  </wpt>
  <wpt lat="42.487700" lon="2.807310">
    <ele>134.8</ele>
    <name><![CDATA[Eau]]></name>
    <type><![CDATA[drink]]></type>
  </wpt>
  <wpt lat="42.264680" lon="3.161970">
    <ele>1.1</ele>
    <name><![CDATA[Eau]]></name>
    <type><![CDATA[drink]]></type>
  </wpt>
  <wpt lat="42.694950" lon="2.770040">
    <ele>67.8</ele>
    <name><![CDATA[Eau]]></name>
    <type><![CDATA[drink]]></type>
  </wpt>
  <wpt lat="42.125750" lon="3.132640">
    <ele>6.5</ele>
    <name><![CDATA[Eau]]></name>
    <type><![CDATA[drink]]></type>
  </wpt>
  <wpt lat="41.987800" lon="2.822580">
    <ele>67.9</ele>
    <name><![CDATA[Eau]]></name>
    <type><![CDATA[drink]]></type>
  </wpt>
  <wpt lat="42.057620" lon="3.045080">
    <ele>15.4</ele>
    <name><![CDATA[Eau]]></name>
    <type><![CDATA[drink]]></type>
  </wpt>
  <wpt lat="42.018220" lon="2.906830">
    <ele>86.2</ele>
    <name><![CDATA[Eau]]></name>
    <type><![CDATA[drink]]></type>
  </wpt>
  <wpt lat="42.019520" lon="2.930870">
    <ele>82.8</ele>
    <name><![CDATA[Eau]]></name>
    <type><![CDATA[drink]]></type>
  </wpt>
  <wpt lat="42.775650" lon="2.836150">
    <ele>33</ele>
    <name><![CDATA[Eau]]></name>
    <type><![CDATA[drink]]></type>
  </wpt>
  <wpt lat="42.338970" lon="3.204310">
    <ele>2.5</ele>
    <name><![CDATA[Eau]]></name>
    <type><![CDATA[drink]]></type>
  </wpt>
  <wpt lat="43.184390" lon="3.003330">
    <ele>11</ele>
    <name><![CDATA[Eau]]></name>
    <type><![CDATA[drink]]></type>
  </wpt>
  <wpt lat="42.135120" lon="3.121590">
    <ele>7.2</ele>
    <name><![CDATA[Eau]]></name>
    <type><![CDATA[drink]]></type>
  </wpt>
  <wpt lat="41.985000" lon="2.824670">
    <ele>66.6</ele>
    <name><![CDATA[Eau-Font del pou de la Cadena]]></name>
    <type><![CDATA[drink]]></type>
  </wpt>
  <wpt lat="43.459790" lon="3.423030">
    <ele>20.1</ele>
    <name><![CDATA[Eau]]></name>
    <type><![CDATA[drink]]></type>
  </wpt>
  <wpt lat="43.356110" lon="3.533840">
    <ele>1</ele>
    <name><![CDATA[Eau]]></name>
    <type><![CDATA[drink]]></type>
  </wpt>
  <wpt lat="42.551900" lon="3.048220">
    <ele>4</ele>
    <name><![CDATA[Eau]]></name>
    <type><![CDATA[drink]]></type>
  </wpt>
  <wpt lat="42.139140" lon="3.117180">
    <ele>4.8</ele>
    <name><![CDATA[Eau]]></name>
    <type><![CDATA[drink]]></type>
  </wpt>
  <wpt lat="42.511290" lon="2.790770">
    <ele>106.7</ele>
    <name><![CDATA[Eau]]></name>
    <type><![CDATA[drink]]></type>
  </wpt>
  <wpt lat="42.123100" lon="2.963720">
    <ele>84.4</ele>
    <name><![CDATA[Eau]]></name>
    <type><![CDATA[drink]]></type>
  </wpt>
  <wpt lat="42.039500" lon="2.996980">
    <ele>83.5</ele>
    <name><![CDATA[Eau]]></name>
    <type><![CDATA[drink]]></type>
  </wpt>
  <wpt lat="42.046930" lon="2.957640">
    <ele>38</ele>
    <name><![CDATA[Eau]]></name>
    <type><![CDATA[drink]]></type>
  </wpt>
  <wpt lat="42.287450" lon="3.275870">
    <ele>2.8</ele>
    <name><![CDATA[Eau-Font de la Plaça Dr. Pont]]></name>
    <type><![CDATA[drink]]></type>
  </wpt>
  <wpt lat="43.087510" lon="2.960240">
    <ele>1</ele>
    <name><![CDATA[Eau]]></name>
    <type><![CDATA[drink]]></type>
  </wpt>
  <wpt lat="41.980790" lon="2.824470">
    <ele>70.4</ele>
    <name><![CDATA[Eau]]></name>
    <type><![CDATA[drink]]></type>
  </wpt>
  <wpt lat="42.905170" lon="3.056070">
    <ele>2.5</ele>
    <name><![CDATA[Eau]]></name>
    <type><![CDATA[drink]]></type>
  </wpt>
  <wpt lat="42.377800" lon="3.069620">
    <ele>193.6</ele>
    <name><![CDATA[Eau-Font del Suro]]></name>
    <type><![CDATA[drink]]></type>
  </wpt>
  <wpt lat="42.372660" lon="2.920690">
    <ele>104.7</ele>
    <name><![CDATA[Eau-Agua]]></name>
    <type><![CDATA[drink]]></type>
  </wpt>
  <wpt lat="43.182230" lon="3.005690">
    <ele>4.1</ele>
    <name><![CDATA[Eau]]></name>
    <type><![CDATA[drink]]></type>
  </wpt>
  <wpt lat="42.336250" lon="3.202940">
    <ele>1.3</ele>
    <name><![CDATA[Eau]]></name>
    <type><![CDATA[drink]]></type>
  </wpt>
  <wpt lat="41.986120" lon="2.829360">
    <ele>123.4</ele>
    <name><![CDATA[Eau]]></name>
    <type><![CDATA[drink]]></type>
  </wpt>
  <wpt lat="42.362300" lon="3.147590">
    <ele>8</ele>
    <name><![CDATA[Eau]]></name>
    <type><![CDATA[drink]]></type>
  </wpt>
  <wpt lat="43.283040" lon="3.281790">
    <ele>5</ele>
    <name><![CDATA[Eau]]></name>
    <type><![CDATA[drink]]></type>
  </wpt>
  <wpt lat="43.446920" lon="3.662290">
    <ele>1</ele>
    <name><![CDATA[Eau]]></name>
    <type><![CDATA[drink]]></type>
  </wpt>
  <wpt lat="42.791990" lon="3.037920">
    <ele>3</ele>
    <name><![CDATA[Eau]]></name>
    <type><![CDATA[drink]]></type>
  </wpt>
  <wpt lat="42.851680" lon="3.037180">
    <ele>1.2</ele>
    <name><![CDATA[Eau]]></name>
    <type><![CDATA[drink]]></type>
  </wpt>
  <wpt lat="42.537390" lon="3.055230">
    <ele>2.1</ele>
    <name><![CDATA[Eau]]></name>
    <type><![CDATA[drink]]></type>
  </wpt>
  <wpt lat="43.331190" lon="3.200570">
    <ele>18.8</ele>
    <name><![CDATA[Eau]]></name>
    <type><![CDATA[drink]]></type>
  </wpt>
  <wpt lat="43.448510" lon="3.651540">
    <ele>2.9</ele>
    <name><![CDATA[Eau]]></name>
    <type><![CDATA[drink]]></type>
  </wpt>
  <wpt lat="43.420250" lon="3.602370">
    <ele>2</ele>
    <name><![CDATA[Eau]]></name>
    <type><![CDATA[drink]]></type>
  </wpt>
  <wpt lat="43.446690" lon="3.659430">
    <ele>1</ele>
    <name><![CDATA[Eau]]></name>
    <type><![CDATA[drink]]></type>
  </wpt>
  <wpt lat="42.264340" lon="3.172570">
    <ele>1.6</ele>
    <name><![CDATA[Eau]]></name>
    <type><![CDATA[drink]]></type>
  </wpt>
  <wpt lat="42.258660" lon="3.078600">
    <ele>6.8</ele>
    <name><![CDATA[Eau]]></name>
    <type><![CDATA[drink]]></type>
  </wpt>
  <wpt lat="42.514710" lon="2.787000">
    <ele>115.7</ele>
    <name><![CDATA[Eau]]></name>
    <type><![CDATA[drink]]></type>
  </wpt>
  <wpt lat="42.639910" lon="2.981100">
    <ele>7.1</ele>
    <name><![CDATA[Eau]]></name>
    <type><![CDATA[drink]]></type>
  </wpt>
  <wpt lat="42.639640" lon="2.980340">
    <ele>7.8</ele>
    <name><![CDATA[Eau]]></name>
    <type><![CDATA[drink]]></type>
  </wpt>
  <wpt lat="41.993120" lon="2.820680">
    <ele>66.9</ele>
    <name><![CDATA[Eau]]></name>
    <type><![CDATA[drink]]></type>
  </wpt>
  <wpt lat="43.220620" lon="3.234670">
    <ele>2</ele>
    <name><![CDATA[Eau]]></name>
    <type><![CDATA[drink]]></type>
  </wpt>
  <wpt lat="42.839080" lon="2.917680">
    <ele>8.5</ele>
    <name><![CDATA[Eau]]></name>
    <type><![CDATA[drink]]></type>
  </wpt>
  <wpt lat="42.342450" lon="3.202060">
    <ele>4.3</ele>
    <name><![CDATA[Eau]]></name>
    <type><![CDATA[drink]]></type>
  </wpt>
  <wpt lat="43.330190" lon="3.197790">
    <ele>32.3</ele>
    <name><![CDATA[Eau]]></name>
    <type><![CDATA[drink]]></type>
  </wpt>
  <wpt lat="42.338000" lon="3.203430">
    <ele>1.8</ele>
    <name><![CDATA[Eau]]></name>
    <type><![CDATA[drink]]></type>
  </wpt>
  <wpt lat="42.581610" lon="2.778720">
    <ele>137.8</ele>
    <name><![CDATA[Eau]]></name>
    <type><![CDATA[drink]]></type>
  </wpt>
  <wpt lat="43.315540" lon="3.471530">
    <ele>2.6</ele>
    <name><![CDATA[Eau]]></name>
    <type><![CDATA[drink]]></type>
  </wpt>
  <wpt lat="42.047740" lon="2.962490">
    <ele>63.8</ele>
    <name><![CDATA[Eau]]></name>
    <type><![CDATA[drink]]></type>
  </wpt>
  <wpt lat="42.316260" lon="2.930970">
    <ele>50</ele>
    <name><![CDATA[Eau]]></name>
    <type><![CDATA[drink]]></type>
  </wpt>
  <wpt lat="43.317360" lon="3.280900">
    <ele>5.2</ele>
    <name><![CDATA[Eau]]></name>
    <type><![CDATA[drink]]></type>
  </wpt>
  <wpt lat="42.934970" lon="3.031850">
    <ele>2</ele>
    <name><![CDATA[Eau]]></name>
    <type><![CDATA[drink]]></type>
  </wpt>
  <wpt lat="42.116710" lon="3.136610">
    <ele>2.5</ele>
    <name><![CDATA[Eau]]></name>
    <type><![CDATA[drink]]></type>
  </wpt>
  <wpt lat="42.624960" lon="3.036370">
    <ele>3</ele>
    <name><![CDATA[Eau]]></name>
    <type><![CDATA[drink]]></type>
  </wpt>
  <wpt lat="42.626030" lon="3.036190">
    <ele>2.8</ele>
    <name><![CDATA[Eau]]></name>
    <type><![CDATA[drink]]></type>
  </wpt>
  <wpt lat="43.420340" lon="3.367620">
    <ele>46.9</ele>
    <name><![CDATA[Eau]]></name>
    <type><![CDATA[drink]]></type>
  </wpt>
  <wpt lat="42.263100" lon="3.174980">
    <ele>2</ele>
    <name><![CDATA[Eau]]></name>
    <type><![CDATA[drink]]></type>
  </wpt>
  <wpt lat="42.256420" lon="3.181320">
    <ele>2.4</ele>
    <name><![CDATA[Eau]]></name>
    <type><![CDATA[drink]]></type>
  </wpt>
  <wpt lat="42.639850" lon="2.979630">
    <ele>7.7</ele>
    <name><![CDATA[Eau]]></name>
    <type><![CDATA[drink]]></type>
  </wpt>
  <wpt lat="42.258840" lon="3.076500">
    <ele>11</ele>
    <name><![CDATA[Eau]]></name>
    <type><![CDATA[drink]]></type>
  </wpt>
  <wpt lat="42.257910" lon="3.179790">
    <ele>1</ele>
    <name><![CDATA[Eau]]></name>
    <type><![CDATA[drink]]></type>
  </wpt>
  <wpt lat="42.800880" lon="3.034450">
    <ele>2</ele>
    <name><![CDATA[Eau]]></name>
    <type><![CDATA[drink]]></type>
  </wpt>
  <wpt lat="42.363210" lon="3.152240">
    <ele>6</ele>
    <name><![CDATA[Eau]]></name>
    <type><![CDATA[drink]]></type>
  </wpt>
  <wpt lat="42.637890" lon="3.034440">
    <ele>2</ele>
    <name><![CDATA[Eau]]></name>
    <type><![CDATA[drink]]></type>
  </wpt>
  <wpt lat="42.561530" lon="3.046220">
    <ele>3</ele>
    <name><![CDATA[Eau]]></name>
    <type><![CDATA[drink]]></type>
  </wpt>
  <wpt lat="42.772410" lon="2.841870">
    <ele>30.2</ele>
    <name><![CDATA[Eau]]></name>
    <type><![CDATA[drink]]></type>
  </wpt>
  <wpt lat="42.990380" lon="2.952390">
    <ele>54.4</ele>
    <name><![CDATA[Eau]]></name>
    <type><![CDATA[drink]]></type>
  </wpt>
  <wpt lat="42.894440" lon="2.984330">
    <ele>33.1</ele>
    <name><![CDATA[Eau]]></name>
    <type><![CDATA[drink]]></type>
  </wpt>
  <wpt lat="42.753860" lon="2.814130">
    <ele>75</ele>
    <name><![CDATA[Eau]]></name>
    <type><![CDATA[drink]]></type>
  </wpt>
  <wpt lat="42.259540" lon="3.179430">
    <ele>1.3</ele>
    <name><![CDATA[Eau]]></name>
    <type><![CDATA[drink]]></type>
  </wpt>
  <wpt lat="42.365060" lon="2.923800">
    <ele>99.9</ele>
    <name><![CDATA[Eau]]></name>
    <type><![CDATA[drink]]></type>
  </wpt>
  <wpt lat="42.258790" lon="3.077180">
    <ele>7.4</ele>
    <name><![CDATA[Eau]]></name>
    <type><![CDATA[drink]]></type>
  </wpt>
  <wpt lat="42.270990" lon="3.144180">
    <ele>2.5</ele>
    <name><![CDATA[Eau]]></name>
    <type><![CDATA[drink]]></type>
  </wpt>
  <wpt lat="43.029000" lon="2.979450">
    <ele>17.4</ele>
    <name><![CDATA[Eau]]></name>
    <type><![CDATA[drink]]></type>
  </wpt>
  <wpt lat="42.079390" lon="3.095740">
    <ele>16.6</ele>
    <name><![CDATA[Eau]]></name>
    <type><![CDATA[drink]]></type>
  </wpt>
  <wpt lat="42.640160" lon="3.033730">
    <ele>2</ele>
    <name><![CDATA[Eau]]></name>
    <type><![CDATA[drink]]></type>
  </wpt>
  <wpt lat="42.368670" lon="3.158330">
    <ele>2.8</ele>
    <name><![CDATA[Eau]]></name>
    <type><![CDATA[drink]]></type>
  </wpt>
  <wpt lat="43.215440" lon="3.232690">
    <ele>1.9</ele>
    <name><![CDATA[Eau]]></name>
    <type><![CDATA[drink]]></type>
  </wpt>
  <wpt lat="42.540480" lon="3.047550">
    <ele>2.2</ele>
    <name><![CDATA[Eau]]></name>
    <type><![CDATA[drink]]></type>
  </wpt>
  <wpt lat="42.188160" lon="3.081910">
    <ele>5</ele>
    <name><![CDATA[Eau]]></name>
    <type><![CDATA[drink]]></type>
  </wpt>
  <wpt lat="41.987430" lon="2.867260">
    <ele>336.2</ele>
  </wpt>
  <trk>
    <name><![CDATA[g727 2026 2]]></name>
    <extensions>
      <line xmlns="http://www.topografix.com/GPX/gpx_style/0/2">
        <color>FF0000</color>
        <opacity>1</opacity>
        <width>4</width>
          <extensions>
            <sens>1</sens>
          </extensions>
      </line>
    </extensions>
    <trkseg>
      <trkpt lat="42.454380" lon="2.858050">
        <ele>326.3</ele>
      </trkpt>
      <trkpt lat="42.454340" lon="2.858320">
        <ele>323.8</ele>
      </trkpt>
      <trkpt lat="42.454290" lon="2.858370">
        <ele>322.7</ele>
      </trkpt>
      <trkpt lat="42.454200" lon="2.858340">
        <ele>320.7</ele>
      </trkpt>
      <trkpt lat="42.453920" lon="2.858420">
        <ele>315.1</ele>
      </trkpt>
      <trkpt lat="42.453860" lon="2.858440">
        <ele>313.3</ele>
      </trkpt>
      <trkpt lat="42.453780" lon="2.858410">
        <ele>312.3</ele>
      </trkpt>
      <trkpt lat="42.453740" lon="2.858210">
        <ele>311.6</ele>
      </trkpt>
      <trkpt lat="42.453800" lon="2.857560">
        <ele>308.9</ele>
      </trkpt>
      <trkpt lat="42.453780" lon="2.857280">
        <ele>307.7</ele>
      </trkpt>
      <trkpt lat="42.453730" lon="2.856950">
        <ele>304.7</ele>
      </trkpt>
      <trkpt lat="42.453640" lon="2.856500">
        <ele>301.3</ele>
      </trkpt>
      <trkpt lat="42.453590" lon="2.855920">
        <ele>302.8</ele>
      </trkpt>
      <trkpt lat="42.453450" lon="2.855220">
        <ele>302.8</ele>
      </trkpt>
      <trkpt lat="42.453440" lon="2.855020">
        <ele>303.1</ele>
      </trkpt>
      <trkpt lat="42.453490" lon="2.854890">
        <ele>303.5</ele>
      </trkpt>
      <trkpt lat="42.453700" lon="2.854480">
        <ele>305.7</ele>
      </trkpt>
      <trkpt lat="42.453770" lon="2.854260">
        <ele>306.5</ele>
      </trkpt>
      <trkpt lat="42.453740" lon="2.853750">
        <ele>311.1</ele>
      </trkpt>
      <trkpt lat="42.453660" lon="2.853590">
        <ele>312.7</ele>
      </trkpt>
      <trkpt lat="42.453680" lon="2.852670">
        <ele>314.9</ele>
      </trkpt>
      <trkpt lat="42.453750" lon="2.852240">
        <ele>315.1</ele>
      </trkpt>
      <trkpt lat="42.453850" lon="2.852080">
        <ele>315.2</ele>
      </trkpt>
      <trkpt lat="42.454270" lon="2.851600">
        <ele>313.3</ele>
      </trkpt>
      <trkpt lat="42.454320" lon="2.851370">
        <ele>311.1</ele>
      </trkpt>
      <trkpt lat="42.454310" lon="2.851120">
        <ele>309.7</ele>
      </trkpt>
      <trkpt lat="42.454210" lon="2.850860">
        <ele>310.7</ele>
      </trkpt>
      <trkpt lat="42.454040" lon="2.850660">
        <ele>310.7</ele>
      </trkpt>
      <trkpt lat="42.453810" lon="2.850460">
        <ele>307.6</ele>
      </trkpt>
      <trkpt lat="42.453820" lon="2.850240">
        <ele>306.5</ele>
      </trkpt>
      <trkpt lat="42.454180" lon="2.849370">
        <ele>303.9</ele>
      </trkpt>
      <trkpt lat="42.454370" lon="2.849020">
        <ele>305.1</ele>
      </trkpt>
      <trkpt lat="42.454600" lon="2.848390">
        <ele>308.6</ele>
      </trkpt>
      <trkpt lat="42.454750" lon="2.848220">
        <ele>311.7</ele>
      </trkpt>
      <trkpt lat="42.454920" lon="2.847760">
        <ele>313.9</ele>
      </trkpt>
      <trkpt lat="42.454920" lon="2.847610">
        <ele>316.5</ele>
      </trkpt>
      <trkpt lat="42.454620" lon="2.846950">
        <ele>316</ele>
      </trkpt>
      <trkpt lat="42.454570" lon="2.846710">
        <ele>314.2</ele>
      </trkpt>
      <trkpt lat="42.454630" lon="2.845890">
        <ele>314.4</ele>
      </trkpt>
      <trkpt lat="42.454780" lon="2.845410">
        <ele>315.1</ele>
      </trkpt>
      <trkpt lat="42.455180" lon="2.844400">
        <ele>322.1</ele>
      </trkpt>
      <trkpt lat="42.455340" lon="2.844260">
        <ele>327.2</ele>
      </trkpt>
      <trkpt lat="42.455360" lon="2.844130">
        <ele>326.8</ele>
      </trkpt>
      <trkpt lat="42.455320" lon="2.843760">
        <ele>329.1</ele>
      </trkpt>
      <trkpt lat="42.455230" lon="2.843580">
        <ele>325.3</ele>
      </trkpt>
      <trkpt lat="42.455230" lon="2.843170">
        <ele>325.3</ele>
      </trkpt>
      <trkpt lat="42.455170" lon="2.843030">
        <ele>324.1</ele>
      </trkpt>
      <trkpt lat="42.455030" lon="2.843040">
        <ele>320.3</ele>
      </trkpt>
      <trkpt lat="42.454710" lon="2.843210">
        <ele>319.7</ele>
      </trkpt>
      <trkpt lat="42.454650" lon="2.843150">
        <ele>321</ele>
      </trkpt>
      <trkpt lat="42.454510" lon="2.842950">
        <ele>326</ele>
      </trkpt>
      <trkpt lat="42.454280" lon="2.842620">
        <ele>331.7</ele>
      </trkpt>
      <trkpt lat="42.454010" lon="2.842450">
        <ele>337</ele>
      </trkpt>
      <trkpt lat="42.453930" lon="2.842510">
        <ele>336.6</ele>
      </trkpt>
      <trkpt lat="42.453840" lon="2.842750">
        <ele>341.3</ele>
      </trkpt>
      <trkpt lat="42.453600" lon="2.842890">
        <ele>345.5</ele>
      </trkpt>
      <trkpt lat="42.453390" lon="2.842900">
        <ele>348.9</ele>
      </trkpt>
      <trkpt lat="42.453100" lon="2.842690">
        <ele>350.8</ele>
      </trkpt>
      <trkpt lat="42.452970" lon="2.842700">
        <ele>351.6</ele>
      </trkpt>
      <trkpt lat="42.452420" lon="2.843310">
        <ele>350</ele>
      </trkpt>
      <trkpt lat="42.452340" lon="2.843550">
        <ele>348.8</ele>
      </trkpt>
      <trkpt lat="42.452090" lon="2.843880">
        <ele>351.9</ele>
      </trkpt>
      <trkpt lat="42.451950" lon="2.844160">
        <ele>352.9</ele>
      </trkpt>
      <trkpt lat="42.451460" lon="2.844510">
        <ele>351.6</ele>
      </trkpt>
      <trkpt lat="42.451360" lon="2.844520">
        <ele>351.7</ele>
      </trkpt>
      <trkpt lat="42.451150" lon="2.844490">
        <ele>352.8</ele>
      </trkpt>
      <trkpt lat="42.450870" lon="2.844530">
        <ele>353.9</ele>
      </trkpt>
      <trkpt lat="42.450510" lon="2.844630">
        <ele>352.3</ele>
      </trkpt>
      <trkpt lat="42.449920" lon="2.844670">
        <ele>353</ele>
      </trkpt>
      <trkpt lat="42.449860" lon="2.844840">
        <ele>351.3</ele>
      </trkpt>
      <trkpt lat="42.449760" lon="2.845260">
        <ele>348.7</ele>
      </trkpt>
      <trkpt lat="42.449620" lon="2.845500">
        <ele>350.2</ele>
      </trkpt>
      <trkpt lat="42.449310" lon="2.845680">
        <ele>348.1</ele>
      </trkpt>
      <trkpt lat="42.449100" lon="2.845920">
        <ele>342.1</ele>
      </trkpt>
      <trkpt lat="42.448810" lon="2.846020">
        <ele>342.9</ele>
      </trkpt>
      <trkpt lat="42.448740" lon="2.846350">
        <ele>340.8</ele>
      </trkpt>
      <trkpt lat="42.448600" lon="2.846710">
        <ele>340.8</ele>
      </trkpt>
      <trkpt lat="42.448540" lon="2.847030">
        <ele>338.1</ele>
      </trkpt>
      <trkpt lat="42.448570" lon="2.847360">
        <ele>333.8</ele>
      </trkpt>
      <trkpt lat="42.448580" lon="2.847670">
        <ele>331</ele>
      </trkpt>
      <trkpt lat="42.448600" lon="2.847880">
        <ele>329.3</ele>
      </trkpt>
      <trkpt lat="42.448490" lon="2.848050">
        <ele>328.1</ele>
      </trkpt>
      <trkpt lat="42.448230" lon="2.848230">
        <ele>325.5</ele>
      </trkpt>
      <trkpt lat="42.448020" lon="2.848490">
        <ele>322.6</ele>
      </trkpt>
      <trkpt lat="42.447870" lon="2.848740">
        <ele>319.7</ele>
      </trkpt>
      <trkpt lat="42.447850" lon="2.848890">
        <ele>317.3</ele>
      </trkpt>
      <trkpt lat="42.447890" lon="2.849000">
        <ele>316.7</ele>
      </trkpt>
      <trkpt lat="42.447980" lon="2.849100">
        <ele>315.9</ele>
      </trkpt>
      <trkpt lat="42.448130" lon="2.849010">
        <ele>316</ele>
      </trkpt>
      <trkpt lat="42.448500" lon="2.849070">
        <ele>313.3</ele>
      </trkpt>
      <trkpt lat="42.448630" lon="2.849230">
        <ele>311.8</ele>
      </trkpt>
      <trkpt lat="42.448620" lon="2.849400">
        <ele>311.1</ele>
      </trkpt>
      <trkpt lat="42.448540" lon="2.849660">
        <ele>308.9</ele>
      </trkpt>
      <trkpt lat="42.448360" lon="2.849930">
        <ele>307.2</ele>
      </trkpt>
      <trkpt lat="42.447920" lon="2.849970">
        <ele>304.6</ele>
      </trkpt>
      <trkpt lat="42.447700" lon="2.849910">
        <ele>303.9</ele>
      </trkpt>
      <trkpt lat="42.447440" lon="2.849870">
        <ele>302.5</ele>
      </trkpt>
      <trkpt lat="42.447120" lon="2.849990">
        <ele>300.1</ele>
      </trkpt>
      <trkpt lat="42.446590" lon="2.850050">
        <ele>296.5</ele>
      </trkpt>
      <trkpt lat="42.446220" lon="2.850260">
        <ele>293.6</ele>
      </trkpt>
      <trkpt lat="42.445850" lon="2.850410">
        <ele>291.1</ele>
      </trkpt>
      <trkpt lat="42.445690" lon="2.850470">
        <ele>290.2</ele>
      </trkpt>
      <trkpt lat="42.445130" lon="2.850580">
        <ele>286.7</ele>
      </trkpt>
      <trkpt lat="42.444690" lon="2.850940">
        <ele>284.6</ele>
      </trkpt>
      <trkpt lat="42.444380" lon="2.851370">
        <ele>284.4</ele>
      </trkpt>
      <trkpt lat="42.444250" lon="2.851730">
        <ele>283</ele>
      </trkpt>
      <trkpt lat="42.444190" lon="2.852020">
        <ele>280.4</ele>
      </trkpt>
      <trkpt lat="42.444060" lon="2.852820">
        <ele>274.3</ele>
      </trkpt>
      <trkpt lat="42.443830" lon="2.853200">
        <ele>270.8</ele>
      </trkpt>
      <trkpt lat="42.443540" lon="2.853470">
        <ele>268.3</ele>
      </trkpt>
      <trkpt lat="42.443330" lon="2.853400">
        <ele>267.7</ele>
      </trkpt>
      <trkpt lat="42.443130" lon="2.853240">
        <ele>266.8</ele>
      </trkpt>
      <trkpt lat="42.442990" lon="2.853230">
        <ele>265.4</ele>
      </trkpt>
      <trkpt lat="42.442630" lon="2.853470">
        <ele>263</ele>
      </trkpt>
      <trkpt lat="42.442540" lon="2.853620">
        <ele>262.1</ele>
      </trkpt>
      <trkpt lat="42.442240" lon="2.853910">
        <ele>258</ele>
      </trkpt>
      <trkpt lat="42.442080" lon="2.854390">
        <ele>254.1</ele>
      </trkpt>
      <trkpt lat="42.441950" lon="2.854610">
        <ele>256.9</ele>
      </trkpt>
      <trkpt lat="42.441800" lon="2.854720">
        <ele>254.8</ele>
      </trkpt>
      <trkpt lat="42.441700" lon="2.855000">
        <ele>255.4</ele>
      </trkpt>
      <trkpt lat="42.441730" lon="2.855100">
        <ele>254.6</ele>
      </trkpt>
      <trkpt lat="42.441830" lon="2.855210">
        <ele>253.5</ele>
      </trkpt>
      <trkpt lat="42.441880" lon="2.855390">
        <ele>250.4</ele>
      </trkpt>
      <trkpt lat="42.441660" lon="2.856210">
        <ele>240.6</ele>
      </trkpt>
      <trkpt lat="42.441480" lon="2.856460">
        <ele>237.2</ele>
      </trkpt>
      <trkpt lat="42.441160" lon="2.856430">
        <ele>233.6</ele>
      </trkpt>
      <trkpt lat="42.440920" lon="2.856690">
        <ele>227.3</ele>
      </trkpt>
      <trkpt lat="42.440860" lon="2.856890">
        <ele>224.5</ele>
      </trkpt>
      <trkpt lat="42.440880" lon="2.857010">
        <ele>222.7</ele>
      </trkpt>
      <trkpt lat="42.441160" lon="2.857130">
        <ele>219.3</ele>
      </trkpt>
      <trkpt lat="42.441320" lon="2.857490">
        <ele>215.5</ele>
      </trkpt>
      <trkpt lat="42.441630" lon="2.857720">
        <ele>212</ele>
      </trkpt>
      <trkpt lat="42.441630" lon="2.857930">
        <ele>210.2</ele>
      </trkpt>
      <trkpt lat="42.441570" lon="2.858070">
        <ele>209.2</ele>
      </trkpt>
      <trkpt lat="42.441310" lon="2.858280">
        <ele>206.9</ele>
      </trkpt>
      <trkpt lat="42.441170" lon="2.858510">
        <ele>205</ele>
      </trkpt>
      <trkpt lat="42.440860" lon="2.858780">
        <ele>201.5</ele>
      </trkpt>
      <trkpt lat="42.440160" lon="2.858850">
        <ele>193.9</ele>
      </trkpt>
      <trkpt lat="42.440040" lon="2.858900">
        <ele>193.6</ele>
      </trkpt>
      <trkpt lat="42.439820" lon="2.859140">
        <ele>192</ele>
      </trkpt>
      <trkpt lat="42.439550" lon="2.859670">
        <ele>188.6</ele>
      </trkpt>
      <trkpt lat="42.439400" lon="2.859850">
        <ele>186.4</ele>
      </trkpt>
      <trkpt lat="42.439400" lon="2.859850">
        <ele>186.4</ele>
      </trkpt>
      <trkpt lat="42.439100" lon="2.860100">
        <ele>182.3</ele>
      </trkpt>
      <trkpt lat="42.438630" lon="2.860580">
        <ele>174.8</ele>
      </trkpt>
      <trkpt lat="42.438480" lon="2.860880">
        <ele>170.5</ele>
      </trkpt>
      <trkpt lat="42.438160" lon="2.861600">
        <ele>161.2</ele>
      </trkpt>
      <trkpt lat="42.438020" lon="2.861790">
        <ele>158.4</ele>
      </trkpt>
      <trkpt lat="42.437990" lon="2.861880">
        <ele>157.6</ele>
      </trkpt>
      <trkpt lat="42.437820" lon="2.862750">
        <ele>153.5</ele>
      </trkpt>
      <trkpt lat="42.437850" lon="2.863140">
        <ele>151.1</ele>
      </trkpt>
      <trkpt lat="42.437840" lon="2.863320">
        <ele>150.5</ele>
      </trkpt>
      <trkpt lat="42.437800" lon="2.863520">
        <ele>149.7</ele>
      </trkpt>
      <trkpt lat="42.437700" lon="2.863760">
        <ele>148.3</ele>
      </trkpt>
      <trkpt lat="42.437640" lon="2.863870">
        <ele>147.5</ele>
      </trkpt>
      <trkpt lat="42.437430" lon="2.864120">
        <ele>150.5</ele>
      </trkpt>
      <trkpt lat="42.436950" lon="2.863380">
        <ele>149.4</ele>
      </trkpt>
      <trkpt lat="42.436800" lon="2.863020">
        <ele>146.7</ele>
      </trkpt>
      <trkpt lat="42.436750" lon="2.862830">
        <ele>147.7</ele>
      </trkpt>
      <trkpt lat="42.436480" lon="2.862300">
        <ele>147.3</ele>
      </trkpt>
      <trkpt lat="42.436250" lon="2.861890">
        <ele>145.3</ele>
      </trkpt>
      <trkpt lat="42.436110" lon="2.861780">
        <ele>145.8</ele>
      </trkpt>
      <trkpt lat="42.435460" lon="2.861760">
        <ele>143.8</ele>
      </trkpt>
      <trkpt lat="42.435050" lon="2.861610">
        <ele>142.3</ele>
      </trkpt>
      <trkpt lat="42.434420" lon="2.861490">
        <ele>141.8</ele>
      </trkpt>
      <trkpt lat="42.434220" lon="2.861440">
        <ele>141.1</ele>
      </trkpt>
      <trkpt lat="42.433730" lon="2.861550">
        <ele>142.2</ele>
      </trkpt>
      <trkpt lat="42.433510" lon="2.861670">
        <ele>141.6</ele>
      </trkpt>
      <trkpt lat="42.433100" lon="2.862000">
        <ele>140.7</ele>
      </trkpt>
      <trkpt lat="42.432850" lon="2.862080">
        <ele>139.6</ele>
      </trkpt>
      <trkpt lat="42.432170" lon="2.862200">
        <ele>133.8</ele>
      </trkpt>
      <trkpt lat="42.431960" lon="2.862320">
        <ele>133.5</ele>
      </trkpt>
      <trkpt lat="42.431510" lon="2.862650">
        <ele>131.1</ele>
      </trkpt>
      <trkpt lat="42.431460" lon="2.862710">
        <ele>130.7</ele>
      </trkpt>
      <trkpt lat="42.431360" lon="2.863050">
        <ele>131.3</ele>
      </trkpt>
      <trkpt lat="42.431330" lon="2.863120">
        <ele>131.8</ele>
      </trkpt>
      <trkpt lat="42.431150" lon="2.863310">
        <ele>132.9</ele>
      </trkpt>
      <trkpt lat="42.430940" lon="2.863420">
        <ele>132.4</ele>
      </trkpt>
      <trkpt lat="42.430830" lon="2.863500">
        <ele>133.1</ele>
      </trkpt>
      <trkpt lat="42.430760" lon="2.863570">
        <ele>134.8</ele>
      </trkpt>
      <trkpt lat="42.430330" lon="2.863690">
        <ele>129.9</ele>
      </trkpt>
      <trkpt lat="42.430070" lon="2.864040">
        <ele>128.8</ele>
      </trkpt>
      <trkpt lat="42.429790" lon="2.864100">
        <ele>126.6</ele>
      </trkpt>
      <trkpt lat="42.429640" lon="2.863860">
        <ele>127.8</ele>
      </trkpt>
      <trkpt lat="42.429520" lon="2.863750">
        <ele>129.2</ele>
      </trkpt>
      <trkpt lat="42.429170" lon="2.863660">
        <ele>130.2</ele>
      </trkpt>
      <trkpt lat="42.428830" lon="2.863750">
        <ele>129.6</ele>
      </trkpt>
      <trkpt lat="42.427230" lon="2.864770">
        <ele>128</ele>
      </trkpt>
      <trkpt lat="42.427040" lon="2.864820">
        <ele>128.2</ele>
      </trkpt>
      <trkpt lat="42.426930" lon="2.864750">
        <ele>129</ele>
      </trkpt>
      <trkpt lat="42.426840" lon="2.864780">
        <ele>130.2</ele>
      </trkpt>
      <trkpt lat="42.426710" lon="2.864940">
        <ele>129.7</ele>
      </trkpt>
      <trkpt lat="42.426490" lon="2.865110">
        <ele>129.6</ele>
      </trkpt>
      <trkpt lat="42.426030" lon="2.865580">
        <ele>128.3</ele>
      </trkpt>
      <trkpt lat="42.425850" lon="2.865690">
        <ele>128.9</ele>
      </trkpt>
      <trkpt lat="42.425750" lon="2.865810">
        <ele>129.5</ele>
      </trkpt>
      <trkpt lat="42.425590" lon="2.866150">
        <ele>126.9</ele>
      </trkpt>
      <trkpt lat="42.425430" lon="2.866300">
        <ele>126.1</ele>
      </trkpt>
      <trkpt lat="42.424670" lon="2.866480">
        <ele>127.5</ele>
      </trkpt>
      <trkpt lat="42.424490" lon="2.866550">
        <ele>127.2</ele>
      </trkpt>
      <trkpt lat="42.424230" lon="2.866550">
        <ele>127</ele>
      </trkpt>
      <trkpt lat="42.423940" lon="2.866290">
        <ele>127.1</ele>
      </trkpt>
      <trkpt lat="42.423770" lon="2.866200">
        <ele>126.1</ele>
      </trkpt>
      <trkpt lat="42.423690" lon="2.866280">
        <ele>124.6</ele>
      </trkpt>
      <trkpt lat="42.423650" lon="2.866440">
        <ele>123.2</ele>
      </trkpt>
      <trkpt lat="42.423600" lon="2.866790">
        <ele>122</ele>
      </trkpt>
      <trkpt lat="42.423550" lon="2.866910">
        <ele>121.8</ele>
      </trkpt>
      <trkpt lat="42.423450" lon="2.866980">
        <ele>121.3</ele>
      </trkpt>
      <trkpt lat="42.423400" lon="2.867300">
        <ele>120.5</ele>
      </trkpt>
      <trkpt lat="42.423350" lon="2.867380">
        <ele>120.8</ele>
      </trkpt>
      <trkpt lat="42.422550" lon="2.867780">
        <ele>126</ele>
      </trkpt>
      <trkpt lat="42.422430" lon="2.867920">
        <ele>127.2</ele>
      </trkpt>
      <trkpt lat="42.422480" lon="2.868290">
        <ele>127.9</ele>
      </trkpt>
      <trkpt lat="42.422410" lon="2.868430">
        <ele>128.7</ele>
      </trkpt>
      <trkpt lat="42.422290" lon="2.868530">
        <ele>129.4</ele>
      </trkpt>
      <trkpt lat="42.421510" lon="2.868810">
        <ele>127.1</ele>
      </trkpt>
      <trkpt lat="42.421330" lon="2.868860">
        <ele>125.6</ele>
      </trkpt>
      <trkpt lat="42.421180" lon="2.869040">
        <ele>124.8</ele>
      </trkpt>
      <trkpt lat="42.420570" lon="2.870040">
        <ele>118</ele>
      </trkpt>
      <trkpt lat="42.420250" lon="2.870220">
        <ele>116.1</ele>
      </trkpt>
      <trkpt lat="42.419940" lon="2.870280">
        <ele>115</ele>
      </trkpt>
      <trkpt lat="42.419810" lon="2.870280">
        <ele>115</ele>
      </trkpt>
      <trkpt lat="42.419800" lon="2.870440">
        <ele>115.7</ele>
      </trkpt>
      <trkpt lat="42.419590" lon="2.871180">
        <ele>113.7</ele>
      </trkpt>
      <trkpt lat="42.419430" lon="2.871190">
        <ele>113.7</ele>
      </trkpt>
      <trkpt lat="42.418180" lon="2.871560">
        <ele>112.1</ele>
      </trkpt>
      <trkpt lat="42.418090" lon="2.871660">
        <ele>111.2</ele>
      </trkpt>
      <trkpt lat="42.418090" lon="2.871760">
        <ele>110.8</ele>
      </trkpt>
      <trkpt lat="42.418140" lon="2.872060">
        <ele>109.7</ele>
      </trkpt>
      <trkpt lat="42.417030" lon="2.872210">
        <ele>108.4</ele>
      </trkpt>
      <trkpt lat="42.417060" lon="2.872590">
        <ele>106.1</ele>
      </trkpt>
      <trkpt lat="42.416660" lon="2.872510">
        <ele>106</ele>
      </trkpt>
      <trkpt lat="42.416380" lon="2.872450">
        <ele>104.5</ele>
      </trkpt>
      <trkpt lat="42.416340" lon="2.872510">
        <ele>104.1</ele>
      </trkpt>
      <trkpt lat="42.416290" lon="2.872680">
        <ele>105.9</ele>
      </trkpt>
      <trkpt lat="42.415720" lon="2.872600">
        <ele>104.3</ele>
      </trkpt>
      <trkpt lat="42.415530" lon="2.872660">
        <ele>104.7</ele>
      </trkpt>
      <trkpt lat="42.415720" lon="2.873780">
        <ele>108</ele>
      </trkpt>
      <trkpt lat="42.411900" lon="2.876110">
        <ele>107</ele>
      </trkpt>
      <trkpt lat="42.411820" lon="2.876350">
        <ele>108.3</ele>
      </trkpt>
      <trkpt lat="42.411340" lon="2.877010">
        <ele>109</ele>
      </trkpt>
      <trkpt lat="42.411310" lon="2.877240">
        <ele>109.4</ele>
      </trkpt>
      <trkpt lat="42.411270" lon="2.877340">
        <ele>110.3</ele>
      </trkpt>
      <trkpt lat="42.410740" lon="2.877720">
        <ele>112.3</ele>
      </trkpt>
      <trkpt lat="42.410390" lon="2.878140">
        <ele>113.8</ele>
      </trkpt>
      <trkpt lat="42.409970" lon="2.878420">
        <ele>112.3</ele>
      </trkpt>
      <trkpt lat="42.409860" lon="2.878570">
        <ele>111.8</ele>
      </trkpt>
      <trkpt lat="42.409760" lon="2.878770">
        <ele>111.3</ele>
      </trkpt>
      <trkpt lat="42.409620" lon="2.879080">
        <ele>110.8</ele>
      </trkpt>
      <trkpt lat="42.409510" lon="2.879220">
        <ele>109.3</ele>
      </trkpt>
      <trkpt lat="42.409350" lon="2.879300">
        <ele>110.2</ele>
      </trkpt>
      <trkpt lat="42.409100" lon="2.879290">
        <ele>113.3</ele>
      </trkpt>
      <trkpt lat="42.408840" lon="2.879370">
        <ele>113</ele>
      </trkpt>
      <trkpt lat="42.408780" lon="2.879540">
        <ele>115.2</ele>
      </trkpt>
      <trkpt lat="42.408590" lon="2.879750">
        <ele>117.5</ele>
      </trkpt>
      <trkpt lat="42.408240" lon="2.880010">
        <ele>120.5</ele>
      </trkpt>
      <trkpt lat="42.408130" lon="2.880180">
        <ele>122.2</ele>
      </trkpt>
      <trkpt lat="42.408090" lon="2.880280">
        <ele>123.7</ele>
      </trkpt>
      <trkpt lat="42.408150" lon="2.880370">
        <ele>125.9</ele>
      </trkpt>
      <trkpt lat="42.408380" lon="2.880320">
        <ele>128.7</ele>
      </trkpt>
      <trkpt lat="42.408670" lon="2.880320">
        <ele>129.9</ele>
      </trkpt>
      <trkpt lat="42.408910" lon="2.880510">
        <ele>131.8</ele>
      </trkpt>
      <trkpt lat="42.409080" lon="2.880970">
        <ele>134.6</ele>
      </trkpt>
      <trkpt lat="42.409230" lon="2.881190">
        <ele>137.6</ele>
      </trkpt>
      <trkpt lat="42.409350" lon="2.881260">
        <ele>138.8</ele>
      </trkpt>
      <trkpt lat="42.409640" lon="2.881350">
        <ele>139.6</ele>
      </trkpt>
      <trkpt lat="42.409920" lon="2.881500">
        <ele>141.6</ele>
      </trkpt>
      <trkpt lat="42.410070" lon="2.881760">
        <ele>147.7</ele>
      </trkpt>
      <trkpt lat="42.410330" lon="2.881720">
        <ele>147.7</ele>
      </trkpt>
      <trkpt lat="42.410460" lon="2.881840">
        <ele>149.1</ele>
      </trkpt>
      <trkpt lat="42.410540" lon="2.881960">
        <ele>151.6</ele>
      </trkpt>
      <trkpt lat="42.410700" lon="2.882150">
        <ele>154</ele>
      </trkpt>
      <trkpt lat="42.411050" lon="2.882450">
        <ele>160</ele>
      </trkpt>
      <trkpt lat="42.411350" lon="2.882570">
        <ele>161.5</ele>
      </trkpt>
      <trkpt lat="42.411510" lon="2.882870">
        <ele>162.5</ele>
      </trkpt>
      <trkpt lat="42.411530" lon="2.883250">
        <ele>164.4</ele>
      </trkpt>
      <trkpt lat="42.411500" lon="2.883450">
        <ele>164.1</ele>
      </trkpt>
      <trkpt lat="42.411370" lon="2.883650">
        <ele>163</ele>
      </trkpt>
      <trkpt lat="42.411190" lon="2.884070">
        <ele>162.1</ele>
      </trkpt>
      <trkpt lat="42.411000" lon="2.884200">
        <ele>162.6</ele>
      </trkpt>
      <trkpt lat="42.410780" lon="2.884210">
        <ele>165.1</ele>
      </trkpt>
      <trkpt lat="42.410490" lon="2.884370">
        <ele>166.6</ele>
      </trkpt>
      <trkpt lat="42.410380" lon="2.884600">
        <ele>166.5</ele>
      </trkpt>
      <trkpt lat="42.410250" lon="2.884740">
        <ele>167.6</ele>
      </trkpt>
      <trkpt lat="42.410130" lon="2.884640">
        <ele>170.5</ele>
      </trkpt>
      <trkpt lat="42.410080" lon="2.884440">
        <ele>171.9</ele>
      </trkpt>
      <trkpt lat="42.410070" lon="2.883840">
        <ele>176.7</ele>
      </trkpt>
      <trkpt lat="42.409970" lon="2.883640">
        <ele>178.3</ele>
      </trkpt>
      <trkpt lat="42.409870" lon="2.883650">
        <ele>180</ele>
      </trkpt>
      <trkpt lat="42.409710" lon="2.884140">
        <ele>184.8</ele>
      </trkpt>
      <trkpt lat="42.409470" lon="2.884470">
        <ele>187.4</ele>
      </trkpt>
      <trkpt lat="42.409270" lon="2.884580">
        <ele>189</ele>
      </trkpt>
      <trkpt lat="42.409010" lon="2.884530">
        <ele>189.3</ele>
      </trkpt>
      <trkpt lat="42.408850" lon="2.884500">
        <ele>188.7</ele>
      </trkpt>
      <trkpt lat="42.408760" lon="2.884650">
        <ele>190.5</ele>
      </trkpt>
      <trkpt lat="42.408400" lon="2.885150">
        <ele>190.7</ele>
      </trkpt>
      <trkpt lat="42.408120" lon="2.885380">
        <ele>193.8</ele>
      </trkpt>
      <trkpt lat="42.407880" lon="2.885560">
        <ele>196.1</ele>
      </trkpt>
      <trkpt lat="42.407680" lon="2.885910">
        <ele>199.8</ele>
      </trkpt>
      <trkpt lat="42.407640" lon="2.886340">
        <ele>204</ele>
      </trkpt>
      <trkpt lat="42.407780" lon="2.886480">
        <ele>205.3</ele>
      </trkpt>
      <trkpt lat="42.408230" lon="2.887060">
        <ele>204.5</ele>
      </trkpt>
      <trkpt lat="42.408270" lon="2.887170">
        <ele>203.7</ele>
      </trkpt>
      <trkpt lat="42.408330" lon="2.887570">
        <ele>203.6</ele>
      </trkpt>
      <trkpt lat="42.408510" lon="2.887930">
        <ele>202.2</ele>
      </trkpt>
      <trkpt lat="42.408540" lon="2.888160">
        <ele>201.8</ele>
      </trkpt>
      <trkpt lat="42.408510" lon="2.888370">
        <ele>201.7</ele>
      </trkpt>
      <trkpt lat="42.408320" lon="2.888900">
        <ele>199.2</ele>
      </trkpt>
      <trkpt lat="42.408180" lon="2.889430">
        <ele>199.3</ele>
      </trkpt>
      <trkpt lat="42.407980" lon="2.889830">
        <ele>199.9</ele>
      </trkpt>
      <trkpt lat="42.407900" lon="2.890180">
        <ele>200.3</ele>
      </trkpt>
      <trkpt lat="42.407590" lon="2.890690">
        <ele>203.4</ele>
      </trkpt>
      <trkpt lat="42.407320" lon="2.891170">
        <ele>208.1</ele>
      </trkpt>
      <trkpt lat="42.407230" lon="2.891500">
        <ele>208.6</ele>
      </trkpt>
      <trkpt lat="42.406680" lon="2.892290">
        <ele>215.3</ele>
      </trkpt>
      <trkpt lat="42.406580" lon="2.892510">
        <ele>216.2</ele>
      </trkpt>
      <trkpt lat="42.406390" lon="2.892800">
        <ele>217.1</ele>
      </trkpt>
      <trkpt lat="42.406260" lon="2.893300">
        <ele>218.9</ele>
      </trkpt>
      <trkpt lat="42.405990" lon="2.893680">
        <ele>222.1</ele>
      </trkpt>
      <trkpt lat="42.405720" lon="2.894720">
        <ele>216.2</ele>
      </trkpt>
      <trkpt lat="42.405670" lon="2.895180">
        <ele>215.8</ele>
      </trkpt>
      <trkpt lat="42.405570" lon="2.895580">
        <ele>215.2</ele>
      </trkpt>
      <trkpt lat="42.405070" lon="2.896640">
        <ele>215</ele>
      </trkpt>
      <trkpt lat="42.405010" lon="2.897010">
        <ele>213.5</ele>
      </trkpt>
      <trkpt lat="42.404900" lon="2.897090">
        <ele>211.8</ele>
      </trkpt>
      <trkpt lat="42.404810" lon="2.897040">
        <ele>211.2</ele>
      </trkpt>
      <trkpt lat="42.404560" lon="2.896780">
        <ele>209.6</ele>
      </trkpt>
      <trkpt lat="42.404420" lon="2.896820">
        <ele>207.6</ele>
      </trkpt>
      <trkpt lat="42.404420" lon="2.896930">
        <ele>206.7</ele>
      </trkpt>
      <trkpt lat="42.404730" lon="2.897620">
        <ele>203.3</ele>
      </trkpt>
      <trkpt lat="42.404720" lon="2.897770">
        <ele>201.2</ele>
      </trkpt>
      <trkpt lat="42.404540" lon="2.897930">
        <ele>198.6</ele>
      </trkpt>
      <trkpt lat="42.404290" lon="2.898370">
        <ele>193</ele>
      </trkpt>
      <trkpt lat="42.404050" lon="2.898990">
        <ele>187.2</ele>
      </trkpt>
      <trkpt lat="42.402940" lon="2.900230">
        <ele>178.7</ele>
      </trkpt>
      <trkpt lat="42.402940" lon="2.900490">
        <ele>178.6</ele>
      </trkpt>
      <trkpt lat="42.402990" lon="2.900770">
        <ele>178.8</ele>
      </trkpt>
      <trkpt lat="42.402780" lon="2.901280">
        <ele>181</ele>
      </trkpt>
      <trkpt lat="42.402190" lon="2.901980">
        <ele>180.1</ele>
      </trkpt>
      <trkpt lat="42.401780" lon="2.902700">
        <ele>180.8</ele>
      </trkpt>
      <trkpt lat="42.401250" lon="2.904170">
        <ele>181</ele>
      </trkpt>
      <trkpt lat="42.400920" lon="2.904330">
        <ele>180.5</ele>
      </trkpt>
      <trkpt lat="42.400570" lon="2.904290">
        <ele>180.4</ele>
      </trkpt>
      <trkpt lat="42.400330" lon="2.904250">
        <ele>180.3</ele>
      </trkpt>
      <trkpt lat="42.400010" lon="2.904410">
        <ele>181</ele>
      </trkpt>
      <trkpt lat="42.399590" lon="2.904690">
        <ele>180.7</ele>
      </trkpt>
      <trkpt lat="42.399390" lon="2.904730">
        <ele>180.2</ele>
      </trkpt>
      <trkpt lat="42.399160" lon="2.904910">
        <ele>179</ele>
      </trkpt>
      <trkpt lat="42.398490" lon="2.905090">
        <ele>178.2</ele>
      </trkpt>
      <trkpt lat="42.398110" lon="2.905150">
        <ele>179.6</ele>
      </trkpt>
      <trkpt lat="42.397890" lon="2.905270">
        <ele>179</ele>
      </trkpt>
      <trkpt lat="42.397760" lon="2.905390">
        <ele>178.1</ele>
      </trkpt>
      <trkpt lat="42.397440" lon="2.905900">
        <ele>174.2</ele>
      </trkpt>
      <trkpt lat="42.397240" lon="2.906200">
        <ele>173.5</ele>
      </trkpt>
      <trkpt lat="42.397110" lon="2.906480">
        <ele>173.5</ele>
      </trkpt>
      <trkpt lat="42.396810" lon="2.906760">
        <ele>174</ele>
      </trkpt>
      <trkpt lat="42.396460" lon="2.907010">
        <ele>173.6</ele>
      </trkpt>
      <trkpt lat="42.396200" lon="2.907140">
        <ele>174.2</ele>
      </trkpt>
      <trkpt lat="42.396010" lon="2.907350">
        <ele>174.5</ele>
      </trkpt>
      <trkpt lat="42.395940" lon="2.907560">
        <ele>174.2</ele>
      </trkpt>
      <trkpt lat="42.395960" lon="2.907800">
        <ele>174.1</ele>
      </trkpt>
      <trkpt lat="42.396040" lon="2.908200">
        <ele>173.1</ele>
      </trkpt>
      <trkpt lat="42.396200" lon="2.908600">
        <ele>174.5</ele>
      </trkpt>
      <trkpt lat="42.396180" lon="2.908730">
        <ele>175.1</ele>
      </trkpt>
      <trkpt lat="42.395870" lon="2.909240">
        <ele>174.5</ele>
      </trkpt>
      <trkpt lat="42.395580" lon="2.909330">
        <ele>173.4</ele>
      </trkpt>
      <trkpt lat="42.395400" lon="2.909600">
        <ele>173.6</ele>
      </trkpt>
      <trkpt lat="42.395270" lon="2.909930">
        <ele>174</ele>
      </trkpt>
      <trkpt lat="42.395010" lon="2.910230">
        <ele>174.9</ele>
      </trkpt>
      <trkpt lat="42.394780" lon="2.910780">
        <ele>175.3</ele>
      </trkpt>
      <trkpt lat="42.394630" lon="2.910820">
        <ele>174.9</ele>
      </trkpt>
      <trkpt lat="42.394460" lon="2.910740">
        <ele>174.3</ele>
      </trkpt>
      <trkpt lat="42.394060" lon="2.911210">
        <ele>173</ele>
      </trkpt>
      <trkpt lat="42.393950" lon="2.911470">
        <ele>172.7</ele>
      </trkpt>
      <trkpt lat="42.393260" lon="2.912180">
        <ele>171.7</ele>
      </trkpt>
      <trkpt lat="42.393080" lon="2.912540">
        <ele>169.6</ele>
      </trkpt>
      <trkpt lat="42.392790" lon="2.912800">
        <ele>168.4</ele>
      </trkpt>
      <trkpt lat="42.392210" lon="2.913510">
        <ele>165.8</ele>
      </trkpt>
      <trkpt lat="42.391590" lon="2.914170">
        <ele>160.7</ele>
      </trkpt>
      <trkpt lat="42.391410" lon="2.914730">
        <ele>162.4</ele>
      </trkpt>
      <trkpt lat="42.391340" lon="2.915440">
        <ele>165.7</ele>
      </trkpt>
      <trkpt lat="42.391140" lon="2.915700">
        <ele>163.7</ele>
      </trkpt>
      <trkpt lat="42.390970" lon="2.916040">
        <ele>163.7</ele>
      </trkpt>
      <trkpt lat="42.390710" lon="2.916270">
        <ele>161.1</ele>
      </trkpt>
      <trkpt lat="42.390570" lon="2.916610">
        <ele>160.2</ele>
      </trkpt>
      <trkpt lat="42.390500" lon="2.916880">
        <ele>159.4</ele>
      </trkpt>
      <trkpt lat="42.389950" lon="2.917240">
        <ele>155</ele>
      </trkpt>
      <trkpt lat="42.389510" lon="2.917380">
        <ele>154.4</ele>
      </trkpt>
      <trkpt lat="42.389160" lon="2.917510">
        <ele>154</ele>
      </trkpt>
      <trkpt lat="42.388880" lon="2.917530">
        <ele>152.4</ele>
      </trkpt>
      <trkpt lat="42.388230" lon="2.917420">
        <ele>149.7</ele>
      </trkpt>
      <trkpt lat="42.387920" lon="2.917470">
        <ele>147.9</ele>
      </trkpt>
      <trkpt lat="42.387020" lon="2.917750">
        <ele>145.2</ele>
      </trkpt>
      <trkpt lat="42.386250" lon="2.917930">
        <ele>144.3</ele>
      </trkpt>
      <trkpt lat="42.385740" lon="2.918590">
        <ele>143.2</ele>
      </trkpt>
      <trkpt lat="42.385560" lon="2.918670">
        <ele>142.4</ele>
      </trkpt>
      <trkpt lat="42.385150" lon="2.918650">
        <ele>141.2</ele>
      </trkpt>
      <trkpt lat="42.384930" lon="2.918690">
        <ele>140.8</ele>
      </trkpt>
      <trkpt lat="42.383730" lon="2.919290">
        <ele>138.2</ele>
      </trkpt>
      <trkpt lat="42.383280" lon="2.919580">
        <ele>137.9</ele>
      </trkpt>
      <trkpt lat="42.382910" lon="2.919670">
        <ele>135.5</ele>
      </trkpt>
      <trkpt lat="42.382140" lon="2.919980">
        <ele>136.1</ele>
      </trkpt>
      <trkpt lat="42.381600" lon="2.920160">
        <ele>137.9</ele>
      </trkpt>
      <trkpt lat="42.381060" lon="2.920170">
        <ele>141.4</ele>
      </trkpt>
      <trkpt lat="42.380730" lon="2.920230">
        <ele>137.5</ele>
      </trkpt>
      <trkpt lat="42.380450" lon="2.920360">
        <ele>136.1</ele>
      </trkpt>
      <trkpt lat="42.379800" lon="2.920470">
        <ele>130.3</ele>
      </trkpt>
      <trkpt lat="42.379440" lon="2.920660">
        <ele>128.5</ele>
      </trkpt>
      <trkpt lat="42.379180" lon="2.920670">
        <ele>127.6</ele>
      </trkpt>
      <trkpt lat="42.378980" lon="2.920640">
        <ele>126.9</ele>
      </trkpt>
      <trkpt lat="42.378570" lon="2.920300">
        <ele>122.4</ele>
      </trkpt>
      <trkpt lat="42.377110" lon="2.919640">
        <ele>119.5</ele>
      </trkpt>
      <trkpt lat="42.376760" lon="2.919730">
        <ele>118.7</ele>
      </trkpt>
      <trkpt lat="42.376210" lon="2.919740">
        <ele>116.8</ele>
      </trkpt>
      <trkpt lat="42.375760" lon="2.919520">
        <ele>114.4</ele>
      </trkpt>
      <trkpt lat="42.375660" lon="2.919570">
        <ele>113.9</ele>
      </trkpt>
      <trkpt lat="42.375310" lon="2.919860">
        <ele>113.5</ele>
      </trkpt>
      <trkpt lat="42.374820" lon="2.920050">
        <ele>115.3</ele>
      </trkpt>
      <trkpt lat="42.374590" lon="2.920300">
        <ele>115.2</ele>
      </trkpt>
      <trkpt lat="42.374330" lon="2.920340">
        <ele>113.6</ele>
      </trkpt>
      <trkpt lat="42.374020" lon="2.920390">
        <ele>111.1</ele>
      </trkpt>
      <trkpt lat="42.373120" lon="2.920980">
        <ele>105.4</ele>
      </trkpt>
      <trkpt lat="42.373100" lon="2.921230">
        <ele>105.5</ele>
      </trkpt>
      <trkpt lat="42.373020" lon="2.921370">
        <ele>105</ele>
      </trkpt>
      <trkpt lat="42.372750" lon="2.921600">
        <ele>104.3</ele>
      </trkpt>
      <trkpt lat="42.372300" lon="2.921800">
        <ele>103.6</ele>
      </trkpt>
      <trkpt lat="42.371980" lon="2.922090">
        <ele>103.1</ele>
      </trkpt>
      <trkpt lat="42.371820" lon="2.922040">
        <ele>102.5</ele>
      </trkpt>
      <trkpt lat="42.371140" lon="2.922430">
        <ele>101.1</ele>
      </trkpt>
      <trkpt lat="42.370960" lon="2.922690">
        <ele>100.4</ele>
      </trkpt>
      <trkpt lat="42.370750" lon="2.922890">
        <ele>100.2</ele>
      </trkpt>
      <trkpt lat="42.370420" lon="2.923060">
        <ele>99</ele>
      </trkpt>
      <trkpt lat="42.369950" lon="2.923060">
        <ele>98.8</ele>
      </trkpt>
      <trkpt lat="42.369520" lon="2.923290">
        <ele>98.2</ele>
      </trkpt>
      <trkpt lat="42.369340" lon="2.923300">
        <ele>98</ele>
      </trkpt>
      <trkpt lat="42.369060" lon="2.923210">
        <ele>97.4</ele>
      </trkpt>
      <trkpt lat="42.368360" lon="2.922920">
        <ele>96.5</ele>
      </trkpt>
      <trkpt lat="42.367860" lon="2.923010">
        <ele>96.7</ele>
      </trkpt>
      <trkpt lat="42.367530" lon="2.923000">
        <ele>96.6</ele>
      </trkpt>
      <trkpt lat="42.367210" lon="2.923100">
        <ele>96.3</ele>
      </trkpt>
      <trkpt lat="42.366840" lon="2.923480">
        <ele>96.2</ele>
      </trkpt>
      <trkpt lat="42.366580" lon="2.923570">
        <ele>96.3</ele>
      </trkpt>
      <trkpt lat="42.366240" lon="2.923640">
        <ele>96.1</ele>
      </trkpt>
      <trkpt lat="42.365910" lon="2.923610">
        <ele>97.5</ele>
      </trkpt>
      <trkpt lat="42.365070" lon="2.923820">
        <ele>100.2</ele>
      </trkpt>
      <trkpt lat="42.364890" lon="2.923950">
        <ele>100.1</ele>
      </trkpt>
      <trkpt lat="42.364780" lon="2.923980">
        <ele>98.8</ele>
      </trkpt>
      <trkpt lat="42.364630" lon="2.923860">
        <ele>96.1</ele>
      </trkpt>
      <trkpt lat="42.364520" lon="2.923840">
        <ele>95.2</ele>
      </trkpt>
      <trkpt lat="42.364230" lon="2.924200">
        <ele>96.4</ele>
      </trkpt>
      <trkpt lat="42.363950" lon="2.924450">
        <ele>98.5</ele>
      </trkpt>
      <trkpt lat="42.363030" lon="2.924750">
        <ele>101.7</ele>
      </trkpt>
      <trkpt lat="42.362840" lon="2.924870">
        <ele>103.1</ele>
      </trkpt>
      <trkpt lat="42.362660" lon="2.924930">
        <ele>102.6</ele>
      </trkpt>
      <trkpt lat="42.362410" lon="2.924950">
        <ele>102</ele>
      </trkpt>
      <trkpt lat="42.362240" lon="2.925020">
        <ele>102.4</ele>
      </trkpt>
      <trkpt lat="42.362040" lon="2.925150">
        <ele>103.1</ele>
      </trkpt>
      <trkpt lat="42.361930" lon="2.925480">
        <ele>103.1</ele>
      </trkpt>
      <trkpt lat="42.361760" lon="2.925800">
        <ele>105.3</ele>
      </trkpt>
      <trkpt lat="42.361030" lon="2.926560">
        <ele>112.2</ele>
      </trkpt>
      <trkpt lat="42.361000" lon="2.926710">
        <ele>113.3</ele>
      </trkpt>
      <trkpt lat="42.361170" lon="2.927120">
        <ele>115.6</ele>
      </trkpt>
      <trkpt lat="42.361110" lon="2.927400">
        <ele>117.7</ele>
      </trkpt>
      <trkpt lat="42.360950" lon="2.927600">
        <ele>120.3</ele>
      </trkpt>
      <trkpt lat="42.360820" lon="2.927670">
        <ele>121.7</ele>
      </trkpt>
      <trkpt lat="42.360380" lon="2.927450">
        <ele>121.4</ele>
      </trkpt>
      <trkpt lat="42.360260" lon="2.927450">
        <ele>121.1</ele>
      </trkpt>
      <trkpt lat="42.359850" lon="2.927480">
        <ele>120.2</ele>
      </trkpt>
      <trkpt lat="42.359460" lon="2.927420">
        <ele>120.6</ele>
      </trkpt>
      <trkpt lat="42.358820" lon="2.927010">
        <ele>119.5</ele>
      </trkpt>
      <trkpt lat="42.358250" lon="2.926790">
        <ele>119.1</ele>
      </trkpt>
      <trkpt lat="42.358000" lon="2.926650">
        <ele>119.3</ele>
      </trkpt>
      <trkpt lat="42.357140" lon="2.926390">
        <ele>121</ele>
      </trkpt>
      <trkpt lat="42.356790" lon="2.926380">
        <ele>120.9</ele>
      </trkpt>
      <trkpt lat="42.356560" lon="2.926340">
        <ele>121.6</ele>
      </trkpt>
      <trkpt lat="42.356010" lon="2.926060">
        <ele>122.1</ele>
      </trkpt>
      <trkpt lat="42.355610" lon="2.925700">
        <ele>119.4</ele>
      </trkpt>
      <trkpt lat="42.355470" lon="2.925690">
        <ele>119.1</ele>
      </trkpt>
      <trkpt lat="42.355340" lon="2.925740">
        <ele>118.9</ele>
      </trkpt>
      <trkpt lat="42.354970" lon="2.925940">
        <ele>116.1</ele>
      </trkpt>
      <trkpt lat="42.354290" lon="2.926140">
        <ele>111.2</ele>
      </trkpt>
      <trkpt lat="42.353880" lon="2.926220">
        <ele>109.2</ele>
      </trkpt>
      <trkpt lat="42.353620" lon="2.926160">
        <ele>107.1</ele>
      </trkpt>
      <trkpt lat="42.353230" lon="2.925460">
        <ele>101.9</ele>
      </trkpt>
      <trkpt lat="42.353210" lon="2.925310">
        <ele>101.6</ele>
      </trkpt>
      <trkpt lat="42.353240" lon="2.925070">
        <ele>100.9</ele>
      </trkpt>
      <trkpt lat="42.353230" lon="2.924820">
        <ele>99.7</ele>
      </trkpt>
      <trkpt lat="42.353170" lon="2.924550">
        <ele>98.5</ele>
      </trkpt>
      <trkpt lat="42.352850" lon="2.924200">
        <ele>96.4</ele>
      </trkpt>
      <trkpt lat="42.352670" lon="2.923750">
        <ele>93.4</ele>
      </trkpt>
      <trkpt lat="42.352530" lon="2.923620">
        <ele>92.2</ele>
      </trkpt>
      <trkpt lat="42.352290" lon="2.923640">
        <ele>90.6</ele>
      </trkpt>
      <trkpt lat="42.352040" lon="2.923760">
        <ele>90.2</ele>
      </trkpt>
      <trkpt lat="42.351780" lon="2.924090">
        <ele>88.8</ele>
      </trkpt>
      <trkpt lat="42.351700" lon="2.924140">
        <ele>88.3</ele>
      </trkpt>
      <trkpt lat="42.351480" lon="2.924130">
        <ele>87.1</ele>
      </trkpt>
      <trkpt lat="42.351070" lon="2.923970">
        <ele>86.1</ele>
      </trkpt>
      <trkpt lat="42.350890" lon="2.923780">
        <ele>84.3</ele>
      </trkpt>
      <trkpt lat="42.350840" lon="2.923370">
        <ele>83.1</ele>
      </trkpt>
      <trkpt lat="42.350770" lon="2.923300">
        <ele>82.2</ele>
      </trkpt>
      <trkpt lat="42.350660" lon="2.923320">
        <ele>81</ele>
      </trkpt>
      <trkpt lat="42.350570" lon="2.923590">
        <ele>80.1</ele>
      </trkpt>
      <trkpt lat="42.350520" lon="2.924270">
        <ele>79.7</ele>
      </trkpt>
      <trkpt lat="42.350450" lon="2.924350">
        <ele>80.2</ele>
      </trkpt>
      <trkpt lat="42.350320" lon="2.924340">
        <ele>79.9</ele>
      </trkpt>
      <trkpt lat="42.349640" lon="2.924180">
        <ele>80.7</ele>
      </trkpt>
      <trkpt lat="42.349520" lon="2.924270">
        <ele>80.6</ele>
      </trkpt>
      <trkpt lat="42.349330" lon="2.924660">
        <ele>80.6</ele>
      </trkpt>
      <trkpt lat="42.349150" lon="2.924920">
        <ele>80.3</ele>
      </trkpt>
      <trkpt lat="42.348840" lon="2.925230">
        <ele>80.3</ele>
      </trkpt>
      <trkpt lat="42.348130" lon="2.925700">
        <ele>79.1</ele>
      </trkpt>
      <trkpt lat="42.345960" lon="2.926870">
        <ele>77</ele>
      </trkpt>
      <trkpt lat="42.345070" lon="2.927480">
        <ele>75.4</ele>
      </trkpt>
      <trkpt lat="42.344250" lon="2.927910">
        <ele>72.7</ele>
      </trkpt>
      <trkpt lat="42.343990" lon="2.927940">
        <ele>72.4</ele>
      </trkpt>
      <trkpt lat="42.343180" lon="2.928250">
        <ele>69.8</ele>
      </trkpt>
      <trkpt lat="42.343050" lon="2.928250">
        <ele>69.9</ele>
      </trkpt>
      <trkpt lat="42.342510" lon="2.928610">
        <ele>65.1</ele>
      </trkpt>
      <trkpt lat="42.342080" lon="2.928730">
        <ele>64.4</ele>
      </trkpt>
      <trkpt lat="42.341430" lon="2.929280">
        <ele>62.1</ele>
      </trkpt>
      <trkpt lat="42.341130" lon="2.929710">
        <ele>61.1</ele>
      </trkpt>
      <trkpt lat="42.340770" lon="2.929890">
        <ele>60</ele>
      </trkpt>
      <trkpt lat="42.340560" lon="2.930070">
        <ele>59.7</ele>
      </trkpt>
      <trkpt lat="42.340250" lon="2.930510">
        <ele>59.4</ele>
      </trkpt>
      <trkpt lat="42.340040" lon="2.930640">
        <ele>58.6</ele>
      </trkpt>
      <trkpt lat="42.339750" lon="2.930730">
        <ele>57.1</ele>
      </trkpt>
      <trkpt lat="42.339460" lon="2.930930">
        <ele>55.7</ele>
      </trkpt>
      <trkpt lat="42.339230" lon="2.931140">
        <ele>54.8</ele>
      </trkpt>
      <trkpt lat="42.338750" lon="2.931910">
        <ele>51.8</ele>
      </trkpt>
      <trkpt lat="42.338190" lon="2.932290">
        <ele>48.8</ele>
      </trkpt>
      <trkpt lat="42.337490" lon="2.932980">
        <ele>47.6</ele>
      </trkpt>
      <trkpt lat="42.337140" lon="2.933200">
        <ele>47</ele>
      </trkpt>
      <trkpt lat="42.335830" lon="2.933770">
        <ele>45</ele>
      </trkpt>
      <trkpt lat="42.334160" lon="2.934190">
        <ele>41.2</ele>
      </trkpt>
      <trkpt lat="42.333560" lon="2.934390">
        <ele>40.7</ele>
      </trkpt>
      <trkpt lat="42.333450" lon="2.934390">
        <ele>39.8</ele>
      </trkpt>
      <trkpt lat="42.333360" lon="2.934330">
        <ele>38.8</ele>
      </trkpt>
      <trkpt lat="42.332800" lon="2.933530">
        <ele>39.9</ele>
      </trkpt>
      <trkpt lat="42.332940" lon="2.932940">
        <ele>40.4</ele>
      </trkpt>
      <trkpt lat="42.332820" lon="2.931810">
        <ele>41.8</ele>
      </trkpt>
      <trkpt lat="42.332890" lon="2.931540">
        <ele>42</ele>
      </trkpt>
      <trkpt lat="42.333350" lon="2.930690">
        <ele>47.2</ele>
      </trkpt>
      <trkpt lat="42.333410" lon="2.930390">
        <ele>47.8</ele>
      </trkpt>
      <trkpt lat="42.333280" lon="2.930120">
        <ele>48.7</ele>
      </trkpt>
      <trkpt lat="42.332700" lon="2.929310">
        <ele>47.1</ele>
      </trkpt>
      <trkpt lat="42.332540" lon="2.928860">
        <ele>44.9</ele>
      </trkpt>
      <trkpt lat="42.332430" lon="2.927880">
        <ele>45</ele>
      </trkpt>
      <trkpt lat="42.332400" lon="2.927320">
        <ele>45.6</ele>
      </trkpt>
      <trkpt lat="42.332190" lon="2.925100">
        <ele>47</ele>
      </trkpt>
      <trkpt lat="42.332090" lon="2.924980">
        <ele>47</ele>
      </trkpt>
      <trkpt lat="42.331990" lon="2.924930">
        <ele>47</ele>
      </trkpt>
      <trkpt lat="42.330000" lon="2.925230">
        <ele>46</ele>
      </trkpt>
      <trkpt lat="42.329550" lon="2.924950">
        <ele>46.6</ele>
      </trkpt>
      <trkpt lat="42.329020" lon="2.924660">
        <ele>50.6</ele>
      </trkpt>
      <trkpt lat="42.328700" lon="2.924320">
        <ele>54.1</ele>
      </trkpt>
      <trkpt lat="42.328630" lon="2.924320">
        <ele>54</ele>
      </trkpt>
      <trkpt lat="42.328490" lon="2.924530">
        <ele>53.4</ele>
      </trkpt>
      <trkpt lat="42.328400" lon="2.924690">
        <ele>52.6</ele>
      </trkpt>
      <trkpt lat="42.328370" lon="2.924810">
        <ele>51.9</ele>
      </trkpt>
      <trkpt lat="42.328360" lon="2.925090">
        <ele>50.6</ele>
      </trkpt>
      <trkpt lat="42.328310" lon="2.925250">
        <ele>50.3</ele>
      </trkpt>
      <trkpt lat="42.328310" lon="2.925530">
        <ele>48.2</ele>
      </trkpt>
      <trkpt lat="42.328250" lon="2.925620">
        <ele>47.5</ele>
      </trkpt>
      <trkpt lat="42.327500" lon="2.926120">
        <ele>45.9</ele>
      </trkpt>
      <trkpt lat="42.326950" lon="2.926610">
        <ele>45.4</ele>
      </trkpt>
      <trkpt lat="42.326330" lon="2.927050">
        <ele>46.9</ele>
      </trkpt>
      <trkpt lat="42.326050" lon="2.927370">
        <ele>47.7</ele>
      </trkpt>
      <trkpt lat="42.325130" lon="2.928130">
        <ele>47.7</ele>
      </trkpt>
      <trkpt lat="42.324950" lon="2.928300">
        <ele>47.4</ele>
      </trkpt>
      <trkpt lat="42.324250" lon="2.928860">
        <ele>46.7</ele>
      </trkpt>
      <trkpt lat="42.323950" lon="2.929040">
        <ele>46.5</ele>
      </trkpt>
      <trkpt lat="42.323760" lon="2.929100">
        <ele>46.2</ele>
      </trkpt>
      <trkpt lat="42.323570" lon="2.929090">
        <ele>46.3</ele>
      </trkpt>
      <trkpt lat="42.323350" lon="2.929020">
        <ele>46.5</ele>
      </trkpt>
      <trkpt lat="42.323150" lon="2.929020">
        <ele>46.5</ele>
      </trkpt>
      <trkpt lat="42.322670" lon="2.929120">
        <ele>46.2</ele>
      </trkpt>
      <trkpt lat="42.322390" lon="2.929050">
        <ele>46.4</ele>
      </trkpt>
      <trkpt lat="42.322100" lon="2.929030">
        <ele>46.3</ele>
      </trkpt>
      <trkpt lat="42.321400" lon="2.929620">
        <ele>46</ele>
      </trkpt>
      <trkpt lat="42.320830" lon="2.929930">
        <ele>46</ele>
      </trkpt>
      <trkpt lat="42.320280" lon="2.930600">
        <ele>46.1</ele>
      </trkpt>
      <trkpt lat="42.320030" lon="2.930860">
        <ele>47</ele>
      </trkpt>
      <trkpt lat="42.317810" lon="2.930560">
        <ele>49.9</ele>
      </trkpt>
      <trkpt lat="42.315140" lon="2.930970">
        <ele>48.2</ele>
      </trkpt>
      <trkpt lat="42.314900" lon="2.930990">
        <ele>47.5</ele>
      </trkpt>
      <trkpt lat="42.314800" lon="2.930950">
        <ele>47</ele>
      </trkpt>
      <trkpt lat="42.314550" lon="2.930530">
        <ele>46.7</ele>
      </trkpt>
      <trkpt lat="42.314290" lon="2.929760">
        <ele>43.6</ele>
      </trkpt>
      <trkpt lat="42.313920" lon="2.928960">
        <ele>41.9</ele>
      </trkpt>
      <trkpt lat="42.313370" lon="2.928920">
        <ele>43.5</ele>
      </trkpt>
      <trkpt lat="42.313280" lon="2.928350">
        <ele>46.9</ele>
      </trkpt>
      <trkpt lat="42.313320" lon="2.928070">
        <ele>47.3</ele>
      </trkpt>
      <trkpt lat="42.313710" lon="2.926290">
        <ele>48.5</ele>
      </trkpt>
      <trkpt lat="42.313750" lon="2.925620">
        <ele>49.3</ele>
      </trkpt>
      <trkpt lat="42.313480" lon="2.924100">
        <ele>48.3</ele>
      </trkpt>
      <trkpt lat="42.313400" lon="2.923860">
        <ele>47.1</ele>
      </trkpt>
      <trkpt lat="42.313420" lon="2.923550">
        <ele>49.3</ele>
      </trkpt>
      <trkpt lat="42.313600" lon="2.922660">
        <ele>48.2</ele>
      </trkpt>
      <trkpt lat="42.313870" lon="2.921290">
        <ele>48.1</ele>
      </trkpt>
      <trkpt lat="42.314010" lon="2.920800">
        <ele>48.6</ele>
      </trkpt>
      <trkpt lat="42.314700" lon="2.919280">
        <ele>49.4</ele>
      </trkpt>
      <trkpt lat="42.314690" lon="2.919030">
        <ele>49.1</ele>
      </trkpt>
      <trkpt lat="42.314740" lon="2.918840">
        <ele>49</ele>
      </trkpt>
      <trkpt lat="42.315150" lon="2.917520">
        <ele>49.9</ele>
      </trkpt>
      <trkpt lat="42.315320" lon="2.917020">
        <ele>50.3</ele>
      </trkpt>
      <trkpt lat="42.315440" lon="2.916510">
        <ele>51.3</ele>
      </trkpt>
      <trkpt lat="42.315510" lon="2.916090">
        <ele>51.8</ele>
      </trkpt>
      <trkpt lat="42.315570" lon="2.915410">
        <ele>50.4</ele>
      </trkpt>
      <trkpt lat="42.315690" lon="2.915150">
        <ele>49.6</ele>
      </trkpt>
      <trkpt lat="42.315770" lon="2.914890">
        <ele>50.2</ele>
      </trkpt>
      <trkpt lat="42.315880" lon="2.914430">
        <ele>51.2</ele>
      </trkpt>
      <trkpt lat="42.315910" lon="2.914210">
        <ele>52.3</ele>
      </trkpt>
      <trkpt lat="42.315980" lon="2.913940">
        <ele>50</ele>
      </trkpt>
      <trkpt lat="42.316010" lon="2.913450">
        <ele>51</ele>
      </trkpt>
      <trkpt lat="42.316050" lon="2.913250">
        <ele>51.2</ele>
      </trkpt>
      <trkpt lat="42.316210" lon="2.912820">
        <ele>49.9</ele>
      </trkpt>
      <trkpt lat="42.316290" lon="2.912460">
        <ele>50.9</ele>
      </trkpt>
      <trkpt lat="42.316480" lon="2.912150">
        <ele>50.6</ele>
      </trkpt>
      <trkpt lat="42.316630" lon="2.911900">
        <ele>50.5</ele>
      </trkpt>
      <trkpt lat="42.316730" lon="2.911650">
        <ele>50.9</ele>
      </trkpt>
      <trkpt lat="42.316850" lon="2.911390">
        <ele>50.7</ele>
      </trkpt>
      <trkpt lat="42.316890" lon="2.911210">
        <ele>51</ele>
      </trkpt>
      <trkpt lat="42.316950" lon="2.910970">
        <ele>50.5</ele>
      </trkpt>
      <trkpt lat="42.316960" lon="2.910820">
        <ele>50</ele>
      </trkpt>
      <trkpt lat="42.316990" lon="2.910770">
        <ele>50.1</ele>
      </trkpt>
      <trkpt lat="42.317060" lon="2.910720">
        <ele>50.3</ele>
      </trkpt>
      <trkpt lat="42.317050" lon="2.910620">
        <ele>50.6</ele>
      </trkpt>
      <trkpt lat="42.316990" lon="2.910510">
        <ele>50.7</ele>
      </trkpt>
      <trkpt lat="42.316850" lon="2.910330">
        <ele>52.8</ele>
      </trkpt>
      <trkpt lat="42.316580" lon="2.909880">
        <ele>55.2</ele>
      </trkpt>
      <trkpt lat="42.316330" lon="2.909680">
        <ele>55.3</ele>
      </trkpt>
      <trkpt lat="42.316010" lon="2.909050">
        <ele>59.5</ele>
      </trkpt>
      <trkpt lat="42.315870" lon="2.908930">
        <ele>60.7</ele>
      </trkpt>
      <trkpt lat="42.315500" lon="2.908910">
        <ele>62.2</ele>
      </trkpt>
      <trkpt lat="42.315340" lon="2.908840">
        <ele>63.6</ele>
      </trkpt>
      <trkpt lat="42.315280" lon="2.908570">
        <ele>64.1</ele>
      </trkpt>
      <trkpt lat="42.315360" lon="2.907920">
        <ele>67.2</ele>
      </trkpt>
      <trkpt lat="42.315300" lon="2.907610">
        <ele>68.6</ele>
      </trkpt>
      <trkpt lat="42.314610" lon="2.907420">
        <ele>69.4</ele>
      </trkpt>
      <trkpt lat="42.314030" lon="2.907170">
        <ele>70.3</ele>
      </trkpt>
      <trkpt lat="42.313780" lon="2.907140">
        <ele>70.6</ele>
      </trkpt>
      <trkpt lat="42.313160" lon="2.906800">
        <ele>72.3</ele>
      </trkpt>
      <trkpt lat="42.312830" lon="2.906370">
        <ele>74.2</ele>
      </trkpt>
      <trkpt lat="42.312600" lon="2.906150">
        <ele>76.9</ele>
      </trkpt>
      <trkpt lat="42.312210" lon="2.905640">
        <ele>80</ele>
      </trkpt>
      <trkpt lat="42.311930" lon="2.905420">
        <ele>78.4</ele>
      </trkpt>
      <trkpt lat="42.311740" lon="2.905300">
        <ele>76.5</ele>
      </trkpt>
      <trkpt lat="42.311170" lon="2.905110">
        <ele>75.9</ele>
      </trkpt>
      <trkpt lat="42.310750" lon="2.905020">
        <ele>79.6</ele>
      </trkpt>
      <trkpt lat="42.310660" lon="2.905130">
        <ele>78.6</ele>
      </trkpt>
      <trkpt lat="42.310570" lon="2.905320">
        <ele>76.7</ele>
      </trkpt>
      <trkpt lat="42.310610" lon="2.905620">
        <ele>76.9</ele>
      </trkpt>
      <trkpt lat="42.310790" lon="2.905770">
        <ele>79.5</ele>
      </trkpt>
      <trkpt lat="42.311140" lon="2.905970">
        <ele>78.9</ele>
      </trkpt>
      <trkpt lat="42.311320" lon="2.906180">
        <ele>78</ele>
      </trkpt>
      <trkpt lat="42.311700" lon="2.906740">
        <ele>79.4</ele>
      </trkpt>
      <trkpt lat="42.311920" lon="2.906870">
        <ele>76.9</ele>
      </trkpt>
      <trkpt lat="42.311960" lon="2.907010">
        <ele>77.2</ele>
      </trkpt>
      <trkpt lat="42.311900" lon="2.907190">
        <ele>78.2</ele>
      </trkpt>
      <trkpt lat="42.311810" lon="2.907340">
        <ele>78.6</ele>
      </trkpt>
      <trkpt lat="42.310940" lon="2.907880">
        <ele>85.2</ele>
      </trkpt>
      <trkpt lat="42.310330" lon="2.908690">
        <ele>88.2</ele>
      </trkpt>
      <trkpt lat="42.310130" lon="2.909050">
        <ele>90.5</ele>
      </trkpt>
      <trkpt lat="42.309990" lon="2.909180">
        <ele>92</ele>
      </trkpt>
      <trkpt lat="42.309880" lon="2.909360">
        <ele>92.3</ele>
      </trkpt>
      <trkpt lat="42.309480" lon="2.909830">
        <ele>92.4</ele>
      </trkpt>
      <trkpt lat="42.309050" lon="2.910110">
        <ele>95.1</ele>
      </trkpt>
      <trkpt lat="42.308710" lon="2.910400">
        <ele>95.8</ele>
      </trkpt>
      <trkpt lat="42.308470" lon="2.910660">
        <ele>96.6</ele>
      </trkpt>
      <trkpt lat="42.308120" lon="2.910900">
        <ele>97.9</ele>
      </trkpt>
      <trkpt lat="42.307850" lon="2.911160">
        <ele>99.6</ele>
      </trkpt>
      <trkpt lat="42.307580" lon="2.911630">
        <ele>100.3</ele>
      </trkpt>
      <trkpt lat="42.307410" lon="2.911980">
        <ele>101.3</ele>
      </trkpt>
      <trkpt lat="42.307400" lon="2.912250">
        <ele>101.8</ele>
      </trkpt>
      <trkpt lat="42.307490" lon="2.912600">
        <ele>101</ele>
      </trkpt>
      <trkpt lat="42.307420" lon="2.912750">
        <ele>101</ele>
      </trkpt>
      <trkpt lat="42.306710" lon="2.913200">
        <ele>100.2</ele>
      </trkpt>
      <trkpt lat="42.306530" lon="2.913140">
        <ele>101.4</ele>
      </trkpt>
      <trkpt lat="42.305990" lon="2.913210">
        <ele>102.1</ele>
      </trkpt>
      <trkpt lat="42.305830" lon="2.913290">
        <ele>101.4</ele>
      </trkpt>
      <trkpt lat="42.305550" lon="2.913570">
        <ele>102.2</ele>
      </trkpt>
      <trkpt lat="42.305380" lon="2.913270">
        <ele>104</ele>
      </trkpt>
      <trkpt lat="42.304770" lon="2.913800">
        <ele>104.6</ele>
      </trkpt>
      <trkpt lat="42.304000" lon="2.914010">
        <ele>103.3</ele>
      </trkpt>
      <trkpt lat="42.303800" lon="2.913990">
        <ele>103.5</ele>
      </trkpt>
      <trkpt lat="42.303670" lon="2.914090">
        <ele>102.8</ele>
      </trkpt>
      <trkpt lat="42.303710" lon="2.914630">
        <ele>100.7</ele>
      </trkpt>
      <trkpt lat="42.303660" lon="2.914740">
        <ele>100.1</ele>
      </trkpt>
      <trkpt lat="42.302810" lon="2.914730">
        <ele>100.8</ele>
      </trkpt>
      <trkpt lat="42.302540" lon="2.914520">
        <ele>101.3</ele>
      </trkpt>
      <trkpt lat="42.302170" lon="2.914420">
        <ele>99.5</ele>
      </trkpt>
      <trkpt lat="42.302080" lon="2.914420">
        <ele>99.3</ele>
      </trkpt>
      <trkpt lat="42.301800" lon="2.914830">
        <ele>102.1</ele>
      </trkpt>
      <trkpt lat="42.301110" lon="2.915570">
        <ele>108</ele>
      </trkpt>
      <trkpt lat="42.301030" lon="2.915420">
        <ele>109.6</ele>
      </trkpt>
      <trkpt lat="42.300900" lon="2.914900">
        <ele>112.1</ele>
      </trkpt>
      <trkpt lat="42.300880" lon="2.914410">
        <ele>114.7</ele>
      </trkpt>
      <trkpt lat="42.300780" lon="2.914310">
        <ele>118</ele>
      </trkpt>
      <trkpt lat="42.300390" lon="2.914390">
        <ele>121.4</ele>
      </trkpt>
      <trkpt lat="42.299930" lon="2.914300">
        <ele>125.2</ele>
      </trkpt>
      <trkpt lat="42.299780" lon="2.914230">
        <ele>126.2</ele>
      </trkpt>
      <trkpt lat="42.299380" lon="2.914250">
        <ele>126.5</ele>
      </trkpt>
      <trkpt lat="42.299230" lon="2.914170">
        <ele>126.2</ele>
      </trkpt>
      <trkpt lat="42.299120" lon="2.914160">
        <ele>126</ele>
      </trkpt>
      <trkpt lat="42.298830" lon="2.914390">
        <ele>126</ele>
      </trkpt>
      <trkpt lat="42.298720" lon="2.914440">
        <ele>126</ele>
      </trkpt>
      <trkpt lat="42.298340" lon="2.914440">
        <ele>126</ele>
      </trkpt>
      <trkpt lat="42.298220" lon="2.914400">
        <ele>127.3</ele>
      </trkpt>
      <trkpt lat="42.298090" lon="2.914250">
        <ele>128.7</ele>
      </trkpt>
      <trkpt lat="42.297930" lon="2.914230">
        <ele>129.4</ele>
      </trkpt>
      <trkpt lat="42.297900" lon="2.913800">
        <ele>131.2</ele>
      </trkpt>
      <trkpt lat="42.297900" lon="2.913380">
        <ele>135.1</ele>
      </trkpt>
      <trkpt lat="42.297930" lon="2.913040">
        <ele>136</ele>
      </trkpt>
      <trkpt lat="42.297830" lon="2.912850">
        <ele>137.6</ele>
      </trkpt>
      <trkpt lat="42.297520" lon="2.913020">
        <ele>140.7</ele>
      </trkpt>
      <trkpt lat="42.296630" lon="2.913350">
        <ele>146</ele>
      </trkpt>
      <trkpt lat="42.295370" lon="2.913180">
        <ele>155.8</ele>
      </trkpt>
      <trkpt lat="42.294790" lon="2.913390">
        <ele>158.5</ele>
      </trkpt>
      <trkpt lat="42.293980" lon="2.913460">
        <ele>160.6</ele>
      </trkpt>
      <trkpt lat="42.291600" lon="2.913450">
        <ele>165.7</ele>
      </trkpt>
      <trkpt lat="42.291220" lon="2.913490">
        <ele>165.7</ele>
      </trkpt>
      <trkpt lat="42.289610" lon="2.913910">
        <ele>166.4</ele>
      </trkpt>
      <trkpt lat="42.288360" lon="2.914160">
        <ele>166</ele>
      </trkpt>
      <trkpt lat="42.287760" lon="2.914320">
        <ele>164.4</ele>
      </trkpt>
      <trkpt lat="42.287410" lon="2.914580">
        <ele>164.2</ele>
      </trkpt>
      <trkpt lat="42.287220" lon="2.914820">
        <ele>164.7</ele>
      </trkpt>
      <trkpt lat="42.286360" lon="2.916300">
        <ele>163.9</ele>
      </trkpt>
      <trkpt lat="42.286220" lon="2.916080">
        <ele>163.5</ele>
      </trkpt>
      <trkpt lat="42.286150" lon="2.916020">
        <ele>163.7</ele>
      </trkpt>
      <trkpt lat="42.286050" lon="2.916080">
        <ele>163.2</ele>
      </trkpt>
      <trkpt lat="42.285530" lon="2.916700">
        <ele>159.8</ele>
      </trkpt>
      <trkpt lat="42.284710" lon="2.917070">
        <ele>153.9</ele>
      </trkpt>
      <trkpt lat="42.283940" lon="2.917170">
        <ele>151.9</ele>
      </trkpt>
      <trkpt lat="42.283040" lon="2.917390">
        <ele>157.3</ele>
      </trkpt>
      <trkpt lat="42.282790" lon="2.917500">
        <ele>157</ele>
      </trkpt>
      <trkpt lat="42.282140" lon="2.917510">
        <ele>159.5</ele>
      </trkpt>
      <trkpt lat="42.281890" lon="2.917620">
        <ele>160.1</ele>
      </trkpt>
      <trkpt lat="42.281300" lon="2.917650">
        <ele>167.4</ele>
      </trkpt>
      <trkpt lat="42.281130" lon="2.917730">
        <ele>169.3</ele>
      </trkpt>
      <trkpt lat="42.280840" lon="2.917940">
        <ele>172</ele>
      </trkpt>
      <trkpt lat="42.280680" lon="2.917950">
        <ele>173.5</ele>
      </trkpt>
      <trkpt lat="42.280200" lon="2.917790">
        <ele>176.6</ele>
      </trkpt>
      <trkpt lat="42.279690" lon="2.917700">
        <ele>176.8</ele>
      </trkpt>
      <trkpt lat="42.279340" lon="2.917690">
        <ele>176.3</ele>
      </trkpt>
      <trkpt lat="42.279000" lon="2.917550">
        <ele>175.4</ele>
      </trkpt>
      <trkpt lat="42.278600" lon="2.917240">
        <ele>175.7</ele>
      </trkpt>
      <trkpt lat="42.278280" lon="2.916860">
        <ele>177.6</ele>
      </trkpt>
      <trkpt lat="42.277700" lon="2.916310">
        <ele>179.6</ele>
      </trkpt>
      <trkpt lat="42.277410" lon="2.915930">
        <ele>177.1</ele>
      </trkpt>
      <trkpt lat="42.277070" lon="2.914810">
        <ele>170.6</ele>
      </trkpt>
      <trkpt lat="42.276860" lon="2.914460">
        <ele>169</ele>
      </trkpt>
      <trkpt lat="42.276610" lon="2.914450">
        <ele>168.2</ele>
      </trkpt>
      <trkpt lat="42.276310" lon="2.914670">
        <ele>165.3</ele>
      </trkpt>
      <trkpt lat="42.276020" lon="2.914930">
        <ele>165</ele>
      </trkpt>
      <trkpt lat="42.275800" lon="2.915020">
        <ele>166.2</ele>
      </trkpt>
      <trkpt lat="42.275440" lon="2.915220">
        <ele>163.7</ele>
      </trkpt>
      <trkpt lat="42.275360" lon="2.915330">
        <ele>164.8</ele>
      </trkpt>
      <trkpt lat="42.275390" lon="2.915720">
        <ele>166.2</ele>
      </trkpt>
      <trkpt lat="42.275270" lon="2.916080">
        <ele>169.5</ele>
      </trkpt>
      <trkpt lat="42.274940" lon="2.916660">
        <ele>169.8</ele>
      </trkpt>
      <trkpt lat="42.274640" lon="2.917020">
        <ele>169.7</ele>
      </trkpt>
      <trkpt lat="42.274620" lon="2.917140">
        <ele>169.6</ele>
      </trkpt>
      <trkpt lat="42.274660" lon="2.917700">
        <ele>173.8</ele>
      </trkpt>
      <trkpt lat="42.274820" lon="2.918280">
        <ele>176.8</ele>
      </trkpt>
      <trkpt lat="42.275050" lon="2.918640">
        <ele>177</ele>
      </trkpt>
      <trkpt lat="42.275280" lon="2.918890">
        <ele>177</ele>
      </trkpt>
      <trkpt lat="42.275420" lon="2.919270">
        <ele>174.9</ele>
      </trkpt>
      <trkpt lat="42.275390" lon="2.919370">
        <ele>174.4</ele>
      </trkpt>
      <trkpt lat="42.275070" lon="2.919430">
        <ele>174.8</ele>
      </trkpt>
      <trkpt lat="42.274440" lon="2.919660">
        <ele>173.2</ele>
      </trkpt>
      <trkpt lat="42.274010" lon="2.919840">
        <ele>171.8</ele>
      </trkpt>
      <trkpt lat="42.273750" lon="2.919840">
        <ele>171.8</ele>
      </trkpt>
      <trkpt lat="42.273330" lon="2.920060">
        <ele>170.8</ele>
      </trkpt>
      <trkpt lat="42.273150" lon="2.920240">
        <ele>170.6</ele>
      </trkpt>
      <trkpt lat="42.272920" lon="2.920340">
        <ele>171</ele>
      </trkpt>
      <trkpt lat="42.272760" lon="2.920430">
        <ele>171</ele>
      </trkpt>
      <trkpt lat="42.272710" lon="2.920560">
        <ele>171</ele>
      </trkpt>
      <trkpt lat="42.272820" lon="2.920800">
        <ele>171.8</ele>
      </trkpt>
      <trkpt lat="42.272800" lon="2.920940">
        <ele>171.9</ele>
      </trkpt>
      <trkpt lat="42.272590" lon="2.921400">
        <ele>173.4</ele>
      </trkpt>
      <trkpt lat="42.272430" lon="2.922220">
        <ele>175.7</ele>
      </trkpt>
      <trkpt lat="42.272380" lon="2.922640">
        <ele>175</ele>
      </trkpt>
      <trkpt lat="42.272290" lon="2.922820">
        <ele>174.8</ele>
      </trkpt>
      <trkpt lat="42.272130" lon="2.922950">
        <ele>174.6</ele>
      </trkpt>
      <trkpt lat="42.271570" lon="2.923110">
        <ele>175</ele>
      </trkpt>
      <trkpt lat="42.271380" lon="2.923220">
        <ele>175.5</ele>
      </trkpt>
      <trkpt lat="42.271280" lon="2.923390">
        <ele>175.4</ele>
      </trkpt>
      <trkpt lat="42.271230" lon="2.923770">
        <ele>172.4</ele>
      </trkpt>
      <trkpt lat="42.271110" lon="2.924060">
        <ele>171.4</ele>
      </trkpt>
      <trkpt lat="42.270870" lon="2.924420">
        <ele>172.7</ele>
      </trkpt>
      <trkpt lat="42.270720" lon="2.924540">
        <ele>172.9</ele>
      </trkpt>
      <trkpt lat="42.270490" lon="2.924480">
        <ele>175.3</ele>
      </trkpt>
      <trkpt lat="42.270360" lon="2.924440">
        <ele>176.4</ele>
      </trkpt>
      <trkpt lat="42.270260" lon="2.924480">
        <ele>177</ele>
      </trkpt>
      <trkpt lat="42.270200" lon="2.924670">
        <ele>177</ele>
      </trkpt>
      <trkpt lat="42.270250" lon="2.925530">
        <ele>175.1</ele>
      </trkpt>
      <trkpt lat="42.270180" lon="2.925890">
        <ele>173.9</ele>
      </trkpt>
      <trkpt lat="42.270150" lon="2.926230">
        <ele>173.1</ele>
      </trkpt>
      <trkpt lat="42.270070" lon="2.926370">
        <ele>172.3</ele>
      </trkpt>
      <trkpt lat="42.269700" lon="2.926550">
        <ele>170.4</ele>
      </trkpt>
      <trkpt lat="42.269610" lon="2.926660">
        <ele>170.2</ele>
      </trkpt>
      <trkpt lat="42.269490" lon="2.927040">
        <ele>169.3</ele>
      </trkpt>
      <trkpt lat="42.269490" lon="2.927680">
        <ele>167.9</ele>
      </trkpt>
      <trkpt lat="42.269860" lon="2.928900">
        <ele>154.9</ele>
      </trkpt>
      <trkpt lat="42.269870" lon="2.929230">
        <ele>151.1</ele>
      </trkpt>
      <trkpt lat="42.269800" lon="2.929360">
        <ele>149.1</ele>
      </trkpt>
      <trkpt lat="42.269610" lon="2.929390">
        <ele>147.4</ele>
      </trkpt>
      <trkpt lat="42.269320" lon="2.929240">
        <ele>146.5</ele>
      </trkpt>
      <trkpt lat="42.268640" lon="2.928980">
        <ele>143.1</ele>
      </trkpt>
      <trkpt lat="42.268490" lon="2.929000">
        <ele>140.4</ele>
      </trkpt>
      <trkpt lat="42.268330" lon="2.929200">
        <ele>140.5</ele>
      </trkpt>
      <trkpt lat="42.268160" lon="2.929520">
        <ele>136.5</ele>
      </trkpt>
      <trkpt lat="42.268030" lon="2.929890">
        <ele>131.6</ele>
      </trkpt>
      <trkpt lat="42.267890" lon="2.930010">
        <ele>129.3</ele>
      </trkpt>
      <trkpt lat="42.267360" lon="2.930140">
        <ele>127.7</ele>
      </trkpt>
      <trkpt lat="42.267230" lon="2.930220">
        <ele>126.5</ele>
      </trkpt>
      <trkpt lat="42.267160" lon="2.930310">
        <ele>125.7</ele>
      </trkpt>
      <trkpt lat="42.267190" lon="2.930700">
        <ele>124.4</ele>
      </trkpt>
      <trkpt lat="42.267140" lon="2.930900">
        <ele>123.7</ele>
      </trkpt>
      <trkpt lat="42.266350" lon="2.931570">
        <ele>121.3</ele>
      </trkpt>
      <trkpt lat="42.265700" lon="2.931830">
        <ele>113.3</ele>
      </trkpt>
      <trkpt lat="42.265540" lon="2.931970">
        <ele>110.4</ele>
      </trkpt>
      <trkpt lat="42.265440" lon="2.932100">
        <ele>107.8</ele>
      </trkpt>
      <trkpt lat="42.265210" lon="2.932570">
        <ele>103.1</ele>
      </trkpt>
      <trkpt lat="42.265110" lon="2.933040">
        <ele>100.1</ele>
      </trkpt>
      <trkpt lat="42.265030" lon="2.934110">
        <ele>100</ele>
      </trkpt>
      <trkpt lat="42.264940" lon="2.934290">
        <ele>100.2</ele>
      </trkpt>
      <trkpt lat="42.264780" lon="2.934470">
        <ele>99.3</ele>
      </trkpt>
      <trkpt lat="42.264620" lon="2.934570">
        <ele>99.5</ele>
      </trkpt>
      <trkpt lat="42.264350" lon="2.934680">
        <ele>99.7</ele>
      </trkpt>
      <trkpt lat="42.263930" lon="2.934900">
        <ele>96.8</ele>
      </trkpt>
      <trkpt lat="42.262990" lon="2.935490">
        <ele>91.6</ele>
      </trkpt>
      <trkpt lat="42.262890" lon="2.935580">
        <ele>90.7</ele>
      </trkpt>
      <trkpt lat="42.262820" lon="2.935770">
        <ele>90.2</ele>
      </trkpt>
      <trkpt lat="42.262770" lon="2.935690">
        <ele>89.3</ele>
      </trkpt>
      <trkpt lat="42.262680" lon="2.935390">
        <ele>86.3</ele>
      </trkpt>
      <trkpt lat="42.262640" lon="2.935140">
        <ele>84.2</ele>
      </trkpt>
      <trkpt lat="42.262620" lon="2.934730">
        <ele>81.4</ele>
      </trkpt>
      <trkpt lat="42.262570" lon="2.934450">
        <ele>79.5</ele>
      </trkpt>
      <trkpt lat="42.262460" lon="2.934290">
        <ele>79.3</ele>
      </trkpt>
      <trkpt lat="42.262290" lon="2.934130">
        <ele>78.6</ele>
      </trkpt>
      <trkpt lat="42.262200" lon="2.933930">
        <ele>78.5</ele>
      </trkpt>
      <trkpt lat="42.262070" lon="2.933760">
        <ele>77.9</ele>
      </trkpt>
      <trkpt lat="42.261990" lon="2.933450">
        <ele>78.4</ele>
      </trkpt>
      <trkpt lat="42.261960" lon="2.933180">
        <ele>78.6</ele>
      </trkpt>
      <trkpt lat="42.261850" lon="2.932550">
        <ele>79.1</ele>
      </trkpt>
      <trkpt lat="42.261790" lon="2.931290">
        <ele>76.9</ele>
      </trkpt>
      <trkpt lat="42.261730" lon="2.931150">
        <ele>77.2</ele>
      </trkpt>
      <trkpt lat="42.261540" lon="2.930930">
        <ele>78.2</ele>
      </trkpt>
      <trkpt lat="42.261460" lon="2.930650">
        <ele>79.2</ele>
      </trkpt>
      <trkpt lat="42.261330" lon="2.930080">
        <ele>81.2</ele>
      </trkpt>
      <trkpt lat="42.261130" lon="2.929410">
        <ele>83.4</ele>
      </trkpt>
      <trkpt lat="42.260940" lon="2.928870">
        <ele>87.9</ele>
      </trkpt>
      <trkpt lat="42.260720" lon="2.928010">
        <ele>93.9</ele>
      </trkpt>
      <trkpt lat="42.260590" lon="2.927760">
        <ele>94.6</ele>
      </trkpt>
      <trkpt lat="42.260470" lon="2.926950">
        <ele>95.7</ele>
      </trkpt>
      <trkpt lat="42.260450" lon="2.926570">
        <ele>93.9</ele>
      </trkpt>
      <trkpt lat="42.260440" lon="2.926390">
        <ele>93.1</ele>
      </trkpt>
      <trkpt lat="42.260330" lon="2.926030">
        <ele>92.6</ele>
      </trkpt>
      <trkpt lat="42.260260" lon="2.925640">
        <ele>93.5</ele>
      </trkpt>
      <trkpt lat="42.260210" lon="2.925490">
        <ele>93.6</ele>
      </trkpt>
      <trkpt lat="42.259980" lon="2.925080">
        <ele>95</ele>
      </trkpt>
      <trkpt lat="42.259610" lon="2.924030">
        <ele>97.9</ele>
      </trkpt>
      <trkpt lat="42.259520" lon="2.923620">
        <ele>95.1</ele>
      </trkpt>
      <trkpt lat="42.259390" lon="2.923260">
        <ele>92.6</ele>
      </trkpt>
      <trkpt lat="42.258930" lon="2.922570">
        <ele>86.4</ele>
      </trkpt>
      <trkpt lat="42.258690" lon="2.922370">
        <ele>85.2</ele>
      </trkpt>
      <trkpt lat="42.258460" lon="2.922240">
        <ele>84.5</ele>
      </trkpt>
      <trkpt lat="42.258170" lon="2.922290">
        <ele>82.6</ele>
      </trkpt>
      <trkpt lat="42.258040" lon="2.922210">
        <ele>80.8</ele>
      </trkpt>
      <trkpt lat="42.257770" lon="2.921780">
        <ele>79</ele>
      </trkpt>
      <trkpt lat="42.257500" lon="2.921570">
        <ele>78.7</ele>
      </trkpt>
      <trkpt lat="42.257270" lon="2.921500">
        <ele>78.8</ele>
      </trkpt>
      <trkpt lat="42.256700" lon="2.921240">
        <ele>79.2</ele>
      </trkpt>
      <trkpt lat="42.256440" lon="2.921090">
        <ele>79.4</ele>
      </trkpt>
      <trkpt lat="42.256160" lon="2.920670">
        <ele>79.9</ele>
      </trkpt>
      <trkpt lat="42.255730" lon="2.919250">
        <ele>84.3</ele>
      </trkpt>
      <trkpt lat="42.255170" lon="2.918450">
        <ele>87</ele>
      </trkpt>
      <trkpt lat="42.255000" lon="2.917680">
        <ele>85.3</ele>
      </trkpt>
      <trkpt lat="42.255070" lon="2.916730">
        <ele>77.2</ele>
      </trkpt>
      <trkpt lat="42.255030" lon="2.916210">
        <ele>73.6</ele>
      </trkpt>
      <trkpt lat="42.254980" lon="2.916190">
        <ele>72.8</ele>
      </trkpt>
      <trkpt lat="42.254920" lon="2.916300">
        <ele>72</ele>
      </trkpt>
      <trkpt lat="42.254840" lon="2.916320">
        <ele>71.1</ele>
      </trkpt>
      <trkpt lat="42.254800" lon="2.916230">
        <ele>70.5</ele>
      </trkpt>
      <trkpt lat="42.254590" lon="2.915710">
        <ele>68.3</ele>
      </trkpt>
      <trkpt lat="42.254380" lon="2.915280">
        <ele>65.8</ele>
      </trkpt>
      <trkpt lat="42.254260" lon="2.915200">
        <ele>64.4</ele>
      </trkpt>
      <trkpt lat="42.254120" lon="2.915250">
        <ele>63.9</ele>
      </trkpt>
      <trkpt lat="42.253960" lon="2.915380">
        <ele>62.9</ele>
      </trkpt>
      <trkpt lat="42.253770" lon="2.915420">
        <ele>62.2</ele>
      </trkpt>
      <trkpt lat="42.253610" lon="2.915500">
        <ele>63</ele>
      </trkpt>
      <trkpt lat="42.253410" lon="2.915460">
        <ele>61.8</ele>
      </trkpt>
      <trkpt lat="42.253150" lon="2.915360">
        <ele>61.5</ele>
      </trkpt>
      <trkpt lat="42.252720" lon="2.914880">
        <ele>59.9</ele>
      </trkpt>
      <trkpt lat="42.252560" lon="2.914790">
        <ele>59.9</ele>
      </trkpt>
      <trkpt lat="42.252260" lon="2.914790">
        <ele>60</ele>
      </trkpt>
      <trkpt lat="42.251910" lon="2.914990">
        <ele>58.1</ele>
      </trkpt>
      <trkpt lat="42.251720" lon="2.915180">
        <ele>58.9</ele>
      </trkpt>
      <trkpt lat="42.251630" lon="2.915390">
        <ele>58.7</ele>
      </trkpt>
      <trkpt lat="42.251420" lon="2.916230">
        <ele>58.9</ele>
      </trkpt>
      <trkpt lat="42.251360" lon="2.916350">
        <ele>59</ele>
      </trkpt>
      <trkpt lat="42.251160" lon="2.916340">
        <ele>59</ele>
      </trkpt>
      <trkpt lat="42.250550" lon="2.916110">
        <ele>60.1</ele>
      </trkpt>
      <trkpt lat="42.250160" lon="2.916090">
        <ele>63.4</ele>
      </trkpt>
      <trkpt lat="42.250080" lon="2.915980">
        <ele>63.8</ele>
      </trkpt>
      <trkpt lat="42.250150" lon="2.915520">
        <ele>65.3</ele>
      </trkpt>
      <trkpt lat="42.250330" lon="2.915160">
        <ele>66.3</ele>
      </trkpt>
      <trkpt lat="42.250300" lon="2.914470">
        <ele>67.6</ele>
      </trkpt>
      <trkpt lat="42.249210" lon="2.913920">
        <ele>59.9</ele>
      </trkpt>
      <trkpt lat="42.248830" lon="2.913920">
        <ele>56</ele>
      </trkpt>
      <trkpt lat="42.248650" lon="2.913730">
        <ele>56</ele>
      </trkpt>
      <trkpt lat="42.248600" lon="2.913620">
        <ele>56</ele>
      </trkpt>
      <trkpt lat="42.248450" lon="2.913480">
        <ele>56.3</ele>
      </trkpt>
      <trkpt lat="42.248360" lon="2.913320">
        <ele>56.9</ele>
      </trkpt>
      <trkpt lat="42.248170" lon="2.913140">
        <ele>56.8</ele>
      </trkpt>
      <trkpt lat="42.248120" lon="2.913040">
        <ele>57</ele>
      </trkpt>
      <trkpt lat="42.248060" lon="2.912320">
        <ele>57</ele>
      </trkpt>
      <trkpt lat="42.248030" lon="2.912200">
        <ele>57</ele>
      </trkpt>
      <trkpt lat="42.247960" lon="2.912080">
        <ele>57</ele>
      </trkpt>
      <trkpt lat="42.247440" lon="2.912300">
        <ele>56.9</ele>
      </trkpt>
      <trkpt lat="42.247370" lon="2.912260">
        <ele>56.9</ele>
      </trkpt>
      <trkpt lat="42.247120" lon="2.911830">
        <ele>56.8</ele>
      </trkpt>
      <trkpt lat="42.247010" lon="2.911690">
        <ele>56.9</ele>
      </trkpt>
      <trkpt lat="42.246970" lon="2.911570">
        <ele>57</ele>
      </trkpt>
      <trkpt lat="42.246880" lon="2.911000">
        <ele>56.3</ele>
      </trkpt>
      <trkpt lat="42.246860" lon="2.910660">
        <ele>56.7</ele>
      </trkpt>
      <trkpt lat="42.246800" lon="2.910560">
        <ele>56.5</ele>
      </trkpt>
      <trkpt lat="42.246400" lon="2.910530">
        <ele>57</ele>
      </trkpt>
      <trkpt lat="42.246040" lon="2.910390">
        <ele>58.6</ele>
      </trkpt>
      <trkpt lat="42.245600" lon="2.910090">
        <ele>58.9</ele>
      </trkpt>
      <trkpt lat="42.245460" lon="2.910030">
        <ele>59</ele>
      </trkpt>
      <trkpt lat="42.245220" lon="2.909990">
        <ele>59</ele>
      </trkpt>
      <trkpt lat="42.244970" lon="2.909840">
        <ele>59.1</ele>
      </trkpt>
      <trkpt lat="42.244710" lon="2.909720">
        <ele>60.3</ele>
      </trkpt>
      <trkpt lat="42.244630" lon="2.909730">
        <ele>61.7</ele>
      </trkpt>
      <trkpt lat="42.244480" lon="2.910030">
        <ele>64.9</ele>
      </trkpt>
      <trkpt lat="42.244370" lon="2.910350">
        <ele>64.4</ele>
      </trkpt>
      <trkpt lat="42.244360" lon="2.910530">
        <ele>64.3</ele>
      </trkpt>
      <trkpt lat="42.244390" lon="2.911020">
        <ele>64</ele>
      </trkpt>
      <trkpt lat="42.244260" lon="2.911150">
        <ele>66.4</ele>
      </trkpt>
      <trkpt lat="42.243790" lon="2.911260">
        <ele>68</ele>
      </trkpt>
      <trkpt lat="42.243550" lon="2.911380">
        <ele>67.1</ele>
      </trkpt>
      <trkpt lat="42.242970" lon="2.911310">
        <ele>67.2</ele>
      </trkpt>
      <trkpt lat="42.242300" lon="2.913040">
        <ele>65</ele>
      </trkpt>
      <trkpt lat="42.242200" lon="2.913230">
        <ele>64.4</ele>
      </trkpt>
      <trkpt lat="42.242180" lon="2.913480">
        <ele>64.1</ele>
      </trkpt>
      <trkpt lat="42.242120" lon="2.913740">
        <ele>63.8</ele>
      </trkpt>
      <trkpt lat="42.242040" lon="2.913920">
        <ele>63.3</ele>
      </trkpt>
      <trkpt lat="42.241910" lon="2.914130">
        <ele>62.9</ele>
      </trkpt>
      <trkpt lat="42.241900" lon="2.914340">
        <ele>62.7</ele>
      </trkpt>
      <trkpt lat="42.241940" lon="2.914690">
        <ele>63</ele>
      </trkpt>
      <trkpt lat="42.242110" lon="2.915220">
        <ele>64</ele>
      </trkpt>
      <trkpt lat="42.242300" lon="2.915570">
        <ele>64</ele>
      </trkpt>
      <trkpt lat="42.242470" lon="2.915710">
        <ele>64</ele>
      </trkpt>
      <trkpt lat="42.242650" lon="2.915800">
        <ele>63.5</ele>
      </trkpt>
      <trkpt lat="42.242670" lon="2.915850">
        <ele>63.4</ele>
      </trkpt>
      <trkpt lat="42.242220" lon="2.916160">
        <ele>63.6</ele>
      </trkpt>
      <trkpt lat="42.242010" lon="2.916310">
        <ele>63.1</ele>
      </trkpt>
      <trkpt lat="42.241650" lon="2.916440">
        <ele>60.3</ele>
      </trkpt>
      <trkpt lat="42.241260" lon="2.916500">
        <ele>58.4</ele>
      </trkpt>
      <trkpt lat="42.241170" lon="2.916580">
        <ele>57.8</ele>
      </trkpt>
      <trkpt lat="42.240950" lon="2.916720">
        <ele>58.1</ele>
      </trkpt>
      <trkpt lat="42.240350" lon="2.916920">
        <ele>62.7</ele>
      </trkpt>
      <trkpt lat="42.239810" lon="2.916990">
        <ele>64.6</ele>
      </trkpt>
      <trkpt lat="42.238950" lon="2.917750">
        <ele>58.7</ele>
      </trkpt>
      <trkpt lat="42.238670" lon="2.918220">
        <ele>56.3</ele>
      </trkpt>
      <trkpt lat="42.238620" lon="2.918320">
        <ele>56</ele>
      </trkpt>
      <trkpt lat="42.238380" lon="2.918350">
        <ele>58.7</ele>
      </trkpt>
      <trkpt lat="42.238180" lon="2.918770">
        <ele>63.1</ele>
      </trkpt>
      <trkpt lat="42.238020" lon="2.918790">
        <ele>64</ele>
      </trkpt>
      <trkpt lat="42.235780" lon="2.919620">
        <ele>67.7</ele>
      </trkpt>
      <trkpt lat="42.234650" lon="2.920430">
        <ele>66</ele>
      </trkpt>
      <trkpt lat="42.233640" lon="2.921380">
        <ele>65.1</ele>
      </trkpt>
      <trkpt lat="42.232470" lon="2.922320">
        <ele>63.7</ele>
      </trkpt>
      <trkpt lat="42.232300" lon="2.922370">
        <ele>63.5</ele>
      </trkpt>
      <trkpt lat="42.232000" lon="2.922550">
        <ele>64</ele>
      </trkpt>
      <trkpt lat="42.231550" lon="2.922780">
        <ele>64.2</ele>
      </trkpt>
      <trkpt lat="42.230680" lon="2.923500">
        <ele>63.7</ele>
      </trkpt>
      <trkpt lat="42.230480" lon="2.923630">
        <ele>63.9</ele>
      </trkpt>
      <trkpt lat="42.229940" lon="2.923780">
        <ele>63.9</ele>
      </trkpt>
      <trkpt lat="42.228680" lon="2.924000">
        <ele>63.3</ele>
      </trkpt>
      <trkpt lat="42.228480" lon="2.924010">
        <ele>63.2</ele>
      </trkpt>
      <trkpt lat="42.228290" lon="2.923900">
        <ele>63</ele>
      </trkpt>
      <trkpt lat="42.228000" lon="2.923800">
        <ele>63.4</ele>
      </trkpt>
      <trkpt lat="42.227780" lon="2.923800">
        <ele>64</ele>
      </trkpt>
      <trkpt lat="42.226550" lon="2.923940">
        <ele>65.2</ele>
      </trkpt>
      <trkpt lat="42.226390" lon="2.924220">
        <ele>65</ele>
      </trkpt>
      <trkpt lat="42.225960" lon="2.924660">
        <ele>65.9</ele>
      </trkpt>
      <trkpt lat="42.225760" lon="2.925030">
        <ele>67.4</ele>
      </trkpt>
      <trkpt lat="42.225010" lon="2.924970">
        <ele>69.9</ele>
      </trkpt>
      <trkpt lat="42.224700" lon="2.924980">
        <ele>70.7</ele>
      </trkpt>
      <trkpt lat="42.224400" lon="2.925050">
        <ele>70.6</ele>
      </trkpt>
      <trkpt lat="42.224030" lon="2.925170">
        <ele>71.3</ele>
      </trkpt>
      <trkpt lat="42.223730" lon="2.925470">
        <ele>71.3</ele>
      </trkpt>
      <trkpt lat="42.223470" lon="2.925660">
        <ele>71.2</ele>
      </trkpt>
      <trkpt lat="42.222990" lon="2.925810">
        <ele>72</ele>
      </trkpt>
      <trkpt lat="42.222370" lon="2.925720">
        <ele>72</ele>
      </trkpt>
      <trkpt lat="42.221940" lon="2.925800">
        <ele>71</ele>
      </trkpt>
      <trkpt lat="42.221870" lon="2.925440">
        <ele>71.3</ele>
      </trkpt>
      <trkpt lat="42.221060" lon="2.925620">
        <ele>72.1</ele>
      </trkpt>
      <trkpt lat="42.221020" lon="2.925570">
        <ele>72.3</ele>
      </trkpt>
      <trkpt lat="42.221050" lon="2.925270">
        <ele>73</ele>
      </trkpt>
      <trkpt lat="42.220320" lon="2.924760">
        <ele>73.9</ele>
      </trkpt>
      <trkpt lat="42.219410" lon="2.924260">
        <ele>75</ele>
      </trkpt>
      <trkpt lat="42.218850" lon="2.924030">
        <ele>75.5</ele>
      </trkpt>
      <trkpt lat="42.218540" lon="2.924000">
        <ele>75.6</ele>
      </trkpt>
      <trkpt lat="42.218200" lon="2.924000">
        <ele>75.6</ele>
      </trkpt>
      <trkpt lat="42.217970" lon="2.923930">
        <ele>75.9</ele>
      </trkpt>
      <trkpt lat="42.217800" lon="2.923920">
        <ele>75.9</ele>
      </trkpt>
      <trkpt lat="42.217510" lon="2.923810">
        <ele>75.3</ele>
      </trkpt>
      <trkpt lat="42.217220" lon="2.923660">
        <ele>76.7</ele>
      </trkpt>
      <trkpt lat="42.216940" lon="2.923580">
        <ele>76.1</ele>
      </trkpt>
      <trkpt lat="42.216640" lon="2.923540">
        <ele>77.7</ele>
      </trkpt>
      <trkpt lat="42.216600" lon="2.923490">
        <ele>78.5</ele>
      </trkpt>
      <trkpt lat="42.216530" lon="2.923520">
        <ele>79.7</ele>
      </trkpt>
      <trkpt lat="42.216270" lon="2.923490">
        <ele>80.9</ele>
      </trkpt>
      <trkpt lat="42.216160" lon="2.923440">
        <ele>80.1</ele>
      </trkpt>
      <trkpt lat="42.216010" lon="2.923430">
        <ele>80.3</ele>
      </trkpt>
      <trkpt lat="42.215830" lon="2.923460">
        <ele>81.2</ele>
      </trkpt>
      <trkpt lat="42.215500" lon="2.923540">
        <ele>83.2</ele>
      </trkpt>
      <trkpt lat="42.214900" lon="2.923480">
        <ele>83.6</ele>
      </trkpt>
      <trkpt lat="42.214810" lon="2.923500">
        <ele>83.3</ele>
      </trkpt>
      <trkpt lat="42.214040" lon="2.922820">
        <ele>77.5</ele>
      </trkpt>
      <trkpt lat="42.213740" lon="2.922640">
        <ele>74.9</ele>
      </trkpt>
      <trkpt lat="42.213430" lon="2.922360">
        <ele>71.8</ele>
      </trkpt>
      <trkpt lat="42.213140" lon="2.921920">
        <ele>68.2</ele>
      </trkpt>
      <trkpt lat="42.213130" lon="2.921560">
        <ele>67</ele>
      </trkpt>
      <trkpt lat="42.213070" lon="2.921390">
        <ele>63.8</ele>
      </trkpt>
      <trkpt lat="42.212850" lon="2.921040">
        <ele>62.4</ele>
      </trkpt>
      <trkpt lat="42.212820" lon="2.921070">
        <ele>61.4</ele>
      </trkpt>
      <trkpt lat="42.212380" lon="2.920660">
        <ele>62.5</ele>
      </trkpt>
      <trkpt lat="42.212270" lon="2.920620">
        <ele>62.5</ele>
      </trkpt>
      <trkpt lat="42.212170" lon="2.920660">
        <ele>62.7</ele>
      </trkpt>
      <trkpt lat="42.211940" lon="2.921040">
        <ele>67</ele>
      </trkpt>
      <trkpt lat="42.211800" lon="2.921130">
        <ele>68.4</ele>
      </trkpt>
      <trkpt lat="42.211260" lon="2.921180">
        <ele>73.5</ele>
      </trkpt>
      <trkpt lat="42.210930" lon="2.921310">
        <ele>73.8</ele>
      </trkpt>
      <trkpt lat="42.210690" lon="2.921470">
        <ele>76.8</ele>
      </trkpt>
      <trkpt lat="42.210570" lon="2.921500">
        <ele>77</ele>
      </trkpt>
      <trkpt lat="42.210440" lon="2.921470">
        <ele>78.1</ele>
      </trkpt>
      <trkpt lat="42.210110" lon="2.921290">
        <ele>74.9</ele>
      </trkpt>
      <trkpt lat="42.209940" lon="2.921290">
        <ele>76.4</ele>
      </trkpt>
      <trkpt lat="42.209800" lon="2.921420">
        <ele>80.4</ele>
      </trkpt>
      <trkpt lat="42.209730" lon="2.921610">
        <ele>80.8</ele>
      </trkpt>
      <trkpt lat="42.208960" lon="2.921710">
        <ele>82.8</ele>
      </trkpt>
      <trkpt lat="42.208250" lon="2.921830">
        <ele>86.7</ele>
      </trkpt>
      <trkpt lat="42.208070" lon="2.921900">
        <ele>87.9</ele>
      </trkpt>
      <trkpt lat="42.207670" lon="2.922200">
        <ele>91.7</ele>
      </trkpt>
      <trkpt lat="42.207380" lon="2.922300">
        <ele>93.7</ele>
      </trkpt>
      <trkpt lat="42.207130" lon="2.922590">
        <ele>96.5</ele>
      </trkpt>
      <trkpt lat="42.206690" lon="2.922840">
        <ele>99.7</ele>
      </trkpt>
      <trkpt lat="42.206580" lon="2.922920">
        <ele>100.8</ele>
      </trkpt>
      <trkpt lat="42.206330" lon="2.922930">
        <ele>102.2</ele>
      </trkpt>
      <trkpt lat="42.206110" lon="2.923040">
        <ele>104.1</ele>
      </trkpt>
      <trkpt lat="42.205570" lon="2.923150">
        <ele>109.6</ele>
      </trkpt>
      <trkpt lat="42.205320" lon="2.923190">
        <ele>110.4</ele>
      </trkpt>
      <trkpt lat="42.205290" lon="2.923240">
        <ele>111</ele>
      </trkpt>
      <trkpt lat="42.205270" lon="2.923750">
        <ele>114</ele>
      </trkpt>
      <trkpt lat="42.205240" lon="2.923940">
        <ele>114.2</ele>
      </trkpt>
      <trkpt lat="42.204460" lon="2.923980">
        <ele>116.3</ele>
      </trkpt>
      <trkpt lat="42.204000" lon="2.924030">
        <ele>117</ele>
      </trkpt>
      <trkpt lat="42.203830" lon="2.924010">
        <ele>117.2</ele>
      </trkpt>
      <trkpt lat="42.203660" lon="2.924010">
        <ele>117.8</ele>
      </trkpt>
      <trkpt lat="42.203310" lon="2.924020">
        <ele>118</ele>
      </trkpt>
      <trkpt lat="42.203010" lon="2.924040">
        <ele>118</ele>
      </trkpt>
      <trkpt lat="42.202540" lon="2.924050">
        <ele>118.5</ele>
      </trkpt>
      <trkpt lat="42.201710" lon="2.924160">
        <ele>120.9</ele>
      </trkpt>
      <trkpt lat="42.200790" lon="2.924170">
        <ele>124.5</ele>
      </trkpt>
      <trkpt lat="42.200140" lon="2.924370">
        <ele>127.6</ele>
      </trkpt>
      <trkpt lat="42.199370" lon="2.924460">
        <ele>132.1</ele>
      </trkpt>
      <trkpt lat="42.199130" lon="2.924530">
        <ele>132.5</ele>
      </trkpt>
      <trkpt lat="42.198880" lon="2.924500">
        <ele>133.6</ele>
      </trkpt>
      <trkpt lat="42.198530" lon="2.924510">
        <ele>134.8</ele>
      </trkpt>
      <trkpt lat="42.198160" lon="2.924470">
        <ele>137.1</ele>
      </trkpt>
      <trkpt lat="42.197780" lon="2.924360">
        <ele>139.3</ele>
      </trkpt>
      <trkpt lat="42.197670" lon="2.924270">
        <ele>139.6</ele>
      </trkpt>
      <trkpt lat="42.197240" lon="2.924450">
        <ele>139</ele>
      </trkpt>
      <trkpt lat="42.196720" lon="2.924720">
        <ele>137.2</ele>
      </trkpt>
      <trkpt lat="42.196500" lon="2.924760">
        <ele>136.8</ele>
      </trkpt>
      <trkpt lat="42.196190" lon="2.924850">
        <ele>136.1</ele>
      </trkpt>
      <trkpt lat="42.195550" lon="2.925090">
        <ele>131.7</ele>
      </trkpt>
      <trkpt lat="42.195710" lon="2.925790">
        <ele>129.7</ele>
      </trkpt>
      <trkpt lat="42.195860" lon="2.926270">
        <ele>127.5</ele>
      </trkpt>
      <trkpt lat="42.195490" lon="2.926150">
        <ele>127.5</ele>
      </trkpt>
      <trkpt lat="42.195050" lon="2.925760">
        <ele>130.1</ele>
      </trkpt>
      <trkpt lat="42.193660" lon="2.924170">
        <ele>132.2</ele>
      </trkpt>
      <trkpt lat="42.193710" lon="2.924290">
        <ele>131.9</ele>
      </trkpt>
      <trkpt lat="42.192870" lon="2.924810">
        <ele>128.9</ele>
      </trkpt>
      <trkpt lat="42.192300" lon="2.925320">
        <ele>126.9</ele>
      </trkpt>
      <trkpt lat="42.191980" lon="2.925470">
        <ele>126.6</ele>
      </trkpt>
      <trkpt lat="42.191940" lon="2.925830">
        <ele>125.1</ele>
      </trkpt>
      <trkpt lat="42.191750" lon="2.926740">
        <ele>122.9</ele>
      </trkpt>
      <trkpt lat="42.191590" lon="2.927260">
        <ele>121.8</ele>
      </trkpt>
      <trkpt lat="42.191500" lon="2.927750">
        <ele>121.2</ele>
      </trkpt>
      <trkpt lat="42.191320" lon="2.928160">
        <ele>119.4</ele>
      </trkpt>
      <trkpt lat="42.190940" lon="2.928820">
        <ele>116.1</ele>
      </trkpt>
      <trkpt lat="42.190950" lon="2.928940">
        <ele>115.9</ele>
      </trkpt>
      <trkpt lat="42.191140" lon="2.929530">
        <ele>114.7</ele>
      </trkpt>
      <trkpt lat="42.191150" lon="2.929660">
        <ele>114.2</ele>
      </trkpt>
      <trkpt lat="42.190970" lon="2.930070">
        <ele>114.3</ele>
      </trkpt>
      <trkpt lat="42.190900" lon="2.930110">
        <ele>114.4</ele>
      </trkpt>
      <trkpt lat="42.190160" lon="2.930190">
        <ele>113.8</ele>
      </trkpt>
      <trkpt lat="42.189980" lon="2.930550">
        <ele>114</ele>
      </trkpt>
      <trkpt lat="42.189770" lon="2.931680">
        <ele>111.2</ele>
      </trkpt>
      <trkpt lat="42.189810" lon="2.932860">
        <ele>109.8</ele>
      </trkpt>
      <trkpt lat="42.189950" lon="2.932980">
        <ele>110.7</ele>
      </trkpt>
      <trkpt lat="42.191010" lon="2.933310">
        <ele>106.2</ele>
      </trkpt>
      <trkpt lat="42.191160" lon="2.933450">
        <ele>106.1</ele>
      </trkpt>
      <trkpt lat="42.191190" lon="2.933670">
        <ele>106.5</ele>
      </trkpt>
      <trkpt lat="42.191100" lon="2.933970">
        <ele>108.7</ele>
      </trkpt>
      <trkpt lat="42.190990" lon="2.934160">
        <ele>107.6</ele>
      </trkpt>
      <trkpt lat="42.190870" lon="2.934190">
        <ele>107.3</ele>
      </trkpt>
      <trkpt lat="42.189910" lon="2.933920">
        <ele>109.9</ele>
      </trkpt>
      <trkpt lat="42.189800" lon="2.933970">
        <ele>109.9</ele>
      </trkpt>
      <trkpt lat="42.189660" lon="2.935700">
        <ele>112.5</ele>
      </trkpt>
      <trkpt lat="42.189570" lon="2.936550">
        <ele>114.8</ele>
      </trkpt>
      <trkpt lat="42.189360" lon="2.938030">
        <ele>121.6</ele>
      </trkpt>
      <trkpt lat="42.189250" lon="2.938670">
        <ele>121.8</ele>
      </trkpt>
      <trkpt lat="42.189190" lon="2.938770">
        <ele>121.4</ele>
      </trkpt>
      <trkpt lat="42.189020" lon="2.938800">
        <ele>123</ele>
      </trkpt>
      <trkpt lat="42.188500" lon="2.938570">
        <ele>125.7</ele>
      </trkpt>
      <trkpt lat="42.187150" lon="2.938540">
        <ele>130</ele>
      </trkpt>
      <trkpt lat="42.186820" lon="2.938420">
        <ele>130.6</ele>
      </trkpt>
      <trkpt lat="42.186750" lon="2.938480">
        <ele>130.8</ele>
      </trkpt>
      <trkpt lat="42.186680" lon="2.938740">
        <ele>131.5</ele>
      </trkpt>
      <trkpt lat="42.186680" lon="2.939000">
        <ele>132</ele>
      </trkpt>
      <trkpt lat="42.186690" lon="2.939160">
        <ele>131.9</ele>
      </trkpt>
      <trkpt lat="42.186840" lon="2.939480">
        <ele>130.2</ele>
      </trkpt>
      <trkpt lat="42.186900" lon="2.939790">
        <ele>127.5</ele>
      </trkpt>
      <trkpt lat="42.186860" lon="2.939980">
        <ele>125.5</ele>
      </trkpt>
      <trkpt lat="42.186600" lon="2.940270">
        <ele>124.3</ele>
      </trkpt>
      <trkpt lat="42.186240" lon="2.940560">
        <ele>122.5</ele>
      </trkpt>
      <trkpt lat="42.185850" lon="2.940940">
        <ele>120.4</ele>
      </trkpt>
      <trkpt lat="42.185650" lon="2.941200">
        <ele>118.4</ele>
      </trkpt>
      <trkpt lat="42.185440" lon="2.941350">
        <ele>116.7</ele>
      </trkpt>
      <trkpt lat="42.185210" lon="2.941560">
        <ele>114.7</ele>
      </trkpt>
      <trkpt lat="42.185140" lon="2.941720">
        <ele>113.9</ele>
      </trkpt>
      <trkpt lat="42.185000" lon="2.942180">
        <ele>112.1</ele>
      </trkpt>
      <trkpt lat="42.184910" lon="2.942360">
        <ele>112.4</ele>
      </trkpt>
      <trkpt lat="42.184700" lon="2.942560">
        <ele>112.1</ele>
      </trkpt>
      <trkpt lat="42.184640" lon="2.942670">
        <ele>112.4</ele>
      </trkpt>
      <trkpt lat="42.184460" lon="2.942870">
        <ele>112.7</ele>
      </trkpt>
      <trkpt lat="42.184270" lon="2.942980">
        <ele>112.8</ele>
      </trkpt>
      <trkpt lat="42.183870" lon="2.943550">
        <ele>116.2</ele>
      </trkpt>
      <trkpt lat="42.183570" lon="2.943940">
        <ele>118.7</ele>
      </trkpt>
      <trkpt lat="42.183190" lon="2.944520">
        <ele>120.5</ele>
      </trkpt>
      <trkpt lat="42.183100" lon="2.944680">
        <ele>119.7</ele>
      </trkpt>
      <trkpt lat="42.182990" lon="2.945250">
        <ele>117.3</ele>
      </trkpt>
      <trkpt lat="42.182920" lon="2.945540">
        <ele>117.9</ele>
      </trkpt>
      <trkpt lat="42.182820" lon="2.945580">
        <ele>116.9</ele>
      </trkpt>
      <trkpt lat="42.182550" lon="2.945590">
        <ele>115.9</ele>
      </trkpt>
      <trkpt lat="42.181990" lon="2.945780">
        <ele>116.3</ele>
      </trkpt>
      <trkpt lat="42.181600" lon="2.945940">
        <ele>115.2</ele>
      </trkpt>
      <trkpt lat="42.181280" lon="2.946290">
        <ele>114.3</ele>
      </trkpt>
      <trkpt lat="42.181050" lon="2.946580">
        <ele>114.3</ele>
      </trkpt>
      <trkpt lat="42.180560" lon="2.946960">
        <ele>114.3</ele>
      </trkpt>
      <trkpt lat="42.180330" lon="2.947090">
        <ele>113.4</ele>
      </trkpt>
      <trkpt lat="42.180230" lon="2.947230">
        <ele>113.3</ele>
      </trkpt>
      <trkpt lat="42.179770" lon="2.947230">
        <ele>106.8</ele>
      </trkpt>
      <trkpt lat="42.179530" lon="2.947350">
        <ele>105.3</ele>
      </trkpt>
      <trkpt lat="42.179320" lon="2.947420">
        <ele>103.5</ele>
      </trkpt>
      <trkpt lat="42.179250" lon="2.947480">
        <ele>103.1</ele>
      </trkpt>
      <trkpt lat="42.179100" lon="2.947790">
        <ele>106.3</ele>
      </trkpt>
      <trkpt lat="42.178960" lon="2.947960">
        <ele>106.5</ele>
      </trkpt>
      <trkpt lat="42.178740" lon="2.948120">
        <ele>106.1</ele>
      </trkpt>
      <trkpt lat="42.178400" lon="2.948270">
        <ele>106.3</ele>
      </trkpt>
      <trkpt lat="42.177900" lon="2.948710">
        <ele>105.6</ele>
      </trkpt>
      <trkpt lat="42.177380" lon="2.949150">
        <ele>104.5</ele>
      </trkpt>
      <trkpt lat="42.177330" lon="2.949270">
        <ele>104.6</ele>
      </trkpt>
      <trkpt lat="42.177370" lon="2.949470">
        <ele>105.6</ele>
      </trkpt>
      <trkpt lat="42.177480" lon="2.949850">
        <ele>106.5</ele>
      </trkpt>
      <trkpt lat="42.177450" lon="2.949950">
        <ele>106</ele>
      </trkpt>
      <trkpt lat="42.177310" lon="2.950020">
        <ele>105.2</ele>
      </trkpt>
      <trkpt lat="42.177260" lon="2.950070">
        <ele>104.7</ele>
      </trkpt>
      <trkpt lat="42.177200" lon="2.950680">
        <ele>102.3</ele>
      </trkpt>
      <trkpt lat="42.177060" lon="2.951230">
        <ele>101.6</ele>
      </trkpt>
      <trkpt lat="42.176860" lon="2.951650">
        <ele>100</ele>
      </trkpt>
      <trkpt lat="42.175940" lon="2.952690">
        <ele>94.3</ele>
      </trkpt>
      <trkpt lat="42.175680" lon="2.952810">
        <ele>92.4</ele>
      </trkpt>
      <trkpt lat="42.175500" lon="2.953000">
        <ele>91.5</ele>
      </trkpt>
      <trkpt lat="42.175360" lon="2.953100">
        <ele>91.3</ele>
      </trkpt>
      <trkpt lat="42.174400" lon="2.953300">
        <ele>87.4</ele>
      </trkpt>
      <trkpt lat="42.174280" lon="2.953280">
        <ele>86.4</ele>
      </trkpt>
      <trkpt lat="42.174110" lon="2.953140">
        <ele>83.5</ele>
      </trkpt>
      <trkpt lat="42.174040" lon="2.953130">
        <ele>82.1</ele>
      </trkpt>
      <trkpt lat="42.173970" lon="2.953170">
        <ele>81</ele>
      </trkpt>
      <trkpt lat="42.173910" lon="2.953130">
        <ele>79.7</ele>
      </trkpt>
      <trkpt lat="42.173890" lon="2.953030">
        <ele>79</ele>
      </trkpt>
      <trkpt lat="42.173950" lon="2.952750">
        <ele>78.6</ele>
      </trkpt>
      <trkpt lat="42.173920" lon="2.952390">
        <ele>78.2</ele>
      </trkpt>
      <trkpt lat="42.173740" lon="2.951690">
        <ele>78.9</ele>
      </trkpt>
      <trkpt lat="42.173530" lon="2.951650">
        <ele>77.8</ele>
      </trkpt>
      <trkpt lat="42.173440" lon="2.951600">
        <ele>77.7</ele>
      </trkpt>
      <trkpt lat="42.173280" lon="2.951590">
        <ele>76.9</ele>
      </trkpt>
      <trkpt lat="42.173150" lon="2.951630">
        <ele>75.7</ele>
      </trkpt>
      <trkpt lat="42.173140" lon="2.951710">
        <ele>75.6</ele>
      </trkpt>
      <trkpt lat="42.173030" lon="2.951990">
        <ele>74.9</ele>
      </trkpt>
      <trkpt lat="42.172830" lon="2.952360">
        <ele>74.2</ele>
      </trkpt>
      <trkpt lat="42.172680" lon="2.952550">
        <ele>74.4</ele>
      </trkpt>
      <trkpt lat="42.171520" lon="2.953380">
        <ele>75.2</ele>
      </trkpt>
      <trkpt lat="42.171370" lon="2.953440">
        <ele>75.4</ele>
      </trkpt>
      <trkpt lat="42.170760" lon="2.953530">
        <ele>76.2</ele>
      </trkpt>
      <trkpt lat="42.170650" lon="2.953580">
        <ele>76.6</ele>
      </trkpt>
      <trkpt lat="42.170430" lon="2.954100">
        <ele>77.8</ele>
      </trkpt>
      <trkpt lat="42.170070" lon="2.954660">
        <ele>79.6</ele>
      </trkpt>
      <trkpt lat="42.169740" lon="2.954760">
        <ele>80</ele>
      </trkpt>
      <trkpt lat="42.169440" lon="2.954870">
        <ele>79.5</ele>
      </trkpt>
      <trkpt lat="42.169200" lon="2.955010">
        <ele>78</ele>
      </trkpt>
      <trkpt lat="42.168810" lon="2.955050">
        <ele>76.6</ele>
      </trkpt>
      <trkpt lat="42.168220" lon="2.955220">
        <ele>74.3</ele>
      </trkpt>
      <trkpt lat="42.167590" lon="2.955470">
        <ele>72.6</ele>
      </trkpt>
      <trkpt lat="42.166010" lon="2.955590">
        <ele>68.2</ele>
      </trkpt>
      <trkpt lat="42.165820" lon="2.955810">
        <ele>66.1</ele>
      </trkpt>
      <trkpt lat="42.165820" lon="2.956110">
        <ele>64.9</ele>
      </trkpt>
      <trkpt lat="42.165850" lon="2.956540">
        <ele>62.5</ele>
      </trkpt>
      <trkpt lat="42.165740" lon="2.956760">
        <ele>61.2</ele>
      </trkpt>
      <trkpt lat="42.164400" lon="2.957630">
        <ele>54.8</ele>
      </trkpt>
      <trkpt lat="42.163400" lon="2.958230">
        <ele>51.7</ele>
      </trkpt>
      <trkpt lat="42.162420" lon="2.959210">
        <ele>39.1</ele>
      </trkpt>
      <trkpt lat="42.162260" lon="2.959310">
        <ele>37.5</ele>
      </trkpt>
      <trkpt lat="42.161620" lon="2.959500">
        <ele>31.2</ele>
      </trkpt>
      <trkpt lat="42.161490" lon="2.959500">
        <ele>30.3</ele>
      </trkpt>
      <trkpt lat="42.161340" lon="2.959360">
        <ele>28.2</ele>
      </trkpt>
      <trkpt lat="42.160520" lon="2.957480">
        <ele>34.9</ele>
      </trkpt>
      <trkpt lat="42.160120" lon="2.956870">
        <ele>38.2</ele>
      </trkpt>
      <trkpt lat="42.159870" lon="2.956740">
        <ele>38.6</ele>
      </trkpt>
      <trkpt lat="42.159430" lon="2.956910">
        <ele>40</ele>
      </trkpt>
      <trkpt lat="42.159070" lon="2.957730">
        <ele>44</ele>
      </trkpt>
      <trkpt lat="42.158910" lon="2.958220">
        <ele>47.4</ele>
      </trkpt>
      <trkpt lat="42.158720" lon="2.958570">
        <ele>49.6</ele>
      </trkpt>
      <trkpt lat="42.158530" lon="2.959210">
        <ele>48.4</ele>
      </trkpt>
      <trkpt lat="42.158190" lon="2.959670">
        <ele>48.9</ele>
      </trkpt>
      <trkpt lat="42.157990" lon="2.960100">
        <ele>48.7</ele>
      </trkpt>
      <trkpt lat="42.157890" lon="2.960520">
        <ele>49.3</ele>
      </trkpt>
      <trkpt lat="42.157820" lon="2.961010">
        <ele>44.8</ele>
      </trkpt>
      <trkpt lat="42.157330" lon="2.961020">
        <ele>40.3</ele>
      </trkpt>
      <trkpt lat="42.157260" lon="2.961060">
        <ele>39.8</ele>
      </trkpt>
      <trkpt lat="42.157270" lon="2.961180">
        <ele>39.4</ele>
      </trkpt>
      <trkpt lat="42.157460" lon="2.961360">
        <ele>39.4</ele>
      </trkpt>
      <trkpt lat="42.157470" lon="2.961480">
        <ele>39.3</ele>
      </trkpt>
      <trkpt lat="42.157380" lon="2.961820">
        <ele>41.4</ele>
      </trkpt>
      <trkpt lat="42.157280" lon="2.962890">
        <ele>45.6</ele>
      </trkpt>
      <trkpt lat="42.157000" lon="2.964610">
        <ele>45.2</ele>
      </trkpt>
      <trkpt lat="42.156870" lon="2.965060">
        <ele>45.4</ele>
      </trkpt>
      <trkpt lat="42.155110" lon="2.965860">
        <ele>45.6</ele>
      </trkpt>
      <trkpt lat="42.154670" lon="2.966010">
        <ele>45.8</ele>
      </trkpt>
      <trkpt lat="42.154530" lon="2.966010">
        <ele>46.2</ele>
      </trkpt>
      <trkpt lat="42.154420" lon="2.966000">
        <ele>46.4</ele>
      </trkpt>
      <trkpt lat="42.153880" lon="2.965770">
        <ele>47.5</ele>
      </trkpt>
      <trkpt lat="42.153680" lon="2.965800">
        <ele>48</ele>
      </trkpt>
      <trkpt lat="42.153130" lon="2.966100">
        <ele>48.1</ele>
      </trkpt>
      <trkpt lat="42.152810" lon="2.966180">
        <ele>48.7</ele>
      </trkpt>
      <trkpt lat="42.152350" lon="2.966240">
        <ele>48.8</ele>
      </trkpt>
      <trkpt lat="42.152180" lon="2.966030">
        <ele>49.7</ele>
      </trkpt>
      <trkpt lat="42.152160" lon="2.965940">
        <ele>50.2</ele>
      </trkpt>
      <trkpt lat="42.152240" lon="2.965700">
        <ele>50.6</ele>
      </trkpt>
      <trkpt lat="42.152280" lon="2.965290">
        <ele>52.2</ele>
      </trkpt>
      <trkpt lat="42.152240" lon="2.965060">
        <ele>52.1</ele>
      </trkpt>
      <trkpt lat="42.152070" lon="2.964640">
        <ele>56.8</ele>
      </trkpt>
      <trkpt lat="42.151740" lon="2.963370">
        <ele>66.7</ele>
      </trkpt>
      <trkpt lat="42.151730" lon="2.963120">
        <ele>68.4</ele>
      </trkpt>
      <trkpt lat="42.151830" lon="2.961090">
        <ele>80</ele>
      </trkpt>
      <trkpt lat="42.151790" lon="2.959410">
        <ele>87.6</ele>
      </trkpt>
      <trkpt lat="42.151670" lon="2.959640">
        <ele>88.3</ele>
      </trkpt>
      <trkpt lat="42.151390" lon="2.959870">
        <ele>90.4</ele>
      </trkpt>
      <trkpt lat="42.151230" lon="2.959900">
        <ele>92.1</ele>
      </trkpt>
      <trkpt lat="42.151130" lon="2.959860">
        <ele>93.8</ele>
      </trkpt>
      <trkpt lat="42.151090" lon="2.959800">
        <ele>94.7</ele>
      </trkpt>
      <trkpt lat="42.151100" lon="2.959540">
        <ele>97.2</ele>
      </trkpt>
      <trkpt lat="42.151010" lon="2.959390">
        <ele>99.1</ele>
      </trkpt>
      <trkpt lat="42.150650" lon="2.959390">
        <ele>102.7</ele>
      </trkpt>
      <trkpt lat="42.150500" lon="2.959490">
        <ele>104.1</ele>
      </trkpt>
      <trkpt lat="42.150450" lon="2.959710">
        <ele>104.1</ele>
      </trkpt>
      <trkpt lat="42.150490" lon="2.960120">
        <ele>107</ele>
      </trkpt>
      <trkpt lat="42.150550" lon="2.960460">
        <ele>109.3</ele>
      </trkpt>
      <trkpt lat="42.150390" lon="2.960560">
        <ele>112.4</ele>
      </trkpt>
      <trkpt lat="42.150150" lon="2.960660">
        <ele>114.7</ele>
      </trkpt>
      <trkpt lat="42.150060" lon="2.960750">
        <ele>115.4</ele>
      </trkpt>
      <trkpt lat="42.149910" lon="2.960980">
        <ele>114.9</ele>
      </trkpt>
      <trkpt lat="42.149860" lon="2.960990">
        <ele>115.1</ele>
      </trkpt>
      <trkpt lat="42.149690" lon="2.960920">
        <ele>116.5</ele>
      </trkpt>
      <trkpt lat="42.149280" lon="2.960850">
        <ele>118.4</ele>
      </trkpt>
      <trkpt lat="42.149070" lon="2.960770">
        <ele>118.2</ele>
      </trkpt>
      <trkpt lat="42.148870" lon="2.960750">
        <ele>117.3</ele>
      </trkpt>
      <trkpt lat="42.148660" lon="2.960800">
        <ele>116.8</ele>
      </trkpt>
      <trkpt lat="42.148450" lon="2.960870">
        <ele>117.3</ele>
      </trkpt>
      <trkpt lat="42.148000" lon="2.961080">
        <ele>118.5</ele>
      </trkpt>
      <trkpt lat="42.147710" lon="2.961090">
        <ele>117</ele>
      </trkpt>
      <trkpt lat="42.147240" lon="2.961370">
        <ele>114.1</ele>
      </trkpt>
      <trkpt lat="42.147030" lon="2.961610">
        <ele>111.4</ele>
      </trkpt>
      <trkpt lat="42.146780" lon="2.961770">
        <ele>106.7</ele>
      </trkpt>
      <trkpt lat="42.146440" lon="2.961870">
        <ele>101.6</ele>
      </trkpt>
      <trkpt lat="42.146170" lon="2.961900">
        <ele>98</ele>
      </trkpt>
      <trkpt lat="42.146060" lon="2.961750">
        <ele>97.4</ele>
      </trkpt>
      <trkpt lat="42.145810" lon="2.961150">
        <ele>93.4</ele>
      </trkpt>
      <trkpt lat="42.145610" lon="2.960980">
        <ele>90.4</ele>
      </trkpt>
      <trkpt lat="42.145460" lon="2.960630">
        <ele>84.2</ele>
      </trkpt>
      <trkpt lat="42.145030" lon="2.960570">
        <ele>81.3</ele>
      </trkpt>
      <trkpt lat="42.144720" lon="2.960350">
        <ele>81.8</ele>
      </trkpt>
      <trkpt lat="42.144580" lon="2.960300">
        <ele>81.7</ele>
      </trkpt>
      <trkpt lat="42.144590" lon="2.960570">
        <ele>83.8</ele>
      </trkpt>
      <trkpt lat="42.144520" lon="2.960630">
        <ele>84.5</ele>
      </trkpt>
      <trkpt lat="42.144380" lon="2.960630">
        <ele>84.8</ele>
      </trkpt>
      <trkpt lat="42.144210" lon="2.960700">
        <ele>86.8</ele>
      </trkpt>
      <trkpt lat="42.143930" lon="2.960960">
        <ele>91.8</ele>
      </trkpt>
      <trkpt lat="42.144020" lon="2.961120">
        <ele>93.8</ele>
      </trkpt>
      <trkpt lat="42.144590" lon="2.961400">
        <ele>99.1</ele>
      </trkpt>
      <trkpt lat="42.144610" lon="2.961680">
        <ele>100.9</ele>
      </trkpt>
      <trkpt lat="42.144410" lon="2.962880">
        <ele>113.8</ele>
      </trkpt>
      <trkpt lat="42.144360" lon="2.962960">
        <ele>114.4</ele>
      </trkpt>
      <trkpt lat="42.144060" lon="2.962870">
        <ele>118.2</ele>
      </trkpt>
      <trkpt lat="42.143500" lon="2.962650">
        <ele>126.7</ele>
      </trkpt>
      <trkpt lat="42.143370" lon="2.962610">
        <ele>128.2</ele>
      </trkpt>
      <trkpt lat="42.143110" lon="2.962670">
        <ele>129.9</ele>
      </trkpt>
      <trkpt lat="42.142790" lon="2.962840">
        <ele>131.5</ele>
      </trkpt>
      <trkpt lat="42.142330" lon="2.962940">
        <ele>134.6</ele>
      </trkpt>
      <trkpt lat="42.141330" lon="2.963340">
        <ele>136.1</ele>
      </trkpt>
      <trkpt lat="42.140890" lon="2.963640">
        <ele>136.3</ele>
      </trkpt>
      <trkpt lat="42.140750" lon="2.963830">
        <ele>133.1</ele>
      </trkpt>
      <trkpt lat="42.140640" lon="2.963890">
        <ele>131.6</ele>
      </trkpt>
      <trkpt lat="42.140530" lon="2.963850">
        <ele>130.6</ele>
      </trkpt>
      <trkpt lat="42.140310" lon="2.963700">
        <ele>126.9</ele>
      </trkpt>
      <trkpt lat="42.139920" lon="2.963740">
        <ele>123.5</ele>
      </trkpt>
      <trkpt lat="42.139810" lon="2.963670">
        <ele>123.3</ele>
      </trkpt>
      <trkpt lat="42.139520" lon="2.963680">
        <ele>121.8</ele>
      </trkpt>
      <trkpt lat="42.139410" lon="2.963620">
        <ele>121.8</ele>
      </trkpt>
      <trkpt lat="42.139230" lon="2.963120">
        <ele>115.4</ele>
      </trkpt>
      <trkpt lat="42.138300" lon="2.963960">
        <ele>119.3</ele>
      </trkpt>
      <trkpt lat="42.138080" lon="2.964100">
        <ele>120.2</ele>
      </trkpt>
      <trkpt lat="42.137950" lon="2.964170">
        <ele>120.3</ele>
      </trkpt>
      <trkpt lat="42.137220" lon="2.964340">
        <ele>120.6</ele>
      </trkpt>
      <trkpt lat="42.137150" lon="2.964010">
        <ele>120</ele>
      </trkpt>
      <trkpt lat="42.137110" lon="2.963610">
        <ele>118.1</ele>
      </trkpt>
      <trkpt lat="42.137190" lon="2.963250">
        <ele>113.7</ele>
      </trkpt>
      <trkpt lat="42.137270" lon="2.962360">
        <ele>103.6</ele>
      </trkpt>
      <trkpt lat="42.137520" lon="2.961620">
        <ele>95.4</ele>
      </trkpt>
      <trkpt lat="42.137640" lon="2.960700">
        <ele>86.6</ele>
      </trkpt>
      <trkpt lat="42.137840" lon="2.960290">
        <ele>84</ele>
      </trkpt>
      <trkpt lat="42.138030" lon="2.960050">
        <ele>82.4</ele>
      </trkpt>
      <trkpt lat="42.138230" lon="2.959560">
        <ele>79.9</ele>
      </trkpt>
      <trkpt lat="42.138170" lon="2.959250">
        <ele>79.1</ele>
      </trkpt>
      <trkpt lat="42.138040" lon="2.958890">
        <ele>76.1</ele>
      </trkpt>
      <trkpt lat="42.137960" lon="2.958360">
        <ele>75</ele>
      </trkpt>
      <trkpt lat="42.137780" lon="2.958020">
        <ele>72.9</ele>
      </trkpt>
      <trkpt lat="42.137590" lon="2.957290">
        <ele>71.8</ele>
      </trkpt>
      <trkpt lat="42.137600" lon="2.956970">
        <ele>69.9</ele>
      </trkpt>
      <trkpt lat="42.137520" lon="2.956920">
        <ele>69.2</ele>
      </trkpt>
      <trkpt lat="42.137360" lon="2.957050">
        <ele>70.1</ele>
      </trkpt>
      <trkpt lat="42.136620" lon="2.957460">
        <ele>71.5</ele>
      </trkpt>
      <trkpt lat="42.135920" lon="2.957710">
        <ele>71.3</ele>
      </trkpt>
      <trkpt lat="42.135820" lon="2.957700">
        <ele>70.7</ele>
      </trkpt>
      <trkpt lat="42.135700" lon="2.957540">
        <ele>69.3</ele>
      </trkpt>
      <trkpt lat="42.135570" lon="2.957520">
        <ele>68.4</ele>
      </trkpt>
      <trkpt lat="42.135520" lon="2.957420">
        <ele>68.8</ele>
      </trkpt>
      <trkpt lat="42.135500" lon="2.956890">
        <ele>70.3</ele>
      </trkpt>
      <trkpt lat="42.135460" lon="2.956800">
        <ele>70.5</ele>
      </trkpt>
      <trkpt lat="42.135310" lon="2.956730">
        <ele>71.1</ele>
      </trkpt>
      <trkpt lat="42.134910" lon="2.956640">
        <ele>73</ele>
      </trkpt>
      <trkpt lat="42.134860" lon="2.956560">
        <ele>73.5</ele>
      </trkpt>
      <trkpt lat="42.134840" lon="2.956460">
        <ele>73.7</ele>
      </trkpt>
      <trkpt lat="42.134800" lon="2.956240">
        <ele>73.3</ele>
      </trkpt>
      <trkpt lat="42.134740" lon="2.956100">
        <ele>72.9</ele>
      </trkpt>
      <trkpt lat="42.134670" lon="2.956040">
        <ele>73</ele>
      </trkpt>
      <trkpt lat="42.134390" lon="2.955890">
        <ele>74</ele>
      </trkpt>
      <trkpt lat="42.134260" lon="2.955780">
        <ele>74.9</ele>
      </trkpt>
      <trkpt lat="42.134150" lon="2.955260">
        <ele>73.9</ele>
      </trkpt>
      <trkpt lat="42.133970" lon="2.955120">
        <ele>72.5</ele>
      </trkpt>
      <trkpt lat="42.133470" lon="2.955230">
        <ele>74.8</ele>
      </trkpt>
      <trkpt lat="42.133310" lon="2.955420">
        <ele>76.7</ele>
      </trkpt>
      <trkpt lat="42.132680" lon="2.955580">
        <ele>82</ele>
      </trkpt>
      <trkpt lat="42.132440" lon="2.955740">
        <ele>84.4</ele>
      </trkpt>
      <trkpt lat="42.132410" lon="2.955990">
        <ele>86.5</ele>
      </trkpt>
      <trkpt lat="42.131950" lon="2.956290">
        <ele>90.2</ele>
      </trkpt>
      <trkpt lat="42.131560" lon="2.956190">
        <ele>92.2</ele>
      </trkpt>
      <trkpt lat="42.131270" lon="2.955990">
        <ele>92.5</ele>
      </trkpt>
      <trkpt lat="42.130840" lon="2.955930">
        <ele>95.4</ele>
      </trkpt>
      <trkpt lat="42.130710" lon="2.955770">
        <ele>94.7</ele>
      </trkpt>
      <trkpt lat="42.130490" lon="2.955620">
        <ele>94.5</ele>
      </trkpt>
      <trkpt lat="42.130390" lon="2.955600">
        <ele>94</ele>
      </trkpt>
      <trkpt lat="42.130320" lon="2.955600">
        <ele>93.8</ele>
      </trkpt>
      <trkpt lat="42.130010" lon="2.955710">
        <ele>95.2</ele>
      </trkpt>
      <trkpt lat="42.129840" lon="2.955690">
        <ele>95</ele>
      </trkpt>
      <trkpt lat="42.129540" lon="2.955710">
        <ele>95.1</ele>
      </trkpt>
      <trkpt lat="42.128770" lon="2.956030">
        <ele>96.4</ele>
      </trkpt>
      <trkpt lat="42.128600" lon="2.956190">
        <ele>96.9</ele>
      </trkpt>
      <trkpt lat="42.128510" lon="2.956230">
        <ele>97.7</ele>
      </trkpt>
      <trkpt lat="42.128290" lon="2.956200">
        <ele>98.3</ele>
      </trkpt>
      <trkpt lat="42.128010" lon="2.956210">
        <ele>98.8</ele>
      </trkpt>
      <trkpt lat="42.127400" lon="2.956430">
        <ele>103.8</ele>
      </trkpt>
      <trkpt lat="42.127080" lon="2.956590">
        <ele>106.2</ele>
      </trkpt>
      <trkpt lat="42.126860" lon="2.956590">
        <ele>106.5</ele>
      </trkpt>
      <trkpt lat="42.126620" lon="2.956640">
        <ele>105.8</ele>
      </trkpt>
      <trkpt lat="42.126510" lon="2.956730">
        <ele>105.7</ele>
      </trkpt>
      <trkpt lat="42.126460" lon="2.956830">
        <ele>105.8</ele>
      </trkpt>
      <trkpt lat="42.126430" lon="2.956980">
        <ele>106.3</ele>
      </trkpt>
      <trkpt lat="42.126770" lon="2.958480">
        <ele>110.9</ele>
      </trkpt>
      <trkpt lat="42.126780" lon="2.958680">
        <ele>111.5</ele>
      </trkpt>
      <trkpt lat="42.126700" lon="2.958810">
        <ele>111.2</ele>
      </trkpt>
      <trkpt lat="42.126170" lon="2.959340">
        <ele>109.9</ele>
      </trkpt>
      <trkpt lat="42.125470" lon="2.959750">
        <ele>103.9</ele>
      </trkpt>
      <trkpt lat="42.125360" lon="2.959740">
        <ele>104</ele>
      </trkpt>
      <trkpt lat="42.124220" lon="2.960230">
        <ele>101</ele>
      </trkpt>
      <trkpt lat="42.123150" lon="2.960280">
        <ele>98</ele>
      </trkpt>
      <trkpt lat="42.123230" lon="2.961140">
        <ele>96.6</ele>
      </trkpt>
      <trkpt lat="42.122950" lon="2.961070">
        <ele>96.1</ele>
      </trkpt>
      <trkpt lat="42.122660" lon="2.961090">
        <ele>95.2</ele>
      </trkpt>
      <trkpt lat="42.122140" lon="2.960720">
        <ele>94.1</ele>
      </trkpt>
      <trkpt lat="42.122020" lon="2.960700">
        <ele>93.7</ele>
      </trkpt>
      <trkpt lat="42.121850" lon="2.960740">
        <ele>93.3</ele>
      </trkpt>
      <trkpt lat="42.121590" lon="2.960900">
        <ele>92.5</ele>
      </trkpt>
      <trkpt lat="42.121230" lon="2.960730">
        <ele>92.5</ele>
      </trkpt>
      <trkpt lat="42.121110" lon="2.960390">
        <ele>93</ele>
      </trkpt>
      <trkpt lat="42.121060" lon="2.960090">
        <ele>93.7</ele>
      </trkpt>
      <trkpt lat="42.121040" lon="2.959480">
        <ele>96.5</ele>
      </trkpt>
      <trkpt lat="42.120950" lon="2.959000">
        <ele>97.3</ele>
      </trkpt>
      <trkpt lat="42.120830" lon="2.958910">
        <ele>97</ele>
      </trkpt>
      <trkpt lat="42.120720" lon="2.958420">
        <ele>97.6</ele>
      </trkpt>
      <trkpt lat="42.120770" lon="2.958010">
        <ele>97.3</ele>
      </trkpt>
      <trkpt lat="42.120560" lon="2.956940">
        <ele>94</ele>
      </trkpt>
      <trkpt lat="42.120320" lon="2.956870">
        <ele>94.2</ele>
      </trkpt>
      <trkpt lat="42.120180" lon="2.956570">
        <ele>95.5</ele>
      </trkpt>
      <trkpt lat="42.120070" lon="2.956270">
        <ele>97.3</ele>
      </trkpt>
      <trkpt lat="42.119620" lon="2.954570">
        <ele>99.2</ele>
      </trkpt>
      <trkpt lat="42.119590" lon="2.954210">
        <ele>95.5</ele>
      </trkpt>
      <trkpt lat="42.119480" lon="2.954180">
        <ele>94.4</ele>
      </trkpt>
      <trkpt lat="42.119330" lon="2.954190">
        <ele>93.4</ele>
      </trkpt>
      <trkpt lat="42.119210" lon="2.954280">
        <ele>92.8</ele>
      </trkpt>
      <trkpt lat="42.119080" lon="2.954380">
        <ele>92</ele>
      </trkpt>
      <trkpt lat="42.118890" lon="2.954480">
        <ele>91.1</ele>
      </trkpt>
      <trkpt lat="42.118670" lon="2.954530">
        <ele>90</ele>
      </trkpt>
      <trkpt lat="42.118530" lon="2.954480">
        <ele>89</ele>
      </trkpt>
      <trkpt lat="42.118460" lon="2.954380">
        <ele>88.1</ele>
      </trkpt>
      <trkpt lat="42.118470" lon="2.954200">
        <ele>87.2</ele>
      </trkpt>
      <trkpt lat="42.118420" lon="2.953610">
        <ele>85.3</ele>
      </trkpt>
      <trkpt lat="42.118290" lon="2.953020">
        <ele>87.4</ele>
      </trkpt>
      <trkpt lat="42.118280" lon="2.952710">
        <ele>90.7</ele>
      </trkpt>
      <trkpt lat="42.117860" lon="2.952780">
        <ele>89.3</ele>
      </trkpt>
      <trkpt lat="42.117600" lon="2.952650">
        <ele>88.6</ele>
      </trkpt>
      <trkpt lat="42.117550" lon="2.952460">
        <ele>89.2</ele>
      </trkpt>
      <trkpt lat="42.117590" lon="2.951980">
        <ele>87.8</ele>
      </trkpt>
      <trkpt lat="42.117480" lon="2.951900">
        <ele>86.7</ele>
      </trkpt>
      <trkpt lat="42.116900" lon="2.952070">
        <ele>84.1</ele>
      </trkpt>
      <trkpt lat="42.116740" lon="2.952360">
        <ele>83.5</ele>
      </trkpt>
      <trkpt lat="42.116550" lon="2.952500">
        <ele>82.6</ele>
      </trkpt>
      <trkpt lat="42.116300" lon="2.952720">
        <ele>80.6</ele>
      </trkpt>
      <trkpt lat="42.116100" lon="2.952770">
        <ele>78.9</ele>
      </trkpt>
      <trkpt lat="42.115950" lon="2.952760">
        <ele>77.8</ele>
      </trkpt>
      <trkpt lat="42.115850" lon="2.952820">
        <ele>77</ele>
      </trkpt>
      <trkpt lat="42.115630" lon="2.952790">
        <ele>75.5</ele>
      </trkpt>
      <trkpt lat="42.115550" lon="2.952740">
        <ele>74.7</ele>
      </trkpt>
      <trkpt lat="42.115550" lon="2.952280">
        <ele>70.6</ele>
      </trkpt>
      <trkpt lat="42.115470" lon="2.952160">
        <ele>69.9</ele>
      </trkpt>
      <trkpt lat="42.115320" lon="2.952040">
        <ele>68.5</ele>
      </trkpt>
      <trkpt lat="42.115250" lon="2.951920">
        <ele>66.4</ele>
      </trkpt>
      <trkpt lat="42.115120" lon="2.951820">
        <ele>63.9</ele>
      </trkpt>
      <trkpt lat="42.115010" lon="2.951860">
        <ele>62.5</ele>
      </trkpt>
      <trkpt lat="42.114810" lon="2.952110">
        <ele>63.7</ele>
      </trkpt>
      <trkpt lat="42.114540" lon="2.952280">
        <ele>61.4</ele>
      </trkpt>
      <trkpt lat="42.114350" lon="2.952600">
        <ele>61.2</ele>
      </trkpt>
      <trkpt lat="42.114130" lon="2.952870">
        <ele>60.4</ele>
      </trkpt>
      <trkpt lat="42.113710" lon="2.952850">
        <ele>57.2</ele>
      </trkpt>
      <trkpt lat="42.113500" lon="2.953020">
        <ele>57.1</ele>
      </trkpt>
      <trkpt lat="42.113390" lon="2.953170">
        <ele>56.8</ele>
      </trkpt>
      <trkpt lat="42.113210" lon="2.953560">
        <ele>57.9</ele>
      </trkpt>
      <trkpt lat="42.113030" lon="2.953780">
        <ele>55.6</ele>
      </trkpt>
      <trkpt lat="42.113030" lon="2.954030">
        <ele>56.9</ele>
      </trkpt>
      <trkpt lat="42.113080" lon="2.954440">
        <ele>58.2</ele>
      </trkpt>
      <trkpt lat="42.113020" lon="2.954580">
        <ele>57.8</ele>
      </trkpt>
      <trkpt lat="42.112420" lon="2.954790">
        <ele>54.7</ele>
      </trkpt>
      <trkpt lat="42.112350" lon="2.954810">
        <ele>54.5</ele>
      </trkpt>
      <trkpt lat="42.112240" lon="2.955090">
        <ele>54.7</ele>
      </trkpt>
      <trkpt lat="42.112220" lon="2.955180">
        <ele>55.3</ele>
      </trkpt>
      <trkpt lat="42.112280" lon="2.955320">
        <ele>56.1</ele>
      </trkpt>
      <trkpt lat="42.112370" lon="2.955540">
        <ele>56.6</ele>
      </trkpt>
      <trkpt lat="42.112400" lon="2.955690">
        <ele>56.9</ele>
      </trkpt>
      <trkpt lat="42.112380" lon="2.955850">
        <ele>58.3</ele>
      </trkpt>
      <trkpt lat="42.112290" lon="2.956000">
        <ele>58.3</ele>
      </trkpt>
      <trkpt lat="42.112200" lon="2.956050">
        <ele>58.2</ele>
      </trkpt>
      <trkpt lat="42.112080" lon="2.956060">
        <ele>57.6</ele>
      </trkpt>
      <trkpt lat="42.111700" lon="2.955970">
        <ele>59.9</ele>
      </trkpt>
      <trkpt lat="42.111540" lon="2.955970">
        <ele>60.8</ele>
      </trkpt>
      <trkpt lat="42.111400" lon="2.956030">
        <ele>59.5</ele>
      </trkpt>
      <trkpt lat="42.111260" lon="2.956020">
        <ele>60.9</ele>
      </trkpt>
      <trkpt lat="42.111060" lon="2.956020">
        <ele>62.8</ele>
      </trkpt>
      <trkpt lat="42.110820" lon="2.956040">
        <ele>66.1</ele>
      </trkpt>
      <trkpt lat="42.110610" lon="2.956050">
        <ele>67.1</ele>
      </trkpt>
      <trkpt lat="42.110490" lon="2.956080">
        <ele>67.3</ele>
      </trkpt>
      <trkpt lat="42.110280" lon="2.956180">
        <ele>67</ele>
      </trkpt>
      <trkpt lat="42.110180" lon="2.956210">
        <ele>66.8</ele>
      </trkpt>
      <trkpt lat="42.110030" lon="2.956210">
        <ele>66.9</ele>
      </trkpt>
      <trkpt lat="42.109950" lon="2.956220">
        <ele>66.9</ele>
      </trkpt>
      <trkpt lat="42.109800" lon="2.956300">
        <ele>66.5</ele>
      </trkpt>
      <trkpt lat="42.109620" lon="2.956310">
        <ele>66.6</ele>
      </trkpt>
      <trkpt lat="42.109230" lon="2.956280">
        <ele>67.3</ele>
      </trkpt>
      <trkpt lat="42.108870" lon="2.956230">
        <ele>67.6</ele>
      </trkpt>
      <trkpt lat="42.108550" lon="2.956160">
        <ele>69</ele>
      </trkpt>
      <trkpt lat="42.108300" lon="2.956150">
        <ele>69.7</ele>
      </trkpt>
      <trkpt lat="42.108100" lon="2.956180">
        <ele>69.5</ele>
      </trkpt>
      <trkpt lat="42.107980" lon="2.956240">
        <ele>69.2</ele>
      </trkpt>
      <trkpt lat="42.107900" lon="2.956260">
        <ele>69.2</ele>
      </trkpt>
      <trkpt lat="42.107770" lon="2.956240">
        <ele>69.5</ele>
      </trkpt>
      <trkpt lat="42.107570" lon="2.956170">
        <ele>70.4</ele>
      </trkpt>
      <trkpt lat="42.107450" lon="2.956120">
        <ele>71.1</ele>
      </trkpt>
      <trkpt lat="42.107330" lon="2.956090">
        <ele>71.9</ele>
      </trkpt>
      <trkpt lat="42.107200" lon="2.956040">
        <ele>72.6</ele>
      </trkpt>
      <trkpt lat="42.107010" lon="2.955880">
        <ele>73.7</ele>
      </trkpt>
      <trkpt lat="42.106740" lon="2.955790">
        <ele>74.7</ele>
      </trkpt>
      <trkpt lat="42.106460" lon="2.955730">
        <ele>75.8</ele>
      </trkpt>
      <trkpt lat="42.106150" lon="2.955640">
        <ele>76.3</ele>
      </trkpt>
      <trkpt lat="42.105860" lon="2.955500">
        <ele>77.6</ele>
      </trkpt>
      <trkpt lat="42.105490" lon="2.955310">
        <ele>78.9</ele>
      </trkpt>
      <trkpt lat="42.105110" lon="2.955060">
        <ele>81.7</ele>
      </trkpt>
      <trkpt lat="42.104990" lon="2.954980">
        <ele>81.5</ele>
      </trkpt>
      <trkpt lat="42.104730" lon="2.954940">
        <ele>83.1</ele>
      </trkpt>
      <trkpt lat="42.104300" lon="2.954840">
        <ele>85.2</ele>
      </trkpt>
      <trkpt lat="42.104210" lon="2.954760">
        <ele>85.2</ele>
      </trkpt>
      <trkpt lat="42.104040" lon="2.954630">
        <ele>85.6</ele>
      </trkpt>
      <trkpt lat="42.103540" lon="2.954280">
        <ele>83.5</ele>
      </trkpt>
      <trkpt lat="42.103500" lon="2.954140">
        <ele>82.4</ele>
      </trkpt>
      <trkpt lat="42.103600" lon="2.953390">
        <ele>78.4</ele>
      </trkpt>
      <trkpt lat="42.103590" lon="2.953220">
        <ele>78.4</ele>
      </trkpt>
      <trkpt lat="42.103560" lon="2.953150">
        <ele>78.5</ele>
      </trkpt>
      <trkpt lat="42.103480" lon="2.953090">
        <ele>78.1</ele>
      </trkpt>
      <trkpt lat="42.103000" lon="2.952930">
        <ele>77.1</ele>
      </trkpt>
      <trkpt lat="42.102750" lon="2.952790">
        <ele>75.9</ele>
      </trkpt>
      <trkpt lat="42.102460" lon="2.952340">
        <ele>78.1</ele>
      </trkpt>
      <trkpt lat="42.102210" lon="2.952250">
        <ele>77.9</ele>
      </trkpt>
      <trkpt lat="42.101570" lon="2.952350">
        <ele>74.9</ele>
      </trkpt>
      <trkpt lat="42.101440" lon="2.951880">
        <ele>74</ele>
      </trkpt>
      <trkpt lat="42.101410" lon="2.951520">
        <ele>71.7</ele>
      </trkpt>
      <trkpt lat="42.101350" lon="2.951280">
        <ele>70.4</ele>
      </trkpt>
      <trkpt lat="42.101280" lon="2.951150">
        <ele>69.7</ele>
      </trkpt>
      <trkpt lat="42.101060" lon="2.951020">
        <ele>69.1</ele>
      </trkpt>
      <trkpt lat="42.100800" lon="2.950740">
        <ele>71.2</ele>
      </trkpt>
      <trkpt lat="42.100310" lon="2.950580">
        <ele>73.9</ele>
      </trkpt>
      <trkpt lat="42.098450" lon="2.949720">
        <ele>82</ele>
      </trkpt>
      <trkpt lat="42.097620" lon="2.949270">
        <ele>87</ele>
      </trkpt>
      <trkpt lat="42.097080" lon="2.948590">
        <ele>93</ele>
      </trkpt>
      <trkpt lat="42.096880" lon="2.948440">
        <ele>92.8</ele>
      </trkpt>
      <trkpt lat="42.096470" lon="2.948250">
        <ele>90.6</ele>
      </trkpt>
      <trkpt lat="42.096230" lon="2.947860">
        <ele>84.4</ele>
      </trkpt>
      <trkpt lat="42.095870" lon="2.947670">
        <ele>79.1</ele>
      </trkpt>
      <trkpt lat="42.095660" lon="2.947620">
        <ele>76.7</ele>
      </trkpt>
      <trkpt lat="42.095420" lon="2.947190">
        <ele>70.6</ele>
      </trkpt>
      <trkpt lat="42.095270" lon="2.947070">
        <ele>68.3</ele>
      </trkpt>
      <trkpt lat="42.095240" lon="2.946960">
        <ele>67.1</ele>
      </trkpt>
      <trkpt lat="42.095080" lon="2.946750">
        <ele>65.8</ele>
      </trkpt>
      <trkpt lat="42.094830" lon="2.946540">
        <ele>65</ele>
      </trkpt>
      <trkpt lat="42.094640" lon="2.946470">
        <ele>65.8</ele>
      </trkpt>
      <trkpt lat="42.093930" lon="2.945790">
        <ele>72.2</ele>
      </trkpt>
      <trkpt lat="42.093500" lon="2.945440">
        <ele>74.4</ele>
      </trkpt>
      <trkpt lat="42.092970" lon="2.944930">
        <ele>78.1</ele>
      </trkpt>
      <trkpt lat="42.092660" lon="2.944520">
        <ele>80.8</ele>
      </trkpt>
      <trkpt lat="42.092440" lon="2.944150">
        <ele>81.9</ele>
      </trkpt>
      <trkpt lat="42.092250" lon="2.943710">
        <ele>81.3</ele>
      </trkpt>
      <trkpt lat="42.092060" lon="2.943310">
        <ele>81.3</ele>
      </trkpt>
      <trkpt lat="42.091440" lon="2.942680">
        <ele>81.4</ele>
      </trkpt>
      <trkpt lat="42.090780" lon="2.942200">
        <ele>80.9</ele>
      </trkpt>
      <trkpt lat="42.090140" lon="2.941860">
        <ele>81</ele>
      </trkpt>
      <trkpt lat="42.090070" lon="2.941680">
        <ele>81.5</ele>
      </trkpt>
      <trkpt lat="42.089800" lon="2.941330">
        <ele>82.2</ele>
      </trkpt>
      <trkpt lat="42.089440" lon="2.941180">
        <ele>82.5</ele>
      </trkpt>
      <trkpt lat="42.089130" lon="2.940870">
        <ele>81.5</ele>
      </trkpt>
      <trkpt lat="42.088310" lon="2.940520">
        <ele>80.7</ele>
      </trkpt>
      <trkpt lat="42.087560" lon="2.940140">
        <ele>78.4</ele>
      </trkpt>
      <trkpt lat="42.085550" lon="2.939310">
        <ele>73</ele>
      </trkpt>
      <trkpt lat="42.084380" lon="2.938550">
        <ele>69.4</ele>
      </trkpt>
      <trkpt lat="42.084230" lon="2.938380">
        <ele>68.9</ele>
      </trkpt>
      <trkpt lat="42.083920" lon="2.937740">
        <ele>69.4</ele>
      </trkpt>
      <trkpt lat="42.083660" lon="2.937250">
        <ele>70.7</ele>
      </trkpt>
      <trkpt lat="42.083460" lon="2.936920">
        <ele>71.6</ele>
      </trkpt>
      <trkpt lat="42.083100" lon="2.936610">
        <ele>71.2</ele>
      </trkpt>
      <trkpt lat="42.082770" lon="2.936270">
        <ele>72.7</ele>
      </trkpt>
      <trkpt lat="42.082640" lon="2.935480">
        <ele>71.5</ele>
      </trkpt>
      <trkpt lat="42.082550" lon="2.935370">
        <ele>71.1</ele>
      </trkpt>
      <trkpt lat="42.082150" lon="2.935080">
        <ele>70.3</ele>
      </trkpt>
      <trkpt lat="42.082030" lon="2.934950">
        <ele>69.4</ele>
      </trkpt>
      <trkpt lat="42.081930" lon="2.934790">
        <ele>67.1</ele>
      </trkpt>
      <trkpt lat="42.081800" lon="2.934380">
        <ele>65.9</ele>
      </trkpt>
      <trkpt lat="42.081810" lon="2.933910">
        <ele>65.4</ele>
      </trkpt>
      <trkpt lat="42.081770" lon="2.933660">
        <ele>64.3</ele>
      </trkpt>
      <trkpt lat="42.081610" lon="2.933380">
        <ele>62.7</ele>
      </trkpt>
      <trkpt lat="42.081310" lon="2.933020">
        <ele>59.3</ele>
      </trkpt>
      <trkpt lat="42.081170" lon="2.932920">
        <ele>57.3</ele>
      </trkpt>
      <trkpt lat="42.080670" lon="2.932850">
        <ele>52.9</ele>
      </trkpt>
      <trkpt lat="42.080610" lon="2.932710">
        <ele>50.6</ele>
      </trkpt>
      <trkpt lat="42.080500" lon="2.932620">
        <ele>49.1</ele>
      </trkpt>
      <trkpt lat="42.080050" lon="2.932420">
        <ele>45.1</ele>
      </trkpt>
      <trkpt lat="42.079820" lon="2.932410">
        <ele>43.8</ele>
      </trkpt>
      <trkpt lat="42.079340" lon="2.932640">
        <ele>43.9</ele>
      </trkpt>
      <trkpt lat="42.078840" lon="2.932750">
        <ele>42.6</ele>
      </trkpt>
      <trkpt lat="42.078670" lon="2.932790">
        <ele>42.3</ele>
      </trkpt>
      <trkpt lat="42.078470" lon="2.932690">
        <ele>41.7</ele>
      </trkpt>
      <trkpt lat="42.078330" lon="2.932560">
        <ele>41.2</ele>
      </trkpt>
      <trkpt lat="42.078100" lon="2.932570">
        <ele>41.3</ele>
      </trkpt>
      <trkpt lat="42.077760" lon="2.932680">
        <ele>41</ele>
      </trkpt>
      <trkpt lat="42.077210" lon="2.932850">
        <ele>40.2</ele>
      </trkpt>
      <trkpt lat="42.076890" lon="2.932850">
        <ele>39.7</ele>
      </trkpt>
      <trkpt lat="42.076780" lon="2.932620">
        <ele>40</ele>
      </trkpt>
      <trkpt lat="42.076740" lon="2.932580">
        <ele>40.1</ele>
      </trkpt>
      <trkpt lat="42.076700" lon="2.932500">
        <ele>40.1</ele>
      </trkpt>
      <trkpt lat="42.076730" lon="2.932370">
        <ele>40.6</ele>
      </trkpt>
      <trkpt lat="42.077260" lon="2.931530">
        <ele>41.4</ele>
      </trkpt>
      <trkpt lat="42.077310" lon="2.931380">
        <ele>41.8</ele>
      </trkpt>
      <trkpt lat="42.077310" lon="2.931180">
        <ele>42.9</ele>
      </trkpt>
      <trkpt lat="42.077260" lon="2.930950">
        <ele>43.7</ele>
      </trkpt>
      <trkpt lat="42.072740" lon="2.931680">
        <ele>40.9</ele>
      </trkpt>
      <trkpt lat="42.072630" lon="2.931500">
        <ele>41.3</ele>
      </trkpt>
      <trkpt lat="42.072270" lon="2.931050">
        <ele>40</ele>
      </trkpt>
      <trkpt lat="42.072100" lon="2.930670">
        <ele>39.9</ele>
      </trkpt>
      <trkpt lat="42.071900" lon="2.929710">
        <ele>39.3</ele>
      </trkpt>
      <trkpt lat="42.071700" lon="2.928940">
        <ele>37.6</ele>
      </trkpt>
      <trkpt lat="42.070970" lon="2.927730">
        <ele>35.1</ele>
      </trkpt>
      <trkpt lat="42.070840" lon="2.927320">
        <ele>35.1</ele>
      </trkpt>
      <trkpt lat="42.070800" lon="2.926560">
        <ele>36.5</ele>
      </trkpt>
      <trkpt lat="42.070680" lon="2.925290">
        <ele>37.5</ele>
      </trkpt>
      <trkpt lat="42.070560" lon="2.924600">
        <ele>37.4</ele>
      </trkpt>
      <trkpt lat="42.070180" lon="2.923280">
        <ele>37.5</ele>
      </trkpt>
      <trkpt lat="42.070100" lon="2.923010">
        <ele>37.7</ele>
      </trkpt>
      <trkpt lat="42.069870" lon="2.922740">
        <ele>37.5</ele>
      </trkpt>
      <trkpt lat="42.068400" lon="2.920920">
        <ele>34.8</ele>
      </trkpt>
      <trkpt lat="42.068220" lon="2.920460">
        <ele>34.6</ele>
      </trkpt>
      <trkpt lat="42.068180" lon="2.919570">
        <ele>34.4</ele>
      </trkpt>
      <trkpt lat="42.068220" lon="2.918660">
        <ele>35</ele>
      </trkpt>
      <trkpt lat="42.068200" lon="2.917860">
        <ele>36.4</ele>
      </trkpt>
      <trkpt lat="42.067970" lon="2.916160">
        <ele>38.3</ele>
      </trkpt>
      <trkpt lat="42.067680" lon="2.914710">
        <ele>41.6</ele>
      </trkpt>
      <trkpt lat="42.067240" lon="2.913240">
        <ele>40.4</ele>
      </trkpt>
      <trkpt lat="42.068120" lon="2.912830">
        <ele>43.4</ele>
      </trkpt>
      <trkpt lat="42.067960" lon="2.912070">
        <ele>44.1</ele>
      </trkpt>
      <trkpt lat="42.067930" lon="2.910850">
        <ele>46.8</ele>
      </trkpt>
      <trkpt lat="42.067940" lon="2.910740">
        <ele>46.9</ele>
      </trkpt>
      <trkpt lat="42.067930" lon="2.910200">
        <ele>46</ele>
      </trkpt>
      <trkpt lat="42.067870" lon="2.910110">
        <ele>45.9</ele>
      </trkpt>
      <trkpt lat="42.067830" lon="2.909580">
        <ele>47.4</ele>
      </trkpt>
      <trkpt lat="42.067570" lon="2.909410">
        <ele>47.2</ele>
      </trkpt>
      <trkpt lat="42.067170" lon="2.909340">
        <ele>44.2</ele>
      </trkpt>
      <trkpt lat="42.067020" lon="2.908650">
        <ele>46.3</ele>
      </trkpt>
      <trkpt lat="42.066980" lon="2.907900">
        <ele>45.5</ele>
      </trkpt>
      <trkpt lat="42.067120" lon="2.907560">
        <ele>46.7</ele>
      </trkpt>
      <trkpt lat="42.067170" lon="2.906790">
        <ele>47.1</ele>
      </trkpt>
      <trkpt lat="42.066820" lon="2.904660">
        <ele>46.2</ele>
      </trkpt>
      <trkpt lat="42.066640" lon="2.904160">
        <ele>43.3</ele>
      </trkpt>
      <trkpt lat="42.066420" lon="2.904020">
        <ele>44</ele>
      </trkpt>
      <trkpt lat="42.065520" lon="2.903680">
        <ele>44.3</ele>
      </trkpt>
      <trkpt lat="42.064450" lon="2.902840">
        <ele>43.2</ele>
      </trkpt>
      <trkpt lat="42.063820" lon="2.902150">
        <ele>42</ele>
      </trkpt>
      <trkpt lat="42.063260" lon="2.901800">
        <ele>41.3</ele>
      </trkpt>
      <trkpt lat="42.062370" lon="2.901610">
        <ele>40.2</ele>
      </trkpt>
      <trkpt lat="42.062240" lon="2.901490">
        <ele>38.8</ele>
      </trkpt>
      <trkpt lat="42.062130" lon="2.901430">
        <ele>38.5</ele>
      </trkpt>
      <trkpt lat="42.060490" lon="2.900950">
        <ele>37</ele>
      </trkpt>
      <trkpt lat="42.059920" lon="2.900750">
        <ele>36.4</ele>
      </trkpt>
      <trkpt lat="42.059750" lon="2.900160">
        <ele>37</ele>
      </trkpt>
      <trkpt lat="42.059560" lon="2.899150">
        <ele>35.8</ele>
      </trkpt>
      <trkpt lat="42.059420" lon="2.898330">
        <ele>36.8</ele>
      </trkpt>
      <trkpt lat="42.059280" lon="2.897690">
        <ele>36.7</ele>
      </trkpt>
      <trkpt lat="42.059180" lon="2.897090">
        <ele>37.9</ele>
      </trkpt>
      <trkpt lat="42.058630" lon="2.895710">
        <ele>38.5</ele>
      </trkpt>
      <trkpt lat="42.058490" lon="2.895110">
        <ele>39</ele>
      </trkpt>
      <trkpt lat="42.058340" lon="2.894540">
        <ele>39</ele>
      </trkpt>
      <trkpt lat="42.057910" lon="2.893580">
        <ele>39</ele>
      </trkpt>
      <trkpt lat="42.057660" lon="2.892980">
        <ele>39.3</ele>
      </trkpt>
      <trkpt lat="42.057160" lon="2.891970">
        <ele>39.1</ele>
      </trkpt>
      <trkpt lat="42.056540" lon="2.890870">
        <ele>40</ele>
      </trkpt>
      <trkpt lat="42.054820" lon="2.891700">
        <ele>37.9</ele>
      </trkpt>
      <trkpt lat="42.054570" lon="2.892110">
        <ele>38.3</ele>
      </trkpt>
      <trkpt lat="42.054480" lon="2.892180">
        <ele>38.2</ele>
      </trkpt>
      <trkpt lat="42.054300" lon="2.891820">
        <ele>39.2</ele>
      </trkpt>
      <trkpt lat="42.054050" lon="2.891380">
        <ele>39.6</ele>
      </trkpt>
      <trkpt lat="42.053440" lon="2.890520">
        <ele>39.5</ele>
      </trkpt>
      <trkpt lat="42.053220" lon="2.890260">
        <ele>39.2</ele>
      </trkpt>
      <trkpt lat="42.053120" lon="2.890030">
        <ele>39.2</ele>
      </trkpt>
      <trkpt lat="42.053050" lon="2.889820">
        <ele>39.6</ele>
      </trkpt>
      <trkpt lat="42.052760" lon="2.889600">
        <ele>39.8</ele>
      </trkpt>
      <trkpt lat="42.052720" lon="2.889490">
        <ele>39.5</ele>
      </trkpt>
      <trkpt lat="42.052680" lon="2.889240">
        <ele>39.8</ele>
      </trkpt>
      <trkpt lat="42.052530" lon="2.888870">
        <ele>40</ele>
      </trkpt>
      <trkpt lat="42.051570" lon="2.887450">
        <ele>40</ele>
      </trkpt>
      <trkpt lat="42.051000" lon="2.886110">
        <ele>38.6</ele>
      </trkpt>
      <trkpt lat="42.050930" lon="2.885790">
        <ele>39.4</ele>
      </trkpt>
      <trkpt lat="42.050770" lon="2.884600">
        <ele>40.4</ele>
      </trkpt>
      <trkpt lat="42.050600" lon="2.883680">
        <ele>40.6</ele>
      </trkpt>
      <trkpt lat="42.050550" lon="2.883260">
        <ele>41</ele>
      </trkpt>
      <trkpt lat="42.050570" lon="2.882350">
        <ele>41</ele>
      </trkpt>
      <trkpt lat="42.050730" lon="2.881890">
        <ele>40.5</ele>
      </trkpt>
      <trkpt lat="42.050770" lon="2.881560">
        <ele>40.6</ele>
      </trkpt>
      <trkpt lat="42.050800" lon="2.881050">
        <ele>41.6</ele>
      </trkpt>
      <trkpt lat="42.050780" lon="2.879960">
        <ele>41.6</ele>
      </trkpt>
      <trkpt lat="42.050600" lon="2.879030">
        <ele>41.6</ele>
      </trkpt>
      <trkpt lat="42.050230" lon="2.877710">
        <ele>41.2</ele>
      </trkpt>
      <trkpt lat="42.050080" lon="2.877060">
        <ele>41.7</ele>
      </trkpt>
      <trkpt lat="42.049840" lon="2.876230">
        <ele>40.2</ele>
      </trkpt>
      <trkpt lat="42.049810" lon="2.876050">
        <ele>41.1</ele>
      </trkpt>
      <trkpt lat="42.049820" lon="2.875850">
        <ele>42.5</ele>
      </trkpt>
      <trkpt lat="42.050060" lon="2.875310">
        <ele>43</ele>
      </trkpt>
      <trkpt lat="42.049910" lon="2.875070">
        <ele>43</ele>
      </trkpt>
      <trkpt lat="42.049620" lon="2.874740">
        <ele>43.6</ele>
      </trkpt>
      <trkpt lat="42.049260" lon="2.874140">
        <ele>43.1</ele>
      </trkpt>
      <trkpt lat="42.048300" lon="2.872340">
        <ele>44.5</ele>
      </trkpt>
      <trkpt lat="42.047790" lon="2.871730">
        <ele>44.1</ele>
      </trkpt>
      <trkpt lat="42.047360" lon="2.870940">
        <ele>44.7</ele>
      </trkpt>
      <trkpt lat="42.047080" lon="2.870290">
        <ele>45.9</ele>
      </trkpt>
      <trkpt lat="42.045860" lon="2.868810">
        <ele>48.2</ele>
      </trkpt>
      <trkpt lat="42.045660" lon="2.868520">
        <ele>49.4</ele>
      </trkpt>
      <trkpt lat="42.045620" lon="2.868290">
        <ele>51</ele>
      </trkpt>
      <trkpt lat="42.045640" lon="2.868060">
        <ele>51.7</ele>
      </trkpt>
      <trkpt lat="42.045370" lon="2.867500">
        <ele>48</ele>
      </trkpt>
      <trkpt lat="42.045090" lon="2.866750">
        <ele>46.8</ele>
      </trkpt>
      <trkpt lat="42.044510" lon="2.865430">
        <ele>47</ele>
      </trkpt>
      <trkpt lat="42.043720" lon="2.862910">
        <ele>48.6</ele>
      </trkpt>
      <trkpt lat="42.043370" lon="2.861080">
        <ele>50.6</ele>
      </trkpt>
      <trkpt lat="42.043070" lon="2.858750">
        <ele>53.3</ele>
      </trkpt>
      <trkpt lat="42.042960" lon="2.858440">
        <ele>54</ele>
      </trkpt>
      <trkpt lat="42.042940" lon="2.858120">
        <ele>54</ele>
      </trkpt>
      <trkpt lat="42.042770" lon="2.857780">
        <ele>55.1</ele>
      </trkpt>
      <trkpt lat="42.042680" lon="2.857660">
        <ele>55.4</ele>
      </trkpt>
      <trkpt lat="42.042540" lon="2.857610">
        <ele>55.7</ele>
      </trkpt>
      <trkpt lat="42.038840" lon="2.858790">
        <ele>47.5</ele>
      </trkpt>
      <trkpt lat="42.038240" lon="2.858870">
        <ele>46.9</ele>
      </trkpt>
      <trkpt lat="42.036360" lon="2.858420">
        <ele>48</ele>
      </trkpt>
      <trkpt lat="42.036150" lon="2.858320">
        <ele>47.9</ele>
      </trkpt>
      <trkpt lat="42.036020" lon="2.858230">
        <ele>47.6</ele>
      </trkpt>
      <trkpt lat="42.032450" lon="2.859940">
        <ele>47.8</ele>
      </trkpt>
      <trkpt lat="42.032130" lon="2.860010">
        <ele>48</ele>
      </trkpt>
      <trkpt lat="42.031350" lon="2.859870">
        <ele>48</ele>
      </trkpt>
      <trkpt lat="42.031020" lon="2.859900">
        <ele>48</ele>
      </trkpt>
      <trkpt lat="42.029430" lon="2.860300">
        <ele>48</ele>
      </trkpt>
      <trkpt lat="42.028030" lon="2.860120">
        <ele>49</ele>
      </trkpt>
      <trkpt lat="42.027280" lon="2.859760">
        <ele>49</ele>
      </trkpt>
      <trkpt lat="42.026760" lon="2.859460">
        <ele>49.7</ele>
      </trkpt>
      <trkpt lat="42.026150" lon="2.859300">
        <ele>50.1</ele>
      </trkpt>
      <trkpt lat="42.025770" lon="2.859130">
        <ele>50.7</ele>
      </trkpt>
      <trkpt lat="42.025630" lon="2.858990">
        <ele>51.3</ele>
      </trkpt>
      <trkpt lat="42.025430" lon="2.858650">
        <ele>53.3</ele>
      </trkpt>
      <trkpt lat="42.024850" lon="2.857940">
        <ele>51.1</ele>
      </trkpt>
      <trkpt lat="42.024290" lon="2.857050">
        <ele>51.9</ele>
      </trkpt>
      <trkpt lat="42.023870" lon="2.856630">
        <ele>49.4</ele>
      </trkpt>
      <trkpt lat="42.023440" lon="2.856020">
        <ele>49.2</ele>
      </trkpt>
      <trkpt lat="42.023300" lon="2.855740">
        <ele>49</ele>
      </trkpt>
      <trkpt lat="42.023220" lon="2.855140">
        <ele>50.4</ele>
      </trkpt>
      <trkpt lat="42.023220" lon="2.854710">
        <ele>50.2</ele>
      </trkpt>
      <trkpt lat="42.023290" lon="2.854400">
        <ele>50.5</ele>
      </trkpt>
      <trkpt lat="42.023640" lon="2.853630">
        <ele>51.4</ele>
      </trkpt>
      <trkpt lat="42.024750" lon="2.852260">
        <ele>52.8</ele>
      </trkpt>
      <trkpt lat="42.025310" lon="2.851830">
        <ele>53.3</ele>
      </trkpt>
      <trkpt lat="42.026340" lon="2.850750">
        <ele>55.8</ele>
      </trkpt>
      <trkpt lat="42.027230" lon="2.850160">
        <ele>56.6</ele>
      </trkpt>
      <trkpt lat="42.027720" lon="2.849720">
        <ele>60.2</ele>
      </trkpt>
      <trkpt lat="42.028090" lon="2.849150">
        <ele>54.7</ele>
      </trkpt>
      <trkpt lat="42.028320" lon="2.848910">
        <ele>55.2</ele>
      </trkpt>
      <trkpt lat="42.028510" lon="2.848570">
        <ele>56</ele>
      </trkpt>
      <trkpt lat="42.028850" lon="2.848220">
        <ele>56.6</ele>
      </trkpt>
      <trkpt lat="42.029290" lon="2.847600">
        <ele>54.3</ele>
      </trkpt>
      <trkpt lat="42.029580" lon="2.847090">
        <ele>54.3</ele>
      </trkpt>
      <trkpt lat="42.029690" lon="2.846720">
        <ele>53.7</ele>
      </trkpt>
      <trkpt lat="42.029760" lon="2.846420">
        <ele>53.5</ele>
      </trkpt>
      <trkpt lat="42.029890" lon="2.845380">
        <ele>52.2</ele>
      </trkpt>
      <trkpt lat="42.029980" lon="2.844270">
        <ele>51.7</ele>
      </trkpt>
      <trkpt lat="42.030100" lon="2.843610">
        <ele>51.8</ele>
      </trkpt>
      <trkpt lat="42.030200" lon="2.842330">
        <ele>52.2</ele>
      </trkpt>
      <trkpt lat="42.030160" lon="2.841550">
        <ele>51.3</ele>
      </trkpt>
      <trkpt lat="42.030210" lon="2.840830">
        <ele>52.4</ele>
      </trkpt>
      <trkpt lat="42.030150" lon="2.840220">
        <ele>52.2</ele>
      </trkpt>
      <trkpt lat="42.030180" lon="2.839530">
        <ele>54.2</ele>
      </trkpt>
      <trkpt lat="42.030110" lon="2.838250">
        <ele>54.2</ele>
      </trkpt>
      <trkpt lat="42.030310" lon="2.837910">
        <ele>55.6</ele>
      </trkpt>
      <trkpt lat="42.030800" lon="2.837480">
        <ele>56</ele>
      </trkpt>
      <trkpt lat="42.030750" lon="2.837220">
        <ele>56.7</ele>
      </trkpt>
      <trkpt lat="42.030510" lon="2.836850">
        <ele>57.9</ele>
      </trkpt>
      <trkpt lat="42.030190" lon="2.836410">
        <ele>57.6</ele>
      </trkpt>
      <trkpt lat="42.029950" lon="2.836010">
        <ele>58</ele>
      </trkpt>
      <trkpt lat="42.029700" lon="2.836150">
        <ele>55.1</ele>
      </trkpt>
      <trkpt lat="42.029570" lon="2.835980">
        <ele>54.5</ele>
      </trkpt>
      <trkpt lat="42.029500" lon="2.835740">
        <ele>54.1</ele>
      </trkpt>
      <trkpt lat="42.029340" lon="2.834880">
        <ele>54.6</ele>
      </trkpt>
      <trkpt lat="42.029330" lon="2.834630">
        <ele>55.5</ele>
      </trkpt>
      <trkpt lat="42.029260" lon="2.834280">
        <ele>56.4</ele>
      </trkpt>
      <trkpt lat="42.029190" lon="2.834080">
        <ele>57.1</ele>
      </trkpt>
      <trkpt lat="42.029100" lon="2.833740">
        <ele>55.6</ele>
      </trkpt>
      <trkpt lat="42.029020" lon="2.833310">
        <ele>54.2</ele>
      </trkpt>
      <trkpt lat="42.028890" lon="2.833020">
        <ele>58.1</ele>
      </trkpt>
      <trkpt lat="42.028700" lon="2.832670">
        <ele>57.7</ele>
      </trkpt>
      <trkpt lat="42.028380" lon="2.832130">
        <ele>57.6</ele>
      </trkpt>
      <trkpt lat="42.028210" lon="2.831770">
        <ele>58.2</ele>
      </trkpt>
      <trkpt lat="42.028040" lon="2.831350">
        <ele>61.1</ele>
      </trkpt>
      <trkpt lat="42.027920" lon="2.830950">
        <ele>59.5</ele>
      </trkpt>
      <trkpt lat="42.027780" lon="2.830550">
        <ele>63.2</ele>
      </trkpt>
      <trkpt lat="42.027620" lon="2.830200">
        <ele>61.7</ele>
      </trkpt>
      <trkpt lat="42.027410" lon="2.829850">
        <ele>61.7</ele>
      </trkpt>
      <trkpt lat="42.026900" lon="2.829090">
        <ele>58</ele>
      </trkpt>
      <trkpt lat="42.026820" lon="2.828940">
        <ele>58.3</ele>
      </trkpt>
      <trkpt lat="42.026620" lon="2.828720">
        <ele>58.4</ele>
      </trkpt>
      <trkpt lat="42.025790" lon="2.828010">
        <ele>59.9</ele>
      </trkpt>
      <trkpt lat="42.025200" lon="2.827570">
        <ele>60.5</ele>
      </trkpt>
      <trkpt lat="42.024630" lon="2.827210">
        <ele>60.7</ele>
      </trkpt>
      <trkpt lat="42.023980" lon="2.826910">
        <ele>60</ele>
      </trkpt>
      <trkpt lat="42.023590" lon="2.826740">
        <ele>60.7</ele>
      </trkpt>
      <trkpt lat="42.023450" lon="2.826700">
        <ele>60.4</ele>
      </trkpt>
      <trkpt lat="42.023070" lon="2.826430">
        <ele>59.9</ele>
      </trkpt>
      <trkpt lat="42.022610" lon="2.826240">
        <ele>60.7</ele>
      </trkpt>
      <trkpt lat="42.021980" lon="2.826060">
        <ele>60.4</ele>
      </trkpt>
      <trkpt lat="42.020760" lon="2.825910">
        <ele>60.3</ele>
      </trkpt>
      <trkpt lat="42.019740" lon="2.825970">
        <ele>62.5</ele>
      </trkpt>
      <trkpt lat="42.018300" lon="2.825530">
        <ele>64</ele>
      </trkpt>
      <trkpt lat="42.018410" lon="2.824830">
        <ele>64</ele>
      </trkpt>
      <trkpt lat="42.016700" lon="2.823810">
        <ele>65.3</ele>
      </trkpt>
      <trkpt lat="42.016270" lon="2.823360">
        <ele>66</ele>
      </trkpt>
      <trkpt lat="42.015780" lon="2.822930">
        <ele>66</ele>
      </trkpt>
      <trkpt lat="42.015620" lon="2.822850">
        <ele>66</ele>
      </trkpt>
      <trkpt lat="42.015570" lon="2.822870">
        <ele>66</ele>
      </trkpt>
      <trkpt lat="42.015400" lon="2.822730">
        <ele>66</ele>
      </trkpt>
      <trkpt lat="42.015400" lon="2.822480">
        <ele>66</ele>
      </trkpt>
      <trkpt lat="42.015210" lon="2.822090">
        <ele>66</ele>
      </trkpt>
      <trkpt lat="42.014640" lon="2.821980">
        <ele>66</ele>
      </trkpt>
      <trkpt lat="42.014350" lon="2.821830">
        <ele>65.7</ele>
      </trkpt>
      <trkpt lat="42.013720" lon="2.821250">
        <ele>64.4</ele>
      </trkpt>
      <trkpt lat="42.012270" lon="2.819600">
        <ele>65</ele>
      </trkpt>
      <trkpt lat="42.009400" lon="2.817540">
        <ele>64.7</ele>
      </trkpt>
      <trkpt lat="42.008800" lon="2.817180">
        <ele>64.2</ele>
      </trkpt>
      <trkpt lat="42.008670" lon="2.817030">
        <ele>64.3</ele>
      </trkpt>
      <trkpt lat="42.007860" lon="2.816880">
        <ele>63.6</ele>
      </trkpt>
      <trkpt lat="42.007200" lon="2.817240">
        <ele>58.9</ele>
      </trkpt>
      <trkpt lat="42.006270" lon="2.817620">
        <ele>59.3</ele>
      </trkpt>
      <trkpt lat="42.005900" lon="2.817810">
        <ele>59.6</ele>
      </trkpt>
      <trkpt lat="42.005180" lon="2.817730">
        <ele>59.4</ele>
      </trkpt>
      <trkpt lat="42.005070" lon="2.817640">
        <ele>60.1</ele>
      </trkpt>
      <trkpt lat="42.004980" lon="2.817340">
        <ele>60.6</ele>
      </trkpt>
      <trkpt lat="42.004710" lon="2.817290">
        <ele>62.7</ele>
      </trkpt>
      <trkpt lat="42.004570" lon="2.817390">
        <ele>62.5</ele>
      </trkpt>
      <trkpt lat="42.003830" lon="2.817660">
        <ele>60.6</ele>
      </trkpt>
      <trkpt lat="42.003590" lon="2.817650">
        <ele>59.9</ele>
      </trkpt>
      <trkpt lat="42.003440" lon="2.817810">
        <ele>59.6</ele>
      </trkpt>
      <trkpt lat="42.003320" lon="2.818440">
        <ele>60</ele>
      </trkpt>
      <trkpt lat="42.002880" lon="2.818880">
        <ele>59.6</ele>
      </trkpt>
      <trkpt lat="42.001530" lon="2.819550">
        <ele>60.4</ele>
      </trkpt>
      <trkpt lat="42.001240" lon="2.819480">
        <ele>60.9</ele>
      </trkpt>
      <trkpt lat="42.001130" lon="2.819520">
        <ele>61</ele>
      </trkpt>
      <trkpt lat="42.000240" lon="2.820530">
        <ele>61</ele>
      </trkpt>
      <trkpt lat="42.000110" lon="2.820580">
        <ele>60.9</ele>
      </trkpt>
      <trkpt lat="41.999820" lon="2.820550">
        <ele>61</ele>
      </trkpt>
      <trkpt lat="41.999450" lon="2.820580">
        <ele>61</ele>
      </trkpt>
      <trkpt lat="41.999170" lon="2.820710">
        <ele>61</ele>
      </trkpt>
      <trkpt lat="41.998820" lon="2.821040">
        <ele>61.1</ele>
      </trkpt>
      <trkpt lat="41.998590" lon="2.821430">
        <ele>61</ele>
      </trkpt>
      <trkpt lat="41.998340" lon="2.821600">
        <ele>61</ele>
      </trkpt>
      <trkpt lat="41.997820" lon="2.821650">
        <ele>61.2</ele>
      </trkpt>
      <trkpt lat="41.996270" lon="2.822090">
        <ele>62.3</ele>
      </trkpt>
      <trkpt lat="41.994630" lon="2.822630">
        <ele>63.3</ele>
      </trkpt>
      <trkpt lat="41.994430" lon="2.822640">
        <ele>63.4</ele>
      </trkpt>
      <trkpt lat="41.993960" lon="2.822520">
        <ele>63</ele>
      </trkpt>
      <trkpt lat="41.993050" lon="2.822160">
        <ele>63.4</ele>
      </trkpt>
      <trkpt lat="41.992950" lon="2.822080">
        <ele>63.4</ele>
      </trkpt>
      <trkpt lat="41.992290" lon="2.821650">
        <ele>64.1</ele>
      </trkpt>
      <trkpt lat="41.991940" lon="2.821280">
        <ele>64.8</ele>
      </trkpt>
      <trkpt lat="41.991400" lon="2.820590">
        <ele>64.8</ele>
      </trkpt>
      <trkpt lat="41.991140" lon="2.820000">
        <ele>65.2</ele>
      </trkpt>
      <trkpt lat="41.990920" lon="2.819360">
        <ele>65.4</ele>
      </trkpt>
      <trkpt lat="41.991440" lon="2.819090">
        <ele>68.5</ele>
      </trkpt>
      <trkpt lat="41.991430" lon="2.818980">
        <ele>69.3</ele>
      </trkpt>
      <trkpt lat="41.991340" lon="2.818610">
        <ele>72</ele>
      </trkpt>
      <trkpt lat="41.989820" lon="2.819300">
        <ele>70.6</ele>
      </trkpt>
      <trkpt lat="41.989640" lon="2.819510">
        <ele>71</ele>
      </trkpt>
      <trkpt lat="41.989430" lon="2.819870">
        <ele>70.4</ele>
      </trkpt>
      <trkpt lat="41.989030" lon="2.820910">
        <ele>69.6</ele>
      </trkpt>
      <trkpt lat="41.988460" lon="2.821100">
        <ele>68</ele>
      </trkpt>
      <trkpt lat="41.988110" lon="2.822270">
        <ele>67</ele>
      </trkpt>
      <trkpt lat="41.988030" lon="2.822600">
        <ele>67.4</ele>
      </trkpt>
      <trkpt lat="41.987810" lon="2.823090">
        <ele>67.5</ele>
      </trkpt>
      <trkpt lat="41.987150" lon="2.823400">
        <ele>67.1</ele>
      </trkpt>
      <trkpt lat="41.986280" lon="2.823740">
        <ele>67</ele>
      </trkpt>
      <trkpt lat="41.986210" lon="2.823720">
        <ele>67.3</ele>
      </trkpt>
      <trkpt lat="41.985540" lon="2.823960">
        <ele>67.1</ele>
      </trkpt>
      <trkpt lat="41.985310" lon="2.824780">
        <ele>66.8</ele>
      </trkpt>
      <trkpt lat="41.984360" lon="2.824320">
        <ele>66.9</ele>
      </trkpt>
      <trkpt lat="41.983530" lon="2.823990">
        <ele>67.7</ele>
      </trkpt>
      <trkpt lat="41.983300" lon="2.824670">
        <ele>69</ele>
      </trkpt>
      <trkpt lat="41.982720" lon="2.824320">
        <ele>68.5</ele>
      </trkpt>
      <trkpt lat="41.981890" lon="2.823940">
        <ele>68.6</ele>
      </trkpt>
      <trkpt lat="41.981520" lon="2.823820">
        <ele>69</ele>
      </trkpt>
      <trkpt lat="41.981530" lon="2.823730">
        <ele>69</ele>
      </trkpt>
      <trkpt lat="41.981200" lon="2.823790">
        <ele>68</ele>
      </trkpt>
      <trkpt lat="41.980610" lon="2.824150">
        <ele>68.9</ele>
      </trkpt>
      <trkpt lat="41.980650" lon="2.824900">
        <ele>75.9</ele>
      </trkpt>
      <trkpt lat="41.980620" lon="2.825010">
        <ele>77</ele>
      </trkpt>
      <trkpt lat="41.980450" lon="2.825230">
        <ele>80.4</ele>
      </trkpt>
      <trkpt lat="41.980450" lon="2.825350">
        <ele>82.2</ele>
      </trkpt>
      <trkpt lat="41.980580" lon="2.825770">
        <ele>86.8</ele>
      </trkpt>
      <trkpt lat="41.980590" lon="2.825970">
        <ele>88.6</ele>
      </trkpt>
      <trkpt lat="41.980750" lon="2.826410">
        <ele>92.3</ele>
      </trkpt>
      <trkpt lat="41.980890" lon="2.826490">
        <ele>92.7</ele>
      </trkpt>
      <trkpt lat="41.981540" lon="2.826210">
        <ele>90.2</ele>
      </trkpt>
      <trkpt lat="41.982000" lon="2.826370">
        <ele>90.6</ele>
      </trkpt>
      <trkpt lat="41.982260" lon="2.826480">
        <ele>91.4</ele>
      </trkpt>
      <trkpt lat="41.983250" lon="2.827460">
        <ele>102.1</ele>
      </trkpt>
      <trkpt lat="41.983620" lon="2.827980">
        <ele>105.7</ele>
      </trkpt>
      <trkpt lat="41.984010" lon="2.827840">
        <ele>109.5</ele>
      </trkpt>
      <trkpt lat="41.984100" lon="2.828120">
        <ele>113.5</ele>
      </trkpt>
      <trkpt lat="41.984200" lon="2.828360">
        <ele>117.5</ele>
      </trkpt>
      <trkpt lat="41.984900" lon="2.829020">
        <ele>128.2</ele>
      </trkpt>
      <trkpt lat="41.985590" lon="2.829410">
        <ele>126.2</ele>
      </trkpt>
      <trkpt lat="41.986060" lon="2.829470">
        <ele>125.5</ele>
      </trkpt>
      <trkpt lat="41.986470" lon="2.829570">
        <ele>124.9</ele>
      </trkpt>
      <trkpt lat="41.986620" lon="2.829680">
        <ele>123.3</ele>
      </trkpt>
      <trkpt lat="41.986680" lon="2.829840">
        <ele>121.3</ele>
      </trkpt>
      <trkpt lat="41.986740" lon="2.830110">
        <ele>116.7</ele>
      </trkpt>
      <trkpt lat="41.986780" lon="2.830450">
        <ele>112.1</ele>
      </trkpt>
      <trkpt lat="41.986900" lon="2.830720">
        <ele>109.9</ele>
      </trkpt>
      <trkpt lat="41.987040" lon="2.830870">
        <ele>109</ele>
      </trkpt>
      <trkpt lat="41.987230" lon="2.830920">
        <ele>107</ele>
      </trkpt>
      <trkpt lat="41.987360" lon="2.830890">
        <ele>107.4</ele>
      </trkpt>
      <trkpt lat="41.987550" lon="2.830800">
        <ele>105.3</ele>
      </trkpt>
      <trkpt lat="41.987680" lon="2.830780">
        <ele>102.3</ele>
      </trkpt>
      <trkpt lat="41.987730" lon="2.830990">
        <ele>105.2</ele>
      </trkpt>
      <trkpt lat="41.987870" lon="2.831350">
        <ele>103.4</ele>
      </trkpt>
      <trkpt lat="41.987890" lon="2.831540">
        <ele>101.9</ele>
      </trkpt>
      <trkpt lat="41.987600" lon="2.832410">
        <ele>98.9</ele>
      </trkpt>
      <trkpt lat="41.987400" lon="2.833200">
        <ele>92.3</ele>
      </trkpt>
      <trkpt lat="41.987510" lon="2.833250">
        <ele>89</ele>
      </trkpt>
      <trkpt lat="41.987550" lon="2.833290">
        <ele>87.8</ele>
      </trkpt>
      <trkpt lat="41.987730" lon="2.834190">
        <ele>79.5</ele>
      </trkpt>
      <trkpt lat="41.987650" lon="2.835790">
        <ele>79.4</ele>
      </trkpt>
      <trkpt lat="41.987590" lon="2.836490">
        <ele>80.8</ele>
      </trkpt>
      <trkpt lat="41.987140" lon="2.837850">
        <ele>82.1</ele>
      </trkpt>
      <trkpt lat="41.987140" lon="2.837980">
        <ele>82.4</ele>
      </trkpt>
      <trkpt lat="41.987250" lon="2.838510">
        <ele>83.2</ele>
      </trkpt>
      <trkpt lat="41.987290" lon="2.838870">
        <ele>83.7</ele>
      </trkpt>
      <trkpt lat="41.987250" lon="2.839400">
        <ele>85.2</ele>
      </trkpt>
      <trkpt lat="41.987220" lon="2.839720">
        <ele>86</ele>
      </trkpt>
      <trkpt lat="41.987250" lon="2.839820">
        <ele>86.7</ele>
      </trkpt>
      <trkpt lat="41.987310" lon="2.840090">
        <ele>88.6</ele>
      </trkpt>
      <trkpt lat="41.987390" lon="2.840290">
        <ele>90</ele>
      </trkpt>
      <trkpt lat="41.987660" lon="2.840740">
        <ele>91.5</ele>
      </trkpt>
      <trkpt lat="41.987740" lon="2.840930">
        <ele>91.4</ele>
      </trkpt>
      <trkpt lat="41.987770" lon="2.841210">
        <ele>91.6</ele>
      </trkpt>
      <trkpt lat="41.987950" lon="2.841680">
        <ele>95.4</ele>
      </trkpt>
      <trkpt lat="41.987920" lon="2.842010">
        <ele>96.6</ele>
      </trkpt>
      <trkpt lat="41.988230" lon="2.844120">
        <ele>107.1</ele>
      </trkpt>
      <trkpt lat="41.988220" lon="2.844290">
        <ele>107.9</ele>
      </trkpt>
      <trkpt lat="41.987950" lon="2.844930">
        <ele>110.7</ele>
      </trkpt>
      <trkpt lat="41.987950" lon="2.845030">
        <ele>111.8</ele>
      </trkpt>
      <trkpt lat="41.988000" lon="2.845140">
        <ele>113.7</ele>
      </trkpt>
      <trkpt lat="41.988190" lon="2.845240">
        <ele>115.7</ele>
      </trkpt>
      <trkpt lat="41.988290" lon="2.845340">
        <ele>117.1</ele>
      </trkpt>
      <trkpt lat="41.988490" lon="2.845620">
        <ele>118.8</ele>
      </trkpt>
      <trkpt lat="41.988570" lon="2.845800">
        <ele>119.4</ele>
      </trkpt>
      <trkpt lat="41.988700" lon="2.845800">
        <ele>119</ele>
      </trkpt>
      <trkpt lat="41.988850" lon="2.845770">
        <ele>119.3</ele>
      </trkpt>
      <trkpt lat="41.989190" lon="2.845870">
        <ele>124.6</ele>
      </trkpt>
      <trkpt lat="41.989420" lon="2.846080">
        <ele>128.1</ele>
      </trkpt>
      <trkpt lat="41.989660" lon="2.846080">
        <ele>130.4</ele>
      </trkpt>
      <trkpt lat="41.989870" lon="2.846020">
        <ele>133.4</ele>
      </trkpt>
      <trkpt lat="41.990190" lon="2.846110">
        <ele>135.7</ele>
      </trkpt>
      <trkpt lat="41.990320" lon="2.846210">
        <ele>136.5</ele>
      </trkpt>
      <trkpt lat="41.990550" lon="2.846470">
        <ele>139.5</ele>
      </trkpt>
      <trkpt lat="41.990840" lon="2.846590">
        <ele>141.2</ele>
      </trkpt>
      <trkpt lat="41.991030" lon="2.846740">
        <ele>141.7</ele>
      </trkpt>
      <trkpt lat="41.991240" lon="2.847070">
        <ele>141.9</ele>
      </trkpt>
      <trkpt lat="41.991400" lon="2.847460">
        <ele>141.1</ele>
      </trkpt>
      <trkpt lat="41.991510" lon="2.847890">
        <ele>141.6</ele>
      </trkpt>
      <trkpt lat="41.991540" lon="2.848320">
        <ele>141.9</ele>
      </trkpt>
      <trkpt lat="41.991520" lon="2.848440">
        <ele>142.4</ele>
      </trkpt>
      <trkpt lat="41.991410" lon="2.848730">
        <ele>146.1</ele>
      </trkpt>
      <trkpt lat="41.991390" lon="2.848870">
        <ele>147.9</ele>
      </trkpt>
      <trkpt lat="41.991280" lon="2.848820">
        <ele>151.6</ele>
      </trkpt>
      <trkpt lat="41.991120" lon="2.848510">
        <ele>157.8</ele>
      </trkpt>
      <trkpt lat="41.990980" lon="2.848420">
        <ele>156.2</ele>
      </trkpt>
      <trkpt lat="41.990710" lon="2.848650">
        <ele>155.1</ele>
      </trkpt>
      <trkpt lat="41.990500" lon="2.848910">
        <ele>155.7</ele>
      </trkpt>
      <trkpt lat="41.990390" lon="2.848990">
        <ele>157.4</ele>
      </trkpt>
      <trkpt lat="41.990310" lon="2.848960">
        <ele>156.3</ele>
      </trkpt>
      <trkpt lat="41.990250" lon="2.848790">
        <ele>156.7</ele>
      </trkpt>
      <trkpt lat="41.990200" lon="2.848380">
        <ele>158.5</ele>
      </trkpt>
      <trkpt lat="41.990160" lon="2.848200">
        <ele>158.6</ele>
      </trkpt>
      <trkpt lat="41.990040" lon="2.848070">
        <ele>161.9</ele>
      </trkpt>
      <trkpt lat="41.989900" lon="2.848140">
        <ele>164.3</ele>
      </trkpt>
      <trkpt lat="41.989830" lon="2.848770">
        <ele>170.2</ele>
      </trkpt>
      <trkpt lat="41.989780" lon="2.849110">
        <ele>174.3</ele>
      </trkpt>
      <trkpt lat="41.989710" lon="2.849470">
        <ele>179.5</ele>
      </trkpt>
      <trkpt lat="41.989620" lon="2.849550">
        <ele>182</ele>
      </trkpt>
      <trkpt lat="41.989430" lon="2.849650">
        <ele>185.5</ele>
      </trkpt>
      <trkpt lat="41.989370" lon="2.849790">
        <ele>187</ele>
      </trkpt>
      <trkpt lat="41.989390" lon="2.850260">
        <ele>192.5</ele>
      </trkpt>
      <trkpt lat="41.989340" lon="2.850590">
        <ele>196.4</ele>
      </trkpt>
      <trkpt lat="41.989210" lon="2.850800">
        <ele>198.2</ele>
      </trkpt>
      <trkpt lat="41.988970" lon="2.851190">
        <ele>199.8</ele>
      </trkpt>
      <trkpt lat="41.988930" lon="2.851380">
        <ele>199.9</ele>
      </trkpt>
      <trkpt lat="41.989130" lon="2.851750">
        <ele>201.1</ele>
      </trkpt>
      <trkpt lat="41.989700" lon="2.852870">
        <ele>203.4</ele>
      </trkpt>
      <trkpt lat="41.989740" lon="2.853080">
        <ele>201.4</ele>
      </trkpt>
      <trkpt lat="41.989820" lon="2.853390">
        <ele>200.7</ele>
      </trkpt>
      <trkpt lat="41.989900" lon="2.853480">
        <ele>201.7</ele>
      </trkpt>
      <trkpt lat="41.990060" lon="2.853580">
        <ele>204.3</ele>
      </trkpt>
      <trkpt lat="41.990190" lon="2.853720">
        <ele>206.1</ele>
      </trkpt>
      <trkpt lat="41.990190" lon="2.853960">
        <ele>207.8</ele>
      </trkpt>
      <trkpt lat="41.990060" lon="2.854520">
        <ele>213.7</ele>
      </trkpt>
      <trkpt lat="41.989910" lon="2.855000">
        <ele>221</ele>
      </trkpt>
      <trkpt lat="41.989810" lon="2.855140">
        <ele>223.4</ele>
      </trkpt>
      <trkpt lat="41.989520" lon="2.855330">
        <ele>227.4</ele>
      </trkpt>
      <trkpt lat="41.989450" lon="2.855490">
        <ele>230.5</ele>
      </trkpt>
      <trkpt lat="41.989280" lon="2.856210">
        <ele>238.9</ele>
      </trkpt>
      <trkpt lat="41.989190" lon="2.856400">
        <ele>240.7</ele>
      </trkpt>
      <trkpt lat="41.989090" lon="2.856460">
        <ele>242.3</ele>
      </trkpt>
      <trkpt lat="41.988820" lon="2.856440">
        <ele>242.4</ele>
      </trkpt>
      <trkpt lat="41.988790" lon="2.856500">
        <ele>242.9</ele>
      </trkpt>
      <trkpt lat="41.988870" lon="2.856820">
        <ele>248.1</ele>
      </trkpt>
      <trkpt lat="41.988900" lon="2.857020">
        <ele>250.9</ele>
      </trkpt>
      <trkpt lat="41.988840" lon="2.857350">
        <ele>252.3</ele>
      </trkpt>
      <trkpt lat="41.988850" lon="2.857640">
        <ele>254.8</ele>
      </trkpt>
      <trkpt lat="41.988790" lon="2.857880">
        <ele>255.2</ele>
      </trkpt>
      <trkpt lat="41.988670" lon="2.858190">
        <ele>257.6</ele>
      </trkpt>
      <trkpt lat="41.988560" lon="2.858550">
        <ele>261.3</ele>
      </trkpt>
      <trkpt lat="41.988380" lon="2.858770">
        <ele>263.7</ele>
      </trkpt>
      <trkpt lat="41.988060" lon="2.859070">
        <ele>267.5</ele>
      </trkpt>
      <trkpt lat="41.988010" lon="2.859150">
        <ele>268</ele>
      </trkpt>
      <trkpt lat="41.987870" lon="2.859470">
        <ele>269.9</ele>
      </trkpt>
      <trkpt lat="41.987520" lon="2.860220">
        <ele>278.7</ele>
      </trkpt>
      <trkpt lat="41.987170" lon="2.860770">
        <ele>284.6</ele>
      </trkpt>
      <trkpt lat="41.986750" lon="2.861340">
        <ele>292.2</ele>
      </trkpt>
      <trkpt lat="41.986500" lon="2.861720">
        <ele>294.3</ele>
      </trkpt>
      <trkpt lat="41.985900" lon="2.862290">
        <ele>296.8</ele>
      </trkpt>
      <trkpt lat="41.985720" lon="2.862340">
        <ele>298.1</ele>
      </trkpt>
      <trkpt lat="41.985570" lon="2.862360">
        <ele>298.9</ele>
      </trkpt>
      <trkpt lat="41.985530" lon="2.862480">
        <ele>300.5</ele>
      </trkpt>
      <trkpt lat="41.985460" lon="2.862570">
        <ele>301.6</ele>
      </trkpt>
      <trkpt lat="41.985230" lon="2.862750">
        <ele>304.7</ele>
      </trkpt>
      <trkpt lat="41.985130" lon="2.862920">
        <ele>306.3</ele>
      </trkpt>
      <trkpt lat="41.984920" lon="2.863280">
        <ele>308.3</ele>
      </trkpt>
      <trkpt lat="41.984820" lon="2.863450">
        <ele>310.5</ele>
      </trkpt>
      <trkpt lat="41.984550" lon="2.863650">
        <ele>313.2</ele>
      </trkpt>
      <trkpt lat="41.984480" lon="2.863790">
        <ele>315.3</ele>
      </trkpt>
      <trkpt lat="41.984460" lon="2.864380">
        <ele>323.5</ele>
      </trkpt>
      <trkpt lat="41.984400" lon="2.864550">
        <ele>325.6</ele>
      </trkpt>
      <trkpt lat="41.984150" lon="2.864690">
        <ele>327.1</ele>
      </trkpt>
      <trkpt lat="41.983920" lon="2.864710">
        <ele>327.7</ele>
      </trkpt>
      <trkpt lat="41.983600" lon="2.864540">
        <ele>330.4</ele>
      </trkpt>
      <trkpt lat="41.983350" lon="2.864470">
        <ele>333.2</ele>
      </trkpt>
      <trkpt lat="41.983220" lon="2.864550">
        <ele>334.4</ele>
      </trkpt>
      <trkpt lat="41.983170" lon="2.864700">
        <ele>336.1</ele>
      </trkpt>
      <trkpt lat="41.983220" lon="2.864950">
        <ele>339</ele>
      </trkpt>
      <trkpt lat="41.983310" lon="2.865220">
        <ele>342.6</ele>
      </trkpt>
      <trkpt lat="41.983290" lon="2.865580">
        <ele>344.5</ele>
      </trkpt>
      <trkpt lat="41.983270" lon="2.865870">
        <ele>345.6</ele>
      </trkpt>
      <trkpt lat="41.983210" lon="2.866090">
        <ele>346.3</ele>
      </trkpt>
      <trkpt lat="41.983130" lon="2.866260">
        <ele>345.5</ele>
      </trkpt>
      <trkpt lat="41.983190" lon="2.866210">
        <ele>347.2</ele>
      </trkpt>
      <trkpt lat="41.983390" lon="2.866000">
        <ele>350.6</ele>
      </trkpt>
      <trkpt lat="41.983490" lon="2.865970">
        <ele>351.1</ele>
      </trkpt>
      <trkpt lat="41.983640" lon="2.866300">
        <ele>355</ele>
      </trkpt>
      <trkpt lat="41.983930" lon="2.866640">
        <ele>358</ele>
      </trkpt>
      <trkpt lat="41.984120" lon="2.866850">
        <ele>359.8</ele>
      </trkpt>
      <trkpt lat="41.984170" lon="2.867460">
        <ele>363.7</ele>
      </trkpt>
      <trkpt lat="41.984260" lon="2.867550">
        <ele>363.1</ele>
      </trkpt>
      <trkpt lat="41.984910" lon="2.867880">
        <ele>360.4</ele>
      </trkpt>
      <trkpt lat="41.985420" lon="2.867820">
        <ele>362.2</ele>
      </trkpt>
      <trkpt lat="41.985810" lon="2.867810">
        <ele>366.2</ele>
      </trkpt>
      <trkpt lat="41.986610" lon="2.867910">
        <ele>367.1</ele>
      </trkpt>
      <trkpt lat="41.987170" lon="2.868170">
        <ele>365.8</ele>
      </trkpt>
      <trkpt lat="41.987480" lon="2.868220">
        <ele>366.3</ele>
      </trkpt>
      <trkpt lat="41.987790" lon="2.868490">
        <ele>364.5</ele>
      </trkpt>
      <trkpt lat="41.988110" lon="2.868720">
        <ele>362.4</ele>
      </trkpt>
      <trkpt lat="41.988300" lon="2.868750">
        <ele>361.2</ele>
      </trkpt>
      <trkpt lat="41.988580" lon="2.868560">
        <ele>362.9</ele>
      </trkpt>
      <trkpt lat="41.988670" lon="2.868310">
        <ele>365.5</ele>
      </trkpt>
      <trkpt lat="41.988750" lon="2.867920">
        <ele>366.2</ele>
      </trkpt>
      <trkpt lat="41.989140" lon="2.867580">
        <ele>369.2</ele>
      </trkpt>
      <trkpt lat="41.989280" lon="2.867610">
        <ele>368.9</ele>
      </trkpt>
      <trkpt lat="41.989330" lon="2.867810">
        <ele>368.9</ele>
      </trkpt>
      <trkpt lat="41.989390" lon="2.868120">
        <ele>370.6</ele>
      </trkpt>
      <trkpt lat="41.989560" lon="2.868410">
        <ele>371.1</ele>
      </trkpt>
      <trkpt lat="41.989760" lon="2.868620">
        <ele>371.7</ele>
      </trkpt>
      <trkpt lat="41.990040" lon="2.868710">
        <ele>369.9</ele>
      </trkpt>
      <trkpt lat="41.990430" lon="2.868700">
        <ele>367.4</ele>
      </trkpt>
      <trkpt lat="41.990920" lon="2.868530">
        <ele>364.1</ele>
      </trkpt>
      <trkpt lat="41.991170" lon="2.868640">
        <ele>362.7</ele>
      </trkpt>
      <trkpt lat="41.991380" lon="2.868800">
        <ele>361.4</ele>
      </trkpt>
      <trkpt lat="41.991600" lon="2.868680">
        <ele>359.8</ele>
      </trkpt>
      <trkpt lat="41.991850" lon="2.868370">
        <ele>358.2</ele>
      </trkpt>
      <trkpt lat="41.992110" lon="2.868360">
        <ele>356.5</ele>
      </trkpt>
      <trkpt lat="41.992350" lon="2.868610">
        <ele>352</ele>
      </trkpt>
      <trkpt lat="41.992420" lon="2.868780">
        <ele>349.8</ele>
      </trkpt>
      <trkpt lat="41.992450" lon="2.869440">
        <ele>345.8</ele>
      </trkpt>
      <trkpt lat="41.992500" lon="2.869580">
        <ele>347</ele>
      </trkpt>
      <trkpt lat="41.992660" lon="2.869600">
        <ele>346.4</ele>
      </trkpt>
      <trkpt lat="41.993100" lon="2.869750">
        <ele>346.5</ele>
      </trkpt>
      <trkpt lat="41.993520" lon="2.869790">
        <ele>346.9</ele>
      </trkpt>
      <trkpt lat="41.994020" lon="2.869970">
        <ele>349.4</ele>
      </trkpt>
      <trkpt lat="41.994300" lon="2.870140">
        <ele>347</ele>
      </trkpt>
      <trkpt lat="41.994820" lon="2.870250">
        <ele>344.2</ele>
      </trkpt>
      <trkpt lat="41.994930" lon="2.870380">
        <ele>341.9</ele>
      </trkpt>
      <trkpt lat="41.995310" lon="2.871130">
        <ele>331.2</ele>
      </trkpt>
      <trkpt lat="41.995760" lon="2.871810">
        <ele>319.8</ele>
      </trkpt>
      <trkpt lat="41.995860" lon="2.872040">
        <ele>316.6</ele>
      </trkpt>
      <trkpt lat="41.996110" lon="2.872010">
        <ele>313.9</ele>
      </trkpt>
      <trkpt lat="41.996300" lon="2.872210">
        <ele>314.2</ele>
      </trkpt>
      <trkpt lat="41.996910" lon="2.873160">
        <ele>310.8</ele>
      </trkpt>
      <trkpt lat="41.997570" lon="2.874230">
        <ele>297</ele>
      </trkpt>
      <trkpt lat="41.997780" lon="2.874900">
        <ele>295.7</ele>
      </trkpt>
      <trkpt lat="41.998040" lon="2.875360">
        <ele>299.5</ele>
      </trkpt>
      <trkpt lat="41.998430" lon="2.875670">
        <ele>300.7</ele>
      </trkpt>
      <trkpt lat="41.998730" lon="2.875760">
        <ele>299.9</ele>
      </trkpt>
      <trkpt lat="41.999280" lon="2.875780">
        <ele>296</ele>
      </trkpt>
      <trkpt lat="41.999520" lon="2.875450">
        <ele>292</ele>
      </trkpt>
      <trkpt lat="41.999820" lon="2.875470">
        <ele>290.9</ele>
      </trkpt>
      <trkpt lat="42.000220" lon="2.876020">
        <ele>291</ele>
      </trkpt>
      <trkpt lat="42.000430" lon="2.876440">
        <ele>289.4</ele>
      </trkpt>
      <trkpt lat="42.000570" lon="2.876610">
        <ele>291.6</ele>
      </trkpt>
      <trkpt lat="42.000990" lon="2.876900">
        <ele>288.4</ele>
      </trkpt>
      <trkpt lat="42.001340" lon="2.876990">
        <ele>285.5</ele>
      </trkpt>
      <trkpt lat="42.001660" lon="2.877300">
        <ele>285.7</ele>
      </trkpt>
      <trkpt lat="42.001770" lon="2.877630">
        <ele>284.8</ele>
      </trkpt>
      <trkpt lat="42.001740" lon="2.877830">
        <ele>282.8</ele>
      </trkpt>
      <trkpt lat="42.001540" lon="2.878280">
        <ele>281.4</ele>
      </trkpt>
      <trkpt lat="42.001460" lon="2.878820">
        <ele>281.5</ele>
      </trkpt>
      <trkpt lat="42.001490" lon="2.879020">
        <ele>280</ele>
      </trkpt>
      <trkpt lat="42.001690" lon="2.879600">
        <ele>274.5</ele>
      </trkpt>
      <trkpt lat="42.001720" lon="2.879760">
        <ele>273.7</ele>
      </trkpt>
      <trkpt lat="42.001950" lon="2.879890">
        <ele>273.9</ele>
      </trkpt>
      <trkpt lat="42.002150" lon="2.880110">
        <ele>272.7</ele>
      </trkpt>
      <trkpt lat="42.002490" lon="2.880390">
        <ele>265</ele>
      </trkpt>
      <trkpt lat="42.002610" lon="2.880530">
        <ele>263.3</ele>
      </trkpt>
      <trkpt lat="42.003020" lon="2.881180">
        <ele>251.5</ele>
      </trkpt>
      <trkpt lat="42.003200" lon="2.881380">
        <ele>248.5</ele>
      </trkpt>
      <trkpt lat="42.003610" lon="2.881650">
        <ele>240.9</ele>
      </trkpt>
      <trkpt lat="42.003930" lon="2.881950">
        <ele>234.3</ele>
      </trkpt>
      <trkpt lat="42.004070" lon="2.882060">
        <ele>231.6</ele>
      </trkpt>
      <trkpt lat="42.004400" lon="2.882150">
        <ele>228.8</ele>
      </trkpt>
      <trkpt lat="42.004660" lon="2.882290">
        <ele>227.1</ele>
      </trkpt>
      <trkpt lat="42.004890" lon="2.882710">
        <ele>224.5</ele>
      </trkpt>
      <trkpt lat="42.005380" lon="2.883350">
        <ele>226.6</ele>
      </trkpt>
      <trkpt lat="42.005620" lon="2.883770">
        <ele>224.8</ele>
      </trkpt>
      <trkpt lat="42.005810" lon="2.884160">
        <ele>223.7</ele>
      </trkpt>
      <trkpt lat="42.005940" lon="2.884320">
        <ele>223.4</ele>
      </trkpt>
      <trkpt lat="42.006660" lon="2.884410">
        <ele>224.7</ele>
      </trkpt>
      <trkpt lat="42.006950" lon="2.884440">
        <ele>225.9</ele>
      </trkpt>
      <trkpt lat="42.007090" lon="2.884610">
        <ele>224.8</ele>
      </trkpt>
      <trkpt lat="42.007560" lon="2.885300">
        <ele>213.3</ele>
      </trkpt>
      <trkpt lat="42.007710" lon="2.885640">
        <ele>209.7</ele>
      </trkpt>
      <trkpt lat="42.007830" lon="2.886000">
        <ele>211.5</ele>
      </trkpt>
      <trkpt lat="42.007960" lon="2.886100">
        <ele>211.7</ele>
      </trkpt>
      <trkpt lat="42.008660" lon="2.886180">
        <ele>208.5</ele>
      </trkpt>
      <trkpt lat="42.008820" lon="2.886220">
        <ele>209.1</ele>
      </trkpt>
      <trkpt lat="42.009130" lon="2.886140">
        <ele>210</ele>
      </trkpt>
      <trkpt lat="42.009270" lon="2.886300">
        <ele>207.2</ele>
      </trkpt>
      <trkpt lat="42.009590" lon="2.886780">
        <ele>196.4</ele>
      </trkpt>
      <trkpt lat="42.009730" lon="2.887260">
        <ele>189.2</ele>
      </trkpt>
      <trkpt lat="42.009850" lon="2.887490">
        <ele>184.5</ele>
      </trkpt>
      <trkpt lat="42.010090" lon="2.887840">
        <ele>185.7</ele>
      </trkpt>
      <trkpt lat="42.010130" lon="2.888170">
        <ele>181.9</ele>
      </trkpt>
      <trkpt lat="42.010090" lon="2.888440">
        <ele>179</ele>
      </trkpt>
      <trkpt lat="42.010200" lon="2.888480">
        <ele>178.6</ele>
      </trkpt>
      <trkpt lat="42.010770" lon="2.887710">
        <ele>167.2</ele>
      </trkpt>
      <trkpt lat="42.011200" lon="2.887830">
        <ele>159</ele>
      </trkpt>
      <trkpt lat="42.011360" lon="2.887960">
        <ele>155.8</ele>
      </trkpt>
      <trkpt lat="42.011390" lon="2.888180">
        <ele>153.1</ele>
      </trkpt>
      <trkpt lat="42.011300" lon="2.888270">
        <ele>151.9</ele>
      </trkpt>
      <trkpt lat="42.011080" lon="2.888380">
        <ele>149.9</ele>
      </trkpt>
      <trkpt lat="42.011060" lon="2.888570">
        <ele>146.8</ele>
      </trkpt>
      <trkpt lat="42.011170" lon="2.888840">
        <ele>142.5</ele>
      </trkpt>
      <trkpt lat="42.011160" lon="2.889010">
        <ele>141</ele>
      </trkpt>
      <trkpt lat="42.011080" lon="2.889210">
        <ele>141.4</ele>
      </trkpt>
      <trkpt lat="42.010940" lon="2.889510">
        <ele>141.4</ele>
      </trkpt>
      <trkpt lat="42.011020" lon="2.890010">
        <ele>135.3</ele>
      </trkpt>
      <trkpt lat="42.011160" lon="2.890310">
        <ele>129.5</ele>
      </trkpt>
      <trkpt lat="42.011280" lon="2.890390">
        <ele>126.9</ele>
      </trkpt>
      <trkpt lat="42.011650" lon="2.890480">
        <ele>118.5</ele>
      </trkpt>
      <trkpt lat="42.011740" lon="2.890720">
        <ele>116.7</ele>
      </trkpt>
      <trkpt lat="42.011800" lon="2.891570">
        <ele>106.9</ele>
      </trkpt>
      <trkpt lat="42.011750" lon="2.891920">
        <ele>104.3</ele>
      </trkpt>
      <trkpt lat="42.011900" lon="2.891900">
        <ele>101.5</ele>
      </trkpt>
      <trkpt lat="42.012220" lon="2.891550">
        <ele>96.2</ele>
      </trkpt>
      <trkpt lat="42.012480" lon="2.891530">
        <ele>89.5</ele>
      </trkpt>
      <trkpt lat="42.012620" lon="2.891390">
        <ele>88.1</ele>
      </trkpt>
      <trkpt lat="42.012630" lon="2.891700">
        <ele>86.5</ele>
      </trkpt>
      <trkpt lat="42.012240" lon="2.892280">
        <ele>88.9</ele>
      </trkpt>
      <trkpt lat="42.012000" lon="2.892750">
        <ele>88.4</ele>
      </trkpt>
      <trkpt lat="42.011970" lon="2.893010">
        <ele>86.3</ele>
      </trkpt>
      <trkpt lat="42.011810" lon="2.893140">
        <ele>86.1</ele>
      </trkpt>
      <trkpt lat="42.011650" lon="2.893060">
        <ele>87</ele>
      </trkpt>
      <trkpt lat="42.011340" lon="2.892770">
        <ele>87.8</ele>
      </trkpt>
      <trkpt lat="42.011150" lon="2.892920">
        <ele>87.1</ele>
      </trkpt>
      <trkpt lat="42.010830" lon="2.893010">
        <ele>89</ele>
      </trkpt>
      <trkpt lat="42.010600" lon="2.893250">
        <ele>94</ele>
      </trkpt>
      <trkpt lat="42.010400" lon="2.893540">
        <ele>97.9</ele>
      </trkpt>
      <trkpt lat="42.010350" lon="2.893650">
        <ele>98.2</ele>
      </trkpt>
      <trkpt lat="42.010780" lon="2.893430">
        <ele>104</ele>
      </trkpt>
      <trkpt lat="42.010860" lon="2.893400">
        <ele>103.9</ele>
      </trkpt>
      <trkpt lat="42.010920" lon="2.893410">
        <ele>103.2</ele>
      </trkpt>
      <trkpt lat="42.011390" lon="2.893980">
        <ele>108.7</ele>
      </trkpt>
      <trkpt lat="42.011590" lon="2.894070">
        <ele>111.4</ele>
      </trkpt>
      <trkpt lat="42.012000" lon="2.894030">
        <ele>112.1</ele>
      </trkpt>
      <trkpt lat="42.012060" lon="2.894110">
        <ele>112</ele>
      </trkpt>
      <trkpt lat="42.012090" lon="2.894360">
        <ele>116.1</ele>
      </trkpt>
      <trkpt lat="42.012070" lon="2.894660">
        <ele>118.3</ele>
      </trkpt>
      <trkpt lat="42.011990" lon="2.894860">
        <ele>120.9</ele>
      </trkpt>
      <trkpt lat="42.012050" lon="2.895260">
        <ele>119.2</ele>
      </trkpt>
      <trkpt lat="42.012000" lon="2.895600">
        <ele>122.9</ele>
      </trkpt>
      <trkpt lat="42.011540" lon="2.896300">
        <ele>127.8</ele>
      </trkpt>
      <trkpt lat="42.011460" lon="2.896550">
        <ele>130.5</ele>
      </trkpt>
      <trkpt lat="42.011350" lon="2.897000">
        <ele>134.6</ele>
      </trkpt>
      <trkpt lat="42.011260" lon="2.897270">
        <ele>134.6</ele>
      </trkpt>
      <trkpt lat="42.011210" lon="2.897850">
        <ele>138.8</ele>
      </trkpt>
      <trkpt lat="42.011130" lon="2.898220">
        <ele>140.9</ele>
      </trkpt>
      <trkpt lat="42.010970" lon="2.898710">
        <ele>143.4</ele>
      </trkpt>
      <trkpt lat="42.011000" lon="2.898800">
        <ele>143</ele>
      </trkpt>
      <trkpt lat="42.011130" lon="2.898760">
        <ele>142.1</ele>
      </trkpt>
      <trkpt lat="42.011410" lon="2.898310">
        <ele>139.8</ele>
      </trkpt>
      <trkpt lat="42.011560" lon="2.898220">
        <ele>141</ele>
      </trkpt>
      <trkpt lat="42.011620" lon="2.897760">
        <ele>139.8</ele>
      </trkpt>
      <trkpt lat="42.012060" lon="2.897040">
        <ele>142</ele>
      </trkpt>
      <trkpt lat="42.012250" lon="2.896680">
        <ele>140.5</ele>
      </trkpt>
      <trkpt lat="42.012450" lon="2.896570">
        <ele>140.4</ele>
      </trkpt>
      <trkpt lat="42.012620" lon="2.896660">
        <ele>140.7</ele>
      </trkpt>
      <trkpt lat="42.013000" lon="2.897140">
        <ele>143.4</ele>
      </trkpt>
      <trkpt lat="42.013050" lon="2.897430">
        <ele>144.6</ele>
      </trkpt>
      <trkpt lat="42.013070" lon="2.897580">
        <ele>145.8</ele>
      </trkpt>
      <trkpt lat="42.013270" lon="2.898310">
        <ele>147</ele>
      </trkpt>
      <trkpt lat="42.013300" lon="2.898540">
        <ele>146.7</ele>
      </trkpt>
      <trkpt lat="42.013460" lon="2.898890">
        <ele>146.3</ele>
      </trkpt>
      <trkpt lat="42.013510" lon="2.898950">
        <ele>146.1</ele>
      </trkpt>
      <trkpt lat="42.013730" lon="2.899010">
        <ele>142.7</ele>
      </trkpt>
      <trkpt lat="42.013800" lon="2.899180">
        <ele>143.4</ele>
      </trkpt>
      <trkpt lat="42.013860" lon="2.899460">
        <ele>142.3</ele>
      </trkpt>
      <trkpt lat="42.014100" lon="2.900120">
        <ele>142.7</ele>
      </trkpt>
      <trkpt lat="42.014360" lon="2.900520">
        <ele>139.1</ele>
      </trkpt>
      <trkpt lat="42.014450" lon="2.900900">
        <ele>137.1</ele>
      </trkpt>
      <trkpt lat="42.014670" lon="2.901720">
        <ele>132.8</ele>
      </trkpt>
      <trkpt lat="42.014720" lon="2.901950">
        <ele>131.1</ele>
      </trkpt>
      <trkpt lat="42.014720" lon="2.902050">
        <ele>130.6</ele>
      </trkpt>
      <trkpt lat="42.014830" lon="2.902450">
        <ele>127.6</ele>
      </trkpt>
      <trkpt lat="42.014940" lon="2.902610">
        <ele>125.1</ele>
      </trkpt>
      <trkpt lat="42.014960" lon="2.902780">
        <ele>123.6</ele>
      </trkpt>
      <trkpt lat="42.014950" lon="2.902950">
        <ele>122.7</ele>
      </trkpt>
      <trkpt lat="42.014850" lon="2.903010">
        <ele>122.5</ele>
      </trkpt>
      <trkpt lat="42.014540" lon="2.903020">
        <ele>121.3</ele>
      </trkpt>
      <trkpt lat="42.014330" lon="2.902970">
        <ele>120</ele>
      </trkpt>
      <trkpt lat="42.014200" lon="2.902950">
        <ele>118.4</ele>
      </trkpt>
      <trkpt lat="42.014110" lon="2.903000">
        <ele>118.7</ele>
      </trkpt>
      <trkpt lat="42.014100" lon="2.903130">
        <ele>119.3</ele>
      </trkpt>
      <trkpt lat="42.014640" lon="2.903920">
        <ele>119.2</ele>
      </trkpt>
      <trkpt lat="42.014690" lon="2.904100">
        <ele>118.6</ele>
      </trkpt>
      <trkpt lat="42.014750" lon="2.904300">
        <ele>117.4</ele>
      </trkpt>
      <trkpt lat="42.015030" lon="2.904700">
        <ele>112.7</ele>
      </trkpt>
      <trkpt lat="42.015220" lon="2.904870">
        <ele>112.4</ele>
      </trkpt>
      <trkpt lat="42.015400" lon="2.904930">
        <ele>110.6</ele>
      </trkpt>
      <trkpt lat="42.015600" lon="2.905110">
        <ele>109.2</ele>
      </trkpt>
      <trkpt lat="42.015840" lon="2.905600">
        <ele>107</ele>
      </trkpt>
      <trkpt lat="42.015880" lon="2.905840">
        <ele>106.8</ele>
      </trkpt>
      <trkpt lat="42.015980" lon="2.905960">
        <ele>105.5</ele>
      </trkpt>
      <trkpt lat="42.016140" lon="2.906030">
        <ele>104.2</ele>
      </trkpt>
      <trkpt lat="42.016860" lon="2.906250">
        <ele>98.5</ele>
      </trkpt>
      <trkpt lat="42.017220" lon="2.906400">
        <ele>95.9</ele>
      </trkpt>
      <trkpt lat="42.017480" lon="2.906590">
        <ele>92.4</ele>
      </trkpt>
      <trkpt lat="42.017480" lon="2.906690">
        <ele>92</ele>
      </trkpt>
      <trkpt lat="42.017380" lon="2.906740">
        <ele>92.4</ele>
      </trkpt>
      <trkpt lat="42.017200" lon="2.906690">
        <ele>94.2</ele>
      </trkpt>
      <trkpt lat="42.017080" lon="2.906860">
        <ele>93.5</ele>
      </trkpt>
      <trkpt lat="42.016930" lon="2.906930">
        <ele>93.3</ele>
      </trkpt>
      <trkpt lat="42.016700" lon="2.907000">
        <ele>92.8</ele>
      </trkpt>
      <trkpt lat="42.016480" lon="2.907250">
        <ele>90.2</ele>
      </trkpt>
      <trkpt lat="42.016380" lon="2.907460">
        <ele>89.2</ele>
      </trkpt>
      <trkpt lat="42.016340" lon="2.907740">
        <ele>88.4</ele>
      </trkpt>
      <trkpt lat="42.016410" lon="2.907960">
        <ele>86.8</ele>
      </trkpt>
      <trkpt lat="42.016400" lon="2.908140">
        <ele>87.3</ele>
      </trkpt>
      <trkpt lat="42.016130" lon="2.908530">
        <ele>91.1</ele>
      </trkpt>
      <trkpt lat="42.015870" lon="2.908800">
        <ele>94.5</ele>
      </trkpt>
      <trkpt lat="42.015880" lon="2.908920">
        <ele>94.4</ele>
      </trkpt>
      <trkpt lat="42.016000" lon="2.909400">
        <ele>102.5</ele>
      </trkpt>
      <trkpt lat="42.015770" lon="2.909600">
        <ele>103.8</ele>
      </trkpt>
      <trkpt lat="42.015440" lon="2.910080">
        <ele>106.7</ele>
      </trkpt>
      <trkpt lat="42.015080" lon="2.910290">
        <ele>110.9</ele>
      </trkpt>
      <trkpt lat="42.014820" lon="2.910340">
        <ele>113.8</ele>
      </trkpt>
      <trkpt lat="42.014760" lon="2.910290">
        <ele>113.8</ele>
      </trkpt>
      <trkpt lat="42.014700" lon="2.910150">
        <ele>112.7</ele>
      </trkpt>
      <trkpt lat="42.014560" lon="2.910150">
        <ele>113.7</ele>
      </trkpt>
      <trkpt lat="42.014490" lon="2.910270">
        <ele>117.8</ele>
      </trkpt>
      <trkpt lat="42.014460" lon="2.910410">
        <ele>121.1</ele>
      </trkpt>
      <trkpt lat="42.014540" lon="2.910780">
        <ele>124.7</ele>
      </trkpt>
      <trkpt lat="42.014540" lon="2.910860">
        <ele>125.2</ele>
      </trkpt>
      <trkpt lat="42.014470" lon="2.911010">
        <ele>127.4</ele>
      </trkpt>
      <trkpt lat="42.014450" lon="2.911230">
        <ele>129.7</ele>
      </trkpt>
      <trkpt lat="42.014420" lon="2.911360">
        <ele>132.2</ele>
      </trkpt>
      <trkpt lat="42.014230" lon="2.911720">
        <ele>133.1</ele>
      </trkpt>
      <trkpt lat="42.013960" lon="2.911980">
        <ele>134.7</ele>
      </trkpt>
      <trkpt lat="42.013860" lon="2.912340">
        <ele>135.1</ele>
      </trkpt>
      <trkpt lat="42.013720" lon="2.912600">
        <ele>138</ele>
      </trkpt>
      <trkpt lat="42.013160" lon="2.913330">
        <ele>141.5</ele>
      </trkpt>
      <trkpt lat="42.012970" lon="2.913930">
        <ele>147.1</ele>
      </trkpt>
      <trkpt lat="42.012820" lon="2.914160">
        <ele>146.7</ele>
      </trkpt>
      <trkpt lat="42.012600" lon="2.914360">
        <ele>145.6</ele>
      </trkpt>
      <trkpt lat="42.012510" lon="2.914850">
        <ele>141.2</ele>
      </trkpt>
      <trkpt lat="42.012400" lon="2.915100">
        <ele>141.3</ele>
      </trkpt>
      <trkpt lat="42.012010" lon="2.915560">
        <ele>143.4</ele>
      </trkpt>
      <trkpt lat="42.011800" lon="2.916110">
        <ele>144.8</ele>
      </trkpt>
      <trkpt lat="42.011560" lon="2.916560">
        <ele>148.3</ele>
      </trkpt>
      <trkpt lat="42.011570" lon="2.916720">
        <ele>147.5</ele>
      </trkpt>
      <trkpt lat="42.011690" lon="2.916910">
        <ele>148.4</ele>
      </trkpt>
      <trkpt lat="42.012380" lon="2.917520">
        <ele>148</ele>
      </trkpt>
      <trkpt lat="42.012770" lon="2.917770">
        <ele>148</ele>
      </trkpt>
      <trkpt lat="42.012720" lon="2.917880">
        <ele>146.9</ele>
      </trkpt>
      <trkpt lat="42.012530" lon="2.918180">
        <ele>143.6</ele>
      </trkpt>
      <trkpt lat="42.012520" lon="2.918330">
        <ele>141.9</ele>
      </trkpt>
      <trkpt lat="42.012540" lon="2.918590">
        <ele>139.7</ele>
      </trkpt>
      <trkpt lat="42.012510" lon="2.918910">
        <ele>137.8</ele>
      </trkpt>
      <trkpt lat="42.012610" lon="2.919300">
        <ele>135.6</ele>
      </trkpt>
      <trkpt lat="42.012690" lon="2.919580">
        <ele>134.2</ele>
      </trkpt>
      <trkpt lat="42.012790" lon="2.919800">
        <ele>133.3</ele>
      </trkpt>
      <trkpt lat="42.012950" lon="2.920050">
        <ele>131</ele>
      </trkpt>
      <trkpt lat="42.013090" lon="2.920290">
        <ele>129.6</ele>
      </trkpt>
      <trkpt lat="42.013150" lon="2.920410">
        <ele>127.8</ele>
      </trkpt>
      <trkpt lat="42.013140" lon="2.920490">
        <ele>127.3</ele>
      </trkpt>
      <trkpt lat="42.013060" lon="2.920520">
        <ele>127.4</ele>
      </trkpt>
      <trkpt lat="42.012920" lon="2.920520">
        <ele>125.4</ele>
      </trkpt>
      <trkpt lat="42.012490" lon="2.920500">
        <ele>119.9</ele>
      </trkpt>
      <trkpt lat="42.012340" lon="2.920460">
        <ele>118.8</ele>
      </trkpt>
      <trkpt lat="42.012070" lon="2.920350">
        <ele>117.6</ele>
      </trkpt>
      <trkpt lat="42.011980" lon="2.920390">
        <ele>116.2</ele>
      </trkpt>
      <trkpt lat="42.011890" lon="2.920470">
        <ele>114.6</ele>
      </trkpt>
      <trkpt lat="42.011740" lon="2.920420">
        <ele>114.4</ele>
      </trkpt>
      <trkpt lat="42.011590" lon="2.920330">
        <ele>113.8</ele>
      </trkpt>
      <trkpt lat="42.011440" lon="2.920280">
        <ele>112.5</ele>
      </trkpt>
      <trkpt lat="42.011350" lon="2.920180">
        <ele>112.1</ele>
      </trkpt>
      <trkpt lat="42.011120" lon="2.919730">
        <ele>107.5</ele>
      </trkpt>
      <trkpt lat="42.011090" lon="2.919710">
        <ele>107.7</ele>
      </trkpt>
      <trkpt lat="42.011010" lon="2.919760">
        <ele>109.2</ele>
      </trkpt>
      <trkpt lat="42.010910" lon="2.920130">
        <ele>105.6</ele>
      </trkpt>
      <trkpt lat="42.010640" lon="2.920720">
        <ele>98.3</ele>
      </trkpt>
      <trkpt lat="42.010360" lon="2.920960">
        <ele>94.9</ele>
      </trkpt>
      <trkpt lat="42.010240" lon="2.921130">
        <ele>93</ele>
      </trkpt>
      <trkpt lat="42.010300" lon="2.921360">
        <ele>91.5</ele>
      </trkpt>
      <trkpt lat="42.010340" lon="2.921440">
        <ele>92.2</ele>
      </trkpt>
      <trkpt lat="42.010360" lon="2.921510">
        <ele>92.7</ele>
      </trkpt>
      <trkpt lat="42.010430" lon="2.921700">
        <ele>92.9</ele>
      </trkpt>
      <trkpt lat="42.010520" lon="2.922020">
        <ele>92.1</ele>
      </trkpt>
      <trkpt lat="42.010620" lon="2.922170">
        <ele>92.1</ele>
      </trkpt>
      <trkpt lat="42.011180" lon="2.922800">
        <ele>90.7</ele>
      </trkpt>
      <trkpt lat="42.011390" lon="2.922960">
        <ele>91</ele>
      </trkpt>
      <trkpt lat="42.011700" lon="2.923030">
        <ele>90.6</ele>
      </trkpt>
      <trkpt lat="42.012000" lon="2.922960">
        <ele>88.9</ele>
      </trkpt>
      <trkpt lat="42.012420" lon="2.923280">
        <ele>88.5</ele>
      </trkpt>
      <trkpt lat="42.012910" lon="2.923610">
        <ele>88.1</ele>
      </trkpt>
      <trkpt lat="42.013210" lon="2.923640">
        <ele>85.3</ele>
      </trkpt>
      <trkpt lat="42.014100" lon="2.923860">
        <ele>83.4</ele>
      </trkpt>
      <trkpt lat="42.014310" lon="2.924050">
        <ele>83.2</ele>
      </trkpt>
      <trkpt lat="42.014550" lon="2.924390">
        <ele>83.2</ele>
      </trkpt>
      <trkpt lat="42.014580" lon="2.924570">
        <ele>82.6</ele>
      </trkpt>
      <trkpt lat="42.014600" lon="2.924790">
        <ele>81.4</ele>
      </trkpt>
      <trkpt lat="42.015180" lon="2.925610">
        <ele>80.8</ele>
      </trkpt>
      <trkpt lat="42.015550" lon="2.926160">
        <ele>82.2</ele>
      </trkpt>
      <trkpt lat="42.015930" lon="2.926750">
        <ele>84.4</ele>
      </trkpt>
      <trkpt lat="42.016660" lon="2.927430">
        <ele>87.3</ele>
      </trkpt>
      <trkpt lat="42.017410" lon="2.928100">
        <ele>90.3</ele>
      </trkpt>
      <trkpt lat="42.017680" lon="2.928440">
        <ele>88.3</ele>
      </trkpt>
      <trkpt lat="42.017920" lon="2.928660">
        <ele>87.7</ele>
      </trkpt>
      <trkpt lat="42.018470" lon="2.929210">
        <ele>82.2</ele>
      </trkpt>
      <trkpt lat="42.019000" lon="2.929810">
        <ele>82</ele>
      </trkpt>
      <trkpt lat="42.019230" lon="2.930150">
        <ele>81.3</ele>
      </trkpt>
      <trkpt lat="42.019260" lon="2.930230">
        <ele>81.8</ele>
      </trkpt>
      <trkpt lat="42.019390" lon="2.930230">
        <ele>80.6</ele>
      </trkpt>
      <trkpt lat="42.019560" lon="2.930400">
        <ele>80</ele>
      </trkpt>
      <trkpt lat="42.019520" lon="2.930550">
        <ele>82.1</ele>
      </trkpt>
      <trkpt lat="42.019610" lon="2.930610">
        <ele>81.6</ele>
      </trkpt>
      <trkpt lat="42.019510" lon="2.930940">
        <ele>82.4</ele>
      </trkpt>
      <trkpt lat="42.019720" lon="2.931100">
        <ele>82</ele>
      </trkpt>
      <trkpt lat="42.019710" lon="2.931150">
        <ele>81.4</ele>
      </trkpt>
      <trkpt lat="42.019840" lon="2.931230">
        <ele>78.2</ele>
      </trkpt>
      <trkpt lat="42.019980" lon="2.931160">
        <ele>77.4</ele>
      </trkpt>
      <trkpt lat="42.020140" lon="2.931140">
        <ele>75.2</ele>
      </trkpt>
      <trkpt lat="42.020120" lon="2.931210">
        <ele>74.3</ele>
      </trkpt>
      <trkpt lat="42.020290" lon="2.931320">
        <ele>71.4</ele>
      </trkpt>
      <trkpt lat="42.020390" lon="2.931350">
        <ele>70.4</ele>
      </trkpt>
      <trkpt lat="42.020520" lon="2.931440">
        <ele>69.8</ele>
      </trkpt>
      <trkpt lat="42.020660" lon="2.931450">
        <ele>69.1</ele>
      </trkpt>
      <trkpt lat="42.021050" lon="2.931340">
        <ele>66.5</ele>
      </trkpt>
      <trkpt lat="42.021230" lon="2.931500">
        <ele>66.7</ele>
      </trkpt>
      <trkpt lat="42.021290" lon="2.931580">
        <ele>66.9</ele>
      </trkpt>
      <trkpt lat="42.021980" lon="2.932510">
        <ele>65.8</ele>
      </trkpt>
      <trkpt lat="42.022610" lon="2.932870">
        <ele>65.1</ele>
      </trkpt>
      <trkpt lat="42.022940" lon="2.932380">
        <ele>65.4</ele>
      </trkpt>
      <trkpt lat="42.023080" lon="2.932410">
        <ele>64.8</ele>
      </trkpt>
      <trkpt lat="42.023410" lon="2.932330">
        <ele>62.6</ele>
      </trkpt>
      <trkpt lat="42.023540" lon="2.932570">
        <ele>62.8</ele>
      </trkpt>
      <trkpt lat="42.023630" lon="2.932560">
        <ele>63</ele>
      </trkpt>
      <trkpt lat="42.024940" lon="2.932330">
        <ele>61.5</ele>
      </trkpt>
      <trkpt lat="42.025170" lon="2.932350">
        <ele>61.4</ele>
      </trkpt>
      <trkpt lat="42.025310" lon="2.932460">
        <ele>61.7</ele>
      </trkpt>
      <trkpt lat="42.025710" lon="2.932550">
        <ele>60.7</ele>
      </trkpt>
      <trkpt lat="42.025860" lon="2.932640">
        <ele>62.2</ele>
      </trkpt>
      <trkpt lat="42.026060" lon="2.932620">
        <ele>63.4</ele>
      </trkpt>
      <trkpt lat="42.026730" lon="2.932300">
        <ele>67.8</ele>
      </trkpt>
      <trkpt lat="42.026940" lon="2.932330">
        <ele>69.4</ele>
      </trkpt>
      <trkpt lat="42.027030" lon="2.932490">
        <ele>70.3</ele>
      </trkpt>
      <trkpt lat="42.027020" lon="2.932660">
        <ele>71.4</ele>
      </trkpt>
      <trkpt lat="42.027240" lon="2.932900">
        <ele>74.4</ele>
      </trkpt>
      <trkpt lat="42.027280" lon="2.933010">
        <ele>75.6</ele>
      </trkpt>
      <trkpt lat="42.027410" lon="2.933080">
        <ele>76.2</ele>
      </trkpt>
      <trkpt lat="42.027490" lon="2.933410">
        <ele>79.3</ele>
      </trkpt>
      <trkpt lat="42.027530" lon="2.933500">
        <ele>81.1</ele>
      </trkpt>
      <trkpt lat="42.028320" lon="2.933590">
        <ele>84.6</ele>
      </trkpt>
      <trkpt lat="42.028830" lon="2.933760">
        <ele>88</ele>
      </trkpt>
      <trkpt lat="42.029090" lon="2.933860">
        <ele>88.9</ele>
      </trkpt>
      <trkpt lat="42.029360" lon="2.934170">
        <ele>89.2</ele>
      </trkpt>
      <trkpt lat="42.030120" lon="2.934530">
        <ele>86.3</ele>
      </trkpt>
      <trkpt lat="42.030420" lon="2.935040">
        <ele>89.2</ele>
      </trkpt>
      <trkpt lat="42.030680" lon="2.935260">
        <ele>91.3</ele>
      </trkpt>
      <trkpt lat="42.030780" lon="2.935600">
        <ele>94</ele>
      </trkpt>
      <trkpt lat="42.031030" lon="2.935730">
        <ele>93.3</ele>
      </trkpt>
      <trkpt lat="42.031390" lon="2.935760">
        <ele>92</ele>
      </trkpt>
      <trkpt lat="42.032000" lon="2.935760">
        <ele>90.9</ele>
      </trkpt>
      <trkpt lat="42.032260" lon="2.935900">
        <ele>90.5</ele>
      </trkpt>
      <trkpt lat="42.032220" lon="2.936170">
        <ele>88.4</ele>
      </trkpt>
      <trkpt lat="42.032110" lon="2.936970">
        <ele>85.1</ele>
      </trkpt>
      <trkpt lat="42.032130" lon="2.937270">
        <ele>84</ele>
      </trkpt>
      <trkpt lat="42.032220" lon="2.937610">
        <ele>83.5</ele>
      </trkpt>
      <trkpt lat="42.032280" lon="2.937730">
        <ele>83.5</ele>
      </trkpt>
      <trkpt lat="42.032430" lon="2.937980">
        <ele>81.6</ele>
      </trkpt>
      <trkpt lat="42.032540" lon="2.938510">
        <ele>78.2</ele>
      </trkpt>
      <trkpt lat="42.032590" lon="2.938700">
        <ele>77.6</ele>
      </trkpt>
      <trkpt lat="42.032660" lon="2.938920">
        <ele>76.7</ele>
      </trkpt>
      <trkpt lat="42.032790" lon="2.939870">
        <ele>71.5</ele>
      </trkpt>
      <trkpt lat="42.033260" lon="2.939790">
        <ele>70.6</ele>
      </trkpt>
      <trkpt lat="42.033510" lon="2.939790">
        <ele>70.4</ele>
      </trkpt>
      <trkpt lat="42.033700" lon="2.939680">
        <ele>70</ele>
      </trkpt>
      <trkpt lat="42.034130" lon="2.939470">
        <ele>69.2</ele>
      </trkpt>
      <trkpt lat="42.035450" lon="2.939490">
        <ele>65.8</ele>
      </trkpt>
      <trkpt lat="42.035770" lon="2.939440">
        <ele>65</ele>
      </trkpt>
      <trkpt lat="42.035990" lon="2.939200">
        <ele>64.9</ele>
      </trkpt>
      <trkpt lat="42.036140" lon="2.939180">
        <ele>64.1</ele>
      </trkpt>
      <trkpt lat="42.036540" lon="2.938940">
        <ele>64.4</ele>
      </trkpt>
      <trkpt lat="42.036690" lon="2.938980">
        <ele>63.9</ele>
      </trkpt>
      <trkpt lat="42.036920" lon="2.939190">
        <ele>62.3</ele>
      </trkpt>
      <trkpt lat="42.037120" lon="2.939270">
        <ele>63.1</ele>
      </trkpt>
      <trkpt lat="42.037330" lon="2.939240">
        <ele>63</ele>
      </trkpt>
      <trkpt lat="42.037540" lon="2.939140">
        <ele>62.2</ele>
      </trkpt>
      <trkpt lat="42.037740" lon="2.938860">
        <ele>62.1</ele>
      </trkpt>
      <trkpt lat="42.037950" lon="2.938730">
        <ele>61.6</ele>
      </trkpt>
      <trkpt lat="42.038090" lon="2.938770">
        <ele>61.5</ele>
      </trkpt>
      <trkpt lat="42.038390" lon="2.938860">
        <ele>60</ele>
      </trkpt>
      <trkpt lat="42.038560" lon="2.938900">
        <ele>59.2</ele>
      </trkpt>
      <trkpt lat="42.039220" lon="2.938840">
        <ele>58.5</ele>
      </trkpt>
      <trkpt lat="42.039770" lon="2.939360">
        <ele>57</ele>
      </trkpt>
      <trkpt lat="42.039830" lon="2.939410">
        <ele>56.7</ele>
      </trkpt>
      <trkpt lat="42.039970" lon="2.939450">
        <ele>55.3</ele>
      </trkpt>
      <trkpt lat="42.040110" lon="2.939680">
        <ele>55.2</ele>
      </trkpt>
      <trkpt lat="42.040390" lon="2.939770">
        <ele>54.1</ele>
      </trkpt>
      <trkpt lat="42.040640" lon="2.939920">
        <ele>53.8</ele>
      </trkpt>
      <trkpt lat="42.041040" lon="2.940070">
        <ele>58.1</ele>
      </trkpt>
      <trkpt lat="42.041910" lon="2.940400">
        <ele>52.5</ele>
      </trkpt>
      <trkpt lat="42.042120" lon="2.940410">
        <ele>52.5</ele>
      </trkpt>
      <trkpt lat="42.042610" lon="2.940540">
        <ele>51</ele>
      </trkpt>
      <trkpt lat="42.042640" lon="2.939720">
        <ele>50.1</ele>
      </trkpt>
      <trkpt lat="42.042730" lon="2.939630">
        <ele>51.5</ele>
      </trkpt>
      <trkpt lat="42.042860" lon="2.939620">
        <ele>50.9</ele>
      </trkpt>
      <trkpt lat="42.042950" lon="2.939730">
        <ele>49</ele>
      </trkpt>
      <trkpt lat="42.043050" lon="2.940300">
        <ele>50.1</ele>
      </trkpt>
      <trkpt lat="42.043130" lon="2.940560">
        <ele>50.8</ele>
      </trkpt>
      <trkpt lat="42.043240" lon="2.940700">
        <ele>51.2</ele>
      </trkpt>
      <trkpt lat="42.043370" lon="2.940710">
        <ele>51.3</ele>
      </trkpt>
      <trkpt lat="42.043750" lon="2.940470">
        <ele>50.9</ele>
      </trkpt>
      <trkpt lat="42.043990" lon="2.940430">
        <ele>51.1</ele>
      </trkpt>
      <trkpt lat="42.044690" lon="2.940600">
        <ele>47.1</ele>
      </trkpt>
      <trkpt lat="42.044960" lon="2.940750">
        <ele>46.7</ele>
      </trkpt>
      <trkpt lat="42.045140" lon="2.941090">
        <ele>49.3</ele>
      </trkpt>
      <trkpt lat="42.045370" lon="2.941720">
        <ele>52.5</ele>
      </trkpt>
      <trkpt lat="42.045410" lon="2.941970">
        <ele>51.1</ele>
      </trkpt>
      <trkpt lat="42.045370" lon="2.942140">
        <ele>52.1</ele>
      </trkpt>
      <trkpt lat="42.045400" lon="2.942270">
        <ele>52.2</ele>
      </trkpt>
      <trkpt lat="42.045380" lon="2.942550">
        <ele>52.6</ele>
      </trkpt>
      <trkpt lat="42.045470" lon="2.942560">
        <ele>52.4</ele>
      </trkpt>
      <trkpt lat="42.045500" lon="2.942630">
        <ele>52.5</ele>
      </trkpt>
      <trkpt lat="42.045660" lon="2.942710">
        <ele>52.5</ele>
      </trkpt>
      <trkpt lat="42.045640" lon="2.943410">
        <ele>47.2</ele>
      </trkpt>
      <trkpt lat="42.045990" lon="2.944250">
        <ele>43.1</ele>
      </trkpt>
      <trkpt lat="42.046130" lon="2.944770">
        <ele>41</ele>
      </trkpt>
      <trkpt lat="42.046280" lon="2.945310">
        <ele>40.4</ele>
      </trkpt>
      <trkpt lat="42.046370" lon="2.945390">
        <ele>40.1</ele>
      </trkpt>
      <trkpt lat="42.046510" lon="2.945410">
        <ele>40</ele>
      </trkpt>
      <trkpt lat="42.046650" lon="2.959300">
        <ele>38.3</ele>
      </trkpt>
      <trkpt lat="42.046620" lon="2.959460">
        <ele>38.5</ele>
      </trkpt>
      <trkpt lat="42.046510" lon="2.959630">
        <ele>38.4</ele>
      </trkpt>
      <trkpt lat="42.046560" lon="2.961000">
        <ele>45.4</ele>
      </trkpt>
      <trkpt lat="42.046660" lon="2.961180">
        <ele>47.3</ele>
      </trkpt>
      <trkpt lat="42.046740" lon="2.961220">
        <ele>48.7</ele>
      </trkpt>
      <trkpt lat="42.047270" lon="2.961090">
        <ele>51.8</ele>
      </trkpt>
      <trkpt lat="42.047410" lon="2.961200">
        <ele>53.7</ele>
      </trkpt>
      <trkpt lat="42.047520" lon="2.961560">
        <ele>57.2</ele>
      </trkpt>
      <trkpt lat="42.047630" lon="2.962390">
        <ele>62.5</ele>
      </trkpt>
      <trkpt lat="42.047210" lon="2.963150">
        <ele>65.6</ele>
      </trkpt>
      <trkpt lat="42.047370" lon="2.963260">
        <ele>67.6</ele>
      </trkpt>
      <trkpt lat="42.047650" lon="2.964800">
        <ele>70.6</ele>
      </trkpt>
      <trkpt lat="42.047700" lon="2.966240">
        <ele>70</ele>
      </trkpt>
      <trkpt lat="42.047650" lon="2.966370">
        <ele>69.6</ele>
      </trkpt>
      <trkpt lat="42.046960" lon="2.967680">
        <ele>75.1</ele>
      </trkpt>
      <trkpt lat="42.046880" lon="2.968040">
        <ele>76.4</ele>
      </trkpt>
      <trkpt lat="42.046900" lon="2.968630">
        <ele>78.2</ele>
      </trkpt>
      <trkpt lat="42.046570" lon="2.969330">
        <ele>74.3</ele>
      </trkpt>
      <trkpt lat="42.046480" lon="2.969760">
        <ele>75.8</ele>
      </trkpt>
      <trkpt lat="42.046480" lon="2.970150">
        <ele>79.8</ele>
      </trkpt>
      <trkpt lat="42.046240" lon="2.970980">
        <ele>85.6</ele>
      </trkpt>
      <trkpt lat="42.045970" lon="2.972220">
        <ele>90.4</ele>
      </trkpt>
      <trkpt lat="42.045670" lon="2.972310">
        <ele>87.9</ele>
      </trkpt>
      <trkpt lat="42.045380" lon="2.972480">
        <ele>89.4</ele>
      </trkpt>
      <trkpt lat="42.045010" lon="2.972880">
        <ele>91.1</ele>
      </trkpt>
      <trkpt lat="42.044210" lon="2.972980">
        <ele>93.1</ele>
      </trkpt>
      <trkpt lat="42.043880" lon="2.973680">
        <ele>94.5</ele>
      </trkpt>
      <trkpt lat="42.043030" lon="2.974370">
        <ele>97.4</ele>
      </trkpt>
      <trkpt lat="42.042400" lon="2.975030">
        <ele>98.5</ele>
      </trkpt>
      <trkpt lat="42.042000" lon="2.975350">
        <ele>98.8</ele>
      </trkpt>
      <trkpt lat="42.041550" lon="2.975600">
        <ele>98.1</ele>
      </trkpt>
      <trkpt lat="42.041040" lon="2.975780">
        <ele>99.2</ele>
      </trkpt>
      <trkpt lat="42.040660" lon="2.976000">
        <ele>99.3</ele>
      </trkpt>
      <trkpt lat="42.040280" lon="2.976180">
        <ele>98.8</ele>
      </trkpt>
      <trkpt lat="42.039920" lon="2.976320">
        <ele>99.8</ele>
      </trkpt>
      <trkpt lat="42.039510" lon="2.976660">
        <ele>99.6</ele>
      </trkpt>
      <trkpt lat="42.039300" lon="2.976840">
        <ele>100.9</ele>
      </trkpt>
      <trkpt lat="42.038940" lon="2.976970">
        <ele>100.6</ele>
      </trkpt>
      <trkpt lat="42.038680" lon="2.977170">
        <ele>101.2</ele>
      </trkpt>
      <trkpt lat="42.038430" lon="2.977570">
        <ele>104.7</ele>
      </trkpt>
      <trkpt lat="42.037880" lon="2.978150">
        <ele>110.3</ele>
      </trkpt>
      <trkpt lat="42.037360" lon="2.978640">
        <ele>114.7</ele>
      </trkpt>
      <trkpt lat="42.037080" lon="2.978880">
        <ele>114.9</ele>
      </trkpt>
      <trkpt lat="42.037010" lon="2.979110">
        <ele>115.3</ele>
      </trkpt>
      <trkpt lat="42.036890" lon="2.979670">
        <ele>117.1</ele>
      </trkpt>
      <trkpt lat="42.036600" lon="2.980550">
        <ele>118.3</ele>
      </trkpt>
      <trkpt lat="42.036470" lon="2.981360">
        <ele>119.8</ele>
      </trkpt>
      <trkpt lat="42.036190" lon="2.982390">
        <ele>119.6</ele>
      </trkpt>
      <trkpt lat="42.035940" lon="2.983060">
        <ele>120.7</ele>
      </trkpt>
      <trkpt lat="42.035810" lon="2.983310">
        <ele>120.9</ele>
      </trkpt>
      <trkpt lat="42.035690" lon="2.983770">
        <ele>124.1</ele>
      </trkpt>
      <trkpt lat="42.035420" lon="2.984170">
        <ele>125.5</ele>
      </trkpt>
      <trkpt lat="42.034870" lon="2.985120">
        <ele>127.2</ele>
      </trkpt>
      <trkpt lat="42.034610" lon="2.985500">
        <ele>128.3</ele>
      </trkpt>
      <trkpt lat="42.034140" lon="2.986250">
        <ele>129.5</ele>
      </trkpt>
      <trkpt lat="42.033410" lon="2.987690">
        <ele>131.3</ele>
      </trkpt>
      <trkpt lat="42.032350" lon="2.989130">
        <ele>132</ele>
      </trkpt>
      <trkpt lat="42.033130" lon="2.989910">
        <ele>131</ele>
      </trkpt>
      <trkpt lat="42.033570" lon="2.990490">
        <ele>128.4</ele>
      </trkpt>
      <trkpt lat="42.034150" lon="2.990900">
        <ele>125.8</ele>
      </trkpt>
      <trkpt lat="42.034560" lon="2.991290">
        <ele>123.1</ele>
      </trkpt>
      <trkpt lat="42.034880" lon="2.991730">
        <ele>117.9</ele>
      </trkpt>
      <trkpt lat="42.035540" lon="2.992540">
        <ele>109</ele>
      </trkpt>
      <trkpt lat="42.035660" lon="2.992830">
        <ele>107.3</ele>
      </trkpt>
      <trkpt lat="42.035810" lon="2.993010">
        <ele>104</ele>
      </trkpt>
      <trkpt lat="42.036000" lon="2.993020">
        <ele>101.8</ele>
      </trkpt>
      <trkpt lat="42.036440" lon="2.992990">
        <ele>100.9</ele>
      </trkpt>
      <trkpt lat="42.036770" lon="2.993140">
        <ele>101</ele>
      </trkpt>
      <trkpt lat="42.037040" lon="2.993530">
        <ele>98.7</ele>
      </trkpt>
      <trkpt lat="42.037130" lon="2.993870">
        <ele>96.1</ele>
      </trkpt>
      <trkpt lat="42.037150" lon="2.994570">
        <ele>90.6</ele>
      </trkpt>
      <trkpt lat="42.037160" lon="2.994930">
        <ele>86.9</ele>
      </trkpt>
      <trkpt lat="42.037320" lon="2.995380">
        <ele>85.1</ele>
      </trkpt>
      <trkpt lat="42.037470" lon="2.995560">
        <ele>83.9</ele>
      </trkpt>
      <trkpt lat="42.038450" lon="2.996440">
        <ele>86.4</ele>
      </trkpt>
      <trkpt lat="42.039030" lon="2.997050">
        <ele>81.8</ele>
      </trkpt>
      <trkpt lat="42.039040" lon="2.997880">
        <ele>78.9</ele>
      </trkpt>
      <trkpt lat="42.039550" lon="2.997800">
        <ele>76.2</ele>
      </trkpt>
      <trkpt lat="42.039940" lon="2.997540">
        <ele>75.5</ele>
      </trkpt>
      <trkpt lat="42.040380" lon="2.997530">
        <ele>72.2</ele>
      </trkpt>
      <trkpt lat="42.041580" lon="2.997810">
        <ele>64.1</ele>
      </trkpt>
      <trkpt lat="42.041890" lon="2.998140">
        <ele>63.3</ele>
      </trkpt>
      <trkpt lat="42.042560" lon="2.998760">
        <ele>56.9</ele>
      </trkpt>
      <trkpt lat="42.042900" lon="2.999160">
        <ele>57</ele>
      </trkpt>
      <trkpt lat="42.043090" lon="2.999710">
        <ele>51.4</ele>
      </trkpt>
      <trkpt lat="42.043430" lon="3.000100">
        <ele>51.4</ele>
      </trkpt>
      <trkpt lat="42.043820" lon="3.000910">
        <ele>47.8</ele>
      </trkpt>
      <trkpt lat="42.044070" lon="3.001810">
        <ele>46.2</ele>
      </trkpt>
      <trkpt lat="42.044170" lon="3.002160">
        <ele>44.3</ele>
      </trkpt>
      <trkpt lat="42.045050" lon="3.003420">
        <ele>39.5</ele>
      </trkpt>
      <trkpt lat="42.045550" lon="3.004420">
        <ele>36.2</ele>
      </trkpt>
      <trkpt lat="42.045650" lon="3.004640">
        <ele>36.6</ele>
      </trkpt>
      <trkpt lat="42.045820" lon="3.005140">
        <ele>34.6</ele>
      </trkpt>
      <trkpt lat="42.046210" lon="3.006510">
        <ele>32</ele>
      </trkpt>
      <trkpt lat="42.046290" lon="3.007110">
        <ele>31</ele>
      </trkpt>
      <trkpt lat="42.046850" lon="3.009610">
        <ele>25.4</ele>
      </trkpt>
      <trkpt lat="42.046930" lon="3.010050">
        <ele>23.1</ele>
      </trkpt>
      <trkpt lat="42.047080" lon="3.010500">
        <ele>23</ele>
      </trkpt>
      <trkpt lat="42.047500" lon="3.011320">
        <ele>21.3</ele>
      </trkpt>
      <trkpt lat="42.047900" lon="3.012230">
        <ele>20.5</ele>
      </trkpt>
      <trkpt lat="42.048640" lon="3.015410">
        <ele>18.9</ele>
      </trkpt>
      <trkpt lat="42.048650" lon="3.015760">
        <ele>18.9</ele>
      </trkpt>
      <trkpt lat="42.048320" lon="3.016590">
        <ele>18</ele>
      </trkpt>
      <trkpt lat="42.047630" lon="3.018360">
        <ele>17</ele>
      </trkpt>
      <trkpt lat="42.047650" lon="3.018610">
        <ele>17</ele>
      </trkpt>
      <trkpt lat="42.048790" lon="3.023720">
        <ele>17</ele>
      </trkpt>
      <trkpt lat="42.049360" lon="3.025620">
        <ele>17.1</ele>
      </trkpt>
      <trkpt lat="42.049400" lon="3.026680">
        <ele>17</ele>
      </trkpt>
      <trkpt lat="42.049370" lon="3.028280">
        <ele>16.7</ele>
      </trkpt>
      <trkpt lat="42.049470" lon="3.029990">
        <ele>16.1</ele>
      </trkpt>
      <trkpt lat="42.049610" lon="3.030780">
        <ele>16</ele>
      </trkpt>
      <trkpt lat="42.049820" lon="3.031590">
        <ele>16</ele>
      </trkpt>
      <trkpt lat="42.050090" lon="3.032280">
        <ele>16</ele>
      </trkpt>
      <trkpt lat="42.050160" lon="3.032950">
        <ele>16</ele>
      </trkpt>
      <trkpt lat="42.050260" lon="3.034630">
        <ele>16</ele>
      </trkpt>
      <trkpt lat="42.050400" lon="3.035750">
        <ele>16</ele>
      </trkpt>
      <trkpt lat="42.050460" lon="3.036780">
        <ele>16.3</ele>
      </trkpt>
      <trkpt lat="42.050550" lon="3.037300">
        <ele>17</ele>
      </trkpt>
      <trkpt lat="42.050620" lon="3.038000">
        <ele>16.3</ele>
      </trkpt>
      <trkpt lat="42.050630" lon="3.038730">
        <ele>16.5</ele>
      </trkpt>
      <trkpt lat="42.050880" lon="3.038640">
        <ele>15.5</ele>
      </trkpt>
      <trkpt lat="42.050980" lon="3.038740">
        <ele>14.5</ele>
      </trkpt>
      <trkpt lat="42.052100" lon="3.043020">
        <ele>15.1</ele>
      </trkpt>
      <trkpt lat="42.052160" lon="3.043290">
        <ele>15.7</ele>
      </trkpt>
      <trkpt lat="42.052090" lon="3.043460">
        <ele>15.7</ele>
      </trkpt>
      <trkpt lat="42.052000" lon="3.043440">
        <ele>15.5</ele>
      </trkpt>
      <trkpt lat="42.051840" lon="3.043420">
        <ele>15.6</ele>
      </trkpt>
      <trkpt lat="42.051690" lon="3.043480">
        <ele>16</ele>
      </trkpt>
      <trkpt lat="42.051680" lon="3.043670">
        <ele>16</ele>
      </trkpt>
      <trkpt lat="42.051830" lon="3.043780">
        <ele>16.4</ele>
      </trkpt>
      <trkpt lat="42.052090" lon="3.043860">
        <ele>16.4</ele>
      </trkpt>
      <trkpt lat="42.056080" lon="3.045780">
        <ele>15</ele>
      </trkpt>
      <trkpt lat="42.055560" lon="3.048140">
        <ele>15</ele>
      </trkpt>
      <trkpt lat="42.056360" lon="3.048420">
        <ele>15.9</ele>
      </trkpt>
      <trkpt lat="42.056220" lon="3.049270">
        <ele>15.5</ele>
      </trkpt>
      <trkpt lat="42.056290" lon="3.051000">
        <ele>16</ele>
      </trkpt>
      <trkpt lat="42.056470" lon="3.050870">
        <ele>15.7</ele>
      </trkpt>
      <trkpt lat="42.056100" lon="3.052330">
        <ele>15.6</ele>
      </trkpt>
      <trkpt lat="42.057020" lon="3.055360">
        <ele>14.7</ele>
      </trkpt>
      <trkpt lat="42.057470" lon="3.056010">
        <ele>14</ele>
      </trkpt>
      <trkpt lat="42.057900" lon="3.056850">
        <ele>14.2</ele>
      </trkpt>
      <trkpt lat="42.057910" lon="3.056860">
        <ele>14.2</ele>
      </trkpt>
      <trkpt lat="42.058240" lon="3.057560">
        <ele>14.5</ele>
      </trkpt>
      <trkpt lat="42.058650" lon="3.058540">
        <ele>14</ele>
      </trkpt>
      <trkpt lat="42.059040" lon="3.059200">
        <ele>14</ele>
      </trkpt>
      <trkpt lat="42.059530" lon="3.060180">
        <ele>14</ele>
      </trkpt>
      <trkpt lat="42.059620" lon="3.060350">
        <ele>14</ele>
      </trkpt>
      <trkpt lat="42.060050" lon="3.061390">
        <ele>14</ele>
      </trkpt>
      <trkpt lat="42.060200" lon="3.062020">
        <ele>14</ele>
      </trkpt>
      <trkpt lat="42.060260" lon="3.062450">
        <ele>14</ele>
      </trkpt>
      <trkpt lat="42.060360" lon="3.064160">
        <ele>14</ele>
      </trkpt>
      <trkpt lat="42.060490" lon="3.064730">
        <ele>14</ele>
      </trkpt>
      <trkpt lat="42.060650" lon="3.065180">
        <ele>13.6</ele>
      </trkpt>
      <trkpt lat="42.061230" lon="3.066160">
        <ele>13.2</ele>
      </trkpt>
      <trkpt lat="42.061280" lon="3.066550">
        <ele>12.6</ele>
      </trkpt>
      <trkpt lat="42.061380" lon="3.066770">
        <ele>12.6</ele>
      </trkpt>
      <trkpt lat="42.063130" lon="3.068940">
        <ele>12.9</ele>
      </trkpt>
      <trkpt lat="42.064990" lon="3.070760">
        <ele>13</ele>
      </trkpt>
      <trkpt lat="42.065530" lon="3.071390">
        <ele>13</ele>
      </trkpt>
      <trkpt lat="42.066250" lon="3.072230">
        <ele>13</ele>
      </trkpt>
      <trkpt lat="42.066850" lon="3.073580">
        <ele>12</ele>
      </trkpt>
      <trkpt lat="42.067250" lon="3.074240">
        <ele>12</ele>
      </trkpt>
      <trkpt lat="42.067550" lon="3.074940">
        <ele>12</ele>
      </trkpt>
      <trkpt lat="42.067750" lon="3.075480">
        <ele>12</ele>
      </trkpt>
      <trkpt lat="42.067740" lon="3.076760">
        <ele>12</ele>
      </trkpt>
      <trkpt lat="42.067680" lon="3.078120">
        <ele>12</ele>
      </trkpt>
      <trkpt lat="42.067720" lon="3.078330">
        <ele>12</ele>
      </trkpt>
      <trkpt lat="42.067830" lon="3.078490">
        <ele>12</ele>
      </trkpt>
      <trkpt lat="42.068070" lon="3.078710">
        <ele>12</ele>
      </trkpt>
      <trkpt lat="42.068440" lon="3.078880">
        <ele>12</ele>
      </trkpt>
      <trkpt lat="42.068950" lon="3.078990">
        <ele>12</ele>
      </trkpt>
      <trkpt lat="42.069050" lon="3.079050">
        <ele>12</ele>
      </trkpt>
      <trkpt lat="42.069410" lon="3.079780">
        <ele>12</ele>
      </trkpt>
      <trkpt lat="42.070110" lon="3.081410">
        <ele>12</ele>
      </trkpt>
      <trkpt lat="42.070250" lon="3.081460">
        <ele>12</ele>
      </trkpt>
      <trkpt lat="42.070440" lon="3.081380">
        <ele>12</ele>
      </trkpt>
      <trkpt lat="42.070530" lon="3.081430">
        <ele>12</ele>
      </trkpt>
      <trkpt lat="42.070600" lon="3.081730">
        <ele>11.8</ele>
      </trkpt>
      <trkpt lat="42.070670" lon="3.082410">
        <ele>11.2</ele>
      </trkpt>
      <trkpt lat="42.070760" lon="3.082870">
        <ele>11</ele>
      </trkpt>
      <trkpt lat="42.070770" lon="3.083390">
        <ele>11</ele>
      </trkpt>
      <trkpt lat="42.070810" lon="3.083530">
        <ele>11</ele>
      </trkpt>
      <trkpt lat="42.070930" lon="3.083790">
        <ele>11</ele>
      </trkpt>
      <trkpt lat="42.070930" lon="3.083930">
        <ele>11</ele>
      </trkpt>
      <trkpt lat="42.070910" lon="3.084220">
        <ele>11</ele>
      </trkpt>
      <trkpt lat="42.070950" lon="3.084470">
        <ele>11</ele>
      </trkpt>
      <trkpt lat="42.071150" lon="3.085000">
        <ele>11</ele>
      </trkpt>
      <trkpt lat="42.071170" lon="3.085370">
        <ele>11</ele>
      </trkpt>
      <trkpt lat="42.071210" lon="3.085600">
        <ele>11</ele>
      </trkpt>
      <trkpt lat="42.071310" lon="3.085950">
        <ele>11</ele>
      </trkpt>
      <trkpt lat="42.071340" lon="3.086290">
        <ele>11</ele>
      </trkpt>
      <trkpt lat="42.071370" lon="3.086610">
        <ele>11</ele>
      </trkpt>
      <trkpt lat="42.071440" lon="3.087010">
        <ele>11</ele>
      </trkpt>
      <trkpt lat="42.071450" lon="3.087470">
        <ele>11</ele>
      </trkpt>
      <trkpt lat="42.071490" lon="3.087720">
        <ele>11</ele>
      </trkpt>
      <trkpt lat="42.071570" lon="3.087920">
        <ele>11</ele>
      </trkpt>
      <trkpt lat="42.071680" lon="3.088040">
        <ele>11</ele>
      </trkpt>
      <trkpt lat="42.072010" lon="3.088210">
        <ele>11</ele>
      </trkpt>
      <trkpt lat="42.072080" lon="3.088320">
        <ele>11</ele>
      </trkpt>
      <trkpt lat="42.072190" lon="3.088530">
        <ele>10.9</ele>
      </trkpt>
      <trkpt lat="42.072980" lon="3.089560">
        <ele>10.7</ele>
      </trkpt>
      <trkpt lat="42.074960" lon="3.092220">
        <ele>10.8</ele>
      </trkpt>
      <trkpt lat="42.075500" lon="3.092990">
        <ele>10.2</ele>
      </trkpt>
      <trkpt lat="42.076530" lon="3.094300">
        <ele>10.5</ele>
      </trkpt>
      <trkpt lat="42.076750" lon="3.095120">
        <ele>11.3</ele>
      </trkpt>
      <trkpt lat="42.077290" lon="3.095240">
        <ele>11</ele>
      </trkpt>
      <trkpt lat="42.077620" lon="3.095590">
        <ele>12</ele>
      </trkpt>
      <trkpt lat="42.077750" lon="3.095920">
        <ele>12</ele>
      </trkpt>
      <trkpt lat="42.077850" lon="3.096480">
        <ele>12.1</ele>
      </trkpt>
      <trkpt lat="42.078240" lon="3.097300">
        <ele>9.7</ele>
      </trkpt>
      <trkpt lat="42.078440" lon="3.099030">
        <ele>9</ele>
      </trkpt>
      <trkpt lat="42.078600" lon="3.099530">
        <ele>9</ele>
      </trkpt>
      <trkpt lat="42.078930" lon="3.101160">
        <ele>10.3</ele>
      </trkpt>
      <trkpt lat="42.079390" lon="3.101480">
        <ele>10.9</ele>
      </trkpt>
      <trkpt lat="42.079920" lon="3.101590">
        <ele>10.6</ele>
      </trkpt>
      <trkpt lat="42.080190" lon="3.101780">
        <ele>10.5</ele>
      </trkpt>
      <trkpt lat="42.080570" lon="3.102300">
        <ele>10.4</ele>
      </trkpt>
      <trkpt lat="42.080840" lon="3.103140">
        <ele>11.5</ele>
      </trkpt>
      <trkpt lat="42.081850" lon="3.105420">
        <ele>11.2</ele>
      </trkpt>
      <trkpt lat="42.082040" lon="3.105990">
        <ele>11.3</ele>
      </trkpt>
      <trkpt lat="42.082180" lon="3.106780">
        <ele>10.4</ele>
      </trkpt>
      <trkpt lat="42.082330" lon="3.108960">
        <ele>10.2</ele>
      </trkpt>
      <trkpt lat="42.082340" lon="3.109550">
        <ele>10.1</ele>
      </trkpt>
      <trkpt lat="42.082320" lon="3.110360">
        <ele>9.7</ele>
      </trkpt>
      <trkpt lat="42.082210" lon="3.110810">
        <ele>9.2</ele>
      </trkpt>
      <trkpt lat="42.082000" lon="3.112210">
        <ele>9.4</ele>
      </trkpt>
      <trkpt lat="42.082000" lon="3.112510">
        <ele>9.4</ele>
      </trkpt>
      <trkpt lat="42.082030" lon="3.113730">
        <ele>9.3</ele>
      </trkpt>
      <trkpt lat="42.082040" lon="3.114050">
        <ele>9</ele>
      </trkpt>
      <trkpt lat="42.082000" lon="3.114300">
        <ele>9.1</ele>
      </trkpt>
      <trkpt lat="42.082110" lon="3.114650">
        <ele>8.4</ele>
      </trkpt>
      <trkpt lat="42.082250" lon="3.114800">
        <ele>7.9</ele>
      </trkpt>
      <trkpt lat="42.082300" lon="3.115020">
        <ele>7.4</ele>
      </trkpt>
      <trkpt lat="42.082260" lon="3.115360">
        <ele>6.9</ele>
      </trkpt>
      <trkpt lat="42.082150" lon="3.115850">
        <ele>6.5</ele>
      </trkpt>
      <trkpt lat="42.082060" lon="3.116460">
        <ele>6.6</ele>
      </trkpt>
      <trkpt lat="42.082000" lon="3.116970">
        <ele>6.7</ele>
      </trkpt>
      <trkpt lat="42.081950" lon="3.117230">
        <ele>6</ele>
      </trkpt>
      <trkpt lat="42.081970" lon="3.117360">
        <ele>6</ele>
      </trkpt>
      <trkpt lat="42.082140" lon="3.117470">
        <ele>6</ele>
      </trkpt>
      <trkpt lat="42.082290" lon="3.117540">
        <ele>6</ele>
      </trkpt>
      <trkpt lat="42.082340" lon="3.117660">
        <ele>6</ele>
      </trkpt>
      <trkpt lat="42.082350" lon="3.117920">
        <ele>5.8</ele>
      </trkpt>
      <trkpt lat="42.082390" lon="3.118130">
        <ele>5.6</ele>
      </trkpt>
      <trkpt lat="42.082380" lon="3.118240">
        <ele>5.8</ele>
      </trkpt>
      <trkpt lat="42.082360" lon="3.118370">
        <ele>5.9</ele>
      </trkpt>
      <trkpt lat="42.082360" lon="3.118480">
        <ele>5.7</ele>
      </trkpt>
      <trkpt lat="42.082380" lon="3.118610">
        <ele>5.5</ele>
      </trkpt>
      <trkpt lat="42.082350" lon="3.118840">
        <ele>5.6</ele>
      </trkpt>
      <trkpt lat="42.082350" lon="3.118950">
        <ele>5.5</ele>
      </trkpt>
      <trkpt lat="42.082400" lon="3.119400">
        <ele>5.4</ele>
      </trkpt>
      <trkpt lat="42.082440" lon="3.119610">
        <ele>5.2</ele>
      </trkpt>
      <trkpt lat="42.082440" lon="3.119710">
        <ele>5.2</ele>
      </trkpt>
      <trkpt lat="42.082470" lon="3.119890">
        <ele>5.1</ele>
      </trkpt>
      <trkpt lat="42.082490" lon="3.120330">
        <ele>5</ele>
      </trkpt>
      <trkpt lat="42.082420" lon="3.120470">
        <ele>5.3</ele>
      </trkpt>
      <trkpt lat="42.082370" lon="3.120680">
        <ele>5.5</ele>
      </trkpt>
      <trkpt lat="42.082370" lon="3.120800">
        <ele>5.5</ele>
      </trkpt>
      <trkpt lat="42.082430" lon="3.121020">
        <ele>5.8</ele>
      </trkpt>
      <trkpt lat="42.082420" lon="3.121290">
        <ele>6</ele>
      </trkpt>
      <trkpt lat="42.082440" lon="3.122320">
        <ele>5.2</ele>
      </trkpt>
      <trkpt lat="42.082400" lon="3.122690">
        <ele>5.3</ele>
      </trkpt>
      <trkpt lat="42.082380" lon="3.124600">
        <ele>5.5</ele>
      </trkpt>
      <trkpt lat="42.082450" lon="3.124900">
        <ele>5.2</ele>
      </trkpt>
      <trkpt lat="42.082450" lon="3.125340">
        <ele>6</ele>
      </trkpt>
      <trkpt lat="42.082490" lon="3.125710">
        <ele>6</ele>
      </trkpt>
      <trkpt lat="42.082600" lon="3.126270">
        <ele>5.6</ele>
      </trkpt>
      <trkpt lat="42.082740" lon="3.126310">
        <ele>5.1</ele>
      </trkpt>
      <trkpt lat="42.082910" lon="3.126330">
        <ele>5</ele>
      </trkpt>
      <trkpt lat="42.082960" lon="3.126510">
        <ele>4.7</ele>
      </trkpt>
      <trkpt lat="42.083050" lon="3.127230">
        <ele>5</ele>
      </trkpt>
      <trkpt lat="42.083090" lon="3.127650">
        <ele>4.9</ele>
      </trkpt>
      <trkpt lat="42.083170" lon="3.127990">
        <ele>4.6</ele>
      </trkpt>
      <trkpt lat="42.083250" lon="3.128580">
        <ele>4.9</ele>
      </trkpt>
      <trkpt lat="42.083310" lon="3.128860">
        <ele>5</ele>
      </trkpt>
      <trkpt lat="42.083370" lon="3.129030">
        <ele>4.9</ele>
      </trkpt>
      <trkpt lat="42.084270" lon="3.130060">
        <ele>4.7</ele>
      </trkpt>
      <trkpt lat="42.084420" lon="3.130230">
        <ele>4.8</ele>
      </trkpt>
      <trkpt lat="42.084550" lon="3.130440">
        <ele>4.8</ele>
      </trkpt>
      <trkpt lat="42.085230" lon="3.132050">
        <ele>6</ele>
      </trkpt>
      <trkpt lat="42.085370" lon="3.132240">
        <ele>6</ele>
      </trkpt>
      <trkpt lat="42.085520" lon="3.132410">
        <ele>6</ele>
      </trkpt>
      <trkpt lat="42.086000" lon="3.133210">
        <ele>6</ele>
      </trkpt>
      <trkpt lat="42.086070" lon="3.133370">
        <ele>6.1</ele>
      </trkpt>
      <trkpt lat="42.086620" lon="3.133140">
        <ele>6</ele>
      </trkpt>
      <trkpt lat="42.088450" lon="3.132500">
        <ele>6.4</ele>
      </trkpt>
      <trkpt lat="42.089110" lon="3.132210">
        <ele>5.9</ele>
      </trkpt>
      <trkpt lat="42.089440" lon="3.132150">
        <ele>5.7</ele>
      </trkpt>
      <trkpt lat="42.089650" lon="3.132190">
        <ele>5.9</ele>
      </trkpt>
      <trkpt lat="42.092200" lon="3.133160">
        <ele>5.4</ele>
      </trkpt>
      <trkpt lat="42.092700" lon="3.133400">
        <ele>5.9</ele>
      </trkpt>
      <trkpt lat="42.092850" lon="3.133420">
        <ele>5.9</ele>
      </trkpt>
      <trkpt lat="42.094650" lon="3.133010">
        <ele>6.4</ele>
      </trkpt>
      <trkpt lat="42.094660" lon="3.133180">
        <ele>7.2</ele>
      </trkpt>
      <trkpt lat="42.094680" lon="3.133620">
        <ele>8.9</ele>
      </trkpt>
      <trkpt lat="42.094870" lon="3.134640">
        <ele>13.4</ele>
      </trkpt>
      <trkpt lat="42.094970" lon="3.134980">
        <ele>15.7</ele>
      </trkpt>
      <trkpt lat="42.095060" lon="3.135030">
        <ele>15.7</ele>
      </trkpt>
      <trkpt lat="42.095100" lon="3.135240">
        <ele>16.2</ele>
      </trkpt>
      <trkpt lat="42.095160" lon="3.136130">
        <ele>19.6</ele>
      </trkpt>
      <trkpt lat="42.095230" lon="3.137010">
        <ele>23.1</ele>
      </trkpt>
      <trkpt lat="42.095860" lon="3.136820">
        <ele>26.3</ele>
      </trkpt>
      <trkpt lat="42.096270" lon="3.136790">
        <ele>28.2</ele>
      </trkpt>
      <trkpt lat="42.096600" lon="3.136740">
        <ele>29</ele>
      </trkpt>
      <trkpt lat="42.096670" lon="3.136780">
        <ele>29.4</ele>
      </trkpt>
      <trkpt lat="42.096700" lon="3.136970">
        <ele>30.2</ele>
      </trkpt>
      <trkpt lat="42.096730" lon="3.137100">
        <ele>30.8</ele>
      </trkpt>
      <trkpt lat="42.097420" lon="3.136940">
        <ele>30.3</ele>
      </trkpt>
      <trkpt lat="42.097520" lon="3.136950">
        <ele>29.8</ele>
      </trkpt>
      <trkpt lat="42.097570" lon="3.137040">
        <ele>29.3</ele>
      </trkpt>
      <trkpt lat="42.097670" lon="3.137100">
        <ele>28.5</ele>
      </trkpt>
      <trkpt lat="42.097740" lon="3.137220">
        <ele>28.2</ele>
      </trkpt>
      <trkpt lat="42.097990" lon="3.137390">
        <ele>26.5</ele>
      </trkpt>
      <trkpt lat="42.098120" lon="3.137530">
        <ele>25.9</ele>
      </trkpt>
      <trkpt lat="42.098240" lon="3.137590">
        <ele>25.5</ele>
      </trkpt>
      <trkpt lat="42.098320" lon="3.137620">
        <ele>25.1</ele>
      </trkpt>
      <trkpt lat="42.098540" lon="3.137640">
        <ele>24.3</ele>
      </trkpt>
      <trkpt lat="42.098760" lon="3.137630">
        <ele>23.2</ele>
      </trkpt>
      <trkpt lat="42.098990" lon="3.137670">
        <ele>22.6</ele>
      </trkpt>
      <trkpt lat="42.099260" lon="3.137750">
        <ele>22.9</ele>
      </trkpt>
      <trkpt lat="42.099980" lon="3.137460">
        <ele>23.8</ele>
      </trkpt>
      <trkpt lat="42.100520" lon="3.138900">
        <ele>28</ele>
      </trkpt>
      <trkpt lat="42.100710" lon="3.139410">
        <ele>30</ele>
      </trkpt>
      <trkpt lat="42.101000" lon="3.140440">
        <ele>33.2</ele>
      </trkpt>
      <trkpt lat="42.102220" lon="3.146170">
        <ele>29.8</ele>
      </trkpt>
      <trkpt lat="42.103640" lon="3.150900">
        <ele>24.2</ele>
      </trkpt>
      <trkpt lat="42.104820" lon="3.149820">
        <ele>19.4</ele>
      </trkpt>
      <trkpt lat="42.106020" lon="3.149020">
        <ele>14.6</ele>
      </trkpt>
      <trkpt lat="42.107050" lon="3.148560">
        <ele>11.6</ele>
      </trkpt>
      <trkpt lat="42.107680" lon="3.148450">
        <ele>10.2</ele>
      </trkpt>
      <trkpt lat="42.108510" lon="3.148160">
        <ele>7.6</ele>
      </trkpt>
      <trkpt lat="42.110270" lon="3.147090">
        <ele>3.5</ele>
      </trkpt>
      <trkpt lat="42.110980" lon="3.146840">
        <ele>2.6</ele>
      </trkpt>
      <trkpt lat="42.111710" lon="3.146690">
        <ele>3</ele>
      </trkpt>
      <trkpt lat="42.112890" lon="3.145950">
        <ele>3.2</ele>
      </trkpt>
      <trkpt lat="42.113000" lon="3.145950">
        <ele>3.3</ele>
      </trkpt>
      <trkpt lat="42.113080" lon="3.145590">
        <ele>3.1</ele>
      </trkpt>
      <trkpt lat="42.113440" lon="3.144870">
        <ele>3.4</ele>
      </trkpt>
      <trkpt lat="42.114640" lon="3.143380">
        <ele>3</ele>
      </trkpt>
      <trkpt lat="42.114360" lon="3.141520">
        <ele>2.5</ele>
      </trkpt>
      <trkpt lat="42.114260" lon="3.140680">
        <ele>3.3</ele>
      </trkpt>
      <trkpt lat="42.114350" lon="3.140300">
        <ele>3.3</ele>
      </trkpt>
      <trkpt lat="42.115450" lon="3.137520">
        <ele>3</ele>
      </trkpt>
      <trkpt lat="42.116120" lon="3.136900">
        <ele>2.1</ele>
      </trkpt>
      <trkpt lat="42.116780" lon="3.136660">
        <ele>2.5</ele>
      </trkpt>
      <trkpt lat="42.116920" lon="3.136690">
        <ele>2.8</ele>
      </trkpt>
      <trkpt lat="42.117930" lon="3.137780">
        <ele>2.6</ele>
      </trkpt>
      <trkpt lat="42.118250" lon="3.138030">
        <ele>2.5</ele>
      </trkpt>
      <trkpt lat="42.118640" lon="3.138140">
        <ele>3.8</ele>
      </trkpt>
      <trkpt lat="42.120340" lon="3.138180">
        <ele>3.1</ele>
      </trkpt>
      <trkpt lat="42.121600" lon="3.138130">
        <ele>3.2</ele>
      </trkpt>
      <trkpt lat="42.121740" lon="3.138110">
        <ele>4</ele>
      </trkpt>
      <trkpt lat="42.122110" lon="3.137990">
        <ele>3.1</ele>
      </trkpt>
      <trkpt lat="42.122500" lon="3.137760">
        <ele>4.1</ele>
      </trkpt>
      <trkpt lat="42.123890" lon="3.136600">
        <ele>7.2</ele>
      </trkpt>
      <trkpt lat="42.123930" lon="3.136480">
        <ele>7.6</ele>
      </trkpt>
      <trkpt lat="42.124620" lon="3.136160">
        <ele>5.2</ele>
      </trkpt>
      <trkpt lat="42.126220" lon="3.136150">
        <ele>5.6</ele>
      </trkpt>
      <trkpt lat="42.126230" lon="3.135230">
        <ele>3</ele>
      </trkpt>
      <trkpt lat="42.126410" lon="3.135080">
        <ele>3.1</ele>
      </trkpt>
      <trkpt lat="42.126690" lon="3.134720">
        <ele>3.8</ele>
      </trkpt>
      <trkpt lat="42.127230" lon="3.134410">
        <ele>3.2</ele>
      </trkpt>
      <trkpt lat="42.127210" lon="3.134000">
        <ele>3.2</ele>
      </trkpt>
      <trkpt lat="42.126520" lon="3.133930">
        <ele>2.6</ele>
      </trkpt>
      <trkpt lat="42.126320" lon="3.133730">
        <ele>2.6</ele>
      </trkpt>
      <trkpt lat="42.126210" lon="3.133170">
        <ele>2.5</ele>
      </trkpt>
      <trkpt lat="42.125980" lon="3.133070">
        <ele>3.5</ele>
      </trkpt>
      <trkpt lat="42.126000" lon="3.132830">
        <ele>4.2</ele>
      </trkpt>
      <trkpt lat="42.125520" lon="3.132640">
        <ele>7.8</ele>
      </trkpt>
      <trkpt lat="42.125910" lon="3.130860">
        <ele>17.2</ele>
      </trkpt>
      <trkpt lat="42.125960" lon="3.130460">
        <ele>20.3</ele>
      </trkpt>
      <trkpt lat="42.126370" lon="3.129730">
        <ele>19.7</ele>
      </trkpt>
      <trkpt lat="42.126490" lon="3.129120">
        <ele>20.9</ele>
      </trkpt>
      <trkpt lat="42.126610" lon="3.128900">
        <ele>17.9</ele>
      </trkpt>
      <trkpt lat="42.126740" lon="3.128840">
        <ele>13</ele>
      </trkpt>
      <trkpt lat="42.126820" lon="3.128670">
        <ele>13.3</ele>
      </trkpt>
      <trkpt lat="42.127010" lon="3.128410">
        <ele>13.8</ele>
      </trkpt>
      <trkpt lat="42.127340" lon="3.128270">
        <ele>12.5</ele>
      </trkpt>
      <trkpt lat="42.127430" lon="3.128110">
        <ele>12.4</ele>
      </trkpt>
      <trkpt lat="42.127450" lon="3.127790">
        <ele>10.8</ele>
      </trkpt>
      <trkpt lat="42.127430" lon="3.127600">
        <ele>9.9</ele>
      </trkpt>
      <trkpt lat="42.127280" lon="3.127230">
        <ele>8</ele>
      </trkpt>
      <trkpt lat="42.126520" lon="3.126630">
        <ele>5.4</ele>
      </trkpt>
      <trkpt lat="42.126440" lon="3.125130">
        <ele>5.3</ele>
      </trkpt>
      <trkpt lat="42.126470" lon="3.125000">
        <ele>5.6</ele>
      </trkpt>
      <trkpt lat="42.126530" lon="3.124890">
        <ele>5.6</ele>
      </trkpt>
      <trkpt lat="42.128420" lon="3.123260">
        <ele>2.9</ele>
      </trkpt>
      <trkpt lat="42.128820" lon="3.123010">
        <ele>3.3</ele>
      </trkpt>
      <trkpt lat="42.130080" lon="3.122580">
        <ele>9.8</ele>
      </trkpt>
      <trkpt lat="42.130650" lon="3.122580">
        <ele>6.2</ele>
      </trkpt>
      <trkpt lat="42.131630" lon="3.121970">
        <ele>3.9</ele>
      </trkpt>
      <trkpt lat="42.132540" lon="3.121990">
        <ele>5.3</ele>
      </trkpt>
      <trkpt lat="42.134150" lon="3.121430">
        <ele>6.2</ele>
      </trkpt>
      <trkpt lat="42.134850" lon="3.121310">
        <ele>7.5</ele>
      </trkpt>
      <trkpt lat="42.135450" lon="3.121360">
        <ele>8.4</ele>
      </trkpt>
      <trkpt lat="42.135660" lon="3.121140">
        <ele>7.9</ele>
      </trkpt>
      <trkpt lat="42.136310" lon="3.120010">
        <ele>3.9</ele>
      </trkpt>
      <trkpt lat="42.136630" lon="3.119760">
        <ele>3.2</ele>
      </trkpt>
      <trkpt lat="42.139180" lon="3.118420">
        <ele>4.6</ele>
      </trkpt>
      <trkpt lat="42.139190" lon="3.118740">
        <ele>4.7</ele>
      </trkpt>
      <trkpt lat="42.139560" lon="3.118680">
        <ele>8.5</ele>
      </trkpt>
      <trkpt lat="42.139780" lon="3.118720">
        <ele>8.5</ele>
      </trkpt>
      <trkpt lat="42.139890" lon="3.118860">
        <ele>5.5</ele>
      </trkpt>
      <trkpt lat="42.139970" lon="3.118660">
        <ele>10.2</ele>
      </trkpt>
      <trkpt lat="42.140370" lon="3.118170">
        <ele>10</ele>
      </trkpt>
      <trkpt lat="42.140800" lon="3.117540">
        <ele>5.4</ele>
      </trkpt>
      <trkpt lat="42.140790" lon="3.117350">
        <ele>4.3</ele>
      </trkpt>
      <trkpt lat="42.140720" lon="3.117200">
        <ele>4.2</ele>
      </trkpt>
      <trkpt lat="42.140510" lon="3.117060">
        <ele>5.1</ele>
      </trkpt>
      <trkpt lat="42.140510" lon="3.116950">
        <ele>4.2</ele>
      </trkpt>
      <trkpt lat="42.140690" lon="3.117050">
        <ele>3.6</ele>
      </trkpt>
      <trkpt lat="42.140960" lon="3.117370">
        <ele>3.6</ele>
      </trkpt>
      <trkpt lat="42.141090" lon="3.117330">
        <ele>2.9</ele>
      </trkpt>
      <trkpt lat="42.142310" lon="3.116240">
        <ele>2</ele>
      </trkpt>
      <trkpt lat="42.143160" lon="3.116620">
        <ele>1.9</ele>
      </trkpt>
      <trkpt lat="42.143510" lon="3.116540">
        <ele>2.7</ele>
      </trkpt>
      <trkpt lat="42.144740" lon="3.116070">
        <ele>2.9</ele>
      </trkpt>
      <trkpt lat="42.145040" lon="3.115980">
        <ele>3.1</ele>
      </trkpt>
      <trkpt lat="42.145350" lon="3.115800">
        <ele>1.8</ele>
      </trkpt>
      <trkpt lat="42.145530" lon="3.115620">
        <ele>1.1</ele>
      </trkpt>
      <trkpt lat="42.145730" lon="3.115470">
        <ele>1.3</ele>
      </trkpt>
      <trkpt lat="42.145660" lon="3.115300">
        <ele>1.9</ele>
      </trkpt>
      <trkpt lat="42.145770" lon="3.115000">
        <ele>1</ele>
      </trkpt>
      <trkpt lat="42.145820" lon="3.114970">
        <ele>1</ele>
      </trkpt>
      <trkpt lat="42.145990" lon="3.115000">
        <ele>1</ele>
      </trkpt>
      <trkpt lat="42.146120" lon="3.115000">
        <ele>1</ele>
      </trkpt>
      <trkpt lat="42.146320" lon="3.114950">
        <ele>1</ele>
      </trkpt>
      <trkpt lat="42.146860" lon="3.113830">
        <ele>1</ele>
      </trkpt>
      <trkpt lat="42.147330" lon="3.112880">
        <ele>1</ele>
      </trkpt>
      <trkpt lat="42.147560" lon="3.112420">
        <ele>1</ele>
      </trkpt>
      <trkpt lat="42.147930" lon="3.111640">
        <ele>1</ele>
      </trkpt>
      <trkpt lat="42.148080" lon="3.111380">
        <ele>1</ele>
      </trkpt>
      <trkpt lat="42.148120" lon="3.111230">
        <ele>1</ele>
      </trkpt>
      <trkpt lat="42.148240" lon="3.111010">
        <ele>1.2</ele>
      </trkpt>
      <trkpt lat="42.148250" lon="3.110940">
        <ele>1.4</ele>
      </trkpt>
      <trkpt lat="42.148340" lon="3.110840">
        <ele>2</ele>
      </trkpt>
      <trkpt lat="42.148990" lon="3.110950">
        <ele>1.2</ele>
      </trkpt>
      <trkpt lat="42.149450" lon="3.111080">
        <ele>1</ele>
      </trkpt>
      <trkpt lat="42.149620" lon="3.111120">
        <ele>1.6</ele>
      </trkpt>
      <trkpt lat="42.151270" lon="3.111430">
        <ele>1.9</ele>
      </trkpt>
      <trkpt lat="42.152000" lon="3.111560">
        <ele>2</ele>
      </trkpt>
      <trkpt lat="42.152590" lon="3.111580">
        <ele>2</ele>
      </trkpt>
      <trkpt lat="42.156720" lon="3.111520">
        <ele>1.6</ele>
      </trkpt>
      <trkpt lat="42.157990" lon="3.111240">
        <ele>1.6</ele>
      </trkpt>
      <trkpt lat="42.158420" lon="3.111030">
        <ele>1.8</ele>
      </trkpt>
      <trkpt lat="42.159060" lon="3.110520">
        <ele>1.9</ele>
      </trkpt>
      <trkpt lat="42.160340" lon="3.108850">
        <ele>2</ele>
      </trkpt>
      <trkpt lat="42.160760" lon="3.107680">
        <ele>2.4</ele>
      </trkpt>
      <trkpt lat="42.161000" lon="3.106590">
        <ele>2.4</ele>
      </trkpt>
      <trkpt lat="42.161090" lon="3.105670">
        <ele>2</ele>
      </trkpt>
      <trkpt lat="42.161250" lon="3.105340">
        <ele>2</ele>
      </trkpt>
      <trkpt lat="42.161480" lon="3.105150">
        <ele>2</ele>
      </trkpt>
      <trkpt lat="42.162140" lon="3.104800">
        <ele>2</ele>
      </trkpt>
      <trkpt lat="42.162570" lon="3.104760">
        <ele>2</ele>
      </trkpt>
      <trkpt lat="42.163470" lon="3.104110">
        <ele>2</ele>
      </trkpt>
      <trkpt lat="42.164300" lon="3.103430">
        <ele>2</ele>
      </trkpt>
      <trkpt lat="42.164840" lon="3.104760">
        <ele>2</ele>
      </trkpt>
      <trkpt lat="42.165000" lon="3.105010">
        <ele>2</ele>
      </trkpt>
      <trkpt lat="42.165090" lon="3.105010">
        <ele>2</ele>
      </trkpt>
      <trkpt lat="42.165410" lon="3.105550">
        <ele>2</ele>
      </trkpt>
      <trkpt lat="42.166200" lon="3.107370">
        <ele>2</ele>
      </trkpt>
      <trkpt lat="42.166240" lon="3.107380">
        <ele>2</ele>
      </trkpt>
      <trkpt lat="42.166290" lon="3.107320">
        <ele>2</ele>
      </trkpt>
      <trkpt lat="42.166350" lon="3.107320">
        <ele>2</ele>
      </trkpt>
      <trkpt lat="42.167530" lon="3.107860">
        <ele>1.3</ele>
      </trkpt>
      <trkpt lat="42.170450" lon="3.108670">
        <ele>2</ele>
      </trkpt>
      <trkpt lat="42.170280" lon="3.109870">
        <ele>1.5</ele>
      </trkpt>
      <trkpt lat="42.170460" lon="3.109930">
        <ele>1.9</ele>
      </trkpt>
      <trkpt lat="42.171240" lon="3.109940">
        <ele>2</ele>
      </trkpt>
      <trkpt lat="42.171570" lon="3.109990">
        <ele>2</ele>
      </trkpt>
      <trkpt lat="42.174770" lon="3.109590">
        <ele>1.9</ele>
      </trkpt>
      <trkpt lat="42.177400" lon="3.109320">
        <ele>2</ele>
      </trkpt>
      <trkpt lat="42.177400" lon="3.107390">
        <ele>2</ele>
      </trkpt>
      <trkpt lat="42.177510" lon="3.103620">
        <ele>2</ele>
      </trkpt>
      <trkpt lat="42.177630" lon="3.103410">
        <ele>2.4</ele>
      </trkpt>
      <trkpt lat="42.178070" lon="3.102920">
        <ele>2.5</ele>
      </trkpt>
      <trkpt lat="42.178470" lon="3.101990">
        <ele>2.5</ele>
      </trkpt>
      <trkpt lat="42.178450" lon="3.100900">
        <ele>2.6</ele>
      </trkpt>
      <trkpt lat="42.178670" lon="3.100040">
        <ele>3</ele>
      </trkpt>
      <trkpt lat="42.178930" lon="3.099730">
        <ele>3</ele>
      </trkpt>
      <trkpt lat="42.179230" lon="3.099510">
        <ele>3</ele>
      </trkpt>
      <trkpt lat="42.179840" lon="3.098830">
        <ele>3</ele>
      </trkpt>
      <trkpt lat="42.180290" lon="3.098470">
        <ele>3</ele>
      </trkpt>
      <trkpt lat="42.180960" lon="3.094220">
        <ele>3.6</ele>
      </trkpt>
      <trkpt lat="42.181540" lon="3.093670">
        <ele>4</ele>
      </trkpt>
      <trkpt lat="42.182500" lon="3.093380">
        <ele>4</ele>
      </trkpt>
      <trkpt lat="42.183700" lon="3.093480">
        <ele>4.3</ele>
      </trkpt>
      <trkpt lat="42.184130" lon="3.093330">
        <ele>4</ele>
      </trkpt>
      <trkpt lat="42.184630" lon="3.093000">
        <ele>4.2</ele>
      </trkpt>
      <trkpt lat="42.185050" lon="3.092580">
        <ele>4.6</ele>
      </trkpt>
      <trkpt lat="42.186070" lon="3.092100">
        <ele>4.1</ele>
      </trkpt>
      <trkpt lat="42.186370" lon="3.091790">
        <ele>4</ele>
      </trkpt>
      <trkpt lat="42.186370" lon="3.090780">
        <ele>3.9</ele>
      </trkpt>
      <trkpt lat="42.186400" lon="3.090610">
        <ele>3.2</ele>
      </trkpt>
      <trkpt lat="42.186520" lon="3.090440">
        <ele>2.9</ele>
      </trkpt>
      <trkpt lat="42.187020" lon="3.090130">
        <ele>3.1</ele>
      </trkpt>
      <trkpt lat="42.187280" lon="3.089780">
        <ele>3.6</ele>
      </trkpt>
      <trkpt lat="42.187410" lon="3.089410">
        <ele>3.7</ele>
      </trkpt>
      <trkpt lat="42.187360" lon="3.088820">
        <ele>3.9</ele>
      </trkpt>
      <trkpt lat="42.187230" lon="3.087850">
        <ele>3</ele>
      </trkpt>
      <trkpt lat="42.187070" lon="3.087390">
        <ele>4.3</ele>
      </trkpt>
      <trkpt lat="42.186910" lon="3.086870">
        <ele>4.9</ele>
      </trkpt>
      <trkpt lat="42.186890" lon="3.086510">
        <ele>5.4</ele>
      </trkpt>
      <trkpt lat="42.187690" lon="3.084820">
        <ele>4.8</ele>
      </trkpt>
      <trkpt lat="42.187990" lon="3.084630">
        <ele>4.6</ele>
      </trkpt>
      <trkpt lat="42.188170" lon="3.084620">
        <ele>4</ele>
      </trkpt>
      <trkpt lat="42.188660" lon="3.084760">
        <ele>3.3</ele>
      </trkpt>
      <trkpt lat="42.188550" lon="3.083400">
        <ele>4</ele>
      </trkpt>
      <trkpt lat="42.189560" lon="3.083210">
        <ele>4</ele>
      </trkpt>
      <trkpt lat="42.190010" lon="3.083150">
        <ele>4</ele>
      </trkpt>
      <trkpt lat="42.190750" lon="3.082760">
        <ele>3</ele>
      </trkpt>
      <trkpt lat="42.190730" lon="3.082220">
        <ele>3</ele>
      </trkpt>
      <trkpt lat="42.190490" lon="3.082170">
        <ele>3</ele>
      </trkpt>
      <trkpt lat="42.190620" lon="3.081530">
        <ele>3.5</ele>
      </trkpt>
      <trkpt lat="42.191500" lon="3.081650">
        <ele>3.1</ele>
      </trkpt>
      <trkpt lat="42.191590" lon="3.081010">
        <ele>3.5</ele>
      </trkpt>
      <trkpt lat="42.192270" lon="3.081080">
        <ele>3.1</ele>
      </trkpt>
      <trkpt lat="42.192360" lon="3.081060">
        <ele>3.1</ele>
      </trkpt>
      <trkpt lat="42.192430" lon="3.080960">
        <ele>3.1</ele>
      </trkpt>
      <trkpt lat="42.192440" lon="3.080860">
        <ele>3.2</ele>
      </trkpt>
      <trkpt lat="42.193190" lon="3.080120">
        <ele>3</ele>
      </trkpt>
      <trkpt lat="42.196080" lon="3.078780">
        <ele>3</ele>
      </trkpt>
      <trkpt lat="42.196630" lon="3.078170">
        <ele>3.3</ele>
      </trkpt>
      <trkpt lat="42.197270" lon="3.077760">
        <ele>2.1</ele>
      </trkpt>
      <trkpt lat="42.197090" lon="3.076600">
        <ele>2.9</ele>
      </trkpt>
      <trkpt lat="42.197110" lon="3.076530">
        <ele>2.7</ele>
      </trkpt>
      <trkpt lat="42.197200" lon="3.076490">
        <ele>2.4</ele>
      </trkpt>
      <trkpt lat="42.197190" lon="3.076430">
        <ele>2.3</ele>
      </trkpt>
      <trkpt lat="42.197870" lon="3.076280">
        <ele>2.6</ele>
      </trkpt>
      <trkpt lat="42.198260" lon="3.076050">
        <ele>2.6</ele>
      </trkpt>
      <trkpt lat="42.199180" lon="3.075360">
        <ele>2</ele>
      </trkpt>
      <trkpt lat="42.200020" lon="3.074870">
        <ele>2</ele>
      </trkpt>
      <trkpt lat="42.200660" lon="3.074440">
        <ele>2</ele>
      </trkpt>
      <trkpt lat="42.201500" lon="3.074010">
        <ele>2</ele>
      </trkpt>
      <trkpt lat="42.202020" lon="3.074050">
        <ele>2</ele>
      </trkpt>
      <trkpt lat="42.202620" lon="3.073880">
        <ele>2</ele>
      </trkpt>
      <trkpt lat="42.203220" lon="3.073600">
        <ele>2</ele>
      </trkpt>
      <trkpt lat="42.203610" lon="3.073450">
        <ele>2</ele>
      </trkpt>
      <trkpt lat="42.203920" lon="3.073340">
        <ele>2</ele>
      </trkpt>
      <trkpt lat="42.204420" lon="3.073350">
        <ele>2</ele>
      </trkpt>
      <trkpt lat="42.204690" lon="3.073460">
        <ele>2</ele>
      </trkpt>
      <trkpt lat="42.204970" lon="3.073710">
        <ele>2</ele>
      </trkpt>
      <trkpt lat="42.205330" lon="3.073710">
        <ele>2</ele>
      </trkpt>
      <trkpt lat="42.206080" lon="3.073720">
        <ele>2</ele>
      </trkpt>
      <trkpt lat="42.206310" lon="3.073740">
        <ele>2</ele>
      </trkpt>
      <trkpt lat="42.206380" lon="3.074200">
        <ele>1.2</ele>
      </trkpt>
      <trkpt lat="42.207960" lon="3.074260">
        <ele>1</ele>
      </trkpt>
      <trkpt lat="42.208370" lon="3.074140">
        <ele>1</ele>
      </trkpt>
      <trkpt lat="42.208490" lon="3.074100">
        <ele>1</ele>
      </trkpt>
      <trkpt lat="42.208960" lon="3.074120">
        <ele>1</ele>
      </trkpt>
      <trkpt lat="42.209040" lon="3.074030">
        <ele>1</ele>
      </trkpt>
      <trkpt lat="42.209010" lon="3.071570">
        <ele>1</ele>
      </trkpt>
      <trkpt lat="42.208980" lon="3.071470">
        <ele>1</ele>
      </trkpt>
      <trkpt lat="42.209090" lon="3.071380">
        <ele>1</ele>
      </trkpt>
      <trkpt lat="42.210270" lon="3.071550">
        <ele>1</ele>
      </trkpt>
      <trkpt lat="42.210830" lon="3.071660">
        <ele>2</ele>
      </trkpt>
      <trkpt lat="42.210890" lon="3.071670">
        <ele>2</ele>
      </trkpt>
      <trkpt lat="42.211090" lon="3.071680">
        <ele>2</ele>
      </trkpt>
      <trkpt lat="42.211460" lon="3.069680">
        <ele>1</ele>
      </trkpt>
      <trkpt lat="42.212180" lon="3.069550">
        <ele>1</ele>
      </trkpt>
      <trkpt lat="42.212810" lon="3.069450">
        <ele>1</ele>
      </trkpt>
      <trkpt lat="42.213280" lon="3.069430">
        <ele>1</ele>
      </trkpt>
      <trkpt lat="42.213950" lon="3.069320">
        <ele>1</ele>
      </trkpt>
      <trkpt lat="42.214210" lon="3.069250">
        <ele>1</ele>
      </trkpt>
      <trkpt lat="42.216140" lon="3.068960">
        <ele>1</ele>
      </trkpt>
      <trkpt lat="42.216950" lon="3.068850">
        <ele>1</ele>
      </trkpt>
      <trkpt lat="42.217220" lon="3.068790">
        <ele>1</ele>
      </trkpt>
      <trkpt lat="42.217710" lon="3.068750">
        <ele>1</ele>
      </trkpt>
      <trkpt lat="42.219880" lon="3.068440">
        <ele>1.6</ele>
      </trkpt>
      <trkpt lat="42.220210" lon="3.068280">
        <ele>1.4</ele>
      </trkpt>
      <trkpt lat="42.220610" lon="3.068210">
        <ele>1.4</ele>
      </trkpt>
      <trkpt lat="42.221030" lon="3.068090">
        <ele>1.2</ele>
      </trkpt>
      <trkpt lat="42.221120" lon="3.068020">
        <ele>1</ele>
      </trkpt>
      <trkpt lat="42.221200" lon="3.068010">
        <ele>1</ele>
      </trkpt>
      <trkpt lat="42.221850" lon="3.067780">
        <ele>1.6</ele>
      </trkpt>
      <trkpt lat="42.221940" lon="3.067740">
        <ele>1.9</ele>
      </trkpt>
      <trkpt lat="42.222020" lon="3.067750">
        <ele>1.7</ele>
      </trkpt>
      <trkpt lat="42.222070" lon="3.067780">
        <ele>1.5</ele>
      </trkpt>
      <trkpt lat="42.222120" lon="3.067870">
        <ele>1.5</ele>
      </trkpt>
      <trkpt lat="42.222380" lon="3.068890">
        <ele>1</ele>
      </trkpt>
      <trkpt lat="42.222480" lon="3.069240">
        <ele>1.7</ele>
      </trkpt>
      <trkpt lat="42.222550" lon="3.069320">
        <ele>1.5</ele>
      </trkpt>
      <trkpt lat="42.223150" lon="3.069040">
        <ele>1.7</ele>
      </trkpt>
      <trkpt lat="42.223430" lon="3.069010">
        <ele>2</ele>
      </trkpt>
      <trkpt lat="42.224010" lon="3.069010">
        <ele>2</ele>
      </trkpt>
      <trkpt lat="42.225290" lon="3.068820">
        <ele>2</ele>
      </trkpt>
      <trkpt lat="42.227000" lon="3.068590">
        <ele>2</ele>
      </trkpt>
      <trkpt lat="42.229640" lon="3.068150">
        <ele>2.2</ele>
      </trkpt>
      <trkpt lat="42.229940" lon="3.068220">
        <ele>2.6</ele>
      </trkpt>
      <trkpt lat="42.230240" lon="3.068510">
        <ele>2.7</ele>
      </trkpt>
      <trkpt lat="42.231250" lon="3.068880">
        <ele>2.5</ele>
      </trkpt>
      <trkpt lat="42.232010" lon="3.069160">
        <ele>2.8</ele>
      </trkpt>
      <trkpt lat="42.232290" lon="3.069310">
        <ele>2.1</ele>
      </trkpt>
      <trkpt lat="42.233410" lon="3.070320">
        <ele>2.9</ele>
      </trkpt>
      <trkpt lat="42.234020" lon="3.070840">
        <ele>2.5</ele>
      </trkpt>
      <trkpt lat="42.234260" lon="3.070980">
        <ele>2.3</ele>
      </trkpt>
      <trkpt lat="42.234490" lon="3.071030">
        <ele>3</ele>
      </trkpt>
      <trkpt lat="42.234820" lon="3.070940">
        <ele>3</ele>
      </trkpt>
      <trkpt lat="42.236290" lon="3.069880">
        <ele>3</ele>
      </trkpt>
      <trkpt lat="42.237430" lon="3.069200">
        <ele>3</ele>
      </trkpt>
      <trkpt lat="42.237300" lon="3.068830">
        <ele>4.1</ele>
      </trkpt>
      <trkpt lat="42.237280" lon="3.068700">
        <ele>3.6</ele>
      </trkpt>
      <trkpt lat="42.237290" lon="3.068550">
        <ele>3.5</ele>
      </trkpt>
      <trkpt lat="42.237360" lon="3.068430">
        <ele>4</ele>
      </trkpt>
      <trkpt lat="42.237490" lon="3.068220">
        <ele>4.1</ele>
      </trkpt>
      <trkpt lat="42.237670" lon="3.067850">
        <ele>4.2</ele>
      </trkpt>
      <trkpt lat="42.237800" lon="3.067660">
        <ele>4.2</ele>
      </trkpt>
      <trkpt lat="42.238200" lon="3.067240">
        <ele>4.1</ele>
      </trkpt>
      <trkpt lat="42.238400" lon="3.066990">
        <ele>4.4</ele>
      </trkpt>
      <trkpt lat="42.238600" lon="3.066800">
        <ele>4.5</ele>
      </trkpt>
      <trkpt lat="42.238740" lon="3.066680">
        <ele>4.1</ele>
      </trkpt>
      <trkpt lat="42.238860" lon="3.066530">
        <ele>4.1</ele>
      </trkpt>
      <trkpt lat="42.238930" lon="3.066340">
        <ele>4.1</ele>
      </trkpt>
      <trkpt lat="42.239070" lon="3.066150">
        <ele>4.3</ele>
      </trkpt>
      <trkpt lat="42.239400" lon="3.065800">
        <ele>4</ele>
      </trkpt>
      <trkpt lat="42.240250" lon="3.064980">
        <ele>4</ele>
      </trkpt>
      <trkpt lat="42.240440" lon="3.064860">
        <ele>4</ele>
      </trkpt>
      <trkpt lat="42.241330" lon="3.064570">
        <ele>4</ele>
      </trkpt>
      <trkpt lat="42.241510" lon="3.064530">
        <ele>4</ele>
      </trkpt>
      <trkpt lat="42.241620" lon="3.064510">
        <ele>4</ele>
      </trkpt>
      <trkpt lat="42.241840" lon="3.064380">
        <ele>4</ele>
      </trkpt>
      <trkpt lat="42.241920" lon="3.064400">
        <ele>4</ele>
      </trkpt>
      <trkpt lat="42.242350" lon="3.065110">
        <ele>4</ele>
      </trkpt>
      <trkpt lat="42.242520" lon="3.065490">
        <ele>4</ele>
      </trkpt>
      <trkpt lat="42.242700" lon="3.066060">
        <ele>4.3</ele>
      </trkpt>
      <trkpt lat="42.242810" lon="3.066310">
        <ele>4</ele>
      </trkpt>
      <trkpt lat="42.243000" lon="3.066570">
        <ele>4</ele>
      </trkpt>
      <trkpt lat="42.243780" lon="3.067050">
        <ele>4.4</ele>
      </trkpt>
      <trkpt lat="42.244220" lon="3.067550">
        <ele>4.2</ele>
      </trkpt>
      <trkpt lat="42.244470" lon="3.068450">
        <ele>5</ele>
      </trkpt>
      <trkpt lat="42.244580" lon="3.068580">
        <ele>5.4</ele>
      </trkpt>
      <trkpt lat="42.246160" lon="3.068050">
        <ele>5.4</ele>
      </trkpt>
      <trkpt lat="42.247140" lon="3.067370">
        <ele>6</ele>
      </trkpt>
      <trkpt lat="42.247560" lon="3.066330">
        <ele>6.2</ele>
      </trkpt>
      <trkpt lat="42.248310" lon="3.065850">
        <ele>6.1</ele>
      </trkpt>
      <trkpt lat="42.248490" lon="3.065800">
        <ele>6</ele>
      </trkpt>
      <trkpt lat="42.248830" lon="3.065760">
        <ele>6.2</ele>
      </trkpt>
      <trkpt lat="42.249020" lon="3.065800">
        <ele>6.1</ele>
      </trkpt>
      <trkpt lat="42.250590" lon="3.066350">
        <ele>6</ele>
      </trkpt>
      <trkpt lat="42.252510" lon="3.066360">
        <ele>6.1</ele>
      </trkpt>
      <trkpt lat="42.252710" lon="3.066430">
        <ele>6.8</ele>
      </trkpt>
      <trkpt lat="42.252870" lon="3.066540">
        <ele>7</ele>
      </trkpt>
      <trkpt lat="42.253010" lon="3.066710">
        <ele>7</ele>
      </trkpt>
      <trkpt lat="42.253120" lon="3.066820">
        <ele>7</ele>
      </trkpt>
      <trkpt lat="42.253370" lon="3.066880">
        <ele>7</ele>
      </trkpt>
      <trkpt lat="42.253540" lon="3.066950">
        <ele>7</ele>
      </trkpt>
      <trkpt lat="42.253830" lon="3.067150">
        <ele>7</ele>
      </trkpt>
      <trkpt lat="42.253880" lon="3.067090">
        <ele>7</ele>
      </trkpt>
      <trkpt lat="42.255730" lon="3.067910">
        <ele>9.3</ele>
      </trkpt>
      <trkpt lat="42.255730" lon="3.068040">
        <ele>9.4</ele>
      </trkpt>
      <trkpt lat="42.255990" lon="3.068120">
        <ele>9.1</ele>
      </trkpt>
      <trkpt lat="42.256660" lon="3.068300">
        <ele>3.4</ele>
        <time>2026-03-28T15:32:11Z</time>
      </trkpt>
      <trkpt lat="42.256970" lon="3.068400">
        <ele>7.6</ele>
        <time>2026-03-28T15:32:19Z</time>
      </trkpt>
      <trkpt lat="42.257120" lon="3.068490">
        <ele>7</ele>
        <time>2026-03-28T15:32:33Z</time>
      </trkpt>
      <trkpt lat="42.257810" lon="3.069680">
        <ele>7</ele>
        <time>2026-03-28T15:35:01Z</time>
      </trkpt>
      <trkpt lat="42.258350" lon="3.070380">
        <ele>8</ele>
        <time>2026-03-28T15:35:17Z</time>
      </trkpt>
      <trkpt lat="42.258620" lon="3.071170">
        <ele>8</ele>
        <time>2026-03-28T15:35:33Z</time>
      </trkpt>
      <trkpt lat="42.258760" lon="3.071620">
        <ele>8</ele>
        <time>2026-03-28T15:35:58Z</time>
      </trkpt>
      <trkpt lat="42.258900" lon="3.072440">
        <ele>9</ele>
        <time>2026-03-28T15:36:14Z</time>
      </trkpt>
      <trkpt lat="42.259420" lon="3.073400">
        <ele>11.2</ele>
        <time>2026-03-28T15:36:38Z</time>
      </trkpt>
      <trkpt lat="42.259740" lon="3.073670">
        <ele>7</ele>
        <time>2026-03-28T15:36:48Z</time>
      </trkpt>
      <trkpt lat="42.259780" lon="3.073750">
        <ele>7</ele>
        <time>2026-03-28T15:36:50Z</time>
      </trkpt>
      <trkpt lat="42.259730" lon="3.073940">
        <ele>13.2</ele>
        <time>2026-03-28T15:36:54Z</time>
      </trkpt>
      <trkpt lat="42.259780" lon="3.074640">
        <ele>16.7</ele>
        <time>2026-03-28T15:36:58Z</time>
      </trkpt>
      <trkpt lat="42.259640" lon="3.074660">
        <ele>16.4</ele>
      </trkpt>
      <trkpt lat="42.259510" lon="3.075500">
        <ele>15.6</ele>
      </trkpt>
      <trkpt lat="42.259430" lon="3.075530">
        <ele>15</ele>
      </trkpt>
      <trkpt lat="42.259340" lon="3.075850">
        <ele>15.6</ele>
      </trkpt>
      <trkpt lat="42.259310" lon="3.076130">
        <ele>15.1</ele>
      </trkpt>
      <trkpt lat="42.259180" lon="3.076140">
        <ele>14.3</ele>
      </trkpt>
      <trkpt lat="42.259080" lon="3.076110">
        <ele>13.4</ele>
      </trkpt>
      <trkpt lat="42.258750" lon="3.076200">
        <ele>11.2</ele>
      </trkpt>
      <trkpt lat="42.258710" lon="3.076130">
        <ele>10.7</ele>
      </trkpt>
      <trkpt lat="42.258650" lon="3.076230">
        <ele>10.6</ele>
        <time>2026-03-28T15:37:56Z</time>
      </trkpt>
      <trkpt lat="42.258600" lon="3.076480">
        <ele>10.3</ele>
        <time>2026-03-28T15:38:00Z</time>
      </trkpt>
      <trkpt lat="42.258580" lon="3.076840">
        <ele>8.4</ele>
        <time>2026-03-28T15:38:06Z</time>
      </trkpt>
      <trkpt lat="42.258530" lon="3.077080">
        <ele>7.5</ele>
        <time>2026-03-28T15:38:08Z</time>
      </trkpt>
      <trkpt lat="42.258460" lon="3.077210">
        <ele>7</ele>
        <time>2026-03-28T15:38:10Z</time>
      </trkpt>
      <trkpt lat="42.258460" lon="3.077610">
        <ele>6.3</ele>
        <time>2026-03-28T15:38:14Z</time>
      </trkpt>
      <trkpt lat="42.258500" lon="3.077830">
        <ele>6.1</ele>
        <time>2026-03-28T15:38:22Z</time>
      </trkpt>
      <trkpt lat="42.258630" lon="3.078220">
        <ele>5.9</ele>
        <time>2026-03-28T15:38:28Z</time>
      </trkpt>
      <trkpt lat="42.258740" lon="3.078630">
        <ele>6.6</ele>
        <time>2026-03-28T15:38:32Z</time>
      </trkpt>
      <trkpt lat="42.258870" lon="3.079230">
        <ele>6</ele>
      </trkpt>
      <trkpt lat="42.259000" lon="3.079930">
        <ele>1.6</ele>
        <time>2026-03-28T15:38:52Z</time>
      </trkpt>
      <trkpt lat="42.259080" lon="3.080460">
        <ele>5.5</ele>
      </trkpt>
      <trkpt lat="42.259130" lon="3.081020">
        <ele>6.1</ele>
      </trkpt>
      <trkpt lat="42.259170" lon="3.081300">
        <ele>6</ele>
      </trkpt>
      <trkpt lat="42.259230" lon="3.081810">
        <ele>1.2</ele>
        <time>2026-03-28T15:39:16Z</time>
      </trkpt>
      <trkpt lat="42.259350" lon="3.082470">
        <ele>0.6</ele>
        <time>2026-03-28T15:39:24Z</time>
      </trkpt>
      <trkpt lat="42.259420" lon="3.082960">
        <ele>0.6</ele>
        <time>2026-03-28T15:39:30Z</time>
      </trkpt>
      <trkpt lat="42.259540" lon="3.083250">
        <ele>1.2</ele>
        <time>2026-03-28T15:39:34Z</time>
      </trkpt>
      <trkpt lat="42.259680" lon="3.083530">
        <ele>0.6</ele>
        <time>2026-03-28T15:39:38Z</time>
      </trkpt>
      <trkpt lat="42.259940" lon="3.083910">
        <ele>0.2</ele>
        <time>2026-03-28T15:39:44Z</time>
      </trkpt>
      <trkpt lat="42.260210" lon="3.084480">
        <ele>0.4</ele>
        <time>2026-03-28T15:39:52Z</time>
      </trkpt>
      <trkpt lat="42.260560" lon="3.085300">
        <ele>5.1</ele>
      </trkpt>
      <trkpt lat="42.260630" lon="3.085530">
        <ele>1</ele>
        <time>2026-03-28T15:40:06Z</time>
      </trkpt>
      <trkpt lat="42.260870" lon="3.087010">
        <ele>1.8</ele>
        <time>2026-03-28T15:40:26Z</time>
      </trkpt>
      <trkpt lat="42.261500" lon="3.089570">
        <ele>0.6</ele>
        <time>2026-03-28T15:40:58Z</time>
      </trkpt>
      <trkpt lat="42.261730" lon="3.090290">
        <ele>-0.8</ele>
        <time>2026-03-28T15:41:08Z</time>
      </trkpt>
      <trkpt lat="42.262030" lon="3.091570">
        <ele>-1.4</ele>
        <time>2026-03-28T15:41:24Z</time>
      </trkpt>
      <trkpt lat="42.262360" lon="3.092850">
        <ele>-2</ele>
        <time>2026-03-28T15:41:40Z</time>
      </trkpt>
      <trkpt lat="42.262700" lon="3.094040">
        <ele>-3</ele>
        <time>2026-03-28T15:41:56Z</time>
      </trkpt>
      <trkpt lat="42.263050" lon="3.095670">
        <ele>-3</ele>
        <time>2026-03-28T15:42:16Z</time>
      </trkpt>
      <trkpt lat="42.263110" lon="3.096360">
        <ele>-1.2</ele>
        <time>2026-03-28T15:42:24Z</time>
      </trkpt>
      <trkpt lat="42.263300" lon="3.097750">
        <ele>-1.2</ele>
        <time>2026-03-28T15:42:40Z</time>
      </trkpt>
      <trkpt lat="42.263370" lon="3.099200">
        <ele>-2.4</ele>
        <time>2026-03-28T15:42:56Z</time>
      </trkpt>
      <trkpt lat="42.263960" lon="3.104810">
        <ele>-2</ele>
        <time>2026-03-28T15:44:12Z</time>
      </trkpt>
      <trkpt lat="42.264110" lon="3.105410">
        <ele>-3.2</ele>
        <time>2026-03-28T15:44:20Z</time>
      </trkpt>
      <trkpt lat="42.264200" lon="3.105700">
        <ele>-3.6</ele>
        <time>2026-03-28T15:44:24Z</time>
      </trkpt>
      <trkpt lat="42.264320" lon="3.105960">
        <ele>-3.6</ele>
        <time>2026-03-28T15:44:28Z</time>
      </trkpt>
      <trkpt lat="42.264630" lon="3.106450">
        <ele>-3.6</ele>
        <time>2026-03-28T15:44:36Z</time>
      </trkpt>
      <trkpt lat="42.265050" lon="3.107220">
        <ele>-3.8</ele>
        <time>2026-03-28T15:44:48Z</time>
      </trkpt>
      <trkpt lat="42.265270" lon="3.107550">
        <ele>-3.4</ele>
        <time>2026-03-28T15:44:54Z</time>
      </trkpt>
      <trkpt lat="42.265810" lon="3.108110">
        <ele>-3.8</ele>
        <time>2026-03-28T15:45:06Z</time>
      </trkpt>
      <trkpt lat="42.265870" lon="3.108240">
        <ele>-3.8</ele>
        <time>2026-03-28T15:45:08Z</time>
      </trkpt>
      <trkpt lat="42.265860" lon="3.108420">
        <ele>2</ele>
        <time>2026-03-28T15:45:10Z</time>
      </trkpt>
      <trkpt lat="42.265890" lon="3.110040">
        <ele>-1</ele>
        <time>2026-03-28T15:45:30Z</time>
      </trkpt>
      <trkpt lat="42.265830" lon="3.110200">
        <ele>3</ele>
        <time>2026-03-28T15:45:32Z</time>
      </trkpt>
      <trkpt lat="42.265430" lon="3.110520">
        <ele>2.4</ele>
        <time>2026-03-28T15:45:42Z</time>
      </trkpt>
      <trkpt lat="42.265150" lon="3.110830">
        <ele>1.2</ele>
        <time>2026-03-28T15:45:50Z</time>
      </trkpt>
      <trkpt lat="42.265060" lon="3.110830">
        <ele>1</ele>
        <time>2026-03-28T15:45:52Z</time>
      </trkpt>
      <trkpt lat="42.264910" lon="3.110750">
        <ele>3.6</ele>
        <time>2026-03-28T15:45:54Z</time>
      </trkpt>
      <trkpt lat="42.264770" lon="3.110800">
        <ele>1.2</ele>
        <time>2026-03-28T15:45:57Z</time>
      </trkpt>
      <trkpt lat="42.264680" lon="3.110900">
        <ele>1.2</ele>
        <time>2026-03-28T15:45:59Z</time>
      </trkpt>
      <trkpt lat="42.264550" lon="3.111140">
        <ele>1.2</ele>
        <time>2026-03-28T15:46:03Z</time>
      </trkpt>
      <trkpt lat="42.264510" lon="3.111280">
        <ele>1.2</ele>
        <time>2026-03-28T15:46:05Z</time>
      </trkpt>
      <trkpt lat="42.264520" lon="3.111340">
        <ele>1.2</ele>
        <time>2026-03-28T15:46:06Z</time>
      </trkpt>
      <trkpt lat="42.264690" lon="3.111420">
        <ele>3.6</ele>
        <time>2026-03-28T15:46:08Z</time>
      </trkpt>
      <trkpt lat="42.264790" lon="3.111610">
        <ele>0.6</ele>
        <time>2026-03-28T15:46:12Z</time>
      </trkpt>
      <trkpt lat="42.264850" lon="3.111860">
        <ele>0.6</ele>
        <time>2026-03-28T15:46:16Z</time>
      </trkpt>
      <trkpt lat="42.264920" lon="3.114910">
        <ele>1.2</ele>
        <time>2026-03-28T15:46:56Z</time>
      </trkpt>
      <trkpt lat="42.264910" lon="3.115020">
        <ele>1.2</ele>
        <time>2026-03-28T15:46:58Z</time>
      </trkpt>
      <trkpt lat="42.264830" lon="3.115090">
        <ele>1</ele>
        <time>2026-03-28T15:47:00Z</time>
      </trkpt>
      <trkpt lat="42.263850" lon="3.115450">
        <ele>-1.2</ele>
        <time>2026-03-28T15:47:16Z</time>
      </trkpt>
      <trkpt lat="42.262720" lon="3.115910">
        <ele>-1</ele>
        <time>2026-03-28T15:47:36Z</time>
      </trkpt>
      <trkpt lat="42.262220" lon="3.116090">
        <ele>-0.4</ele>
        <time>2026-03-28T15:47:44Z</time>
      </trkpt>
      <trkpt lat="42.261200" lon="3.116510">
        <ele>-1</ele>
        <time>2026-03-28T15:48:00Z</time>
      </trkpt>
      <trkpt lat="42.260710" lon="3.116690">
        <ele>-0.4</ele>
        <time>2026-03-28T15:48:08Z</time>
      </trkpt>
      <trkpt lat="42.260590" lon="3.116670">
        <ele>-0.4</ele>
        <time>2026-03-28T15:48:10Z</time>
      </trkpt>
      <trkpt lat="42.260480" lon="3.116600">
        <ele>-0.6</ele>
        <time>2026-03-28T15:48:12Z</time>
      </trkpt>
      <trkpt lat="42.260280" lon="3.116430">
        <ele>-0.8</ele>
        <time>2026-03-28T15:48:16Z</time>
      </trkpt>
      <trkpt lat="42.260170" lon="3.116400">
        <ele>-1</ele>
        <time>2026-03-28T15:48:18Z</time>
      </trkpt>
      <trkpt lat="42.260060" lon="3.116460">
        <ele>-1.2</ele>
        <time>2026-03-28T15:48:20Z</time>
      </trkpt>
      <trkpt lat="42.260010" lon="3.116620">
        <ele>-1.4</ele>
        <time>2026-03-28T15:48:22Z</time>
      </trkpt>
      <trkpt lat="42.260030" lon="3.116920">
        <ele>1</ele>
        <time>2026-03-28T15:48:24Z</time>
      </trkpt>
      <trkpt lat="42.260030" lon="3.117390">
        <ele>1</ele>
        <time>2026-03-28T15:48:28Z</time>
      </trkpt>
      <trkpt lat="42.259780" lon="3.120940">
        <ele>1</ele>
        <time>2026-03-28T15:49:08Z</time>
      </trkpt>
      <trkpt lat="42.259820" lon="3.121130">
        <ele>1</ele>
        <time>2026-03-28T15:49:13Z</time>
      </trkpt>
      <trkpt lat="42.260940" lon="3.123100">
        <ele>-4.6</ele>
        <time>2026-03-28T15:49:41Z</time>
      </trkpt>
      <trkpt lat="42.264790" lon="3.127930">
        <ele>1</ele>
      </trkpt>
      <trkpt lat="42.265010" lon="3.127890">
        <ele>1</ele>
      </trkpt>
      <trkpt lat="42.265740" lon="3.127620">
        <ele>1</ele>
      </trkpt>
      <trkpt lat="42.266150" lon="3.127260">
        <ele>1.1</ele>
      </trkpt>
      <trkpt lat="42.266350" lon="3.127690">
        <ele>1.3</ele>
      </trkpt>
      <trkpt lat="42.266520" lon="3.127940">
        <ele>1.2</ele>
      </trkpt>
      <trkpt lat="42.266730" lon="3.128110">
        <ele>1</ele>
      </trkpt>
      <trkpt lat="42.267280" lon="3.128340">
        <ele>1</ele>
      </trkpt>
      <trkpt lat="42.267730" lon="3.128890">
        <ele>1</ele>
      </trkpt>
      <trkpt lat="42.268150" lon="3.129660">
        <ele>1</ele>
      </trkpt>
      <trkpt lat="42.269150" lon="3.130890">
        <ele>1.2</ele>
      </trkpt>
      <trkpt lat="42.269270" lon="3.130880">
        <ele>1.1</ele>
      </trkpt>
      <trkpt lat="42.269370" lon="3.130800">
        <ele>1</ele>
      </trkpt>
      <trkpt lat="42.269640" lon="3.130510">
        <ele>3.1</ele>
      </trkpt>
      <trkpt lat="42.269740" lon="3.130530">
        <ele>4</ele>
      </trkpt>
      <trkpt lat="42.269850" lon="3.130750">
        <ele>2.9</ele>
      </trkpt>
      <trkpt lat="42.270590" lon="3.131890">
        <ele>4.5</ele>
      </trkpt>
      <trkpt lat="42.270660" lon="3.132160">
        <ele>3.8</ele>
      </trkpt>
      <trkpt lat="42.270910" lon="3.132460">
        <ele>5</ele>
      </trkpt>
      <trkpt lat="42.271380" lon="3.133210">
        <ele>5.7</ele>
      </trkpt>
      <trkpt lat="42.271530" lon="3.133570">
        <ele>2.1</ele>
      </trkpt>
      <trkpt lat="42.271640" lon="3.133930">
        <ele>4</ele>
      </trkpt>
      <trkpt lat="42.271670" lon="3.134180">
        <ele>3.9</ele>
      </trkpt>
      <trkpt lat="42.271630" lon="3.134690">
        <ele>2</ele>
      </trkpt>
      <trkpt lat="42.271710" lon="3.134990">
        <ele>1.3</ele>
      </trkpt>
      <trkpt lat="42.271700" lon="3.135110">
        <ele>1.3</ele>
      </trkpt>
      <trkpt lat="42.271610" lon="3.135210">
        <ele>1</ele>
      </trkpt>
      <trkpt lat="42.271630" lon="3.135300">
        <ele>1</ele>
      </trkpt>
      <trkpt lat="42.271740" lon="3.135380">
        <ele>1.5</ele>
      </trkpt>
      <trkpt lat="42.271780" lon="3.136250">
        <ele>1.8</ele>
      </trkpt>
      <trkpt lat="42.271770" lon="3.136710">
        <ele>1.8</ele>
      </trkpt>
      <trkpt lat="42.271510" lon="3.141670">
        <ele>3</ele>
      </trkpt>
      <trkpt lat="42.271450" lon="3.141940">
        <ele>2.3</ele>
      </trkpt>
      <trkpt lat="42.270840" lon="3.143360">
        <ele>2</ele>
      </trkpt>
      <trkpt lat="42.270770" lon="3.145150">
        <ele>2</ele>
      </trkpt>
      <trkpt lat="42.270690" lon="3.145730">
        <ele>2.2</ele>
      </trkpt>
      <trkpt lat="42.267930" lon="3.146510">
        <ele>1.2</ele>
      </trkpt>
      <trkpt lat="42.267750" lon="3.146420">
        <ele>1.1</ele>
      </trkpt>
      <trkpt lat="42.267540" lon="3.146420">
        <ele>1</ele>
      </trkpt>
      <trkpt lat="42.267530" lon="3.146960">
        <ele>1</ele>
      </trkpt>
      <trkpt lat="42.266720" lon="3.150330">
        <ele>1</ele>
      </trkpt>
      <trkpt lat="42.266520" lon="3.150570">
        <ele>1</ele>
      </trkpt>
      <trkpt lat="42.262920" lon="3.152450">
        <ele>1</ele>
      </trkpt>
      <trkpt lat="42.262760" lon="3.152510">
        <ele>1</ele>
      </trkpt>
      <trkpt lat="42.262580" lon="3.152380">
        <ele>1</ele>
      </trkpt>
      <trkpt lat="42.262520" lon="3.152540">
        <ele>1</ele>
      </trkpt>
      <trkpt lat="42.261520" lon="3.153070">
        <ele>1</ele>
      </trkpt>
      <trkpt lat="42.262950" lon="3.156470">
        <ele>1</ele>
      </trkpt>
      <trkpt lat="42.263210" lon="3.157260">
        <ele>1</ele>
      </trkpt>
      <trkpt lat="42.264100" lon="3.160130">
        <ele>1.8</ele>
      </trkpt>
      <trkpt lat="42.264680" lon="3.162240">
        <ele>1.8</ele>
      </trkpt>
      <trkpt lat="42.265210" lon="3.163140">
        <ele>1.8</ele>
      </trkpt>
      <trkpt lat="42.265110" lon="3.165560">
        <ele>1.4</ele>
      </trkpt>
      <trkpt lat="42.265160" lon="3.167380">
        <ele>1.6</ele>
      </trkpt>
      <trkpt lat="42.264690" lon="3.171090">
        <ele>1.8</ele>
      </trkpt>
      <trkpt lat="42.264560" lon="3.171950">
        <ele>1.4</ele>
      </trkpt>
      <trkpt lat="42.264520" lon="3.172050">
        <ele>1.3</ele>
      </trkpt>
      <trkpt lat="42.264540" lon="3.172150">
        <ele>1.3</ele>
      </trkpt>
      <trkpt lat="42.264620" lon="3.172290">
        <ele>1.7</ele>
      </trkpt>
      <trkpt lat="42.264580" lon="3.172500">
        <ele>2</ele>
      </trkpt>
      <trkpt lat="42.264520" lon="3.172600">
        <ele>2</ele>
      </trkpt>
      <trkpt lat="42.264410" lon="3.172710">
        <ele>1.9</ele>
      </trkpt>
      <trkpt lat="42.264170" lon="3.173420">
        <ele>2</ele>
      </trkpt>
      <trkpt lat="42.263970" lon="3.173660">
        <ele>1.4</ele>
      </trkpt>
      <trkpt lat="42.261570" lon="3.175170">
        <ele>1.6</ele>
      </trkpt>
      <trkpt lat="42.261280" lon="3.175590">
        <ele>2</ele>
      </trkpt>
      <trkpt lat="42.261150" lon="3.175880">
        <ele>2</ele>
      </trkpt>
      <trkpt lat="42.261090" lon="3.175880">
        <ele>2</ele>
      </trkpt>
      <trkpt lat="42.260320" lon="3.177880">
        <ele>1.1</ele>
      </trkpt>
      <trkpt lat="42.260140" lon="3.178180">
        <ele>1</ele>
      </trkpt>
      <trkpt lat="42.260150" lon="3.178490">
        <ele>1.3</ele>
      </trkpt>
      <trkpt lat="42.260100" lon="3.178700">
        <ele>1.4</ele>
      </trkpt>
      <trkpt lat="42.258470" lon="3.180930">
        <ele>1.7</ele>
      </trkpt>
      <trkpt lat="42.258310" lon="3.180980">
        <ele>2</ele>
      </trkpt>
      <trkpt lat="42.258150" lon="3.180970">
        <ele>2</ele>
      </trkpt>
      <trkpt lat="42.258040" lon="3.181030">
        <ele>2</ele>
      </trkpt>
      <trkpt lat="42.257950" lon="3.181180">
        <ele>2</ele>
      </trkpt>
      <trkpt lat="42.256180" lon="3.181540">
        <ele>6.789712</ele>
      </trkpt>
      <trkpt lat="42.256030" lon="3.181740">
        <ele>2.8</ele>
      </trkpt>
      <trkpt lat="42.251980" lon="3.181820">
        <ele>4.4</ele>
      </trkpt>
      <trkpt lat="42.250900" lon="3.181970">
        <ele>5.8</ele>
      </trkpt>
      <trkpt lat="42.250570" lon="3.182130">
        <ele>6.5</ele>
      </trkpt>
      <trkpt lat="42.250130" lon="3.182420">
        <ele>18.296935</ele>
      </trkpt>
      <trkpt lat="42.249970" lon="3.182430">
        <ele>18.51655</ele>
      </trkpt>
      <trkpt lat="42.249950" lon="3.182380">
        <ele>7.3</ele>
      </trkpt>
      <trkpt lat="42.249480" lon="3.182170">
        <ele>8</ele>
      </trkpt>
      <trkpt lat="42.249200" lon="3.181910">
        <ele>6.7</ele>
      </trkpt>
      <trkpt lat="42.248760" lon="3.181670">
        <ele>18.988699</ele>
      </trkpt>
      <trkpt lat="42.248240" lon="3.181530">
        <ele>18.69007</ele>
      </trkpt>
      <trkpt lat="42.247610" lon="3.181470">
        <ele>17.091109</ele>
      </trkpt>
      <trkpt lat="42.247230" lon="3.181550">
        <ele>16.091043</ele>
      </trkpt>
      <trkpt lat="42.246850" lon="3.181540">
        <ele>15.115693</ele>
      </trkpt>
      <trkpt lat="42.246610" lon="3.181700">
        <ele>14.509412</ele>
      </trkpt>
      <trkpt lat="42.246330" lon="3.182190">
        <ele>14.462871</ele>
      </trkpt>
      <trkpt lat="42.246230" lon="3.182470">
        <ele>16.7</ele>
      </trkpt>
      <trkpt lat="42.246140" lon="3.182880">
        <ele>18.3</ele>
      </trkpt>
      <trkpt lat="42.246130" lon="3.183170">
        <ele>14.385189</ele>
      </trkpt>
      <trkpt lat="42.246190" lon="3.184120">
        <ele>15.067871</ele>
      </trkpt>
      <trkpt lat="42.246450" lon="3.185000">
        <ele>17.811078</ele>
      </trkpt>
      <trkpt lat="42.246550" lon="3.185530">
        <ele>28.4</ele>
      </trkpt>
      <trkpt lat="42.246470" lon="3.186250">
        <ele>29.1</ele>
      </trkpt>
      <trkpt lat="42.246610" lon="3.187080">
        <ele>31.6</ele>
      </trkpt>
      <trkpt lat="42.246610" lon="3.187450">
        <ele>33.2</ele>
      </trkpt>
      <trkpt lat="42.246380" lon="3.188280">
        <ele>35</ele>
      </trkpt>
      <trkpt lat="42.246330" lon="3.189520">
        <ele>39.6</ele>
      </trkpt>
      <trkpt lat="42.246670" lon="3.190800">
        <ele>35.3</ele>
      </trkpt>
      <trkpt lat="42.246660" lon="3.191060">
        <ele>34.9</ele>
      </trkpt>
      <trkpt lat="42.246520" lon="3.191720">
        <ele>31.8</ele>
      </trkpt>
      <trkpt lat="42.246950" lon="3.192850">
        <ele>13.890261</ele>
      </trkpt>
      <trkpt lat="42.247310" lon="3.193340">
        <ele>20.9</ele>
      </trkpt>
      <trkpt lat="42.247680" lon="3.193900">
        <ele>16.5</ele>
      </trkpt>
      <trkpt lat="42.247850" lon="3.194580">
        <ele>10.026418</ele>
      </trkpt>
      <trkpt lat="42.247610" lon="3.195430">
        <ele>9.8</ele>
      </trkpt>
      <trkpt lat="42.247580" lon="3.196150">
        <ele>8</ele>
      </trkpt>
      <trkpt lat="42.247400" lon="3.196700">
        <ele>13.030417</ele>
      </trkpt>
      <trkpt lat="42.247030" lon="3.197610">
        <ele>16.038503</ele>
      </trkpt>
      <trkpt lat="42.246490" lon="3.198420">
        <ele>20.693894</ele>
      </trkpt>
      <trkpt lat="42.246300" lon="3.198560">
        <ele>21.934418</ele>
      </trkpt>
      <trkpt lat="42.246130" lon="3.198490">
        <ele>22.960431</ele>
      </trkpt>
      <trkpt lat="42.245730" lon="3.197970">
        <ele>13.6</ele>
      </trkpt>
      <trkpt lat="42.245580" lon="3.197860">
        <ele>25.971444</ele>
      </trkpt>
      <trkpt lat="42.245240" lon="3.197910">
        <ele>26.927428</ele>
      </trkpt>
      <trkpt lat="42.245010" lon="3.198030">
        <ele>27.605121</ele>
      </trkpt>
      <trkpt lat="42.244450" lon="3.198800">
        <ele>29.811125</ele>
      </trkpt>
      <trkpt lat="42.244070" lon="3.199060">
        <ele>30.121886</ele>
      </trkpt>
      <trkpt lat="42.243810" lon="3.199370">
        <ele>30.325765</ele>
      </trkpt>
      <trkpt lat="42.243300" lon="3.200360">
        <ele>30.845216</ele>
      </trkpt>
      <trkpt lat="42.242920" lon="3.201210">
        <ele>29.821444</ele>
      </trkpt>
      <trkpt lat="42.242740" lon="3.201770">
        <ele>42.9</ele>
      </trkpt>
      <trkpt lat="42.242720" lon="3.202360">
        <ele>28.076141</ele>
      </trkpt>
      <trkpt lat="42.242660" lon="3.202610">
        <ele>27.691072</ele>
      </trkpt>
      <trkpt lat="42.242400" lon="3.203220">
        <ele>25.947346</ele>
      </trkpt>
      <trkpt lat="42.242390" lon="3.203560">
        <ele>24.963373</ele>
      </trkpt>
      <trkpt lat="42.242490" lon="3.203810">
        <ele>24.140836</ele>
      </trkpt>
      <trkpt lat="42.242150" lon="3.205290">
        <ele>27.7</ele>
      </trkpt>
      <trkpt lat="42.242100" lon="3.205650">
        <ele>27.8</ele>
      </trkpt>
      <trkpt lat="42.242170" lon="3.206230">
        <ele>19.066789</ele>
      </trkpt>
      <trkpt lat="42.242250" lon="3.206480">
        <ele>18.758695</ele>
      </trkpt>
      <trkpt lat="42.242620" lon="3.206900">
        <ele>18.051217</ele>
      </trkpt>
      <trkpt lat="42.242890" lon="3.207620">
        <ele>10.2</ele>
      </trkpt>
      <trkpt lat="42.242870" lon="3.207820">
        <ele>11.4</ele>
      </trkpt>
      <trkpt lat="42.242800" lon="3.207960">
        <ele>18.094087</ele>
      </trkpt>
      <trkpt lat="42.242710" lon="3.208020">
        <ele>18.153044</ele>
      </trkpt>
      <trkpt lat="42.240890" lon="3.208550">
        <ele>13.1</ele>
      </trkpt>
      <trkpt lat="42.240800" lon="3.208690">
        <ele>12.5</ele>
      </trkpt>
      <trkpt lat="42.240800" lon="3.209040">
        <ele>12.3</ele>
      </trkpt>
      <trkpt lat="42.241050" lon="3.209520">
        <ele>13.5</ele>
      </trkpt>
      <trkpt lat="42.241320" lon="3.209910">
        <ele>24.216466</ele>
      </trkpt>
      <trkpt lat="42.241380" lon="3.210130">
        <ele>24.991578</ele>
      </trkpt>
      <trkpt lat="42.241240" lon="3.210360">
        <ele>26.020899</ele>
      </trkpt>
      <trkpt lat="42.241110" lon="3.210440">
        <ele>26.688277</ele>
      </trkpt>
      <trkpt lat="42.239920" lon="3.210460">
        <ele>17.7</ele>
      </trkpt>
      <trkpt lat="42.239740" lon="3.210570">
        <ele>30.814613</ele>
      </trkpt>
      <trkpt lat="42.239440" lon="3.210930">
        <ele>30.007793</ele>
      </trkpt>
      <trkpt lat="42.239340" lon="3.210950">
        <ele>29.813588</ele>
      </trkpt>
      <trkpt lat="42.239190" lon="3.210680">
        <ele>29.321369</ele>
      </trkpt>
      <trkpt lat="42.239080" lon="3.210150">
        <ele>28.517631</ele>
      </trkpt>
      <trkpt lat="42.238970" lon="3.209630">
        <ele>18.1</ele>
      </trkpt>
      <trkpt lat="42.238840" lon="3.209480">
        <ele>26.970359</ele>
      </trkpt>
      <trkpt lat="42.238460" lon="3.209190">
        <ele>25.411285</ele>
      </trkpt>
      <trkpt lat="42.238390" lon="3.208980">
        <ele>24.794892</ele>
      </trkpt>
      <trkpt lat="42.238340" lon="3.208650">
        <ele>23.881684</ele>
      </trkpt>
      <trkpt lat="42.238070" lon="3.209000">
        <ele>25.8</ele>
      </trkpt>
      <trkpt lat="42.237960" lon="3.209430">
        <ele>29.2</ele>
      </trkpt>
      <trkpt lat="42.238020" lon="3.209560">
        <ele>31.1</ele>
      </trkpt>
      <trkpt lat="42.238190" lon="3.209810">
        <ele>33.6</ele>
      </trkpt>
      <trkpt lat="42.237740" lon="3.210650">
        <ele>28.172267</ele>
      </trkpt>
      <trkpt lat="42.237790" lon="3.210800">
        <ele>28.887554</ele>
      </trkpt>
      <trkpt lat="42.238210" lon="3.210970">
        <ele>31.390586</ele>
      </trkpt>
      <trkpt lat="42.238270" lon="3.211090">
        <ele>31.994361</ele>
      </trkpt>
      <trkpt lat="42.238280" lon="3.211320">
        <ele>32.963727</ele>
      </trkpt>
      <trkpt lat="42.238060" lon="3.211940">
        <ele>47.1</ele>
      </trkpt>
      <trkpt lat="42.237730" lon="3.212660">
        <ele>53.9</ele>
      </trkpt>
      <trkpt lat="42.237070" lon="3.213550">
        <ele>43.230242</ele>
      </trkpt>
      <trkpt lat="42.236690" lon="3.214590">
        <ele>53.1</ele>
      </trkpt>
      <trkpt lat="42.236310" lon="3.215340">
        <ele>53.3</ele>
      </trkpt>
      <trkpt lat="42.236300" lon="3.215750">
        <ele>50.102663</ele>
      </trkpt>
      <trkpt lat="42.236580" lon="3.216350">
        <ele>53.564915</ele>
      </trkpt>
      <trkpt lat="42.236410" lon="3.216990">
        <ele>61.5</ele>
      </trkpt>
      <trkpt lat="42.236150" lon="3.217300">
        <ele>58.7</ele>
      </trkpt>
      <trkpt lat="42.236210" lon="3.217430">
        <ele>58</ele>
      </trkpt>
      <trkpt lat="42.236720" lon="3.217730">
        <ele>59.6</ele>
      </trkpt>
      <trkpt lat="42.236830" lon="3.218010">
        <ele>59</ele>
      </trkpt>
      <trkpt lat="42.236790" lon="3.218310">
        <ele>58.4</ele>
      </trkpt>
      <trkpt lat="42.236930" lon="3.218470">
        <ele>58.5</ele>
      </trkpt>
      <trkpt lat="42.237140" lon="3.218370">
        <ele>56.8</ele>
      </trkpt>
      <trkpt lat="42.237160" lon="3.218500">
        <ele>56.6</ele>
      </trkpt>
      <trkpt lat="42.237140" lon="3.219170">
        <ele>53.9</ele>
      </trkpt>
      <trkpt lat="42.237130" lon="3.219930">
        <ele>52.4</ele>
      </trkpt>
      <trkpt lat="42.237220" lon="3.220330">
        <ele>55.1</ele>
      </trkpt>
      <trkpt lat="42.237460" lon="3.220520">
        <ele>56.2</ele>
      </trkpt>
      <trkpt lat="42.237830" lon="3.220510">
        <ele>56.2</ele>
      </trkpt>
      <trkpt lat="42.238050" lon="3.220510">
        <ele>57.3</ele>
      </trkpt>
      <trkpt lat="42.238320" lon="3.220840">
        <ele>57</ele>
      </trkpt>
      <trkpt lat="42.238410" lon="3.221300">
        <ele>57</ele>
      </trkpt>
      <trkpt lat="42.238840" lon="3.221700">
        <ele>60.6</ele>
      </trkpt>
      <trkpt lat="42.239310" lon="3.221660">
        <ele>65.2</ele>
      </trkpt>
      <trkpt lat="42.239780" lon="3.221440">
        <ele>70.7</ele>
      </trkpt>
      <trkpt lat="42.240060" lon="3.221230">
        <ele>72.8</ele>
      </trkpt>
      <trkpt lat="42.240260" lon="3.221180">
        <ele>74.3</ele>
      </trkpt>
      <trkpt lat="42.240780" lon="3.221420">
        <ele>77.7</ele>
      </trkpt>
      <trkpt lat="42.241470" lon="3.221220">
        <ele>81.1</ele>
      </trkpt>
      <trkpt lat="42.242330" lon="3.221000">
        <ele>87.8</ele>
      </trkpt>
      <trkpt lat="42.242710" lon="3.220580">
        <ele>93.5</ele>
      </trkpt>
      <trkpt lat="42.243010" lon="3.220570">
        <ele>94.6</ele>
      </trkpt>
      <trkpt lat="42.243520" lon="3.221460">
        <ele>95.4</ele>
      </trkpt>
      <trkpt lat="42.243480" lon="3.221880">
        <ele>95</ele>
      </trkpt>
      <trkpt lat="42.243400" lon="3.222320">
        <ele>93.8</ele>
      </trkpt>
      <trkpt lat="42.243520" lon="3.222910">
        <ele>95.4</ele>
      </trkpt>
      <trkpt lat="42.243630" lon="3.223100">
        <ele>95.7</ele>
      </trkpt>
      <trkpt lat="42.243760" lon="3.223090">
        <ele>96.1</ele>
      </trkpt>
      <trkpt lat="42.243950" lon="3.222810">
        <ele>99.5</ele>
      </trkpt>
      <trkpt lat="42.243930" lon="3.222570">
        <ele>102.1</ele>
      </trkpt>
      <trkpt lat="42.243990" lon="3.222450">
        <ele>93.195303</ele>
      </trkpt>
      <trkpt lat="42.244180" lon="3.222600">
        <ele>99.3</ele>
      </trkpt>
      <trkpt lat="42.244450" lon="3.222630">
        <ele>99</ele>
      </trkpt>
      <trkpt lat="42.245090" lon="3.222530">
        <ele>81.799339</ele>
      </trkpt>
      <trkpt lat="42.245230" lon="3.222630">
        <ele>80.216659</ele>
      </trkpt>
      <trkpt lat="42.245330" lon="3.222890">
        <ele>78.464212</ele>
      </trkpt>
      <trkpt lat="42.245380" lon="3.223650">
        <ele>73.934064</ele>
      </trkpt>
      <trkpt lat="42.245700" lon="3.224540">
        <ele>68.108491</ele>
      </trkpt>
      <trkpt lat="42.245730" lon="3.225730">
        <ele>62.423959</ele>
      </trkpt>
      <trkpt lat="42.245640" lon="3.226510">
        <ele>59.15815</ele>
      </trkpt>
      <trkpt lat="42.245330" lon="3.227630">
        <ele>54.756185</ele>
      </trkpt>
      <trkpt lat="42.245400" lon="3.227890">
        <ele>54.075729</ele>
      </trkpt>
      <trkpt lat="42.245500" lon="3.228010">
        <ele>53.62621</ele>
      </trkpt>
      <trkpt lat="42.245650" lon="3.228040">
        <ele>53.122154</ele>
      </trkpt>
      <trkpt lat="42.246120" lon="3.227620">
        <ele>51.244719</ele>
      </trkpt>
      <trkpt lat="42.246780" lon="3.227360">
        <ele>49.424924</ele>
      </trkpt>
      <trkpt lat="42.247070" lon="3.227020">
        <ele>48.993987</ele>
      </trkpt>
      <trkpt lat="42.247900" lon="3.226740">
        <ele>48.019465</ele>
      </trkpt>
      <trkpt lat="42.248120" lon="3.226460">
        <ele>47.678837</ele>
      </trkpt>
      <trkpt lat="42.248200" lon="3.226240">
        <ele>46.947004</ele>
      </trkpt>
      <trkpt lat="42.248330" lon="3.224780">
        <ele>41.260738</ele>
      </trkpt>
      <trkpt lat="42.248300" lon="3.224590">
        <ele>40.497237</ele>
      </trkpt>
      <trkpt lat="42.248380" lon="3.224440">
        <ele>39.77184</ele>
      </trkpt>
      <trkpt lat="42.248650" lon="3.224350">
        <ele>38.310412</ele>
      </trkpt>
      <trkpt lat="42.248820" lon="3.224380">
        <ele>36.755443</ele>
      </trkpt>
      <trkpt lat="42.249100" lon="3.224900">
        <ele>32.210109</ele>
      </trkpt>
      <trkpt lat="42.249490" lon="3.225370">
        <ele>27.131171</ele>
      </trkpt>
      <trkpt lat="42.249740" lon="3.226020">
        <ele>21.92413</ele>
      </trkpt>
      <trkpt lat="42.249850" lon="3.226090">
        <ele>20.858706</ele>
      </trkpt>
      <trkpt lat="42.249980" lon="3.226100">
        <ele>20.174737</ele>
      </trkpt>
      <trkpt lat="42.250370" lon="3.225900">
        <ele>18.108181</ele>
      </trkpt>
      <trkpt lat="42.251250" lon="3.225770">
        <ele>13.695013</ele>
      </trkpt>
      <trkpt lat="42.251760" lon="3.225810">
        <ele>11.756185</ele>
      </trkpt>
      <trkpt lat="42.252230" lon="3.225740">
        <ele>11.170639</ele>
      </trkpt>
      <trkpt lat="42.252590" lon="3.225770">
        <ele>10.737522</ele>
      </trkpt>
      <trkpt lat="42.252820" lon="3.225900">
        <ele>10.433129</ele>
      </trkpt>
      <trkpt lat="42.253000" lon="3.226130">
        <ele>10.135885</ele>
      </trkpt>
      <trkpt lat="42.253170" lon="3.226590">
        <ele>9.9269</ele>
      </trkpt>
      <trkpt lat="42.253160" lon="3.227210">
        <ele>11.013728</ele>
      </trkpt>
      <trkpt lat="42.252900" lon="3.227690">
        <ele>12.068787</ele>
      </trkpt>
      <trkpt lat="42.252810" lon="3.228030">
        <ele>12.694254</ele>
      </trkpt>
      <trkpt lat="42.252500" lon="3.228810">
        <ele>14.377026</ele>
      </trkpt>
      <trkpt lat="42.252250" lon="3.229290">
        <ele>16.037631</ele>
      </trkpt>
      <trkpt lat="42.251980" lon="3.229500">
        <ele>17.220469</ele>
      </trkpt>
      <trkpt lat="42.251840" lon="3.229770">
        <ele>18.134837</ele>
      </trkpt>
      <trkpt lat="42.251840" lon="3.229890">
        <ele>18.448913</ele>
      </trkpt>
      <trkpt lat="42.251780" lon="3.230230">
        <ele>19.435981</ele>
      </trkpt>
      <trkpt lat="42.251700" lon="3.230370">
        <ele>19.917572</ele>
      </trkpt>
      <trkpt lat="42.251460" lon="3.230560">
        <ele>20.8726</ele>
      </trkpt>
      <trkpt lat="42.251280" lon="3.230910">
        <ele>21.216507</ele>
      </trkpt>
      <trkpt lat="42.250910" lon="3.231090">
        <ele>21.647468</ele>
      </trkpt>
      <trkpt lat="42.250500" lon="3.231650">
        <ele>22.280783</ele>
      </trkpt>
      <trkpt lat="42.250380" lon="3.232130">
        <ele>32.3</ele>
      </trkpt>
      <trkpt lat="42.249540" lon="3.232740">
        <ele>34.7</ele>
      </trkpt>
      <trkpt lat="42.249310" lon="3.233740">
        <ele>38.6</ele>
      </trkpt>
      <trkpt lat="42.249300" lon="3.234250">
        <ele>39.5</ele>
      </trkpt>
      <trkpt lat="42.249600" lon="3.235180">
        <ele>47.3</ele>
      </trkpt>
      <trkpt lat="42.249550" lon="3.235390">
        <ele>47</ele>
      </trkpt>
      <trkpt lat="42.249060" lon="3.235990">
        <ele>44.5</ele>
      </trkpt>
      <trkpt lat="42.248800" lon="3.236510">
        <ele>24.23466</ele>
      </trkpt>
      <trkpt lat="42.248900" lon="3.236850">
        <ele>42.7</ele>
      </trkpt>
      <trkpt lat="42.249460" lon="3.237120">
        <ele>40.1</ele>
      </trkpt>
      <trkpt lat="42.250470" lon="3.237510">
        <ele>19.859992</ele>
      </trkpt>
      <trkpt lat="42.251170" lon="3.237690">
        <ele>18.699337</ele>
      </trkpt>
      <trkpt lat="42.251370" lon="3.237790">
        <ele>18.350878</ele>
      </trkpt>
      <trkpt lat="42.251530" lon="3.237920">
        <ele>18.049155</ele>
      </trkpt>
      <trkpt lat="42.251720" lon="3.238350">
        <ele>18.062289</ele>
      </trkpt>
      <trkpt lat="42.251890" lon="3.238470">
        <ele>18.240068</ele>
      </trkpt>
      <trkpt lat="42.252110" lon="3.238500">
        <ele>18.439906</ele>
      </trkpt>
      <trkpt lat="42.252240" lon="3.238740">
        <ele>18.637858</ele>
      </trkpt>
      <trkpt lat="42.252160" lon="3.238990">
        <ele>18.826069</ele>
      </trkpt>
      <trkpt lat="42.251890" lon="3.239380">
        <ele>19.186361</ele>
      </trkpt>
      <trkpt lat="42.251850" lon="3.239820">
        <ele>19.498021</ele>
      </trkpt>
      <trkpt lat="42.251800" lon="3.240020">
        <ele>19.638735</ele>
      </trkpt>
      <trkpt lat="42.251430" lon="3.240950">
        <ele>20.367386</ele>
      </trkpt>
      <trkpt lat="42.250810" lon="3.241850">
        <ele>21.364565</ele>
      </trkpt>
      <trkpt lat="42.250650" lon="3.242240">
        <ele>31.4</ele>
      </trkpt>
      <trkpt lat="42.250710" lon="3.242680">
        <ele>23.832803</ele>
      </trkpt>
      <trkpt lat="42.251150" lon="3.243250">
        <ele>26.10763</ele>
      </trkpt>
      <trkpt lat="42.251220" lon="3.243290">
        <ele>26.38578</ele>
      </trkpt>
      <trkpt lat="42.251480" lon="3.243260">
        <ele>27.357454</ele>
      </trkpt>
      <trkpt lat="42.251650" lon="3.243400">
        <ele>28.330339</ele>
      </trkpt>
      <trkpt lat="42.251660" lon="3.243590">
        <ele>29.377174</ele>
      </trkpt>
      <trkpt lat="42.251610" lon="3.243700">
        <ele>30.036156</ele>
      </trkpt>
      <trkpt lat="42.251160" lon="3.244170">
        <ele>34.055957</ele>
      </trkpt>
      <trkpt lat="42.251010" lon="3.244430">
        <ele>35.79559</ele>
      </trkpt>
      <trkpt lat="42.250970" lon="3.244730">
        <ele>37.363901</ele>
      </trkpt>
      <trkpt lat="42.251100" lon="3.245090">
        <ele>39.501648</ele>
      </trkpt>
      <trkpt lat="42.251040" lon="3.245380">
        <ele>39.2</ele>
      </trkpt>
      <trkpt lat="42.250830" lon="3.245490">
        <ele>42.235334</ele>
      </trkpt>
      <trkpt lat="42.250620" lon="3.245440">
        <ele>43.314089</ele>
      </trkpt>
      <trkpt lat="42.249930" lon="3.245710">
        <ele>47.089458</ele>
      </trkpt>
      <trkpt lat="42.249450" lon="3.246280">
        <ele>50.169629</ele>
      </trkpt>
      <trkpt lat="42.249250" lon="3.246450">
        <ele>50.592541</ele>
      </trkpt>
      <trkpt lat="42.249070" lon="3.246470">
        <ele>50.905961</ele>
      </trkpt>
      <trkpt lat="42.248680" lon="3.246230">
        <ele>51.649176</ele>
      </trkpt>
      <trkpt lat="42.248370" lon="3.246240">
        <ele>52.190498</ele>
      </trkpt>
      <trkpt lat="42.248230" lon="3.246360">
        <ele>52.479434</ele>
      </trkpt>
      <trkpt lat="42.248010" lon="3.246700">
        <ele>53.059244</ele>
      </trkpt>
      <trkpt lat="42.247710" lon="3.247370">
        <ele>53.316802</ele>
      </trkpt>
      <trkpt lat="42.247720" lon="3.247560">
        <ele>53.353191</ele>
      </trkpt>
      <trkpt lat="42.247720" lon="3.247560">
        <ele>53.383724</ele>
      </trkpt>
      <trkpt lat="42.248140" lon="3.247490">
        <ele>53.493347</ele>
      </trkpt>
      <trkpt lat="42.248260" lon="3.247600">
        <ele>53.528766</ele>
      </trkpt>
      <trkpt lat="42.248250" lon="3.248040">
        <ele>53.613828</ele>
      </trkpt>
      <trkpt lat="42.248380" lon="3.248870">
        <ele>54.935105</ele>
      </trkpt>
      <trkpt lat="42.248480" lon="3.249150">
        <ele>55.568821</ele>
      </trkpt>
      <trkpt lat="42.248680" lon="3.249450">
        <ele>56.385583</ele>
      </trkpt>
      <trkpt lat="42.248840" lon="3.249600">
        <ele>56.901132</ele>
      </trkpt>
      <trkpt lat="42.249100" lon="3.249440">
        <ele>71</ele>
      </trkpt>
      <trkpt lat="42.249350" lon="3.249080">
        <ele>73.6</ele>
      </trkpt>
      <trkpt lat="42.249410" lon="3.248790">
        <ele>76.4</ele>
      </trkpt>
      <trkpt lat="42.249580" lon="3.248610">
        <ele>77.3</ele>
      </trkpt>
      <trkpt lat="42.250250" lon="3.248390">
        <ele>78.4</ele>
      </trkpt>
      <trkpt lat="42.250530" lon="3.247800">
        <ele>83.1</ele>
      </trkpt>
      <trkpt lat="42.251180" lon="3.247630">
        <ele>76.757455</ele>
      </trkpt>
      <trkpt lat="42.251840" lon="3.247620">
        <ele>81.517362</ele>
      </trkpt>
      <trkpt lat="42.252550" lon="3.247000">
        <ele>94.7</ele>
      </trkpt>
      <trkpt lat="42.252650" lon="3.247100">
        <ele>95.6</ele>
      </trkpt>
      <trkpt lat="42.252520" lon="3.247520">
        <ele>92.5</ele>
      </trkpt>
      <trkpt lat="42.252610" lon="3.247800">
        <ele>88.627524</ele>
      </trkpt>
      <trkpt lat="42.252810" lon="3.247910">
        <ele>89.371267</ele>
      </trkpt>
      <trkpt lat="42.253330" lon="3.247750">
        <ele>91.21815</ele>
      </trkpt>
      <trkpt lat="42.253390" lon="3.247870">
        <ele>91.569707</ele>
      </trkpt>
      <trkpt lat="42.253330" lon="3.248210">
        <ele>91.479692</ele>
      </trkpt>
      <trkpt lat="42.254180" lon="3.249430">
        <ele>89.576409</ele>
      </trkpt>
      <trkpt lat="42.254530" lon="3.249460">
        <ele>89.035299</ele>
      </trkpt>
      <trkpt lat="42.255100" lon="3.249270">
        <ele>85.382051</ele>
      </trkpt>
      <trkpt lat="42.255630" lon="3.248750">
        <ele>81.286149</ele>
      </trkpt>
      <trkpt lat="42.256170" lon="3.248480">
        <ele>77.680391</ele>
      </trkpt>
      <trkpt lat="42.256370" lon="3.248630">
        <ele>81.6</ele>
      </trkpt>
      <trkpt lat="42.256620" lon="3.249240">
        <ele>74.5</ele>
      </trkpt>
      <trkpt lat="42.256990" lon="3.249240">
        <ele>70.87112</ele>
      </trkpt>
      <trkpt lat="42.258040" lon="3.247890">
        <ele>63.98047</ele>
      </trkpt>
      <trkpt lat="42.258410" lon="3.247710">
        <ele>62.643461</ele>
      </trkpt>
      <trkpt lat="42.258970" lon="3.247660">
        <ele>60.733967</ele>
      </trkpt>
      <trkpt lat="42.259120" lon="3.247570">
        <ele>60.229828</ele>
      </trkpt>
      <trkpt lat="42.259210" lon="3.247310">
        <ele>59.706556</ele>
      </trkpt>
      <trkpt lat="42.259090" lon="3.246260">
        <ele>57.759918</ele>
      </trkpt>
      <trkpt lat="42.258870" lon="3.245530">
        <ele>49.1</ele>
      </trkpt>
      <trkpt lat="42.259000" lon="3.245440">
        <ele>56.056611</ele>
      </trkpt>
      <trkpt lat="42.259460" lon="3.245590">
        <ele>54.277627</ele>
      </trkpt>
      <trkpt lat="42.259620" lon="3.245520">
        <ele>53.632393</ele>
      </trkpt>
      <trkpt lat="42.260190" lon="3.244710">
        <ele>50.449839</ele>
      </trkpt>
      <trkpt lat="42.260280" lon="3.244700">
        <ele>50.094905</ele>
      </trkpt>
      <trkpt lat="42.260320" lon="3.244840">
        <ele>49.660175</ele>
      </trkpt>
      <trkpt lat="42.260280" lon="3.244970">
        <ele>49.243025</ele>
      </trkpt>
      <trkpt lat="42.259750" lon="3.245740">
        <ele>48.746997</ele>
      </trkpt>
      <trkpt lat="42.259740" lon="3.245890">
        <ele>48.710034</ele>
      </trkpt>
      <trkpt lat="42.259860" lon="3.246310">
        <ele>48.600906</ele>
      </trkpt>
      <trkpt lat="42.260060" lon="3.246620">
        <ele>48.498377</ele>
      </trkpt>
      <trkpt lat="42.260800" lon="3.246910">
        <ele>46.4</ele>
      </trkpt>
      <trkpt lat="42.260910" lon="3.247140">
        <ele>50.884469</ele>
      </trkpt>
      <trkpt lat="42.261010" lon="3.247590">
        <ele>52.259268</ele>
      </trkpt>
      <trkpt lat="42.261230" lon="3.248010">
        <ele>53.802065</ele>
      </trkpt>
      <trkpt lat="42.261250" lon="3.248200">
        <ele>54.370179</ele>
      </trkpt>
      <trkpt lat="42.261150" lon="3.248330">
        <ele>54.929639</ele>
      </trkpt>
      <trkpt lat="42.260870" lon="3.248510">
        <ele>56.118921</ele>
      </trkpt>
      <trkpt lat="42.260690" lon="3.248730">
        <ele>57.039766</ele>
      </trkpt>
      <trkpt lat="42.260170" lon="3.249130">
        <ele>59.280022</ele>
      </trkpt>
      <trkpt lat="42.260080" lon="3.249280">
        <ele>61.8</ele>
      </trkpt>
      <trkpt lat="42.260160" lon="3.249360">
        <ele>65</ele>
      </trkpt>
      <trkpt lat="42.260420" lon="3.249170">
        <ele>61.581912</ele>
      </trkpt>
      <trkpt lat="42.260760" lon="3.249040">
        <ele>62.811153</ele>
      </trkpt>
      <trkpt lat="42.261020" lon="3.248810">
        <ele>63.779018</ele>
      </trkpt>
      <trkpt lat="42.261890" lon="3.248570">
        <ele>66.569594</ele>
      </trkpt>
      <trkpt lat="42.261960" lon="3.248420">
        <ele>67.000295</ele>
      </trkpt>
      <trkpt lat="42.261930" lon="3.248210">
        <ele>67.484257</ele>
      </trkpt>
      <trkpt lat="42.261700" lon="3.247600">
        <ele>70.428607</ele>
      </trkpt>
      <trkpt lat="42.261680" lon="3.246800">
        <ele>74.607167</ele>
      </trkpt>
      <trkpt lat="42.261720" lon="3.246420">
        <ele>76.585838</ele>
      </trkpt>
      <trkpt lat="42.261650" lon="3.246280">
        <ele>95.6</ele>
      </trkpt>
      <trkpt lat="42.261230" lon="3.245830">
        <ele>98</ele>
      </trkpt>
      <trkpt lat="42.261260" lon="3.245610">
        <ele>83.374623</ele>
      </trkpt>
      <trkpt lat="42.261760" lon="3.244230">
        <ele>109.2</ele>
      </trkpt>
      <trkpt lat="42.262230" lon="3.243930">
        <ele>116.2</ele>
      </trkpt>
      <trkpt lat="42.262400" lon="3.243840">
        <ele>102.675151</ele>
      </trkpt>
      <trkpt lat="42.262660" lon="3.243730">
        <ele>117.2</ele>
      </trkpt>
      <trkpt lat="42.262680" lon="3.243860">
        <ele>104.622453</ele>
      </trkpt>
      <trkpt lat="42.262480" lon="3.244020">
        <ele>105.994142</ele>
      </trkpt>
      <trkpt lat="42.262310" lon="3.244340">
        <ele>107.781505</ele>
      </trkpt>
      <trkpt lat="42.262100" lon="3.244570">
        <ele>109.363418</ele>
      </trkpt>
      <trkpt lat="42.262030" lon="3.244780">
        <ele>110.377743</ele>
      </trkpt>
      <trkpt lat="42.262030" lon="3.245030">
        <ele>111.524916</ele>
      </trkpt>
      <trkpt lat="42.262080" lon="3.245180">
        <ele>112.364561</ele>
      </trkpt>
      <trkpt lat="42.262230" lon="3.245430">
        <ele>114.188356</ele>
      </trkpt>
      <trkpt lat="42.262740" lon="3.245700">
        <ele>118.32168</ele>
      </trkpt>
      <trkpt lat="42.262930" lon="3.245970">
        <ele>120.442372</ele>
      </trkpt>
      <trkpt lat="42.262990" lon="3.246310">
        <ele>122.426671</ele>
      </trkpt>
      <trkpt lat="42.262940" lon="3.246770">
        <ele>125.065282</ele>
      </trkpt>
      <trkpt lat="42.263000" lon="3.246980">
        <ele>126.447959</ele>
      </trkpt>
      <trkpt lat="42.263530" lon="3.247350">
        <ele>131.647863</ele>
      </trkpt>
      <trkpt lat="42.264160" lon="3.247540">
        <ele>137.320363</ele>
      </trkpt>
      <trkpt lat="42.264190" lon="3.247700">
        <ele>138.452905</ele>
      </trkpt>
      <trkpt lat="42.264080" lon="3.248210">
        <ele>160.7</ele>
      </trkpt>
      <trkpt lat="42.265070" lon="3.249380">
        <ele>153.833511</ele>
      </trkpt>
      <trkpt lat="42.265210" lon="3.249490">
        <ele>174.1</ele>
      </trkpt>
      <trkpt lat="42.265460" lon="3.249490">
        <ele>175.9</ele>
      </trkpt>
      <trkpt lat="42.266190" lon="3.249250">
        <ele>181.3</ele>
      </trkpt>
      <trkpt lat="42.266750" lon="3.249240">
        <ele>169.224561</ele>
      </trkpt>
      <trkpt lat="42.267410" lon="3.249000">
        <ele>191.4</ele>
      </trkpt>
      <trkpt lat="42.267580" lon="3.249020">
        <ele>193.2</ele>
      </trkpt>
      <trkpt lat="42.267590" lon="3.249180">
        <ele>176.152333</ele>
      </trkpt>
      <trkpt lat="42.267320" lon="3.249650">
        <ele>178.763355</ele>
      </trkpt>
      <trkpt lat="42.267170" lon="3.250230">
        <ele>181.411573</ele>
      </trkpt>
      <trkpt lat="42.267210" lon="3.250470">
        <ele>182.454449</ele>
      </trkpt>
      <trkpt lat="42.267920" lon="3.251550">
        <ele>191.738856</ele>
      </trkpt>
      <trkpt lat="42.267970" lon="3.251970">
        <ele>194.865117</ele>
      </trkpt>
      <trkpt lat="42.267800" lon="3.252810">
        <ele>201.216084</ele>
      </trkpt>
      <trkpt lat="42.267840" lon="3.253050">
        <ele>202.906967</ele>
      </trkpt>
      <trkpt lat="42.268190" lon="3.253650">
        <ele>207.983968</ele>
      </trkpt>
      <trkpt lat="42.268200" lon="3.253750">
        <ele>208.660947</ele>
      </trkpt>
      <trkpt lat="42.268160" lon="3.253840">
        <ele>209.348104</ele>
      </trkpt>
      <trkpt lat="42.267540" lon="3.254000">
        <ele>215.042147</ele>
      </trkpt>
      <trkpt lat="42.267370" lon="3.254100">
        <ele>216.659569</ele>
      </trkpt>
      <trkpt lat="42.267190" lon="3.254330">
        <ele>218.302748</ele>
      </trkpt>
      <trkpt lat="42.267110" lon="3.254650">
        <ele>218.224843</ele>
      </trkpt>
      <trkpt lat="42.267160" lon="3.254960">
        <ele>218.151715</ele>
      </trkpt>
      <trkpt lat="42.267070" lon="3.255110">
        <ele>218.108419</ele>
      </trkpt>
      <trkpt lat="42.266480" lon="3.255180">
        <ele>217.92536</ele>
      </trkpt>
      <trkpt lat="42.265980" lon="3.255380">
        <ele>217.765003</ele>
      </trkpt>
      <trkpt lat="42.265870" lon="3.255490">
        <ele>217.757723</ele>
      </trkpt>
      <trkpt lat="42.265770" lon="3.255650">
        <ele>217.749278</ele>
      </trkpt>
      <trkpt lat="42.265390" lon="3.257010">
        <ele>217.691218</ele>
      </trkpt>
      <trkpt lat="42.265340" lon="3.257570">
        <ele>217.668594</ele>
      </trkpt>
      <trkpt lat="42.265340" lon="3.258270">
        <ele>219.631516</ele>
      </trkpt>
      <trkpt lat="42.265260" lon="3.258630">
        <ele>220.671108</ele>
      </trkpt>
      <trkpt lat="42.264840" lon="3.259490">
        <ele>223.588803</ele>
      </trkpt>
      <trkpt lat="42.264670" lon="3.259620">
        <ele>224.354077</ele>
      </trkpt>
      <trkpt lat="42.264410" lon="3.259710">
        <ele>223.881798</ele>
      </trkpt>
      <trkpt lat="42.264160" lon="3.259970">
        <ele>222.95375</ele>
      </trkpt>
      <trkpt lat="42.263890" lon="3.260310">
        <ele>221.819491</ele>
      </trkpt>
      <trkpt lat="42.263740" lon="3.260540">
        <ele>221.148833</ele>
      </trkpt>
      <trkpt lat="42.263620" lon="3.260980">
        <ele>220.096315</ele>
      </trkpt>
      <trkpt lat="42.263650" lon="3.261630">
        <ele>218.009887</ele>
      </trkpt>
      <trkpt lat="42.263550" lon="3.262360">
        <ele>214.123548</ele>
      </trkpt>
      <trkpt lat="42.263500" lon="3.263600">
        <ele>207.553894</ele>
      </trkpt>
      <trkpt lat="42.263570" lon="3.263890">
        <ele>206.208119</ele>
      </trkpt>
      <trkpt lat="42.263660" lon="3.263950">
        <ele>205.956211</ele>
      </trkpt>
      <trkpt lat="42.264000" lon="3.263970">
        <ele>205.147051</ele>
      </trkpt>
      <trkpt lat="42.264160" lon="3.264090">
        <ele>204.704326</ele>
      </trkpt>
      <trkpt lat="42.264490" lon="3.265110">
        <ele>202.700759</ele>
      </trkpt>
      <trkpt lat="42.264570" lon="3.265520">
        <ele>201.984456</ele>
      </trkpt>
      <trkpt lat="42.264630" lon="3.265660">
        <ele>202.355555</ele>
      </trkpt>
      <trkpt lat="42.264780" lon="3.265750">
        <ele>202.899641</ele>
      </trkpt>
      <trkpt lat="42.265100" lon="3.265650">
        <ele>203.979973</ele>
      </trkpt>
      <trkpt lat="42.265830" lon="3.264990">
        <ele>206.847699</ele>
      </trkpt>
      <trkpt lat="42.266210" lon="3.264560">
        <ele>208.410051</ele>
      </trkpt>
      <trkpt lat="42.266830" lon="3.263690">
        <ele>211.114426</ele>
      </trkpt>
      <trkpt lat="42.266960" lon="3.263600">
        <ele>211.541399</ele>
      </trkpt>
      <trkpt lat="42.267420" lon="3.263550">
        <ele>212.931138</ele>
      </trkpt>
      <trkpt lat="42.267790" lon="3.263390">
        <ele>212.702956</ele>
      </trkpt>
      <trkpt lat="42.267900" lon="3.263410">
        <ele>212.488899</ele>
      </trkpt>
      <trkpt lat="42.267960" lon="3.263510">
        <ele>212.31732</ele>
      </trkpt>
      <trkpt lat="42.267950" lon="3.263820">
        <ele>211.884694</ele>
      </trkpt>
      <trkpt lat="42.268120" lon="3.264650">
        <ele>210.684582</ele>
      </trkpt>
      <trkpt lat="42.268080" lon="3.265510">
        <ele>209.121826</ele>
      </trkpt>
      <trkpt lat="42.268140" lon="3.265670">
        <ele>208.60946</ele>
      </trkpt>
      <trkpt lat="42.268300" lon="3.265840">
        <ele>207.832767</ele>
      </trkpt>
      <trkpt lat="42.268450" lon="3.265860">
        <ele>207.265235</ele>
      </trkpt>
      <trkpt lat="42.268690" lon="3.265780">
        <ele>206.322909</ele>
      </trkpt>
      <trkpt lat="42.268790" lon="3.265860">
        <ele>205.891236</ele>
      </trkpt>
      <trkpt lat="42.268830" lon="3.265990">
        <ele>205.517001</ele>
      </trkpt>
      <trkpt lat="42.268810" lon="3.266100">
        <ele>205.182801</ele>
      </trkpt>
      <trkpt lat="42.268610" lon="3.266560">
        <ele>221.3</ele>
      </trkpt>
      <trkpt lat="42.268300" lon="3.267610">
        <ele>200.537999</ele>
      </trkpt>
      <trkpt lat="42.268400" lon="3.267780">
        <ele>199.891027</ele>
      </trkpt>
      <trkpt lat="42.268690" lon="3.267850">
        <ele>198.786921</ele>
      </trkpt>
      <trkpt lat="42.269590" lon="3.267600">
        <ele>195.683409</ele>
      </trkpt>
      <trkpt lat="42.269970" lon="3.267630">
        <ele>194.891619</ele>
      </trkpt>
      <trkpt lat="42.270060" lon="3.267760">
        <ele>194.608722</ele>
      </trkpt>
      <trkpt lat="42.270060" lon="3.267890">
        <ele>194.392557</ele>
      </trkpt>
      <trkpt lat="42.269940" lon="3.268110">
        <ele>193.96101</ele>
      </trkpt>
      <trkpt lat="42.269940" lon="3.268290">
        <ele>193.683796</ele>
      </trkpt>
      <trkpt lat="42.270030" lon="3.268380">
        <ele>193.454833</ele>
      </trkpt>
      <trkpt lat="42.270120" lon="3.268390">
        <ele>193.255345</ele>
      </trkpt>
      <trkpt lat="42.270620" lon="3.268140">
        <ele>192.38086</ele>
      </trkpt>
      <trkpt lat="42.271130" lon="3.268000">
        <ele>192.311934</ele>
      </trkpt>
      <trkpt lat="42.271590" lon="3.267680">
        <ele>192.243416</ele>
      </trkpt>
      <trkpt lat="42.271970" lon="3.267120">
        <ele>192.167972</ele>
      </trkpt>
      <trkpt lat="42.272370" lon="3.266810">
        <ele>190.79563</ele>
      </trkpt>
      <trkpt lat="42.272480" lon="3.266450">
        <ele>189.804453</ele>
      </trkpt>
      <trkpt lat="42.272520" lon="3.266100">
        <ele>188.890072</ele>
      </trkpt>
      <trkpt lat="42.272630" lon="3.265780">
        <ele>187.986626</ele>
      </trkpt>
      <trkpt lat="42.272680" lon="3.265320">
        <ele>188.3</ele>
      </trkpt>
      <trkpt lat="42.272790" lon="3.265330">
        <ele>186.453429</ele>
      </trkpt>
      <trkpt lat="42.272970" lon="3.265650">
        <ele>184.64672</ele>
      </trkpt>
      <trkpt lat="42.273220" lon="3.265820">
        <ele>182.043091</ele>
      </trkpt>
      <trkpt lat="42.273340" lon="3.265970">
        <ele>180.580876</ele>
      </trkpt>
      <trkpt lat="42.273580" lon="3.266140">
        <ele>178.10498</ele>
      </trkpt>
      <trkpt lat="42.273810" lon="3.266130">
        <ele>175.936666</ele>
      </trkpt>
      <trkpt lat="42.274070" lon="3.265860">
        <ele>172.937661</ele>
      </trkpt>
      <trkpt lat="42.274170" lon="3.265840">
        <ele>172.050006</ele>
      </trkpt>
      <trkpt lat="42.274360" lon="3.266150">
        <ele>169.338624</ele>
      </trkpt>
      <trkpt lat="42.275070" lon="3.266530">
        <ele>162.751003</ele>
      </trkpt>
      <trkpt lat="42.275140" lon="3.266710">
        <ele>171</ele>
      </trkpt>
      <trkpt lat="42.274970" lon="3.267390">
        <ele>157.027719</ele>
      </trkpt>
      <trkpt lat="42.275020" lon="3.267610">
        <ele>161.8</ele>
      </trkpt>
      <trkpt lat="42.275160" lon="3.267680">
        <ele>154.090123</ele>
      </trkpt>
      <trkpt lat="42.275640" lon="3.267100">
        <ele>149.99773</ele>
      </trkpt>
      <trkpt lat="42.276000" lon="3.267050">
        <ele>147.72311</ele>
      </trkpt>
      <trkpt lat="42.276050" lon="3.266820">
        <ele>153.7</ele>
      </trkpt>
      <trkpt lat="42.276000" lon="3.266460">
        <ele>152.3</ele>
      </trkpt>
      <trkpt lat="42.276120" lon="3.266380">
        <ele>144.222157</ele>
      </trkpt>
      <trkpt lat="42.276250" lon="3.266500">
        <ele>148</ele>
      </trkpt>
      <trkpt lat="42.276370" lon="3.266790">
        <ele>145.6</ele>
      </trkpt>
      <trkpt lat="42.276410" lon="3.267540">
        <ele>139.6</ele>
      </trkpt>
      <trkpt lat="42.276490" lon="3.267610">
        <ele>138.4</ele>
      </trkpt>
      <trkpt lat="42.276610" lon="3.267540">
        <ele>137.791456</ele>
      </trkpt>
      <trkpt lat="42.276840" lon="3.267240">
        <ele>136.4</ele>
      </trkpt>
      <trkpt lat="42.276990" lon="3.266890">
        <ele>133.9</ele>
      </trkpt>
      <trkpt lat="42.277090" lon="3.266830">
        <ele>134.08711</ele>
      </trkpt>
      <trkpt lat="42.277280" lon="3.266970">
        <ele>132.61246</ele>
      </trkpt>
      <trkpt lat="42.277260" lon="3.267160">
        <ele>128.4</ele>
      </trkpt>
      <trkpt lat="42.277130" lon="3.268050">
        <ele>123.1</ele>
      </trkpt>
      <trkpt lat="42.277060" lon="3.268320">
        <ele>123.340558</ele>
      </trkpt>
      <trkpt lat="42.276850" lon="3.268700">
        <ele>120.259687</ele>
      </trkpt>
      <trkpt lat="42.276830" lon="3.268910">
        <ele>118.823254</ele>
      </trkpt>
      <trkpt lat="42.276850" lon="3.269080">
        <ele>117.728138</ele>
      </trkpt>
      <trkpt lat="42.277100" lon="3.269440">
        <ele>114.081833</ele>
      </trkpt>
      <trkpt lat="42.277310" lon="3.269440">
        <ele>112.047581</ele>
      </trkpt>
      <trkpt lat="42.277390" lon="3.269520">
        <ele>111.064976</ele>
      </trkpt>
      <trkpt lat="42.277520" lon="3.269820">
        <ele>108.527444</ele>
      </trkpt>
      <trkpt lat="42.277830" lon="3.270180">
        <ele>104.41364</ele>
      </trkpt>
      <trkpt lat="42.277870" lon="3.270380">
        <ele>102.909903</ele>
      </trkpt>
      <trkpt lat="42.277860" lon="3.270820">
        <ele>99.706733</ele>
      </trkpt>
      <trkpt lat="42.278010" lon="3.270930">
        <ele>98.639072</ele>
      </trkpt>
      <trkpt lat="42.278050" lon="3.270580">
        <ele>98.3</ele>
      </trkpt>
      <trkpt lat="42.278430" lon="3.270210">
        <ele>94.083922</ele>
      </trkpt>
      <trkpt lat="42.278510" lon="3.270230">
        <ele>90.2</ele>
      </trkpt>
      <trkpt lat="42.278550" lon="3.270450">
        <ele>90.4</ele>
      </trkpt>
      <trkpt lat="42.278660" lon="3.270510">
        <ele>89.9</ele>
      </trkpt>
      <trkpt lat="42.278890" lon="3.270390">
        <ele>87.3</ele>
      </trkpt>
      <trkpt lat="42.278960" lon="3.270400">
        <ele>89.774717</ele>
      </trkpt>
      <trkpt lat="42.279000" lon="3.270470">
        <ele>89.372058</ele>
      </trkpt>
      <trkpt lat="42.278970" lon="3.270900">
        <ele>81.2</ele>
      </trkpt>
      <trkpt lat="42.278850" lon="3.271320">
        <ele>80.2</ele>
      </trkpt>
      <trkpt lat="42.278850" lon="3.271470">
        <ele>80.4</ele>
      </trkpt>
      <trkpt lat="42.279020" lon="3.271650">
        <ele>75.9</ele>
      </trkpt>
      <trkpt lat="42.279150" lon="3.272010">
        <ele>74.1</ele>
      </trkpt>
      <trkpt lat="42.279270" lon="3.272130">
        <ele>73.964989</ele>
      </trkpt>
      <trkpt lat="42.279390" lon="3.272730">
        <ele>67.3</ele>
      </trkpt>
      <trkpt lat="42.279530" lon="3.272890">
        <ele>66.551863</ele>
      </trkpt>
      <trkpt lat="42.279660" lon="3.272930">
        <ele>64.914771</ele>
      </trkpt>
      <trkpt lat="42.279940" lon="3.273640">
        <ele>57.259796</ele>
      </trkpt>
      <trkpt lat="42.279940" lon="3.273950">
        <ele>54.233022</ele>
      </trkpt>
      <trkpt lat="42.279690" lon="3.274710">
        <ele>46.265353</ele>
      </trkpt>
      <trkpt lat="42.279770" lon="3.274840">
        <ele>44.617918</ele>
      </trkpt>
      <trkpt lat="42.279900" lon="3.274830">
        <ele>43.534308</ele>
      </trkpt>
      <trkpt lat="42.280410" lon="3.274470">
        <ele>39.276578</ele>
      </trkpt>
      <trkpt lat="42.280590" lon="3.274310">
        <ele>37.71109</ele>
      </trkpt>
      <trkpt lat="42.280620" lon="3.273960">
        <ele>39.3</ele>
      </trkpt>
      <trkpt lat="42.280660" lon="3.273810">
        <ele>34.915137</ele>
      </trkpt>
      <trkpt lat="42.280820" lon="3.273990">
        <ele>33.359766</ele>
      </trkpt>
      <trkpt lat="42.281000" lon="3.274020">
        <ele>32.022417</ele>
      </trkpt>
      <trkpt lat="42.281080" lon="3.274110">
        <ele>31.284025</ele>
      </trkpt>
      <trkpt lat="42.281150" lon="3.274270">
        <ele>30.311743</ele>
      </trkpt>
      <trkpt lat="42.281170" lon="3.274820">
        <ele>22.7</ele>
      </trkpt>
      <trkpt lat="42.281230" lon="3.275260">
        <ele>25.304743</ele>
      </trkpt>
      <trkpt lat="42.281300" lon="3.275360">
        <ele>24.620785</ele>
      </trkpt>
      <trkpt lat="42.281570" lon="3.275490">
        <ele>22.661576</ele>
      </trkpt>
      <trkpt lat="42.281740" lon="3.275540">
        <ele>21.535823</ele>
      </trkpt>
      <trkpt lat="42.282210" lon="3.275620">
        <ele>18.466357</ele>
      </trkpt>
      <trkpt lat="42.282400" lon="3.275520">
        <ele>17.465492</ele>
      </trkpt>
      <trkpt lat="42.282730" lon="3.275500">
        <ele>15.861873</ele>
      </trkpt>
      <trkpt lat="42.282910" lon="3.275550">
        <ele>14.977338</ele>
      </trkpt>
      <trkpt lat="42.283190" lon="3.275840">
        <ele>13.265983</ele>
      </trkpt>
      <trkpt lat="42.283420" lon="3.275800">
        <ele>12.112203</ele>
      </trkpt>
      <trkpt lat="42.283660" lon="3.275680">
        <ele>10.865521</ele>
      </trkpt>
      <trkpt lat="42.284250" lon="3.275240">
        <ele>10.190088</ele>
      </trkpt>
      <trkpt lat="42.284660" lon="3.275310">
        <ele>10.25342</ele>
      </trkpt>
      <trkpt lat="42.284890" lon="3.275490">
        <ele>10.293231</ele>
      </trkpt>
      <trkpt lat="42.284900" lon="3.275590">
        <ele>10.30454</ele>
      </trkpt>
      <trkpt lat="42.285000" lon="3.275700">
        <ele>10.322947</ele>
      </trkpt>
      <trkpt lat="42.285190" lon="3.275680">
        <ele>10.351968</ele>
      </trkpt>
      <trkpt lat="42.285300" lon="3.275600">
        <ele>10.371037</ele>
      </trkpt>
      <trkpt lat="42.285830" lon="3.276330">
        <ele>6.6</ele>
      </trkpt>
      <trkpt lat="42.285870" lon="3.276520">
        <ele>4.1</ele>
      </trkpt>
      <trkpt lat="42.286410" lon="3.276450">
        <ele>3</ele>
      </trkpt>
      <trkpt lat="42.286980" lon="3.276040">
        <ele>2.7</ele>
      </trkpt>
      <trkpt lat="42.287200" lon="3.275940">
        <ele>2.5</ele>
      </trkpt>
      <trkpt lat="42.287410" lon="3.276050">
        <ele>2</ele>
      </trkpt>
      <trkpt lat="42.287500" lon="3.276300">
        <ele>2</ele>
      </trkpt>
      <trkpt lat="42.287390" lon="3.277140">
        <ele>4.7</ele>
      </trkpt>
      <trkpt lat="42.287460" lon="3.277330">
        <ele>5</ele>
      </trkpt>
      <trkpt lat="42.287610" lon="3.277360">
        <ele>4.24</ele>
      </trkpt>
      <trkpt lat="42.287930" lon="3.277200">
        <ele>2.6</ele>
      </trkpt>
      <trkpt lat="42.288180" lon="3.277160">
        <ele>3.5</ele>
      </trkpt>
      <trkpt lat="42.288300" lon="3.277210">
        <ele>3</ele>
      </trkpt>
      <trkpt lat="42.288370" lon="3.277320">
        <ele>2.7</ele>
      </trkpt>
      <trkpt lat="42.288480" lon="3.277510">
        <ele>2</ele>
      </trkpt>
      <trkpt lat="42.288740" lon="3.277950">
        <ele>1.3</ele>
      </trkpt>
      <trkpt lat="42.289020" lon="3.277800">
        <ele>1.1</ele>
      </trkpt>
      <trkpt lat="42.288860" lon="3.277570">
        <ele>1.1</ele>
      </trkpt>
      <trkpt lat="42.288650" lon="3.277260">
        <ele>2.6</ele>
      </trkpt>
      <trkpt lat="42.288740" lon="3.276950">
        <ele>4.8</ele>
      </trkpt>
      <trkpt lat="42.288780" lon="3.276640">
        <ele>7.9</ele>
      </trkpt>
      <trkpt lat="42.289080" lon="3.275930">
        <ele>7.7</ele>
      </trkpt>
      <trkpt lat="42.289210" lon="3.275520">
        <ele>3.9</ele>
      </trkpt>
      <trkpt lat="42.289200" lon="3.275380">
        <ele>4</ele>
      </trkpt>
      <trkpt lat="42.289200" lon="3.274990">
        <ele>3.2</ele>
      </trkpt>
      <trkpt lat="42.289340" lon="3.273650">
        <ele>6.3</ele>
      </trkpt>
      <trkpt lat="42.289410" lon="3.273050">
        <ele>6.3</ele>
      </trkpt>
      <trkpt lat="42.289400" lon="3.272960">
        <ele>6.6</ele>
      </trkpt>
      <trkpt lat="42.288980" lon="3.272100">
        <ele>7.8</ele>
      </trkpt>
      <trkpt lat="42.288470" lon="3.271410">
        <ele>9.8</ele>
      </trkpt>
      <trkpt lat="42.288410" lon="3.271240">
        <ele>9.5</ele>
      </trkpt>
      <trkpt lat="42.288340" lon="3.270280">
        <ele>9.3</ele>
      </trkpt>
      <trkpt lat="42.288280" lon="3.270180">
        <ele>9.9</ele>
      </trkpt>
      <trkpt lat="42.288140" lon="3.270130">
        <ele>12</ele>
      </trkpt>
      <trkpt lat="42.288090" lon="3.269910">
        <ele>14.7</ele>
      </trkpt>
      <trkpt lat="42.288100" lon="3.269520">
        <ele>15.8</ele>
      </trkpt>
      <trkpt lat="42.288060" lon="3.268990">
        <ele>15.3</ele>
      </trkpt>
      <trkpt lat="42.288390" lon="3.268370">
        <ele>23.1</ele>
      </trkpt>
      <trkpt lat="42.288970" lon="3.267650">
        <ele>36.2</ele>
      </trkpt>
      <trkpt lat="42.289170" lon="3.267400">
        <ele>39.8</ele>
      </trkpt>
      <trkpt lat="42.289440" lon="3.267180">
        <ele>41.9</ele>
      </trkpt>
      <trkpt lat="42.289710" lon="3.266890">
        <ele>48.4</ele>
      </trkpt>
      <trkpt lat="42.289880" lon="3.266800">
        <ele>46.5</ele>
      </trkpt>
      <trkpt lat="42.290280" lon="3.266040">
        <ele>50.9</ele>
      </trkpt>
      <trkpt lat="42.290690" lon="3.265330">
        <ele>63.3</ele>
      </trkpt>
      <trkpt lat="42.290730" lon="3.265140">
        <ele>64.8</ele>
      </trkpt>
      <trkpt lat="42.290720" lon="3.264610">
        <ele>67.2</ele>
      </trkpt>
      <trkpt lat="42.290790" lon="3.264220">
        <ele>67.9</ele>
      </trkpt>
      <trkpt lat="42.291040" lon="3.263350">
        <ele>78.5</ele>
      </trkpt>
      <trkpt lat="42.290990" lon="3.262710">
        <ele>79.5</ele>
      </trkpt>
      <trkpt lat="42.290800" lon="3.261830">
        <ele>79.4</ele>
      </trkpt>
      <trkpt lat="42.290600" lon="3.261400">
        <ele>78.7</ele>
      </trkpt>
      <trkpt lat="42.290580" lon="3.261200">
        <ele>78.9</ele>
      </trkpt>
      <trkpt lat="42.290610" lon="3.260930">
        <ele>79.8</ele>
      </trkpt>
      <trkpt lat="42.290620" lon="3.260640">
        <ele>81.2</ele>
      </trkpt>
      <trkpt lat="42.290660" lon="3.260510">
        <ele>82.5</ele>
      </trkpt>
      <trkpt lat="42.290750" lon="3.260450">
        <ele>84.2</ele>
      </trkpt>
      <trkpt lat="42.290940" lon="3.260410">
        <ele>83.8</ele>
      </trkpt>
      <trkpt lat="42.291360" lon="3.259840">
        <ele>89.2</ele>
      </trkpt>
      <trkpt lat="42.291440" lon="3.259640">
        <ele>92</ele>
      </trkpt>
      <trkpt lat="42.291520" lon="3.259190">
        <ele>96.4</ele>
      </trkpt>
      <trkpt lat="42.291510" lon="3.258780">
        <ele>96.8</ele>
      </trkpt>
      <trkpt lat="42.291470" lon="3.258680">
        <ele>97.2</ele>
      </trkpt>
      <trkpt lat="42.291270" lon="3.258490">
        <ele>100.9</ele>
      </trkpt>
      <trkpt lat="42.291100" lon="3.258210">
        <ele>102.2</ele>
      </trkpt>
      <trkpt lat="42.290720" lon="3.257240">
        <ele>103.4</ele>
      </trkpt>
      <trkpt lat="42.290480" lon="3.256810">
        <ele>106.9</ele>
      </trkpt>
      <trkpt lat="42.290250" lon="3.256450">
        <ele>109.4</ele>
      </trkpt>
      <trkpt lat="42.290190" lon="3.256300">
        <ele>109.5</ele>
      </trkpt>
      <trkpt lat="42.290080" lon="3.255680">
        <ele>110</ele>
      </trkpt>
      <trkpt lat="42.290080" lon="3.255360">
        <ele>110.9</ele>
      </trkpt>
      <trkpt lat="42.290190" lon="3.254980">
        <ele>115.6</ele>
      </trkpt>
      <trkpt lat="42.290310" lon="3.254710">
        <ele>117.9</ele>
      </trkpt>
      <trkpt lat="42.290520" lon="3.254440">
        <ele>121.1</ele>
      </trkpt>
      <trkpt lat="42.291030" lon="3.254220">
        <ele>123.2</ele>
      </trkpt>
      <trkpt lat="42.291510" lon="3.253400">
        <ele>133.5</ele>
      </trkpt>
      <trkpt lat="42.291600" lon="3.253090">
        <ele>135.7</ele>
      </trkpt>
      <trkpt lat="42.291730" lon="3.252240">
        <ele>145.6</ele>
      </trkpt>
      <trkpt lat="42.291850" lon="3.251860">
        <ele>151.1</ele>
      </trkpt>
      <trkpt lat="42.292110" lon="3.251380">
        <ele>154.3</ele>
      </trkpt>
      <trkpt lat="42.292190" lon="3.251160">
        <ele>154.7</ele>
      </trkpt>
      <trkpt lat="42.292200" lon="3.250830">
        <ele>155.7</ele>
      </trkpt>
      <trkpt lat="42.292060" lon="3.250350">
        <ele>159.8</ele>
      </trkpt>
      <trkpt lat="42.291920" lon="3.249690">
        <ele>165.1</ele>
      </trkpt>
      <trkpt lat="42.291970" lon="3.249370">
        <ele>167.8</ele>
      </trkpt>
      <trkpt lat="42.291980" lon="3.249080">
        <ele>173.1</ele>
      </trkpt>
      <trkpt lat="42.292030" lon="3.248910">
        <ele>176</ele>
      </trkpt>
      <trkpt lat="42.292120" lon="3.248750">
        <ele>179.7</ele>
      </trkpt>
      <trkpt lat="42.292630" lon="3.248310">
        <ele>186.7</ele>
      </trkpt>
      <trkpt lat="42.292720" lon="3.248180">
        <ele>187.4</ele>
      </trkpt>
      <trkpt lat="42.292820" lon="3.247890">
        <ele>189</ele>
      </trkpt>
      <trkpt lat="42.292880" lon="3.247790">
        <ele>188.8</ele>
      </trkpt>
      <trkpt lat="42.293010" lon="3.247660">
        <ele>188.8</ele>
      </trkpt>
      <trkpt lat="42.293420" lon="3.246830">
        <ele>194.3</ele>
      </trkpt>
      <trkpt lat="42.293480" lon="3.246670">
        <ele>195.2</ele>
      </trkpt>
      <trkpt lat="42.293510" lon="3.246500">
        <ele>195.5</ele>
      </trkpt>
      <trkpt lat="42.293490" lon="3.246360">
        <ele>196.5</ele>
      </trkpt>
      <trkpt lat="42.293420" lon="3.246190">
        <ele>196.1</ele>
      </trkpt>
      <trkpt lat="42.293290" lon="3.246020">
        <ele>198.8</ele>
      </trkpt>
      <trkpt lat="42.293260" lon="3.245910">
        <ele>199.4</ele>
      </trkpt>
      <trkpt lat="42.293300" lon="3.245830">
        <ele>198.6</ele>
      </trkpt>
      <trkpt lat="42.293550" lon="3.245620">
        <ele>199.6</ele>
      </trkpt>
      <trkpt lat="42.293630" lon="3.245510">
        <ele>200.2</ele>
      </trkpt>
      <trkpt lat="42.293720" lon="3.245230">
        <ele>201.6</ele>
      </trkpt>
      <trkpt lat="42.293800" lon="3.244880">
        <ele>202</ele>
      </trkpt>
      <trkpt lat="42.293810" lon="3.244610">
        <ele>204.1</ele>
      </trkpt>
      <trkpt lat="42.293840" lon="3.244480">
        <ele>204.5</ele>
      </trkpt>
      <trkpt lat="42.293900" lon="3.244440">
        <ele>203</ele>
      </trkpt>
      <trkpt lat="42.294020" lon="3.244410">
        <ele>202.1</ele>
      </trkpt>
      <trkpt lat="42.294120" lon="3.244330">
        <ele>202.4</ele>
      </trkpt>
      <trkpt lat="42.294600" lon="3.243570">
        <ele>204.8</ele>
      </trkpt>
      <trkpt lat="42.294720" lon="3.243280">
        <ele>206.9</ele>
      </trkpt>
      <trkpt lat="42.294810" lon="3.242560">
        <ele>211.2</ele>
      </trkpt>
      <trkpt lat="42.294830" lon="3.242220">
        <ele>213.3</ele>
      </trkpt>
      <trkpt lat="42.295580" lon="3.240960">
        <ele>220.3</ele>
      </trkpt>
      <trkpt lat="42.295680" lon="3.240670">
        <ele>222.6</ele>
      </trkpt>
      <trkpt lat="42.295720" lon="3.240460">
        <ele>223.7</ele>
      </trkpt>
      <trkpt lat="42.295670" lon="3.240080">
        <ele>224.2</ele>
      </trkpt>
      <trkpt lat="42.295730" lon="3.239860">
        <ele>225.5</ele>
      </trkpt>
      <trkpt lat="42.295970" lon="3.239130">
        <ele>230.7</ele>
      </trkpt>
      <trkpt lat="42.296010" lon="3.238870">
        <ele>230.6</ele>
      </trkpt>
      <trkpt lat="42.295990" lon="3.238620">
        <ele>231.7</ele>
      </trkpt>
      <trkpt lat="42.295820" lon="3.237950">
        <ele>236.1</ele>
      </trkpt>
      <trkpt lat="42.295630" lon="3.237380">
        <ele>238.6</ele>
      </trkpt>
      <trkpt lat="42.295630" lon="3.237290">
        <ele>238.1</ele>
      </trkpt>
      <trkpt lat="42.295680" lon="3.237210">
        <ele>238.6</ele>
      </trkpt>
      <trkpt lat="42.295770" lon="3.237170">
        <ele>240.4</ele>
      </trkpt>
      <trkpt lat="42.295930" lon="3.237180">
        <ele>241.9</ele>
      </trkpt>
      <trkpt lat="42.296010" lon="3.237160">
        <ele>243.1</ele>
      </trkpt>
      <trkpt lat="42.296100" lon="3.237100">
        <ele>245.1</ele>
      </trkpt>
      <trkpt lat="42.296230" lon="3.237090">
        <ele>245.4</ele>
      </trkpt>
      <trkpt lat="42.296310" lon="3.237020">
        <ele>246</ele>
      </trkpt>
      <trkpt lat="42.296460" lon="3.237040">
        <ele>246.6</ele>
      </trkpt>
      <trkpt lat="42.296590" lon="3.236660">
        <ele>245.8</ele>
      </trkpt>
      <trkpt lat="42.296710" lon="3.236520">
        <ele>244.3</ele>
      </trkpt>
      <trkpt lat="42.296770" lon="3.236510">
        <ele>243.3</ele>
      </trkpt>
      <trkpt lat="42.296840" lon="3.236590">
        <ele>242.6</ele>
      </trkpt>
      <trkpt lat="42.296830" lon="3.236710">
        <ele>243.6</ele>
      </trkpt>
      <trkpt lat="42.296650" lon="3.236850">
        <ele>247</ele>
      </trkpt>
      <trkpt lat="42.296550" lon="3.237020">
        <ele>247.5</ele>
      </trkpt>
      <trkpt lat="42.296520" lon="3.237210">
        <ele>247.8</ele>
      </trkpt>
      <trkpt lat="42.296540" lon="3.237300">
        <ele>249.1</ele>
      </trkpt>
      <trkpt lat="42.296610" lon="3.237310">
        <ele>250.9</ele>
      </trkpt>
      <trkpt lat="42.296750" lon="3.237240">
        <ele>252.1</ele>
      </trkpt>
      <trkpt lat="42.296880" lon="3.237240">
        <ele>253.5</ele>
      </trkpt>
      <trkpt lat="42.296970" lon="3.237350">
        <ele>254.9</ele>
      </trkpt>
      <trkpt lat="42.297190" lon="3.237890">
        <ele>257.9</ele>
      </trkpt>
      <trkpt lat="42.297780" lon="3.238670">
        <ele>265.6</ele>
      </trkpt>
      <trkpt lat="42.298110" lon="3.239400">
        <ele>268.2</ele>
      </trkpt>
      <trkpt lat="42.298590" lon="3.240230">
        <ele>273.8</ele>
      </trkpt>
      <trkpt lat="42.298880" lon="3.241000">
        <ele>279.7</ele>
      </trkpt>
      <trkpt lat="42.298940" lon="3.241030">
        <ele>281.3</ele>
      </trkpt>
      <trkpt lat="42.299020" lon="3.240980">
        <ele>282.9</ele>
      </trkpt>
      <trkpt lat="42.299180" lon="3.240480">
        <ele>284</ele>
      </trkpt>
      <trkpt lat="42.299280" lon="3.239860">
        <ele>288.8</ele>
      </trkpt>
      <trkpt lat="42.299160" lon="3.239370">
        <ele>291.2</ele>
      </trkpt>
      <trkpt lat="42.299120" lon="3.238690">
        <ele>291.6</ele>
      </trkpt>
      <trkpt lat="42.299210" lon="3.238380">
        <ele>293.1</ele>
      </trkpt>
      <trkpt lat="42.299410" lon="3.237990">
        <ele>295</ele>
      </trkpt>
      <trkpt lat="42.299600" lon="3.237850">
        <ele>295.6</ele>
      </trkpt>
      <trkpt lat="42.300080" lon="3.237680">
        <ele>296</ele>
      </trkpt>
      <trkpt lat="42.300300" lon="3.237630">
        <ele>295.7</ele>
      </trkpt>
      <trkpt lat="42.300400" lon="3.237700">
        <ele>295.4</ele>
      </trkpt>
      <trkpt lat="42.300580" lon="3.237740">
        <ele>294.8</ele>
      </trkpt>
      <trkpt lat="42.300750" lon="3.237660">
        <ele>294.8</ele>
      </trkpt>
      <trkpt lat="42.301400" lon="3.237040">
        <ele>291.7</ele>
      </trkpt>
      <trkpt lat="42.301740" lon="3.236840">
        <ele>288.4</ele>
      </trkpt>
      <trkpt lat="42.302110" lon="3.236540">
        <ele>283.4</ele>
      </trkpt>
      <trkpt lat="42.302240" lon="3.236390">
        <ele>281.1</ele>
      </trkpt>
      <trkpt lat="42.302600" lon="3.236210">
        <ele>280.8</ele>
      </trkpt>
      <trkpt lat="42.302940" lon="3.236130">
        <ele>280.6</ele>
      </trkpt>
      <trkpt lat="42.303090" lon="3.236240">
        <ele>280.3</ele>
      </trkpt>
      <trkpt lat="42.303160" lon="3.236370">
        <ele>279.7</ele>
      </trkpt>
      <trkpt lat="42.303190" lon="3.236540">
        <ele>279.4</ele>
      </trkpt>
      <trkpt lat="42.303230" lon="3.237170">
        <ele>277.8</ele>
      </trkpt>
      <trkpt lat="42.303150" lon="3.237590">
        <ele>279.2</ele>
      </trkpt>
      <trkpt lat="42.303170" lon="3.237660">
        <ele>279.3</ele>
      </trkpt>
      <trkpt lat="42.303230" lon="3.237680">
        <ele>279.2</ele>
      </trkpt>
      <trkpt lat="42.303350" lon="3.237570">
        <ele>277</ele>
      </trkpt>
      <trkpt lat="42.303680" lon="3.237000">
        <ele>274.7</ele>
      </trkpt>
      <trkpt lat="42.303870" lon="3.236710">
        <ele>274.3</ele>
      </trkpt>
      <trkpt lat="42.304000" lon="3.236580">
        <ele>273.3</ele>
      </trkpt>
      <trkpt lat="42.304200" lon="3.236510">
        <ele>273.7</ele>
      </trkpt>
      <trkpt lat="42.304330" lon="3.236580">
        <ele>271.7</ele>
      </trkpt>
      <trkpt lat="42.304360" lon="3.236840">
        <ele>271.2</ele>
      </trkpt>
      <trkpt lat="42.304260" lon="3.237480">
        <ele>272</ele>
      </trkpt>
      <trkpt lat="42.304320" lon="3.237850">
        <ele>272.1</ele>
      </trkpt>
      <trkpt lat="42.304400" lon="3.237950">
        <ele>271.3</ele>
      </trkpt>
      <trkpt lat="42.304490" lon="3.237850">
        <ele>271.5</ele>
      </trkpt>
      <trkpt lat="42.304650" lon="3.237460">
        <ele>272.7</ele>
      </trkpt>
      <trkpt lat="42.304770" lon="3.237350">
        <ele>273.7</ele>
      </trkpt>
      <trkpt lat="42.304930" lon="3.237190">
        <ele>274.5</ele>
      </trkpt>
      <trkpt lat="42.305040" lon="3.237000">
        <ele>275.5</ele>
      </trkpt>
      <trkpt lat="42.305210" lon="3.236520">
        <ele>278.3</ele>
      </trkpt>
      <trkpt lat="42.305380" lon="3.236240">
        <ele>280.9</ele>
      </trkpt>
      <trkpt lat="42.306000" lon="3.235610">
        <ele>285</ele>
      </trkpt>
      <trkpt lat="42.306060" lon="3.235630">
        <ele>285.5</ele>
      </trkpt>
      <trkpt lat="42.306090" lon="3.235740">
        <ele>285.9</ele>
      </trkpt>
      <trkpt lat="42.305700" lon="3.236580">
        <ele>286.9</ele>
      </trkpt>
      <trkpt lat="42.305600" lon="3.236840">
        <ele>287.4</ele>
      </trkpt>
      <trkpt lat="42.305500" lon="3.237220">
        <ele>287.2</ele>
      </trkpt>
      <trkpt lat="42.305510" lon="3.237310">
        <ele>287.4</ele>
      </trkpt>
      <trkpt lat="42.305600" lon="3.237400">
        <ele>287.7</ele>
      </trkpt>
      <trkpt lat="42.305870" lon="3.237540">
        <ele>286.8</ele>
      </trkpt>
      <trkpt lat="42.306020" lon="3.237830">
        <ele>286.9</ele>
      </trkpt>
      <trkpt lat="42.306100" lon="3.237960">
        <ele>286.2</ele>
      </trkpt>
      <trkpt lat="42.306190" lon="3.237970">
        <ele>287.5</ele>
      </trkpt>
      <trkpt lat="42.306330" lon="3.237710">
        <ele>287.1</ele>
      </trkpt>
      <trkpt lat="42.306590" lon="3.237400">
        <ele>286.1</ele>
      </trkpt>
      <trkpt lat="42.306980" lon="3.237200">
        <ele>285.6</ele>
      </trkpt>
      <trkpt lat="42.307640" lon="3.236510">
        <ele>285.4</ele>
      </trkpt>
      <trkpt lat="42.307830" lon="3.236240">
        <ele>286.4</ele>
      </trkpt>
      <trkpt lat="42.308040" lon="3.236050">
        <ele>288.3</ele>
      </trkpt>
      <trkpt lat="42.308300" lon="3.235820">
        <ele>290.3</ele>
      </trkpt>
      <trkpt lat="42.308540" lon="3.235690">
        <ele>290.4</ele>
      </trkpt>
      <trkpt lat="42.308780" lon="3.235630">
        <ele>289.9</ele>
      </trkpt>
      <trkpt lat="42.308910" lon="3.235450">
        <ele>288.3</ele>
      </trkpt>
      <trkpt lat="42.309030" lon="3.235000">
        <ele>283.1</ele>
      </trkpt>
      <trkpt lat="42.309080" lon="3.234690">
        <ele>280.8</ele>
      </trkpt>
      <trkpt lat="42.309200" lon="3.234290">
        <ele>278.2</ele>
      </trkpt>
      <trkpt lat="42.309200" lon="3.233820">
        <ele>275.1</ele>
      </trkpt>
      <trkpt lat="42.309210" lon="3.233240">
        <ele>270.8</ele>
      </trkpt>
      <trkpt lat="42.309350" lon="3.232760">
        <ele>266.2</ele>
      </trkpt>
      <trkpt lat="42.309450" lon="3.231940">
        <ele>262</ele>
      </trkpt>
      <trkpt lat="42.309610" lon="3.231580">
        <ele>261.1</ele>
      </trkpt>
      <trkpt lat="42.309770" lon="3.231260">
        <ele>259.7</ele>
      </trkpt>
      <trkpt lat="42.309860" lon="3.230930">
        <ele>257</ele>
      </trkpt>
      <trkpt lat="42.309900" lon="3.230510">
        <ele>255.2</ele>
      </trkpt>
      <trkpt lat="42.309990" lon="3.230260">
        <ele>255.3</ele>
      </trkpt>
      <trkpt lat="42.310330" lon="3.229970">
        <ele>253</ele>
      </trkpt>
      <trkpt lat="42.310720" lon="3.229900">
        <ele>247.4</ele>
      </trkpt>
      <trkpt lat="42.311230" lon="3.229890">
        <ele>241.5</ele>
      </trkpt>
      <trkpt lat="42.311460" lon="3.229930">
        <ele>238.4</ele>
      </trkpt>
      <trkpt lat="42.311680" lon="3.229830">
        <ele>235.5</ele>
      </trkpt>
      <trkpt lat="42.311830" lon="3.229580">
        <ele>233.1</ele>
      </trkpt>
      <trkpt lat="42.312130" lon="3.229510">
        <ele>228.6</ele>
      </trkpt>
      <trkpt lat="42.312200" lon="3.229390">
        <ele>228.3</ele>
      </trkpt>
      <trkpt lat="42.312220" lon="3.229240">
        <ele>228</ele>
      </trkpt>
      <trkpt lat="42.312190" lon="3.228430">
        <ele>222.3</ele>
      </trkpt>
      <trkpt lat="42.312130" lon="3.228150">
        <ele>219.9</ele>
      </trkpt>
      <trkpt lat="42.312160" lon="3.227900">
        <ele>217.4</ele>
      </trkpt>
      <trkpt lat="42.312280" lon="3.227810">
        <ele>216.1</ele>
      </trkpt>
      <trkpt lat="42.312470" lon="3.227790">
        <ele>215.2</ele>
      </trkpt>
      <trkpt lat="42.312690" lon="3.227510">
        <ele>212.7</ele>
      </trkpt>
      <trkpt lat="42.312870" lon="3.227330">
        <ele>210.6</ele>
      </trkpt>
      <trkpt lat="42.313010" lon="3.227150">
        <ele>211.1</ele>
      </trkpt>
      <trkpt lat="42.313230" lon="3.227050">
        <ele>209</ele>
      </trkpt>
      <trkpt lat="42.313310" lon="3.226860">
        <ele>210.7</ele>
      </trkpt>
      <trkpt lat="42.313390" lon="3.226790">
        <ele>210.9</ele>
      </trkpt>
      <trkpt lat="42.313540" lon="3.226760">
        <ele>209.4</ele>
      </trkpt>
      <trkpt lat="42.313890" lon="3.226490">
        <ele>209.8</ele>
      </trkpt>
      <trkpt lat="42.313940" lon="3.226500">
        <ele>211.5</ele>
      </trkpt>
      <trkpt lat="42.314000" lon="3.226620">
        <ele>211.1</ele>
      </trkpt>
      <trkpt lat="42.313950" lon="3.227260">
        <ele>204.3</ele>
      </trkpt>
      <trkpt lat="42.314000" lon="3.227400">
        <ele>203</ele>
      </trkpt>
      <trkpt lat="42.314100" lon="3.227510">
        <ele>203.6</ele>
      </trkpt>
      <trkpt lat="42.314290" lon="3.227580">
        <ele>204.8</ele>
      </trkpt>
      <trkpt lat="42.314550" lon="3.227620">
        <ele>205.6</ele>
      </trkpt>
      <trkpt lat="42.314760" lon="3.227540">
        <ele>207.2</ele>
      </trkpt>
      <trkpt lat="42.314880" lon="3.227430">
        <ele>207.4</ele>
      </trkpt>
      <trkpt lat="42.314980" lon="3.227310">
        <ele>208.2</ele>
      </trkpt>
      <trkpt lat="42.315330" lon="3.227150">
        <ele>209</ele>
      </trkpt>
      <trkpt lat="42.315450" lon="3.226940">
        <ele>210.8</ele>
      </trkpt>
      <trkpt lat="42.315590" lon="3.226880">
        <ele>210.4</ele>
      </trkpt>
      <trkpt lat="42.315840" lon="3.226950">
        <ele>210.9</ele>
      </trkpt>
      <trkpt lat="42.316620" lon="3.226940">
        <ele>212.1</ele>
      </trkpt>
      <trkpt lat="42.317000" lon="3.226750">
        <ele>215.9</ele>
      </trkpt>
      <trkpt lat="42.317430" lon="3.226720">
        <ele>219.3</ele>
      </trkpt>
      <trkpt lat="42.317520" lon="3.226630">
        <ele>219.8</ele>
      </trkpt>
      <trkpt lat="42.317520" lon="3.226500">
        <ele>219.7</ele>
      </trkpt>
      <trkpt lat="42.317430" lon="3.226290">
        <ele>221.4</ele>
      </trkpt>
      <trkpt lat="42.317450" lon="3.226080">
        <ele>222</ele>
      </trkpt>
      <trkpt lat="42.317640" lon="3.225530">
        <ele>222.6</ele>
      </trkpt>
      <trkpt lat="42.317650" lon="3.225290">
        <ele>223.3</ele>
      </trkpt>
      <trkpt lat="42.317660" lon="3.225110">
        <ele>226</ele>
      </trkpt>
      <trkpt lat="42.317730" lon="3.225030">
        <ele>224.5</ele>
      </trkpt>
      <trkpt lat="42.318040" lon="3.224970">
        <ele>224.2</ele>
      </trkpt>
      <trkpt lat="42.318530" lon="3.224840">
        <ele>225.8</ele>
      </trkpt>
      <trkpt lat="42.318830" lon="3.224710">
        <ele>227.8</ele>
      </trkpt>
      <trkpt lat="42.319240" lon="3.224660">
        <ele>228.2</ele>
      </trkpt>
      <trkpt lat="42.319420" lon="3.224530">
        <ele>229.2</ele>
      </trkpt>
      <trkpt lat="42.319790" lon="3.223900">
        <ele>231.3</ele>
      </trkpt>
      <trkpt lat="42.320020" lon="3.223510">
        <ele>231.2</ele>
      </trkpt>
      <trkpt lat="42.320690" lon="3.222510">
        <ele>240.3</ele>
      </trkpt>
      <trkpt lat="42.321070" lon="3.221910">
        <ele>240.8</ele>
      </trkpt>
      <trkpt lat="42.321360" lon="3.221470">
        <ele>244.2</ele>
      </trkpt>
      <trkpt lat="42.321540" lon="3.221120">
        <ele>244.6</ele>
      </trkpt>
      <trkpt lat="42.321800" lon="3.220930">
        <ele>245</ele>
      </trkpt>
      <trkpt lat="42.322140" lon="3.220560">
        <ele>246.1</ele>
      </trkpt>
      <trkpt lat="42.322340" lon="3.220200">
        <ele>243.8</ele>
      </trkpt>
      <trkpt lat="42.322520" lon="3.220040">
        <ele>241.3</ele>
      </trkpt>
      <trkpt lat="42.322720" lon="3.219990">
        <ele>240.9</ele>
      </trkpt>
      <trkpt lat="42.322840" lon="3.220010">
        <ele>240.8</ele>
      </trkpt>
      <trkpt lat="42.323400" lon="3.220390">
        <ele>237</ele>
      </trkpt>
      <trkpt lat="42.323530" lon="3.220420">
        <ele>236.2</ele>
      </trkpt>
      <trkpt lat="42.323780" lon="3.220240">
        <ele>234.8</ele>
      </trkpt>
      <trkpt lat="42.323920" lon="3.220040">
        <ele>235.2</ele>
      </trkpt>
      <trkpt lat="42.324020" lon="3.220000">
        <ele>235.2</ele>
      </trkpt>
      <trkpt lat="42.324410" lon="3.219940">
        <ele>233.7</ele>
      </trkpt>
      <trkpt lat="42.324600" lon="3.219950">
        <ele>233.3</ele>
      </trkpt>
      <trkpt lat="42.324870" lon="3.220000">
        <ele>231.1</ele>
      </trkpt>
      <trkpt lat="42.325400" lon="3.219810">
        <ele>228.9</ele>
      </trkpt>
      <trkpt lat="42.325900" lon="3.219560">
        <ele>225.7</ele>
      </trkpt>
      <trkpt lat="42.326060" lon="3.219550">
        <ele>224</ele>
      </trkpt>
      <trkpt lat="42.326370" lon="3.219460">
        <ele>221.9</ele>
      </trkpt>
      <trkpt lat="42.326880" lon="3.219410">
        <ele>217</ele>
      </trkpt>
      <trkpt lat="42.327040" lon="3.219290">
        <ele>214.5</ele>
      </trkpt>
      <trkpt lat="42.327110" lon="3.218990">
        <ele>212.6</ele>
      </trkpt>
      <trkpt lat="42.327110" lon="3.218640">
        <ele>210.3</ele>
      </trkpt>
      <trkpt lat="42.327090" lon="3.218510">
        <ele>211</ele>
      </trkpt>
      <trkpt lat="42.327130" lon="3.218440">
        <ele>210.9</ele>
      </trkpt>
      <trkpt lat="42.327220" lon="3.218430">
        <ele>210</ele>
      </trkpt>
      <trkpt lat="42.327370" lon="3.218640">
        <ele>208.8</ele>
      </trkpt>
      <trkpt lat="42.327560" lon="3.218830">
        <ele>205.7</ele>
      </trkpt>
      <trkpt lat="42.327700" lon="3.218870">
        <ele>205.8</ele>
      </trkpt>
      <trkpt lat="42.328050" lon="3.218930">
        <ele>203.6</ele>
      </trkpt>
      <trkpt lat="42.328210" lon="3.218900">
        <ele>202.8</ele>
      </trkpt>
      <trkpt lat="42.328460" lon="3.218930">
        <ele>202.1</ele>
      </trkpt>
      <trkpt lat="42.328530" lon="3.218860">
        <ele>202.4</ele>
      </trkpt>
      <trkpt lat="42.328560" lon="3.218590">
        <ele>199.5</ele>
      </trkpt>
      <trkpt lat="42.328550" lon="3.218200">
        <ele>195.3</ele>
      </trkpt>
      <trkpt lat="42.328580" lon="3.217870">
        <ele>192.1</ele>
      </trkpt>
      <trkpt lat="42.328720" lon="3.217520">
        <ele>191.2</ele>
      </trkpt>
      <trkpt lat="42.329110" lon="3.217000">
        <ele>184.7</ele>
      </trkpt>
      <trkpt lat="42.329170" lon="3.216680">
        <ele>181</ele>
      </trkpt>
      <trkpt lat="42.329180" lon="3.216490">
        <ele>180.8</ele>
      </trkpt>
      <trkpt lat="42.329190" lon="3.216400">
        <ele>180.7</ele>
      </trkpt>
      <trkpt lat="42.329400" lon="3.216230">
        <ele>180.5</ele>
      </trkpt>
      <trkpt lat="42.329740" lon="3.215710">
        <ele>180</ele>
      </trkpt>
      <trkpt lat="42.329860" lon="3.215480">
        <ele>178.6</ele>
      </trkpt>
      <trkpt lat="42.329940" lon="3.215240">
        <ele>178.4</ele>
      </trkpt>
      <trkpt lat="42.330080" lon="3.215040">
        <ele>178.8</ele>
      </trkpt>
      <trkpt lat="42.330330" lon="3.214880">
        <ele>177.1</ele>
      </trkpt>
      <trkpt lat="42.330710" lon="3.214570">
        <ele>175.6</ele>
      </trkpt>
      <trkpt lat="42.331600" lon="3.214010">
        <ele>171.7</ele>
      </trkpt>
      <trkpt lat="42.332310" lon="3.213630">
        <ele>165.8</ele>
      </trkpt>
      <trkpt lat="42.332830" lon="3.213170">
        <ele>163.9</ele>
      </trkpt>
      <trkpt lat="42.333850" lon="3.212800">
        <ele>161.2</ele>
      </trkpt>
      <trkpt lat="42.334010" lon="3.212770">
        <ele>161.3</ele>
      </trkpt>
      <trkpt lat="42.334130" lon="3.212790">
        <ele>160.4</ele>
      </trkpt>
      <trkpt lat="42.334490" lon="3.212770">
        <ele>158.4</ele>
      </trkpt>
      <trkpt lat="42.334680" lon="3.212890">
        <ele>155</ele>
      </trkpt>
      <trkpt lat="42.334800" lon="3.212900">
        <ele>153.4</ele>
      </trkpt>
      <trkpt lat="42.335240" lon="3.212680">
        <ele>149.3</ele>
      </trkpt>
      <trkpt lat="42.335640" lon="3.212530">
        <ele>147</ele>
      </trkpt>
      <trkpt lat="42.335940" lon="3.212300">
        <ele>148.1</ele>
      </trkpt>
      <trkpt lat="42.336380" lon="3.212030">
        <ele>143.7</ele>
      </trkpt>
      <trkpt lat="42.336530" lon="3.211820">
        <ele>141.9</ele>
      </trkpt>
      <trkpt lat="42.336700" lon="3.211500">
        <ele>140.5</ele>
      </trkpt>
      <trkpt lat="42.336800" lon="3.211520">
        <ele>138.7</ele>
      </trkpt>
      <trkpt lat="42.336870" lon="3.211670">
        <ele>137</ele>
      </trkpt>
      <trkpt lat="42.336900" lon="3.211830">
        <ele>134.6</ele>
      </trkpt>
      <trkpt lat="42.336860" lon="3.212090">
        <ele>132.7</ele>
      </trkpt>
      <trkpt lat="42.336790" lon="3.212520">
        <ele>130.1</ele>
      </trkpt>
      <trkpt lat="42.336680" lon="3.212940">
        <ele>126.9</ele>
      </trkpt>
      <trkpt lat="42.336580" lon="3.213060">
        <ele>126.5</ele>
      </trkpt>
      <trkpt lat="42.336160" lon="3.213370">
        <ele>124.6</ele>
      </trkpt>
      <trkpt lat="42.336140" lon="3.213470">
        <ele>122.6</ele>
      </trkpt>
      <trkpt lat="42.336290" lon="3.213410">
        <ele>122.1</ele>
      </trkpt>
      <trkpt lat="42.336760" lon="3.213110">
        <ele>120.8</ele>
      </trkpt>
      <trkpt lat="42.337020" lon="3.212870">
        <ele>118</ele>
      </trkpt>
      <trkpt lat="42.337120" lon="3.212720">
        <ele>117.4</ele>
      </trkpt>
      <trkpt lat="42.337270" lon="3.212390">
        <ele>114.8</ele>
      </trkpt>
      <trkpt lat="42.337780" lon="3.211790">
        <ele>105.1</ele>
      </trkpt>
      <trkpt lat="42.337850" lon="3.211450">
        <ele>103.8</ele>
      </trkpt>
      <trkpt lat="42.337720" lon="3.210930">
        <ele>105.5</ele>
      </trkpt>
      <trkpt lat="42.337810" lon="3.210670">
        <ele>101.9</ele>
      </trkpt>
      <trkpt lat="42.337820" lon="3.210550">
        <ele>102.4</ele>
      </trkpt>
      <trkpt lat="42.337710" lon="3.210430">
        <ele>104.2</ele>
      </trkpt>
      <trkpt lat="42.337650" lon="3.210240">
        <ele>104.5</ele>
      </trkpt>
      <trkpt lat="42.337710" lon="3.210010">
        <ele>105.4</ele>
      </trkpt>
      <trkpt lat="42.337900" lon="3.209580">
        <ele>101.9</ele>
      </trkpt>
      <trkpt lat="42.338100" lon="3.209300">
        <ele>100.6</ele>
      </trkpt>
      <trkpt lat="42.338470" lon="3.208890">
        <ele>97.1</ele>
      </trkpt>
      <trkpt lat="42.338730" lon="3.208240">
        <ele>93.5</ele>
      </trkpt>
      <trkpt lat="42.338920" lon="3.207890">
        <ele>91.2</ele>
      </trkpt>
      <trkpt lat="42.339120" lon="3.207800">
        <ele>90</ele>
      </trkpt>
      <trkpt lat="42.339200" lon="3.207710">
        <ele>88.2</ele>
      </trkpt>
      <trkpt lat="42.340000" lon="3.207340">
        <ele>82.7</ele>
      </trkpt>
      <trkpt lat="42.340730" lon="3.207310">
        <ele>84.4</ele>
      </trkpt>
      <trkpt lat="42.341000" lon="3.207270">
        <ele>84.1</ele>
      </trkpt>
      <trkpt lat="42.341700" lon="3.206900">
        <ele>85</ele>
      </trkpt>
      <trkpt lat="42.341910" lon="3.206750">
        <ele>84.2</ele>
      </trkpt>
      <trkpt lat="42.342160" lon="3.206880">
        <ele>84.1</ele>
      </trkpt>
      <trkpt lat="42.342320" lon="3.206870">
        <ele>84.4</ele>
      </trkpt>
      <trkpt lat="42.342630" lon="3.206770">
        <ele>86.5</ele>
      </trkpt>
      <trkpt lat="42.342850" lon="3.206880">
        <ele>84.8</ele>
      </trkpt>
      <trkpt lat="42.343080" lon="3.207130">
        <ele>81.5</ele>
      </trkpt>
      <trkpt lat="42.343360" lon="3.207620">
        <ele>70.7</ele>
      </trkpt>
      <trkpt lat="42.343660" lon="3.207840">
        <ele>64.9</ele>
      </trkpt>
      <trkpt lat="42.343900" lon="3.207900">
        <ele>60.1</ele>
      </trkpt>
      <trkpt lat="42.344220" lon="3.207670">
        <ele>56.4</ele>
      </trkpt>
      <trkpt lat="42.344560" lon="3.207630">
        <ele>53</ele>
      </trkpt>
      <trkpt lat="42.344650" lon="3.207580">
        <ele>52.5</ele>
      </trkpt>
      <trkpt lat="42.344620" lon="3.207160">
        <ele>53.7</ele>
      </trkpt>
      <trkpt lat="42.344800" lon="3.206630">
        <ele>52.5</ele>
      </trkpt>
      <trkpt lat="42.345020" lon="3.206110">
        <ele>45.7</ele>
      </trkpt>
      <trkpt lat="42.345130" lon="3.206050">
        <ele>44.9</ele>
      </trkpt>
      <trkpt lat="42.345350" lon="3.206050">
        <ele>40.9</ele>
      </trkpt>
      <trkpt lat="42.345530" lon="3.205970">
        <ele>39.6</ele>
      </trkpt>
      <trkpt lat="42.345790" lon="3.205840">
        <ele>35.8</ele>
      </trkpt>
      <trkpt lat="42.345870" lon="3.205790">
        <ele>34</ele>
      </trkpt>
      <trkpt lat="42.346760" lon="3.204550">
        <ele>26.1</ele>
      </trkpt>
      <trkpt lat="42.346780" lon="3.204350">
        <ele>25.8</ele>
      </trkpt>
      <trkpt lat="42.346770" lon="3.204060">
        <ele>24.2</ele>
      </trkpt>
      <trkpt lat="42.346670" lon="3.203900">
        <ele>25</ele>
      </trkpt>
      <trkpt lat="42.346470" lon="3.203810">
        <ele>22.1</ele>
      </trkpt>
      <trkpt lat="42.346250" lon="3.203820">
        <ele>25</ele>
      </trkpt>
      <trkpt lat="42.346010" lon="3.203420">
        <ele>12.6</ele>
      </trkpt>
      <trkpt lat="42.345750" lon="3.203270">
        <ele>12.9</ele>
      </trkpt>
      <trkpt lat="42.345650" lon="3.203290">
        <ele>13.2</ele>
      </trkpt>
      <trkpt lat="42.345550" lon="3.203370">
        <ele>16.7</ele>
      </trkpt>
      <trkpt lat="42.345360" lon="3.203420">
        <ele>17.4</ele>
      </trkpt>
      <trkpt lat="42.345250" lon="3.203400">
        <ele>17.2</ele>
      </trkpt>
      <trkpt lat="42.345200" lon="3.203350">
        <ele>17.6</ele>
      </trkpt>
      <trkpt lat="42.345120" lon="3.203080">
        <ele>17.4</ele>
      </trkpt>
      <trkpt lat="42.344980" lon="3.202870">
        <ele>20.7</ele>
      </trkpt>
      <trkpt lat="42.344830" lon="3.202720">
        <ele>18.3</ele>
      </trkpt>
      <trkpt lat="42.344430" lon="3.202720">
        <ele>19.6</ele>
      </trkpt>
      <trkpt lat="42.344220" lon="3.202490">
        <ele>20.1</ele>
      </trkpt>
      <trkpt lat="42.343890" lon="3.202370">
        <ele>17.6</ele>
      </trkpt>
      <trkpt lat="42.343430" lon="3.202490">
        <ele>15.6</ele>
      </trkpt>
      <trkpt lat="42.342920" lon="3.202560">
        <ele>10.2</ele>
      </trkpt>
      <trkpt lat="42.342540" lon="3.202740">
        <ele>7.2</ele>
      </trkpt>
      <trkpt lat="42.342250" lon="3.202760">
        <ele>5</ele>
      </trkpt>
      <trkpt lat="42.341630" lon="3.203210">
        <ele>5.3</ele>
      </trkpt>
      <trkpt lat="42.341470" lon="3.203270">
        <ele>4.7</ele>
      </trkpt>
      <trkpt lat="42.341070" lon="3.203460">
        <ele>2.1</ele>
      </trkpt>
      <trkpt lat="42.340480" lon="3.203470">
        <ele>3.1</ele>
      </trkpt>
      <trkpt lat="42.339600" lon="3.204180">
        <ele>2.8</ele>
      </trkpt>
      <trkpt lat="42.339250" lon="3.204250">
        <ele>2.6</ele>
      </trkpt>
      <trkpt lat="42.339070" lon="3.204220">
        <ele>2.2</ele>
      </trkpt>
      <trkpt lat="42.338880" lon="3.204100">
        <ele>1.9</ele>
      </trkpt>
      <trkpt lat="42.338500" lon="3.203750">
        <ele>1.9</ele>
      </trkpt>
      <trkpt lat="42.338500" lon="3.203750">
        <ele>1.9</ele>
      </trkpt>
      <trkpt lat="42.338410" lon="3.203600">
        <ele>1.7</ele>
      </trkpt>
      <trkpt lat="42.338400" lon="3.203410">
        <ele>1.8</ele>
      </trkpt>
      <trkpt lat="42.338460" lon="3.202940">
        <ele>1.3</ele>
      </trkpt>
      <trkpt lat="42.338390" lon="3.202810">
        <ele>1.1</ele>
      </trkpt>
      <trkpt lat="42.338020" lon="3.202700">
        <ele>1</ele>
      </trkpt>
      <trkpt lat="42.337890" lon="3.202760">
        <ele>1</ele>
      </trkpt>
      <trkpt lat="42.337780" lon="3.203450">
        <ele>1</ele>
      </trkpt>
      <trkpt lat="42.337700" lon="3.203490">
        <ele>1</ele>
      </trkpt>
      <trkpt lat="42.337510" lon="3.203540">
        <ele>1</ele>
      </trkpt>
      <trkpt lat="42.336590" lon="3.203620">
        <ele>1.3</ele>
      </trkpt>
      <trkpt lat="42.336420" lon="3.203510">
        <ele>1.9</ele>
      </trkpt>
      <trkpt lat="42.335650" lon="3.202740">
        <ele>2</ele>
      </trkpt>
      <trkpt lat="42.335530" lon="3.202590">
        <ele>2</ele>
      </trkpt>
      <trkpt lat="42.335280" lon="3.201880">
        <ele>2</ele>
      </trkpt>
      <trkpt lat="42.334150" lon="3.197970">
        <ele>3.3</ele>
      </trkpt>
      <trkpt lat="42.334120" lon="3.197750">
        <ele>3.8</ele>
      </trkpt>
      <trkpt lat="42.334150" lon="3.197570">
        <ele>3.9</ele>
      </trkpt>
      <trkpt lat="42.334520" lon="3.196680">
        <ele>7</ele>
      </trkpt>
      <trkpt lat="42.334600" lon="3.196720">
        <ele>5.7</ele>
      </trkpt>
      <trkpt lat="42.334670" lon="3.196700">
        <ele>5.2</ele>
      </trkpt>
      <trkpt lat="42.334790" lon="3.196580">
        <ele>4.7</ele>
      </trkpt>
      <trkpt lat="42.334920" lon="3.196240">
        <ele>3.4</ele>
      </trkpt>
      <trkpt lat="42.335140" lon="3.195810">
        <ele>2.2</ele>
      </trkpt>
      <trkpt lat="42.335240" lon="3.195770">
        <ele>2.1</ele>
      </trkpt>
      <trkpt lat="42.335430" lon="3.195780">
        <ele>1.7</ele>
      </trkpt>
      <trkpt lat="42.335630" lon="3.195410">
        <ele>4.4</ele>
      </trkpt>
      <trkpt lat="42.335720" lon="3.195160">
        <ele>3</ele>
      </trkpt>
      <trkpt lat="42.335660" lon="3.194780">
        <ele>5.6</ele>
      </trkpt>
      <trkpt lat="42.335610" lon="3.194630">
        <ele>5.9</ele>
      </trkpt>
      <trkpt lat="42.335790" lon="3.194350">
        <ele>3</ele>
      </trkpt>
      <trkpt lat="42.336000" lon="3.194250">
        <ele>4.2</ele>
      </trkpt>
      <trkpt lat="42.336170" lon="3.194280">
        <ele>4</ele>
      </trkpt>
      <trkpt lat="42.336430" lon="3.194140">
        <ele>5.6</ele>
      </trkpt>
      <trkpt lat="42.336680" lon="3.193970">
        <ele>5.9</ele>
      </trkpt>
      <trkpt lat="42.336930" lon="3.193730">
        <ele>6.9</ele>
      </trkpt>
      <trkpt lat="42.337180" lon="3.193930">
        <ele>4.4</ele>
      </trkpt>
      <trkpt lat="42.337300" lon="3.193930">
        <ele>4.73</ele>
      </trkpt>
      <trkpt lat="42.337400" lon="3.193890">
        <ele>4.36</ele>
      </trkpt>
      <trkpt lat="42.337430" lon="3.193700">
        <ele>5.6</ele>
      </trkpt>
      <trkpt lat="42.337770" lon="3.193220">
        <ele>8.7</ele>
      </trkpt>
      <trkpt lat="42.337860" lon="3.193020">
        <ele>8.6</ele>
      </trkpt>
      <trkpt lat="42.337930" lon="3.192880">
        <ele>7.7</ele>
      </trkpt>
      <trkpt lat="42.338020" lon="3.192480">
        <ele>11.4</ele>
      </trkpt>
      <trkpt lat="42.338030" lon="3.192310">
        <ele>12.6</ele>
      </trkpt>
      <trkpt lat="42.338190" lon="3.192060">
        <ele>11.4</ele>
      </trkpt>
      <trkpt lat="42.338240" lon="3.192020">
        <ele>10.9</ele>
      </trkpt>
      <trkpt lat="42.338270" lon="3.191940">
        <ele>10.9</ele>
      </trkpt>
      <trkpt lat="42.338240" lon="3.191790">
        <ele>12.6</ele>
      </trkpt>
      <trkpt lat="42.338250" lon="3.191690">
        <ele>13.2</ele>
      </trkpt>
      <trkpt lat="42.338330" lon="3.190930">
        <ele>12.4</ele>
      </trkpt>
      <trkpt lat="42.338420" lon="3.190810">
        <ele>11.8</ele>
      </trkpt>
      <trkpt lat="42.338670" lon="3.190730">
        <ele>8.9</ele>
      </trkpt>
      <trkpt lat="42.338860" lon="3.190490">
        <ele>7.3</ele>
      </trkpt>
      <trkpt lat="42.339000" lon="3.190110">
        <ele>10.1</ele>
      </trkpt>
      <trkpt lat="42.339230" lon="3.190030">
        <ele>6.23</ele>
      </trkpt>
      <trkpt lat="42.339700" lon="3.189960">
        <ele>10.4</ele>
      </trkpt>
      <trkpt lat="42.339970" lon="3.189830">
        <ele>8.7</ele>
      </trkpt>
      <trkpt lat="42.340080" lon="3.189830">
        <ele>7.6</ele>
      </trkpt>
      <trkpt lat="42.340340" lon="3.189620">
        <ele>7.6</ele>
      </trkpt>
      <trkpt lat="42.340470" lon="3.189460">
        <ele>5.3</ele>
      </trkpt>
      <trkpt lat="42.340610" lon="3.189220">
        <ele>6</ele>
      </trkpt>
      <trkpt lat="42.340760" lon="3.189130">
        <ele>6.6</ele>
      </trkpt>
      <trkpt lat="42.341020" lon="3.189090">
        <ele>7.6</ele>
      </trkpt>
      <trkpt lat="42.341170" lon="3.188950">
        <ele>7.1</ele>
      </trkpt>
      <trkpt lat="42.341310" lon="3.188740">
        <ele>7.3</ele>
      </trkpt>
      <trkpt lat="42.341580" lon="3.188480">
        <ele>6.8</ele>
      </trkpt>
      <trkpt lat="42.341780" lon="3.188250">
        <ele>7.9</ele>
      </trkpt>
      <trkpt lat="42.342060" lon="3.187780">
        <ele>9.7</ele>
      </trkpt>
      <trkpt lat="42.342210" lon="3.187500">
        <ele>9.1</ele>
      </trkpt>
      <trkpt lat="42.342250" lon="3.187320">
        <ele>8.4</ele>
      </trkpt>
      <trkpt lat="42.342260" lon="3.186300">
        <ele>4.3</ele>
      </trkpt>
      <trkpt lat="42.342400" lon="3.186130">
        <ele>3.3</ele>
      </trkpt>
      <trkpt lat="42.342550" lon="3.186050">
        <ele>3.1</ele>
      </trkpt>
      <trkpt lat="42.342810" lon="3.185850">
        <ele>3.7</ele>
      </trkpt>
      <trkpt lat="42.343070" lon="3.185660">
        <ele>3.2</ele>
      </trkpt>
      <trkpt lat="42.343450" lon="3.185420">
        <ele>2.9</ele>
      </trkpt>
      <trkpt lat="42.343780" lon="3.185280">
        <ele>4.6</ele>
      </trkpt>
      <trkpt lat="42.343900" lon="3.185260">
        <ele>5.2</ele>
      </trkpt>
      <trkpt lat="42.343970" lon="3.185110">
        <ele>7.1</ele>
      </trkpt>
      <trkpt lat="42.344190" lon="3.185130">
        <ele>6</ele>
      </trkpt>
      <trkpt lat="42.344380" lon="3.185110">
        <ele>5.6</ele>
      </trkpt>
      <trkpt lat="42.344790" lon="3.185110">
        <ele>7.5</ele>
      </trkpt>
      <trkpt lat="42.344890" lon="3.185130">
        <ele>8.2</ele>
      </trkpt>
      <trkpt lat="42.344990" lon="3.185200">
        <ele>7.2</ele>
      </trkpt>
      <trkpt lat="42.345040" lon="3.185220">
        <ele>6.4</ele>
      </trkpt>
      <trkpt lat="42.345100" lon="3.185230">
        <ele>5.6</ele>
      </trkpt>
      <trkpt lat="42.345160" lon="3.185230">
        <ele>5.1</ele>
      </trkpt>
      <trkpt lat="42.345270" lon="3.185150">
        <ele>8</ele>
      </trkpt>
      <trkpt lat="42.345480" lon="3.185100">
        <ele>8.5</ele>
      </trkpt>
      <trkpt lat="42.345550" lon="3.185040">
        <ele>9.8</ele>
      </trkpt>
      <trkpt lat="42.345660" lon="3.185020">
        <ele>11.3</ele>
      </trkpt>
      <trkpt lat="42.345840" lon="3.185350">
        <ele>7.6</ele>
      </trkpt>
      <trkpt lat="42.345930" lon="3.185420">
        <ele>5.1</ele>
      </trkpt>
      <trkpt lat="42.346050" lon="3.185460">
        <ele>3.8</ele>
      </trkpt>
      <trkpt lat="42.346210" lon="3.185140">
        <ele>11.3</ele>
      </trkpt>
      <trkpt lat="42.346240" lon="3.185000">
        <ele>13.5</ele>
      </trkpt>
      <trkpt lat="42.346300" lon="3.185020">
        <ele>13</ele>
      </trkpt>
      <trkpt lat="42.346430" lon="3.185330">
        <ele>8.7</ele>
      </trkpt>
      <trkpt lat="42.346450" lon="3.185440">
        <ele>7.6</ele>
      </trkpt>
      <trkpt lat="42.346450" lon="3.185550">
        <ele>6.2</ele>
      </trkpt>
      <trkpt lat="42.346570" lon="3.185670">
        <ele>5.3</ele>
      </trkpt>
      <trkpt lat="42.346730" lon="3.185760">
        <ele>4.8</ele>
      </trkpt>
      <trkpt lat="42.346950" lon="3.185910">
        <ele>6.9</ele>
      </trkpt>
      <trkpt lat="42.346990" lon="3.185920">
        <ele>6.6</ele>
      </trkpt>
      <trkpt lat="42.347170" lon="3.185830">
        <ele>9.9</ele>
      </trkpt>
      <trkpt lat="42.347480" lon="3.185900">
        <ele>13.5</ele>
      </trkpt>
      <trkpt lat="42.347580" lon="3.186030">
        <ele>10.6</ele>
      </trkpt>
      <trkpt lat="42.347640" lon="3.186040">
        <ele>9.5</ele>
      </trkpt>
      <trkpt lat="42.347830" lon="3.185940">
        <ele>13.2</ele>
      </trkpt>
      <trkpt lat="42.348370" lon="3.185810">
        <ele>16.4</ele>
      </trkpt>
      <trkpt lat="42.348610" lon="3.185850">
        <ele>15</ele>
      </trkpt>
      <trkpt lat="42.348720" lon="3.185870">
        <ele>12.8</ele>
      </trkpt>
      <trkpt lat="42.349030" lon="3.185880">
        <ele>11.9</ele>
      </trkpt>
      <trkpt lat="42.349250" lon="3.185940">
        <ele>10.3</ele>
      </trkpt>
      <trkpt lat="42.349470" lon="3.186040">
        <ele>11.2</ele>
      </trkpt>
      <trkpt lat="42.349650" lon="3.186100">
        <ele>11.6</ele>
      </trkpt>
      <trkpt lat="42.349870" lon="3.186050">
        <ele>12.8</ele>
      </trkpt>
      <trkpt lat="42.349940" lon="3.186000">
        <ele>13</ele>
      </trkpt>
      <trkpt lat="42.349990" lon="3.185840">
        <ele>13.1</ele>
      </trkpt>
      <trkpt lat="42.350010" lon="3.185140">
        <ele>15.4</ele>
      </trkpt>
      <trkpt lat="42.350120" lon="3.185020">
        <ele>14.1</ele>
      </trkpt>
      <trkpt lat="42.350080" lon="3.184720">
        <ele>11.4</ele>
      </trkpt>
      <trkpt lat="42.350080" lon="3.184570">
        <ele>10.3</ele>
      </trkpt>
      <trkpt lat="42.350110" lon="3.184370">
        <ele>8.9</ele>
      </trkpt>
      <trkpt lat="42.350190" lon="3.184290">
        <ele>8</ele>
      </trkpt>
      <trkpt lat="42.350270" lon="3.184160">
        <ele>9.3</ele>
      </trkpt>
      <trkpt lat="42.350500" lon="3.183950">
        <ele>13.1</ele>
      </trkpt>
      <trkpt lat="42.350720" lon="3.183890">
        <ele>12.22</ele>
      </trkpt>
      <trkpt lat="42.350820" lon="3.183820">
        <ele>12.6</ele>
      </trkpt>
      <trkpt lat="42.350880" lon="3.183720">
        <ele>13.5</ele>
      </trkpt>
      <trkpt lat="42.350920" lon="3.183590">
        <ele>13.9</ele>
      </trkpt>
      <trkpt lat="42.350950" lon="3.183480">
        <ele>14.2</ele>
      </trkpt>
      <trkpt lat="42.351020" lon="3.183460">
        <ele>13.1</ele>
      </trkpt>
      <trkpt lat="42.351120" lon="3.183490">
        <ele>9.8</ele>
      </trkpt>
      <trkpt lat="42.351280" lon="3.183450">
        <ele>9.1</ele>
      </trkpt>
      <trkpt lat="42.351320" lon="3.183420">
        <ele>9.4</ele>
      </trkpt>
      <trkpt lat="42.351340" lon="3.183400">
        <ele>9.6</ele>
      </trkpt>
      <trkpt lat="42.351350" lon="3.183370">
        <ele>10.6</ele>
      </trkpt>
      <trkpt lat="42.351330" lon="3.183300">
        <ele>11.2</ele>
      </trkpt>
      <trkpt lat="42.351360" lon="3.183200">
        <ele>9.1</ele>
      </trkpt>
      <trkpt lat="42.351300" lon="3.183090">
        <ele>8.7</ele>
      </trkpt>
      <trkpt lat="42.351170" lon="3.183030">
        <ele>10.7</ele>
      </trkpt>
      <trkpt lat="42.351050" lon="3.182910">
        <ele>9.2</ele>
      </trkpt>
      <trkpt lat="42.351020" lon="3.182750">
        <ele>5.9</ele>
      </trkpt>
      <trkpt lat="42.350980" lon="3.182670">
        <ele>6.5</ele>
      </trkpt>
      <trkpt lat="42.350900" lon="3.182590">
        <ele>8.5</ele>
      </trkpt>
      <trkpt lat="42.350810" lon="3.182430">
        <ele>8.3</ele>
      </trkpt>
      <trkpt lat="42.350800" lon="3.182270">
        <ele>6.9</ele>
      </trkpt>
      <trkpt lat="42.350830" lon="3.182190">
        <ele>6.3</ele>
      </trkpt>
      <trkpt lat="42.350860" lon="3.182100">
        <ele>6.4</ele>
      </trkpt>
      <trkpt lat="42.350940" lon="3.181960">
        <ele>6.3</ele>
      </trkpt>
      <trkpt lat="42.350940" lon="3.181960">
        <ele>6.3</ele>
      </trkpt>
      <trkpt lat="42.351100" lon="3.181830">
        <ele>6.2</ele>
      </trkpt>
      <trkpt lat="42.351290" lon="3.181870">
        <ele>4.6</ele>
      </trkpt>
      <trkpt lat="42.351370" lon="3.181690">
        <ele>6.8</ele>
      </trkpt>
      <trkpt lat="42.351540" lon="3.181550">
        <ele>5.7</ele>
      </trkpt>
      <trkpt lat="42.351620" lon="3.181280">
        <ele>7.1</ele>
      </trkpt>
      <trkpt lat="42.351750" lon="3.181180">
        <ele>7.5</ele>
      </trkpt>
      <trkpt lat="42.352280" lon="3.181450">
        <ele>3.6</ele>
      </trkpt>
      <trkpt lat="42.352570" lon="3.180610">
        <ele>7.5</ele>
      </trkpt>
      <trkpt lat="42.352940" lon="3.180470">
        <ele>5.9</ele>
      </trkpt>
      <trkpt lat="42.352990" lon="3.180390">
        <ele>5.5</ele>
      </trkpt>
      <trkpt lat="42.352870" lon="3.179790">
        <ele>8.3</ele>
      </trkpt>
      <trkpt lat="42.352880" lon="3.179440">
        <ele>8.2</ele>
      </trkpt>
      <trkpt lat="42.352740" lon="3.179180">
        <ele>9.9</ele>
      </trkpt>
      <trkpt lat="42.352800" lon="3.178900">
        <ele>9.9</ele>
      </trkpt>
      <trkpt lat="42.352710" lon="3.178610">
        <ele>8.7</ele>
      </trkpt>
      <trkpt lat="42.352600" lon="3.178130">
        <ele>6.4</ele>
      </trkpt>
      <trkpt lat="42.352560" lon="3.177830">
        <ele>8.9</ele>
      </trkpt>
      <trkpt lat="42.352570" lon="3.177750">
        <ele>10</ele>
      </trkpt>
      <trkpt lat="42.352680" lon="3.177690">
        <ele>11</ele>
      </trkpt>
      <trkpt lat="42.352710" lon="3.177610">
        <ele>13.3</ele>
      </trkpt>
      <trkpt lat="42.352800" lon="3.177630">
        <ele>12.5</ele>
      </trkpt>
      <trkpt lat="42.352840" lon="3.177540">
        <ele>15.5</ele>
      </trkpt>
      <trkpt lat="42.352990" lon="3.177530">
        <ele>15.9</ele>
      </trkpt>
      <trkpt lat="42.353230" lon="3.177220">
        <ele>16.7</ele>
      </trkpt>
      <trkpt lat="42.353440" lon="3.176990">
        <ele>15.7</ele>
      </trkpt>
      <trkpt lat="42.353520" lon="3.176830">
        <ele>15</ele>
      </trkpt>
      <trkpt lat="42.353510" lon="3.176650">
        <ele>15.1</ele>
      </trkpt>
      <trkpt lat="42.353450" lon="3.176330">
        <ele>15.7</ele>
      </trkpt>
      <trkpt lat="42.353390" lon="3.175950">
        <ele>16.8</ele>
      </trkpt>
      <trkpt lat="42.354200" lon="3.174970">
        <ele>15.7</ele>
      </trkpt>
      <trkpt lat="42.354450" lon="3.174580">
        <ele>14.5</ele>
      </trkpt>
      <trkpt lat="42.354750" lon="3.174270">
        <ele>14.9</ele>
      </trkpt>
      <trkpt lat="42.354830" lon="3.174100">
        <ele>14.7</ele>
      </trkpt>
      <trkpt lat="42.354970" lon="3.173690">
        <ele>14.5</ele>
      </trkpt>
      <trkpt lat="42.355050" lon="3.173180">
        <ele>13.3</ele>
      </trkpt>
      <trkpt lat="42.355050" lon="3.172830">
        <ele>13.8</ele>
      </trkpt>
      <trkpt lat="42.355250" lon="3.172730">
        <ele>13.8</ele>
      </trkpt>
      <trkpt lat="42.355390" lon="3.172530">
        <ele>13.7</ele>
      </trkpt>
      <trkpt lat="42.355490" lon="3.172320">
        <ele>11.3</ele>
      </trkpt>
      <trkpt lat="42.355450" lon="3.171940">
        <ele>8.7</ele>
      </trkpt>
      <trkpt lat="42.355500" lon="3.171830">
        <ele>7.9</ele>
      </trkpt>
      <trkpt lat="42.355610" lon="3.171830">
        <ele>7.9</ele>
      </trkpt>
      <trkpt lat="42.355830" lon="3.171920">
        <ele>10.8</ele>
      </trkpt>
      <trkpt lat="42.355970" lon="3.171900">
        <ele>10.8</ele>
      </trkpt>
      <trkpt lat="42.356150" lon="3.171730">
        <ele>15.1</ele>
      </trkpt>
      <trkpt lat="42.356440" lon="3.171310">
        <ele>17</ele>
      </trkpt>
      <trkpt lat="42.357000" lon="3.170730">
        <ele>14.1</ele>
      </trkpt>
      <trkpt lat="42.357160" lon="3.170540">
        <ele>13.6</ele>
      </trkpt>
      <trkpt lat="42.357340" lon="3.170500">
        <ele>11.7</ele>
      </trkpt>
      <trkpt lat="42.357390" lon="3.170530">
        <ele>11.1</ele>
      </trkpt>
      <trkpt lat="42.357450" lon="3.170700">
        <ele>9.3</ele>
      </trkpt>
      <trkpt lat="42.357630" lon="3.170820">
        <ele>6.8</ele>
      </trkpt>
      <trkpt lat="42.357670" lon="3.170770">
        <ele>5.3</ele>
      </trkpt>
      <trkpt lat="42.357690" lon="3.170590">
        <ele>4.1</ele>
      </trkpt>
      <trkpt lat="42.357580" lon="3.170320">
        <ele>8.7</ele>
      </trkpt>
      <trkpt lat="42.357650" lon="3.169920">
        <ele>13.7</ele>
      </trkpt>
      <trkpt lat="42.357750" lon="3.169810">
        <ele>15.3</ele>
      </trkpt>
      <trkpt lat="42.357930" lon="3.169760">
        <ele>14</ele>
      </trkpt>
      <trkpt lat="42.358000" lon="3.169620">
        <ele>12.9</ele>
      </trkpt>
      <trkpt lat="42.358000" lon="3.169520">
        <ele>12.3</ele>
      </trkpt>
      <trkpt lat="42.357940" lon="3.169320">
        <ele>10.7</ele>
      </trkpt>
      <trkpt lat="42.357810" lon="3.169180">
        <ele>12.3</ele>
      </trkpt>
      <trkpt lat="42.357370" lon="3.168850">
        <ele>13.5</ele>
      </trkpt>
      <trkpt lat="42.357340" lon="3.168750">
        <ele>14.6</ele>
      </trkpt>
      <trkpt lat="42.357400" lon="3.168690">
        <ele>13.9</ele>
      </trkpt>
      <trkpt lat="42.357780" lon="3.168380">
        <ele>19.3</ele>
      </trkpt>
      <trkpt lat="42.358010" lon="3.168460">
        <ele>18.5</ele>
      </trkpt>
      <trkpt lat="42.358180" lon="3.168500">
        <ele>13.3</ele>
      </trkpt>
      <trkpt lat="42.358260" lon="3.168380">
        <ele>14.8</ele>
      </trkpt>
      <trkpt lat="42.358440" lon="3.168170">
        <ele>12.2</ele>
      </trkpt>
      <trkpt lat="42.358470" lon="3.168040">
        <ele>12.2</ele>
      </trkpt>
      <trkpt lat="42.358480" lon="3.167880">
        <ele>13</ele>
      </trkpt>
      <trkpt lat="42.358570" lon="3.167790">
        <ele>11.8</ele>
      </trkpt>
      <trkpt lat="42.358820" lon="3.167280">
        <ele>14.7</ele>
      </trkpt>
      <trkpt lat="42.358920" lon="3.167020">
        <ele>16.8</ele>
      </trkpt>
      <trkpt lat="42.358940" lon="3.166910">
        <ele>17.1</ele>
      </trkpt>
      <trkpt lat="42.359060" lon="3.166810">
        <ele>13.2</ele>
      </trkpt>
      <trkpt lat="42.359380" lon="3.166000">
        <ele>13</ele>
      </trkpt>
      <trkpt lat="42.359420" lon="3.165780">
        <ele>13.9</ele>
      </trkpt>
      <trkpt lat="42.359620" lon="3.165230">
        <ele>10.9</ele>
      </trkpt>
      <trkpt lat="42.359710" lon="3.164840">
        <ele>12.9</ele>
      </trkpt>
      <trkpt lat="42.359810" lon="3.164600">
        <ele>15.1</ele>
      </trkpt>
      <trkpt lat="42.359920" lon="3.164380">
        <ele>11.4</ele>
      </trkpt>
      <trkpt lat="42.359930" lon="3.164270">
        <ele>12.9</ele>
      </trkpt>
      <trkpt lat="42.359900" lon="3.164070">
        <ele>17.2</ele>
      </trkpt>
      <trkpt lat="42.359720" lon="3.164200">
        <ele>22.7</ele>
      </trkpt>
      <trkpt lat="42.359630" lon="3.164050">
        <ele>26.9</ele>
      </trkpt>
      <trkpt lat="42.359650" lon="3.163520">
        <ele>28.7</ele>
      </trkpt>
      <trkpt lat="42.359690" lon="3.162940">
        <ele>28.4</ele>
      </trkpt>
      <trkpt lat="42.359600" lon="3.162240">
        <ele>36.1</ele>
      </trkpt>
      <trkpt lat="42.359690" lon="3.161980">
        <ele>35.8</ele>
      </trkpt>
      <trkpt lat="42.359840" lon="3.161860">
        <ele>37.6</ele>
      </trkpt>
      <trkpt lat="42.359980" lon="3.161870">
        <ele>37.5</ele>
      </trkpt>
      <trkpt lat="42.360200" lon="3.162020">
        <ele>33.4</ele>
      </trkpt>
      <trkpt lat="42.360360" lon="3.161990">
        <ele>34</ele>
      </trkpt>
      <trkpt lat="42.360560" lon="3.161910">
        <ele>38</ele>
      </trkpt>
      <trkpt lat="42.360790" lon="3.161930">
        <ele>37.4</ele>
      </trkpt>
      <trkpt lat="42.360930" lon="3.161860">
        <ele>36.8</ele>
      </trkpt>
      <trkpt lat="42.360990" lon="3.161730">
        <ele>38.2</ele>
      </trkpt>
      <trkpt lat="42.361130" lon="3.161410">
        <ele>38.7</ele>
      </trkpt>
      <trkpt lat="42.361290" lon="3.161340">
        <ele>39.9</ele>
      </trkpt>
      <trkpt lat="42.361490" lon="3.161430">
        <ele>38.6</ele>
      </trkpt>
      <trkpt lat="42.361690" lon="3.161660">
        <ele>40</ele>
      </trkpt>
      <trkpt lat="42.361790" lon="3.161700">
        <ele>39.4</ele>
      </trkpt>
      <trkpt lat="42.361910" lon="3.161650">
        <ele>39.1</ele>
      </trkpt>
      <trkpt lat="42.361980" lon="3.161560">
        <ele>37.7</ele>
      </trkpt>
      <trkpt lat="42.362000" lon="3.161370">
        <ele>36.4</ele>
      </trkpt>
      <trkpt lat="42.361950" lon="3.161000">
        <ele>36.6</ele>
      </trkpt>
      <trkpt lat="42.361970" lon="3.160800">
        <ele>35.6</ele>
      </trkpt>
      <trkpt lat="42.362090" lon="3.160570">
        <ele>35</ele>
      </trkpt>
      <trkpt lat="42.362250" lon="3.160400">
        <ele>34</ele>
      </trkpt>
      <trkpt lat="42.362450" lon="3.160300">
        <ele>34.1</ele>
      </trkpt>
      <trkpt lat="42.362560" lon="3.160320">
        <ele>33.3</ele>
      </trkpt>
      <trkpt lat="42.362740" lon="3.160400">
        <ele>32.5</ele>
      </trkpt>
      <trkpt lat="42.362890" lon="3.160360">
        <ele>32.1</ele>
      </trkpt>
      <trkpt lat="42.363240" lon="3.159980">
        <ele>32.7</ele>
      </trkpt>
      <trkpt lat="42.363390" lon="3.159970">
        <ele>31.5</ele>
      </trkpt>
      <trkpt lat="42.363590" lon="3.160050">
        <ele>29.3</ele>
      </trkpt>
      <trkpt lat="42.363860" lon="3.160050">
        <ele>28.5</ele>
      </trkpt>
      <trkpt lat="42.363990" lon="3.160160">
        <ele>28.6</ele>
      </trkpt>
      <trkpt lat="42.364410" lon="3.161090">
        <ele>25.1</ele>
      </trkpt>
      <trkpt lat="42.364510" lon="3.161230">
        <ele>24</ele>
      </trkpt>
      <trkpt lat="42.364600" lon="3.161320">
        <ele>23.3</ele>
      </trkpt>
      <trkpt lat="42.364690" lon="3.161350">
        <ele>23.3</ele>
      </trkpt>
      <trkpt lat="42.364790" lon="3.161340">
        <ele>23.1</ele>
      </trkpt>
      <trkpt lat="42.366320" lon="3.160730">
        <ele>18.1</ele>
      </trkpt>
      <trkpt lat="42.367060" lon="3.160120">
        <ele>14.1</ele>
      </trkpt>
      <trkpt lat="42.368310" lon="3.158250">
        <ele>6.1</ele>
      </trkpt>
      <trkpt lat="42.368330" lon="3.158100">
        <ele>5.2</ele>
      </trkpt>
      <trkpt lat="42.368290" lon="3.157810">
        <ele>4.3</ele>
      </trkpt>
      <trkpt lat="42.367970" lon="3.157170">
        <ele>4.1</ele>
      </trkpt>
      <trkpt lat="42.368060" lon="3.157000">
        <ele>3.2</ele>
      </trkpt>
      <trkpt lat="42.368020" lon="3.156890">
        <ele>3.1</ele>
      </trkpt>
      <trkpt lat="42.367670" lon="3.156640">
        <ele>3</ele>
      </trkpt>
      <trkpt lat="42.367520" lon="3.156410">
        <ele>3.9</ele>
      </trkpt>
      <trkpt lat="42.367550" lon="3.156380">
        <ele>3.8</ele>
      </trkpt>
      <trkpt lat="42.367080" lon="3.155520">
        <ele>3.5</ele>
      </trkpt>
      <trkpt lat="42.366840" lon="3.155170">
        <ele>4.2</ele>
      </trkpt>
      <trkpt lat="42.366050" lon="3.154620">
        <ele>5</ele>
      </trkpt>
      <trkpt lat="42.366020" lon="3.154620">
        <ele>5.2</ele>
      </trkpt>
      <trkpt lat="42.364910" lon="3.153910">
        <ele>5.4</ele>
      </trkpt>
      <trkpt lat="42.364780" lon="3.153780">
        <ele>5.4</ele>
      </trkpt>
      <trkpt lat="42.364650" lon="3.153600">
        <ele>5.2</ele>
      </trkpt>
      <trkpt lat="42.364580" lon="3.153470">
        <ele>5.5</ele>
      </trkpt>
      <trkpt lat="42.364440" lon="3.153460">
        <ele>6</ele>
      </trkpt>
      <trkpt lat="42.364230" lon="3.153420">
        <ele>6.2</ele>
      </trkpt>
      <trkpt lat="42.363960" lon="3.153300">
        <ele>6</ele>
      </trkpt>
      <trkpt lat="42.363810" lon="3.153170">
        <ele>6</ele>
      </trkpt>
      <trkpt lat="42.363730" lon="3.153040">
        <ele>6</ele>
      </trkpt>
      <trkpt lat="42.363560" lon="3.152770">
        <ele>5.2</ele>
      </trkpt>
      <trkpt lat="42.363270" lon="3.152240">
        <ele>6</ele>
      </trkpt>
      <trkpt lat="42.363300" lon="3.152060">
        <ele>6.1</ele>
      </trkpt>
      <trkpt lat="42.363330" lon="3.151860">
        <ele>6</ele>
      </trkpt>
      <trkpt lat="42.363390" lon="3.151580">
        <ele>5.9</ele>
      </trkpt>
      <trkpt lat="42.363400" lon="3.151450">
        <ele>5.8</ele>
      </trkpt>
      <trkpt lat="42.363320" lon="3.150940">
        <ele>5.1</ele>
      </trkpt>
      <trkpt lat="42.363140" lon="3.150680">
        <ele>5.6</ele>
      </trkpt>
      <trkpt lat="42.363090" lon="3.150510">
        <ele>6</ele>
      </trkpt>
      <trkpt lat="42.363070" lon="3.150120">
        <ele>6</ele>
      </trkpt>
      <trkpt lat="42.362990" lon="3.149750">
        <ele>6.2</ele>
      </trkpt>
      <trkpt lat="42.362700" lon="3.148700">
        <ele>7</ele>
      </trkpt>
      <trkpt lat="42.362520" lon="3.148270">
        <ele>7</ele>
      </trkpt>
      <trkpt lat="42.362330" lon="3.148020">
        <ele>7.7</ele>
      </trkpt>
      <trkpt lat="42.362290" lon="3.147910">
        <ele>7.9</ele>
      </trkpt>
      <trkpt lat="42.362330" lon="3.147800">
        <ele>8</ele>
      </trkpt>
      <trkpt lat="42.362670" lon="3.147590">
        <ele>7.8</ele>
      </trkpt>
      <trkpt lat="42.362800" lon="3.147100">
        <ele>7.9</ele>
      </trkpt>
      <trkpt lat="42.362940" lon="3.147090">
        <ele>6.9</ele>
      </trkpt>
      <trkpt lat="42.362920" lon="3.146800">
        <ele>6.5</ele>
      </trkpt>
      <trkpt lat="42.362920" lon="3.146490">
        <ele>6.5</ele>
      </trkpt>
      <trkpt lat="42.362740" lon="3.145890">
        <ele>5.5</ele>
      </trkpt>
      <trkpt lat="42.362660" lon="3.145690">
        <ele>7.3</ele>
      </trkpt>
      <trkpt lat="42.362490" lon="3.145320">
        <ele>5.7</ele>
      </trkpt>
      <trkpt lat="42.362280" lon="3.144970">
        <ele>7.2</ele>
      </trkpt>
      <trkpt lat="42.361870" lon="3.144440">
        <ele>6.7</ele>
      </trkpt>
      <trkpt lat="42.362010" lon="3.143080">
        <ele>10</ele>
      </trkpt>
      <trkpt lat="42.362030" lon="3.142340">
        <ele>9</ele>
      </trkpt>
      <trkpt lat="42.362170" lon="3.141390">
        <ele>9</ele>
      </trkpt>
      <trkpt lat="42.362240" lon="3.140840">
        <ele>10</ele>
      </trkpt>
      <trkpt lat="42.362260" lon="3.140450">
        <ele>11.4</ele>
      </trkpt>
      <trkpt lat="42.362290" lon="3.140290">
        <ele>13.1</ele>
      </trkpt>
      <trkpt lat="42.362740" lon="3.138940">
        <ele>18.6</ele>
      </trkpt>
      <trkpt lat="42.363420" lon="3.137780">
        <ele>27.1</ele>
      </trkpt>
      <trkpt lat="42.363940" lon="3.137060">
        <ele>33.4</ele>
      </trkpt>
      <trkpt lat="42.364320" lon="3.136740">
        <ele>37.4</ele>
      </trkpt>
      <trkpt lat="42.364680" lon="3.136090">
        <ele>43.5</ele>
      </trkpt>
      <trkpt lat="42.365100" lon="3.135780">
        <ele>49.5</ele>
      </trkpt>
      <trkpt lat="42.365410" lon="3.135470">
        <ele>53.5</ele>
      </trkpt>
      <trkpt lat="42.365650" lon="3.135080">
        <ele>55.9</ele>
      </trkpt>
      <trkpt lat="42.366180" lon="3.134540">
        <ele>63.9</ele>
      </trkpt>
      <trkpt lat="42.366550" lon="3.134060">
        <ele>67.6</ele>
      </trkpt>
      <trkpt lat="42.366700" lon="3.133580">
        <ele>72.5</ele>
      </trkpt>
      <trkpt lat="42.367210" lon="3.132330">
        <ele>85.3</ele>
      </trkpt>
      <trkpt lat="42.367660" lon="3.131510">
        <ele>95.5</ele>
      </trkpt>
      <trkpt lat="42.367820" lon="3.131340">
        <ele>97.9</ele>
      </trkpt>
      <trkpt lat="42.368200" lon="3.130780">
        <ele>103.9</ele>
      </trkpt>
      <trkpt lat="42.368590" lon="3.129810">
        <ele>114.5</ele>
      </trkpt>
      <trkpt lat="42.368770" lon="3.129170">
        <ele>120.7</ele>
      </trkpt>
      <trkpt lat="42.368620" lon="3.127920">
        <ele>121.7</ele>
      </trkpt>
      <trkpt lat="42.368580" lon="3.127300">
        <ele>121.4</ele>
      </trkpt>
      <trkpt lat="42.368540" lon="3.127020">
        <ele>121.5</ele>
      </trkpt>
      <trkpt lat="42.368440" lon="3.126780">
        <ele>122.2</ele>
      </trkpt>
      <trkpt lat="42.368430" lon="3.126460">
        <ele>124.1</ele>
      </trkpt>
      <trkpt lat="42.368580" lon="3.126080">
        <ele>128.4</ele>
      </trkpt>
      <trkpt lat="42.368560" lon="3.125770">
        <ele>131.1</ele>
      </trkpt>
      <trkpt lat="42.368400" lon="3.125300">
        <ele>137.2</ele>
      </trkpt>
      <trkpt lat="42.368400" lon="3.125040">
        <ele>140.5</ele>
      </trkpt>
      <trkpt lat="42.368460" lon="3.124800">
        <ele>143</ele>
      </trkpt>
      <trkpt lat="42.368490" lon="3.124480">
        <ele>147.1</ele>
      </trkpt>
      <trkpt lat="42.368400" lon="3.123670">
        <ele>155.7</ele>
      </trkpt>
      <trkpt lat="42.368380" lon="3.123480">
        <ele>156.4</ele>
      </trkpt>
      <trkpt lat="42.368430" lon="3.123180">
        <ele>158</ele>
      </trkpt>
      <trkpt lat="42.368550" lon="3.122780">
        <ele>159.4</ele>
      </trkpt>
      <trkpt lat="42.368650" lon="3.122590">
        <ele>160.3</ele>
      </trkpt>
      <trkpt lat="42.368690" lon="3.122100">
        <ele>160.1</ele>
      </trkpt>
      <trkpt lat="42.368690" lon="3.121590">
        <ele>161</ele>
      </trkpt>
      <trkpt lat="42.368580" lon="3.121320">
        <ele>162.1</ele>
      </trkpt>
      <trkpt lat="42.368620" lon="3.120950">
        <ele>160.9</ele>
      </trkpt>
      <trkpt lat="42.368590" lon="3.120600">
        <ele>161.5</ele>
      </trkpt>
      <trkpt lat="42.368610" lon="3.120470">
        <ele>160.7</ele>
      </trkpt>
      <trkpt lat="42.368790" lon="3.120180">
        <ele>159.5</ele>
      </trkpt>
      <trkpt lat="42.368900" lon="3.119770">
        <ele>159.3</ele>
      </trkpt>
      <trkpt lat="42.369020" lon="3.119600">
        <ele>158.8</ele>
      </trkpt>
      <trkpt lat="42.369290" lon="3.119320">
        <ele>158.1</ele>
      </trkpt>
      <trkpt lat="42.369390" lon="3.119140">
        <ele>159</ele>
      </trkpt>
      <trkpt lat="42.369460" lon="3.118860">
        <ele>161.9</ele>
      </trkpt>
      <trkpt lat="42.369510" lon="3.118490">
        <ele>163.3</ele>
      </trkpt>
      <trkpt lat="42.369620" lon="3.118230">
        <ele>165.9</ele>
      </trkpt>
      <trkpt lat="42.370010" lon="3.117820">
        <ele>173.2</ele>
      </trkpt>
      <trkpt lat="42.370120" lon="3.117610">
        <ele>176.4</ele>
      </trkpt>
      <trkpt lat="42.370260" lon="3.117280">
        <ele>181.1</ele>
      </trkpt>
      <trkpt lat="42.370720" lon="3.116540">
        <ele>192.4</ele>
      </trkpt>
      <trkpt lat="42.370880" lon="3.116150">
        <ele>197.1</ele>
      </trkpt>
      <trkpt lat="42.370890" lon="3.115990">
        <ele>199.6</ele>
      </trkpt>
      <trkpt lat="42.370850" lon="3.115820">
        <ele>202.5</ele>
      </trkpt>
      <trkpt lat="42.370740" lon="3.115720">
        <ele>206.3</ele>
      </trkpt>
      <trkpt lat="42.370530" lon="3.115630">
        <ele>209.3</ele>
      </trkpt>
      <trkpt lat="42.370350" lon="3.115460">
        <ele>211.7</ele>
      </trkpt>
      <trkpt lat="42.370200" lon="3.115060">
        <ele>215.1</ele>
      </trkpt>
      <trkpt lat="42.369970" lon="3.114580">
        <ele>220.6</ele>
      </trkpt>
      <trkpt lat="42.369840" lon="3.114170">
        <ele>224.7</ele>
      </trkpt>
      <trkpt lat="42.369700" lon="3.113930">
        <ele>226.3</ele>
      </trkpt>
      <trkpt lat="42.369680" lon="3.113740">
        <ele>228.7</ele>
      </trkpt>
      <trkpt lat="42.369740" lon="3.113570">
        <ele>230.2</ele>
      </trkpt>
      <trkpt lat="42.369940" lon="3.113210">
        <ele>231.4</ele>
      </trkpt>
      <trkpt lat="42.370110" lon="3.112820">
        <ele>231.4</ele>
      </trkpt>
      <trkpt lat="42.370170" lon="3.112420">
        <ele>230.6</ele>
      </trkpt>
      <trkpt lat="42.370320" lon="3.112010">
        <ele>230.4</ele>
      </trkpt>
      <trkpt lat="42.370600" lon="3.111660">
        <ele>232.6</ele>
      </trkpt>
      <trkpt lat="42.370660" lon="3.111380">
        <ele>231.6</ele>
      </trkpt>
      <trkpt lat="42.370640" lon="3.111040">
        <ele>231.4</ele>
      </trkpt>
      <trkpt lat="42.370660" lon="3.110490">
        <ele>230.5</ele>
      </trkpt>
      <trkpt lat="42.370780" lon="3.110060">
        <ele>232.3</ele>
      </trkpt>
      <trkpt lat="42.370850" lon="3.109300">
        <ele>236.8</ele>
      </trkpt>
      <trkpt lat="42.370950" lon="3.109080">
        <ele>239.2</ele>
      </trkpt>
      <trkpt lat="42.371110" lon="3.108890">
        <ele>238</ele>
      </trkpt>
      <trkpt lat="42.371570" lon="3.108600">
        <ele>235.4</ele>
      </trkpt>
      <trkpt lat="42.372000" lon="3.108370">
        <ele>231.2</ele>
      </trkpt>
      <trkpt lat="42.372220" lon="3.108310">
        <ele>229.8</ele>
      </trkpt>
      <trkpt lat="42.372250" lon="3.108260">
        <ele>230.5</ele>
      </trkpt>
      <trkpt lat="42.372230" lon="3.108130">
        <ele>228.8</ele>
      </trkpt>
      <trkpt lat="42.372150" lon="3.107940">
        <ele>225.1</ele>
      </trkpt>
      <trkpt lat="42.372130" lon="3.107790">
        <ele>223.6</ele>
      </trkpt>
      <trkpt lat="42.372240" lon="3.107510">
        <ele>222.3</ele>
      </trkpt>
      <trkpt lat="42.372360" lon="3.107310">
        <ele>220.2</ele>
      </trkpt>
      <trkpt lat="42.372510" lon="3.107160">
        <ele>217.9</ele>
      </trkpt>
      <trkpt lat="42.373030" lon="3.106830">
        <ele>214.2</ele>
      </trkpt>
      <trkpt lat="42.373110" lon="3.106730">
        <ele>213.7</ele>
      </trkpt>
      <trkpt lat="42.373130" lon="3.106590">
        <ele>214.1</ele>
      </trkpt>
      <trkpt lat="42.372790" lon="3.106260">
        <ele>206.2</ele>
      </trkpt>
      <trkpt lat="42.372690" lon="3.106070">
        <ele>203.9</ele>
      </trkpt>
      <trkpt lat="42.372620" lon="3.105740">
        <ele>201.6</ele>
      </trkpt>
      <trkpt lat="42.372510" lon="3.105470">
        <ele>198.1</ele>
      </trkpt>
      <trkpt lat="42.372400" lon="3.105170">
        <ele>194.5</ele>
      </trkpt>
      <trkpt lat="42.372290" lon="3.104930">
        <ele>192.1</ele>
      </trkpt>
      <trkpt lat="42.372280" lon="3.104690">
        <ele>190.3</ele>
      </trkpt>
      <trkpt lat="42.372310" lon="3.104300">
        <ele>187.3</ele>
      </trkpt>
      <trkpt lat="42.372440" lon="3.103920">
        <ele>184.3</ele>
      </trkpt>
      <trkpt lat="42.372280" lon="3.102940">
        <ele>177.7</ele>
      </trkpt>
      <trkpt lat="42.372160" lon="3.102510">
        <ele>176.2</ele>
      </trkpt>
      <trkpt lat="42.372100" lon="3.102050">
        <ele>172.7</ele>
      </trkpt>
      <trkpt lat="42.372020" lon="3.101850">
        <ele>171.2</ele>
      </trkpt>
      <trkpt lat="42.371570" lon="3.101410">
        <ele>168</ele>
      </trkpt>
      <trkpt lat="42.371380" lon="3.101100">
        <ele>165.2</ele>
      </trkpt>
      <trkpt lat="42.371260" lon="3.100880">
        <ele>165.3</ele>
      </trkpt>
      <trkpt lat="42.371210" lon="3.100510">
        <ele>163.5</ele>
      </trkpt>
      <trkpt lat="42.371120" lon="3.100210">
        <ele>161.4</ele>
      </trkpt>
      <trkpt lat="42.370950" lon="3.099900">
        <ele>160.1</ele>
      </trkpt>
      <trkpt lat="42.370830" lon="3.099790">
        <ele>160</ele>
      </trkpt>
      <trkpt lat="42.370550" lon="3.099510">
        <ele>157.1</ele>
      </trkpt>
      <trkpt lat="42.370210" lon="3.099390">
        <ele>154.1</ele>
      </trkpt>
      <trkpt lat="42.369890" lon="3.099320">
        <ele>152.7</ele>
      </trkpt>
      <trkpt lat="42.369210" lon="3.098600">
        <ele>144.6</ele>
      </trkpt>
      <trkpt lat="42.368970" lon="3.098200">
        <ele>142</ele>
      </trkpt>
      <trkpt lat="42.368690" lon="3.097600">
        <ele>139.2</ele>
      </trkpt>
      <trkpt lat="42.368540" lon="3.097430">
        <ele>137.5</ele>
      </trkpt>
      <trkpt lat="42.368330" lon="3.097480">
        <ele>137.1</ele>
      </trkpt>
      <trkpt lat="42.368220" lon="3.097590">
        <ele>134.3</ele>
      </trkpt>
      <trkpt lat="42.367420" lon="3.098720">
        <ele>117.1</ele>
      </trkpt>
      <trkpt lat="42.367150" lon="3.098870">
        <ele>111.5</ele>
      </trkpt>
      <trkpt lat="42.366860" lon="3.098970">
        <ele>109.2</ele>
      </trkpt>
      <trkpt lat="42.366770" lon="3.098940">
        <ele>107.7</ele>
      </trkpt>
      <trkpt lat="42.366670" lon="3.098680">
        <ele>107.5</ele>
      </trkpt>
      <trkpt lat="42.366940" lon="3.098130">
        <ele>114.3</ele>
      </trkpt>
      <trkpt lat="42.366980" lon="3.097740">
        <ele>119.8</ele>
      </trkpt>
      <trkpt lat="42.367030" lon="3.097430">
        <ele>125.9</ele>
      </trkpt>
      <trkpt lat="42.367520" lon="3.096290">
        <ele>139.9</ele>
      </trkpt>
      <trkpt lat="42.367660" lon="3.095900">
        <ele>145.4</ele>
      </trkpt>
      <trkpt lat="42.367800" lon="3.095730">
        <ele>146.4</ele>
      </trkpt>
      <trkpt lat="42.367940" lon="3.095610">
        <ele>149.2</ele>
      </trkpt>
      <trkpt lat="42.368270" lon="3.095520">
        <ele>150.2</ele>
      </trkpt>
      <trkpt lat="42.368390" lon="3.095420">
        <ele>151.6</ele>
      </trkpt>
      <trkpt lat="42.368470" lon="3.095250">
        <ele>154.5</ele>
      </trkpt>
      <trkpt lat="42.368510" lon="3.095060">
        <ele>159</ele>
      </trkpt>
      <trkpt lat="42.368600" lon="3.094950">
        <ele>159.5</ele>
      </trkpt>
      <trkpt lat="42.368700" lon="3.094940">
        <ele>161.2</ele>
      </trkpt>
      <trkpt lat="42.368900" lon="3.095060">
        <ele>161.3</ele>
      </trkpt>
      <trkpt lat="42.369320" lon="3.095390">
        <ele>164.2</ele>
      </trkpt>
      <trkpt lat="42.369430" lon="3.095450">
        <ele>165.3</ele>
      </trkpt>
      <trkpt lat="42.369510" lon="3.095390">
        <ele>164.5</ele>
      </trkpt>
      <trkpt lat="42.369550" lon="3.095140">
        <ele>165.4</ele>
      </trkpt>
      <trkpt lat="42.369530" lon="3.094830">
        <ele>169.2</ele>
      </trkpt>
      <trkpt lat="42.369570" lon="3.094600">
        <ele>170.7</ele>
      </trkpt>
      <trkpt lat="42.369780" lon="3.093970">
        <ele>174.5</ele>
      </trkpt>
      <trkpt lat="42.369840" lon="3.093630">
        <ele>178.8</ele>
      </trkpt>
      <trkpt lat="42.369940" lon="3.093340">
        <ele>182.3</ele>
      </trkpt>
      <trkpt lat="42.370090" lon="3.093320">
        <ele>180.7</ele>
      </trkpt>
      <trkpt lat="42.370230" lon="3.093240">
        <ele>181.9</ele>
      </trkpt>
      <trkpt lat="42.370330" lon="3.093050">
        <ele>184.1</ele>
      </trkpt>
      <trkpt lat="42.370330" lon="3.092840">
        <ele>184.9</ele>
      </trkpt>
      <trkpt lat="42.370300" lon="3.092550">
        <ele>189</ele>
      </trkpt>
      <trkpt lat="42.370350" lon="3.092350">
        <ele>192.5</ele>
      </trkpt>
      <trkpt lat="42.370430" lon="3.092280">
        <ele>193.3</ele>
      </trkpt>
      <trkpt lat="42.370590" lon="3.092310">
        <ele>190.7</ele>
      </trkpt>
      <trkpt lat="42.370770" lon="3.092170">
        <ele>191.3</ele>
      </trkpt>
      <trkpt lat="42.371000" lon="3.092110">
        <ele>191</ele>
      </trkpt>
      <trkpt lat="42.371090" lon="3.092050">
        <ele>191.5</ele>
      </trkpt>
      <trkpt lat="42.371240" lon="3.091810">
        <ele>193.6</ele>
      </trkpt>
      <trkpt lat="42.371390" lon="3.091650">
        <ele>193.3</ele>
      </trkpt>
      <trkpt lat="42.371460" lon="3.091440">
        <ele>196.7</ele>
      </trkpt>
      <trkpt lat="42.371540" lon="3.091360">
        <ele>197.4</ele>
      </trkpt>
      <trkpt lat="42.371760" lon="3.091320">
        <ele>196.7</ele>
      </trkpt>
      <trkpt lat="42.372120" lon="3.091360">
        <ele>196.1</ele>
      </trkpt>
      <trkpt lat="42.372380" lon="3.091280">
        <ele>197</ele>
      </trkpt>
      <trkpt lat="42.372490" lon="3.091150">
        <ele>198.3</ele>
      </trkpt>
      <trkpt lat="42.372530" lon="3.091040">
        <ele>198.8</ele>
      </trkpt>
      <trkpt lat="42.372610" lon="3.090410">
        <ele>202.8</ele>
      </trkpt>
      <trkpt lat="42.372770" lon="3.090000">
        <ele>203.3</ele>
      </trkpt>
      <trkpt lat="42.372940" lon="3.089560">
        <ele>204.4</ele>
      </trkpt>
      <trkpt lat="42.372950" lon="3.089190">
        <ele>207.3</ele>
      </trkpt>
      <trkpt lat="42.373200" lon="3.088660">
        <ele>207.2</ele>
      </trkpt>
      <trkpt lat="42.373220" lon="3.088450">
        <ele>207.4</ele>
      </trkpt>
      <trkpt lat="42.373140" lon="3.088200">
        <ele>211.6</ele>
      </trkpt>
      <trkpt lat="42.373190" lon="3.088080">
        <ele>211.8</ele>
      </trkpt>
      <trkpt lat="42.373340" lon="3.088070">
        <ele>209.5</ele>
      </trkpt>
      <trkpt lat="42.373440" lon="3.088030">
        <ele>207.9</ele>
      </trkpt>
      <trkpt lat="42.373490" lon="3.087940">
        <ele>208.3</ele>
      </trkpt>
      <trkpt lat="42.373540" lon="3.087800">
        <ele>209.2</ele>
      </trkpt>
      <trkpt lat="42.373670" lon="3.087270">
        <ele>213.6</ele>
      </trkpt>
      <trkpt lat="42.373770" lon="3.087210">
        <ele>214.3</ele>
      </trkpt>
      <trkpt lat="42.374240" lon="3.087470">
        <ele>211.3</ele>
      </trkpt>
      <trkpt lat="42.374450" lon="3.087450">
        <ele>212.1</ele>
      </trkpt>
      <trkpt lat="42.374530" lon="3.087370">
        <ele>211.9</ele>
      </trkpt>
      <trkpt lat="42.374650" lon="3.087080">
        <ele>213.6</ele>
      </trkpt>
      <trkpt lat="42.374780" lon="3.086860">
        <ele>212.3</ele>
      </trkpt>
      <trkpt lat="42.374800" lon="3.086660">
        <ele>212.8</ele>
      </trkpt>
      <trkpt lat="42.374770" lon="3.086320">
        <ele>215.3</ele>
      </trkpt>
      <trkpt lat="42.374790" lon="3.086210">
        <ele>216</ele>
      </trkpt>
      <trkpt lat="42.374880" lon="3.086150">
        <ele>214.5</ele>
      </trkpt>
      <trkpt lat="42.375000" lon="3.086100">
        <ele>213.4</ele>
      </trkpt>
      <trkpt lat="42.375200" lon="3.085890">
        <ele>213.4</ele>
      </trkpt>
      <trkpt lat="42.375570" lon="3.085440">
        <ele>214.8</ele>
      </trkpt>
      <trkpt lat="42.375740" lon="3.085120">
        <ele>218</ele>
      </trkpt>
      <trkpt lat="42.375820" lon="3.085070">
        <ele>217.8</ele>
      </trkpt>
      <trkpt lat="42.376180" lon="3.085150">
        <ele>216.2</ele>
      </trkpt>
      <trkpt lat="42.376410" lon="3.085160">
        <ele>216.3</ele>
      </trkpt>
      <trkpt lat="42.377330" lon="3.084640">
        <ele>221.8</ele>
      </trkpt>
      <trkpt lat="42.377440" lon="3.084640">
        <ele>221.4</ele>
      </trkpt>
      <trkpt lat="42.377530" lon="3.084680">
        <ele>220.8</ele>
      </trkpt>
      <trkpt lat="42.377860" lon="3.085130">
        <ele>216.9</ele>
      </trkpt>
      <trkpt lat="42.377970" lon="3.085230">
        <ele>216.4</ele>
      </trkpt>
      <trkpt lat="42.378110" lon="3.085190">
        <ele>217</ele>
      </trkpt>
      <trkpt lat="42.378220" lon="3.085000">
        <ele>217.1</ele>
      </trkpt>
      <trkpt lat="42.378370" lon="3.084670">
        <ele>217.2</ele>
      </trkpt>
      <trkpt lat="42.378460" lon="3.084300">
        <ele>218.4</ele>
      </trkpt>
      <trkpt lat="42.378700" lon="3.083840">
        <ele>215.4</ele>
      </trkpt>
      <trkpt lat="42.378800" lon="3.083360">
        <ele>218.5</ele>
      </trkpt>
      <trkpt lat="42.379190" lon="3.082750">
        <ele>217.2</ele>
      </trkpt>
      <trkpt lat="42.379300" lon="3.082420">
        <ele>220.7</ele>
      </trkpt>
      <trkpt lat="42.379720" lon="3.082000">
        <ele>220.3</ele>
      </trkpt>
      <trkpt lat="42.379820" lon="3.081940">
        <ele>221.8</ele>
      </trkpt>
      <trkpt lat="42.379950" lon="3.081920">
        <ele>222</ele>
      </trkpt>
      <trkpt lat="42.380410" lon="3.082090">
        <ele>222</ele>
      </trkpt>
      <trkpt lat="42.380530" lon="3.082070">
        <ele>223.3</ele>
      </trkpt>
      <trkpt lat="42.380890" lon="3.081820">
        <ele>227.5</ele>
      </trkpt>
      <trkpt lat="42.380990" lon="3.081820">
        <ele>228.4</ele>
      </trkpt>
      <trkpt lat="42.381170" lon="3.081950">
        <ele>225.7</ele>
      </trkpt>
      <trkpt lat="42.381290" lon="3.082010">
        <ele>225.6</ele>
      </trkpt>
      <trkpt lat="42.381390" lon="3.081990">
        <ele>227.5</ele>
      </trkpt>
      <trkpt lat="42.381780" lon="3.081540">
        <ele>234.2</ele>
      </trkpt>
      <trkpt lat="42.381830" lon="3.081450">
        <ele>235.5</ele>
      </trkpt>
      <trkpt lat="42.381740" lon="3.081400">
        <ele>239.6</ele>
      </trkpt>
      <trkpt lat="42.381630" lon="3.081540">
        <ele>238.2</ele>
      </trkpt>
      <trkpt lat="42.381470" lon="3.081570">
        <ele>239.6</ele>
      </trkpt>
      <trkpt lat="42.381290" lon="3.081530">
        <ele>241.2</ele>
      </trkpt>
      <trkpt lat="42.380960" lon="3.081320">
        <ele>246.1</ele>
      </trkpt>
      <trkpt lat="42.380620" lon="3.081300">
        <ele>246.2</ele>
      </trkpt>
      <trkpt lat="42.380530" lon="3.081270">
        <ele>246.7</ele>
      </trkpt>
      <trkpt lat="42.380240" lon="3.081090">
        <ele>248.8</ele>
      </trkpt>
      <trkpt lat="42.379450" lon="3.080970">
        <ele>257</ele>
      </trkpt>
      <trkpt lat="42.379360" lon="3.080940">
        <ele>257.9</ele>
      </trkpt>
      <trkpt lat="42.379250" lon="3.080850">
        <ele>259.1</ele>
      </trkpt>
      <trkpt lat="42.379240" lon="3.080710">
        <ele>257.8</ele>
      </trkpt>
      <trkpt lat="42.380360" lon="3.079740">
        <ele>255.9</ele>
      </trkpt>
      <trkpt lat="42.380900" lon="3.078960">
        <ele>254.2</ele>
      </trkpt>
      <trkpt lat="42.380970" lon="3.078740">
        <ele>254.3</ele>
      </trkpt>
      <trkpt lat="42.381030" lon="3.078070">
        <ele>250.4</ele>
      </trkpt>
      <trkpt lat="42.380890" lon="3.077040">
        <ele>242.6</ele>
      </trkpt>
      <trkpt lat="42.380910" lon="3.076370">
        <ele>237.7</ele>
      </trkpt>
      <trkpt lat="42.380870" lon="3.075870">
        <ele>236.1</ele>
      </trkpt>
      <trkpt lat="42.380900" lon="3.075100">
        <ele>234.7</ele>
      </trkpt>
      <trkpt lat="42.380980" lon="3.074760">
        <ele>233.9</ele>
      </trkpt>
      <trkpt lat="42.381020" lon="3.074340">
        <ele>230.4</ele>
      </trkpt>
      <trkpt lat="42.381000" lon="3.073870">
        <ele>225.9</ele>
      </trkpt>
      <trkpt lat="42.380890" lon="3.073400">
        <ele>221.2</ele>
      </trkpt>
      <trkpt lat="42.380770" lon="3.072690">
        <ele>213.5</ele>
      </trkpt>
      <trkpt lat="42.380700" lon="3.072490">
        <ele>211.1</ele>
      </trkpt>
      <trkpt lat="42.380360" lon="3.071970">
        <ele>204.7</ele>
      </trkpt>
      <trkpt lat="42.380260" lon="3.071860">
        <ele>203.7</ele>
      </trkpt>
      <trkpt lat="42.379510" lon="3.071430">
        <ele>199.2</ele>
      </trkpt>
      <trkpt lat="42.379220" lon="3.070900">
        <ele>199.5</ele>
      </trkpt>
      <trkpt lat="42.378510" lon="3.070420">
        <ele>200</ele>
      </trkpt>
      <trkpt lat="42.378210" lon="3.070360">
        <ele>199.1</ele>
      </trkpt>
      <trkpt lat="42.378030" lon="3.070140">
        <ele>197.7</ele>
      </trkpt>
      <trkpt lat="42.377700" lon="3.069440">
        <ele>191.4</ele>
      </trkpt>
      <trkpt lat="42.377610" lon="3.069380">
        <ele>190</ele>
      </trkpt>
      <trkpt lat="42.377250" lon="3.069220">
        <ele>184.2</ele>
      </trkpt>
      <trkpt lat="42.376570" lon="3.068800">
        <ele>175.1</ele>
      </trkpt>
      <trkpt lat="42.376300" lon="3.068800">
        <ele>170.3</ele>
      </trkpt>
      <trkpt lat="42.375990" lon="3.067070">
        <ele>166.5</ele>
      </trkpt>
      <trkpt lat="42.375470" lon="3.067200">
        <ele>163.1</ele>
      </trkpt>
      <trkpt lat="42.375310" lon="3.067150">
        <ele>161.2</ele>
      </trkpt>
      <trkpt lat="42.375260" lon="3.066990">
        <ele>159.8</ele>
      </trkpt>
      <trkpt lat="42.375540" lon="3.066190">
        <ele>152</ele>
      </trkpt>
      <trkpt lat="42.375540" lon="3.066030">
        <ele>150.3</ele>
      </trkpt>
      <trkpt lat="42.375600" lon="3.065970">
        <ele>149.8</ele>
      </trkpt>
      <trkpt lat="42.375780" lon="3.065900">
        <ele>148.3</ele>
      </trkpt>
      <trkpt lat="42.376110" lon="3.065840">
        <ele>146</ele>
      </trkpt>
      <trkpt lat="42.376720" lon="3.065510">
        <ele>141.6</ele>
      </trkpt>
      <trkpt lat="42.376830" lon="3.065330">
        <ele>140.6</ele>
      </trkpt>
      <trkpt lat="42.377470" lon="3.063580">
        <ele>135.5</ele>
      </trkpt>
      <trkpt lat="42.377950" lon="3.062130">
        <ele>135.8</ele>
      </trkpt>
      <trkpt lat="42.378370" lon="3.061690">
        <ele>133.4</ele>
      </trkpt>
      <trkpt lat="42.379460" lon="3.061000">
        <ele>123.7</ele>
      </trkpt>
      <trkpt lat="42.380100" lon="3.060300">
        <ele>125.9</ele>
      </trkpt>
      <trkpt lat="42.380670" lon="3.059370">
        <ele>130.3</ele>
      </trkpt>
      <trkpt lat="42.381550" lon="3.058020">
        <ele>138</ele>
      </trkpt>
      <trkpt lat="42.382090" lon="3.057090">
        <ele>139</ele>
      </trkpt>
      <trkpt lat="42.382110" lon="3.057010">
        <ele>138.9</ele>
      </trkpt>
      <trkpt lat="42.382110" lon="3.056780">
        <ele>138.8</ele>
      </trkpt>
      <trkpt lat="42.381980" lon="3.056510">
        <ele>139.2</ele>
      </trkpt>
      <trkpt lat="42.381740" lon="3.055940">
        <ele>139</ele>
      </trkpt>
      <trkpt lat="42.381010" lon="3.054420">
        <ele>136.8</ele>
      </trkpt>
      <trkpt lat="42.380880" lon="3.054340">
        <ele>136.2</ele>
      </trkpt>
      <trkpt lat="42.380340" lon="3.054530">
        <ele>137.1</ele>
      </trkpt>
      <trkpt lat="42.380120" lon="3.054410">
        <ele>137.4</ele>
      </trkpt>
      <trkpt lat="42.379820" lon="3.053640">
        <ele>135.1</ele>
      </trkpt>
      <trkpt lat="42.379720" lon="3.053200">
        <ele>133</ele>
      </trkpt>
      <trkpt lat="42.379560" lon="3.053010">
        <ele>130.6</ele>
      </trkpt>
      <trkpt lat="42.379350" lon="3.052580">
        <ele>125.6</ele>
      </trkpt>
      <trkpt lat="42.379320" lon="3.052410">
        <ele>124.5</ele>
      </trkpt>
      <trkpt lat="42.379300" lon="3.052100">
        <ele>124.3</ele>
      </trkpt>
      <trkpt lat="42.379230" lon="3.051940">
        <ele>124</ele>
      </trkpt>
      <trkpt lat="42.378360" lon="3.051060">
        <ele>114.9</ele>
      </trkpt>
      <trkpt lat="42.378120" lon="3.050940">
        <ele>113.8</ele>
      </trkpt>
      <trkpt lat="42.378030" lon="3.050790">
        <ele>113</ele>
      </trkpt>
      <trkpt lat="42.377990" lon="3.050530">
        <ele>112.5</ele>
      </trkpt>
      <trkpt lat="42.377980" lon="3.050280">
        <ele>112.3</ele>
      </trkpt>
      <trkpt lat="42.377920" lon="3.050150">
        <ele>111.4</ele>
      </trkpt>
      <trkpt lat="42.377830" lon="3.050040">
        <ele>109.8</ele>
      </trkpt>
      <trkpt lat="42.377540" lon="3.049850">
        <ele>108.9</ele>
      </trkpt>
      <trkpt lat="42.377470" lon="3.049720">
        <ele>107.9</ele>
      </trkpt>
      <trkpt lat="42.377410" lon="3.049260">
        <ele>107.2</ele>
      </trkpt>
      <trkpt lat="42.377420" lon="3.049020">
        <ele>107.4</ele>
      </trkpt>
      <trkpt lat="42.377540" lon="3.047980">
        <ele>110.1</ele>
      </trkpt>
      <trkpt lat="42.377520" lon="3.047850">
        <ele>110.1</ele>
      </trkpt>
      <trkpt lat="42.377440" lon="3.047730">
        <ele>110.6</ele>
      </trkpt>
      <trkpt lat="42.376860" lon="3.047540">
        <ele>116.2</ele>
      </trkpt>
      <trkpt lat="42.376670" lon="3.047440">
        <ele>117.5</ele>
      </trkpt>
      <trkpt lat="42.376420" lon="3.047010">
        <ele>117.1</ele>
      </trkpt>
      <trkpt lat="42.376290" lon="3.046620">
        <ele>115.1</ele>
      </trkpt>
      <trkpt lat="42.376210" lon="3.046440">
        <ele>113.4</ele>
      </trkpt>
      <trkpt lat="42.376020" lon="3.046240">
        <ele>110.9</ele>
      </trkpt>
      <trkpt lat="42.376080" lon="3.046180">
        <ele>110.6</ele>
      </trkpt>
      <trkpt lat="42.376430" lon="3.046010">
        <ele>109.7</ele>
      </trkpt>
      <trkpt lat="42.376640" lon="3.046000">
        <ele>108</ele>
      </trkpt>
      <trkpt lat="42.376850" lon="3.046090">
        <ele>102.7</ele>
      </trkpt>
      <trkpt lat="42.377070" lon="3.046120">
        <ele>99.2</ele>
      </trkpt>
      <trkpt lat="42.377520" lon="3.045990">
        <ele>96.6</ele>
      </trkpt>
      <trkpt lat="42.377620" lon="3.045950">
        <ele>96.6</ele>
      </trkpt>
      <trkpt lat="42.377710" lon="3.045880">
        <ele>96.3</ele>
      </trkpt>
      <trkpt lat="42.377890" lon="3.045590">
        <ele>95.5</ele>
      </trkpt>
      <trkpt lat="42.378050" lon="3.045480">
        <ele>96.1</ele>
      </trkpt>
      <trkpt lat="42.378270" lon="3.045340">
        <ele>95.4</ele>
      </trkpt>
      <trkpt lat="42.378480" lon="3.045330">
        <ele>94.2</ele>
      </trkpt>
      <trkpt lat="42.378670" lon="3.045270">
        <ele>91.7</ele>
      </trkpt>
      <trkpt lat="42.379220" lon="3.045270">
        <ele>89.8</ele>
      </trkpt>
      <trkpt lat="42.379930" lon="3.045150">
        <ele>87.7</ele>
      </trkpt>
      <trkpt lat="42.380160" lon="3.045020">
        <ele>85.7</ele>
      </trkpt>
      <trkpt lat="42.380310" lon="3.045070">
        <ele>86.2</ele>
      </trkpt>
      <trkpt lat="42.380390" lon="3.044960">
        <ele>86</ele>
      </trkpt>
      <trkpt lat="42.380380" lon="3.044890">
        <ele>86.4</ele>
      </trkpt>
      <trkpt lat="42.380290" lon="3.044820">
        <ele>86.3</ele>
      </trkpt>
      <trkpt lat="42.380280" lon="3.044760">
        <ele>86.7</ele>
      </trkpt>
      <trkpt lat="42.380850" lon="3.044340">
        <ele>91.6</ele>
      </trkpt>
      <trkpt lat="42.380990" lon="3.044310">
        <ele>92.5</ele>
      </trkpt>
      <trkpt lat="42.381120" lon="3.044320">
        <ele>93.1</ele>
      </trkpt>
      <trkpt lat="42.381200" lon="3.044410">
        <ele>94.6</ele>
      </trkpt>
      <trkpt lat="42.381290" lon="3.044440">
        <ele>96.5</ele>
      </trkpt>
      <trkpt lat="42.381320" lon="3.044380">
        <ele>97.6</ele>
      </trkpt>
      <trkpt lat="42.381300" lon="3.044270">
        <ele>97.6</ele>
      </trkpt>
      <trkpt lat="42.381210" lon="3.044010">
        <ele>98</ele>
      </trkpt>
      <trkpt lat="42.381220" lon="3.043890">
        <ele>99.6</ele>
      </trkpt>
      <trkpt lat="42.381290" lon="3.043720">
        <ele>102</ele>
      </trkpt>
      <trkpt lat="42.381470" lon="3.043510">
        <ele>103.9</ele>
      </trkpt>
      <trkpt lat="42.381620" lon="3.043400">
        <ele>106.1</ele>
      </trkpt>
      <trkpt lat="42.382010" lon="3.043250">
        <ele>109.7</ele>
      </trkpt>
      <trkpt lat="42.382060" lon="3.043070">
        <ele>110.2</ele>
      </trkpt>
      <trkpt lat="42.382410" lon="3.042800">
        <ele>113.1</ele>
      </trkpt>
      <trkpt lat="42.382540" lon="3.042560">
        <ele>112</ele>
      </trkpt>
      <trkpt lat="42.383080" lon="3.042050">
        <ele>112.3</ele>
      </trkpt>
      <trkpt lat="42.383200" lon="3.041990">
        <ele>113.3</ele>
      </trkpt>
      <trkpt lat="42.383250" lon="3.041890">
        <ele>113.2</ele>
      </trkpt>
      <trkpt lat="42.383270" lon="3.041600">
        <ele>111.7</ele>
      </trkpt>
      <trkpt lat="42.383300" lon="3.041410">
        <ele>110.9</ele>
      </trkpt>
      <trkpt lat="42.383290" lon="3.041240">
        <ele>110.6</ele>
      </trkpt>
      <trkpt lat="42.383300" lon="3.040950">
        <ele>112</ele>
      </trkpt>
      <trkpt lat="42.383360" lon="3.040740">
        <ele>113.9</ele>
      </trkpt>
      <trkpt lat="42.383310" lon="3.040580">
        <ele>115.7</ele>
      </trkpt>
      <trkpt lat="42.383310" lon="3.040470">
        <ele>116.2</ele>
      </trkpt>
      <trkpt lat="42.383540" lon="3.040110">
        <ele>118</ele>
      </trkpt>
      <trkpt lat="42.383610" lon="3.040040">
        <ele>118.8</ele>
      </trkpt>
      <trkpt lat="42.383790" lon="3.039850">
        <ele>119.4</ele>
      </trkpt>
      <trkpt lat="42.383800" lon="3.039880">
        <ele>138</ele>
        <time>2026-09-02T06:16:04Z</time>
      </trkpt>
      <trkpt lat="42.383170" lon="3.038450">
        <ele>136.6</ele>
        <time>2026-09-02T06:15:32Z</time>
      </trkpt>
      <trkpt lat="42.382510" lon="3.036380">
        <ele>128.4</ele>
        <time>2026-09-02T06:14:28Z</time>
      </trkpt>
      <trkpt lat="42.381410" lon="3.033830">
        <ele>91.2</ele>
      </trkpt>
      <trkpt lat="42.380950" lon="3.032880">
        <ele>106.6</ele>
        <time>2026-09-02T06:12:20Z</time>
      </trkpt>
      <trkpt lat="42.380880" lon="3.032570">
        <ele>105</ele>
        <time>2026-09-02T06:12:12Z</time>
      </trkpt>
      <trkpt lat="42.380860" lon="3.032220">
        <ele>104.2</ele>
        <time>2026-09-02T06:12:04Z</time>
      </trkpt>
      <trkpt lat="42.380740" lon="3.031890">
        <ele>103.6</ele>
        <time>2026-09-02T06:11:56Z</time>
      </trkpt>
      <trkpt lat="42.380370" lon="3.031340">
        <ele>102.4</ele>
        <time>2026-09-02T06:11:40Z</time>
      </trkpt>
      <trkpt lat="42.380160" lon="3.031110">
        <ele>101.6</ele>
        <time>2026-09-02T06:11:32Z</time>
      </trkpt>
      <trkpt lat="42.379470" lon="3.030560">
        <ele>100</ele>
        <time>2026-09-02T06:11:08Z</time>
      </trkpt>
      <trkpt lat="42.378800" lon="3.030410">
        <ele>100</ele>
        <time>2026-09-02T06:09:42Z</time>
      </trkpt>
      <trkpt lat="42.378730" lon="3.030300">
        <ele>75</ele>
        <time>2026-09-02T06:09:40Z</time>
      </trkpt>
      <trkpt lat="42.378950" lon="3.029680">
        <ele>103.6</ele>
        <time>2026-09-02T06:09:28Z</time>
      </trkpt>
      <trkpt lat="42.378420" lon="3.029160">
        <ele>87.9</ele>
        <time>2026-09-02T06:09:16Z</time>
      </trkpt>
      <trkpt lat="42.378420" lon="3.028730">
        <ele>93.8</ele>
        <time>2026-09-02T06:09:08Z</time>
      </trkpt>
      <trkpt lat="42.378500" lon="3.028650">
        <ele>95.7</ele>
      </trkpt>
      <trkpt lat="42.378500" lon="3.028460">
        <ele>96.9</ele>
        <time>2026-09-02T06:08:56Z</time>
      </trkpt>
      <trkpt lat="42.378830" lon="3.028320">
        <ele>103.1</ele>
        <time>2026-09-02T06:08:44Z</time>
      </trkpt>
      <trkpt lat="42.378870" lon="3.028180">
        <ele>104.2</ele>
      </trkpt>
      <trkpt lat="42.378990" lon="3.028090">
        <ele>129.6</ele>
        <time>2026-09-02T06:08:36Z</time>
      </trkpt>
      <trkpt lat="42.379130" lon="3.028100">
        <ele>110.9</ele>
        <time>2026-09-02T06:08:28Z</time>
      </trkpt>
      <trkpt lat="42.379140" lon="3.027790">
        <ele>108.6</ele>
        <time>2026-09-02T06:08:00Z</time>
      </trkpt>
      <trkpt lat="42.379400" lon="3.027470">
        <ele>108.4</ele>
      </trkpt>
      <trkpt lat="42.379610" lon="3.027100">
        <ele>109</ele>
        <time>2026-09-02T06:07:32Z</time>
      </trkpt>
      <trkpt lat="42.379710" lon="3.027040">
        <ele>132.8</ele>
        <time>2026-09-02T06:07:28Z</time>
      </trkpt>
      <trkpt lat="42.379890" lon="3.027020">
        <ele>134.4</ele>
        <time>2026-09-02T06:07:24Z</time>
      </trkpt>
      <trkpt lat="42.380110" lon="3.027080">
        <ele>135.6</ele>
        <time>2026-09-02T06:07:16Z</time>
      </trkpt>
      <trkpt lat="42.380490" lon="3.027050">
        <ele>117.7</ele>
        <time>2026-09-02T06:07:08Z</time>
      </trkpt>
      <trkpt lat="42.380660" lon="3.027140">
        <ele>140.4</ele>
        <time>2026-09-02T06:07:04Z</time>
      </trkpt>
      <trkpt lat="42.380830" lon="3.027250">
        <ele>141.8</ele>
        <time>2026-09-02T06:07:00Z</time>
      </trkpt>
      <trkpt lat="42.381060" lon="3.027290">
        <ele>122.5</ele>
        <time>2026-09-02T06:06:52Z</time>
      </trkpt>
      <trkpt lat="42.381380" lon="3.027280">
        <ele>124.6</ele>
      </trkpt>
      <trkpt lat="42.381840" lon="3.027150">
        <ele>151</ele>
        <time>2026-09-02T06:06:44Z</time>
      </trkpt>
      <trkpt lat="42.383140" lon="3.027010">
        <ele>158.8</ele>
        <time>2026-09-02T06:06:28Z</time>
      </trkpt>
      <trkpt lat="42.383510" lon="3.026790">
        <ele>158.8</ele>
        <time>2026-09-02T06:06:20Z</time>
      </trkpt>
      <trkpt lat="42.384210" lon="3.026200">
        <ele>159.2</ele>
        <time>2026-09-02T06:06:04Z</time>
      </trkpt>
      <trkpt lat="42.384400" lon="3.026030">
        <ele>139.5</ele>
      </trkpt>
      <trkpt lat="42.384960" lon="3.025690">
        <ele>160.4</ele>
        <time>2026-09-02T06:05:48Z</time>
      </trkpt>
      <trkpt lat="42.385720" lon="3.025300">
        <ele>161</ele>
        <time>2026-09-02T06:05:32Z</time>
      </trkpt>
      <trkpt lat="42.386430" lon="3.025060">
        <ele>160.2</ele>
        <time>2026-09-02T06:05:16Z</time>
      </trkpt>
      <trkpt lat="42.386790" lon="3.024800">
        <ele>160.8</ele>
        <time>2026-09-02T06:05:08Z</time>
      </trkpt>
      <trkpt lat="42.387950" lon="3.023740">
        <ele>164.8</ele>
        <time>2026-09-02T06:04:44Z</time>
      </trkpt>
      <trkpt lat="42.388680" lon="3.023190">
        <ele>145.1</ele>
      </trkpt>
      <trkpt lat="42.388810" lon="3.023140">
        <ele>164.2</ele>
        <time>2026-09-02T06:04:20Z</time>
      </trkpt>
      <trkpt lat="42.389080" lon="3.023030">
        <ele>165.8</ele>
        <time>2026-09-02T06:04:12Z</time>
      </trkpt>
      <trkpt lat="42.389070" lon="3.022880">
        <ele>166.6</ele>
        <time>2026-09-02T06:04:08Z</time>
      </trkpt>
      <trkpt lat="42.388610" lon="3.021920">
        <ele>148.2</ele>
        <time>2026-09-02T06:03:52Z</time>
      </trkpt>
      <trkpt lat="42.388620" lon="3.021760">
        <ele>149.4</ele>
        <time>2026-09-02T06:03:50Z</time>
      </trkpt>
      <trkpt lat="42.388730" lon="3.021550">
        <ele>170.8</ele>
        <time>2026-09-02T06:03:46Z</time>
      </trkpt>
      <trkpt lat="42.388640" lon="3.020410">
        <ele>166.8</ele>
        <time>2026-09-02T06:03:14Z</time>
      </trkpt>
      <trkpt lat="42.388540" lon="3.020230">
        <ele>165.8</ele>
        <time>2026-09-02T06:03:06Z</time>
      </trkpt>
      <trkpt lat="42.388290" lon="3.019990">
        <ele>146.1</ele>
      </trkpt>
      <trkpt lat="42.388220" lon="3.019870">
        <ele>163.6</ele>
        <time>2026-09-02T06:02:50Z</time>
      </trkpt>
      <trkpt lat="42.388120" lon="3.019590">
        <ele>145</ele>
      </trkpt>
      <trkpt lat="42.387930" lon="3.019250">
        <ele>160.2</ele>
        <time>2026-09-02T06:02:26Z</time>
      </trkpt>
      <trkpt lat="42.387860" lon="3.019140">
        <ele>141</ele>
      </trkpt>
      <trkpt lat="42.387860" lon="3.019030">
        <ele>158.4</ele>
        <time>2026-09-02T06:02:18Z</time>
      </trkpt>
      <trkpt lat="42.387900" lon="3.018780">
        <ele>157.2</ele>
        <time>2026-09-02T06:02:10Z</time>
      </trkpt>
      <trkpt lat="42.387990" lon="3.018570">
        <ele>137.1</ele>
      </trkpt>
      <trkpt lat="42.388260" lon="3.018170">
        <ele>156.4</ele>
        <time>2026-09-02T06:01:54Z</time>
      </trkpt>
      <trkpt lat="42.388280" lon="3.018040">
        <ele>136.6</ele>
      </trkpt>
      <trkpt lat="42.388270" lon="3.017720">
        <ele>157.6</ele>
        <time>2026-09-02T06:01:46Z</time>
      </trkpt>
      <trkpt lat="42.388300" lon="3.017610">
        <ele>136.9</ele>
      </trkpt>
      <trkpt lat="42.388380" lon="3.017540">
        <ele>158.4</ele>
        <time>2026-09-02T06:01:42Z</time>
      </trkpt>
      <trkpt lat="42.388680" lon="3.017240">
        <ele>139</ele>
      </trkpt>
      <trkpt lat="42.388960" lon="3.016990">
        <ele>160.8</ele>
        <time>2026-09-02T06:01:26Z</time>
      </trkpt>
      <trkpt lat="42.389050" lon="3.016970">
        <ele>140.5</ele>
      </trkpt>
      <trkpt lat="42.389370" lon="3.017000">
        <ele>140.9</ele>
      </trkpt>
      <trkpt lat="42.389540" lon="3.016960">
        <ele>140.7</ele>
        <time>2026-09-02T06:01:10Z</time>
      </trkpt>
      <trkpt lat="42.389800" lon="3.016830">
        <ele>158.8</ele>
        <time>2026-09-02T06:00:54Z</time>
      </trkpt>
      <trkpt lat="42.389890" lon="3.016720">
        <ele>156.6</ele>
        <time>2026-09-02T06:00:46Z</time>
      </trkpt>
      <trkpt lat="42.389970" lon="3.016460">
        <ele>134.8</ele>
        <time>2026-09-02T06:00:30Z</time>
      </trkpt>
      <trkpt lat="42.390070" lon="3.016330">
        <ele>133.7</ele>
      </trkpt>
      <trkpt lat="42.390310" lon="3.016110">
        <ele>129.9</ele>
      </trkpt>
      <trkpt lat="42.390430" lon="3.016020">
        <ele>145.8</ele>
        <time>2026-09-02T05:59:58Z</time>
      </trkpt>
      <trkpt lat="42.390560" lon="3.015850">
        <ele>124.3</ele>
      </trkpt>
      <trkpt lat="42.390640" lon="3.015680">
        <ele>142.6</ele>
        <time>2026-09-02T05:59:42Z</time>
      </trkpt>
      <trkpt lat="42.390650" lon="3.015580">
        <ele>141.6</ele>
        <time>2026-09-02T05:59:38Z</time>
      </trkpt>
      <trkpt lat="42.390330" lon="3.015080">
        <ele>140</ele>
        <time>2026-09-02T05:59:22Z</time>
      </trkpt>
      <trkpt lat="42.390270" lon="3.014720">
        <ele>139.2</ele>
        <time>2026-09-02T05:59:14Z</time>
      </trkpt>
      <trkpt lat="42.390230" lon="3.014570">
        <ele>120.5</ele>
      </trkpt>
      <trkpt lat="42.390140" lon="3.014390">
        <ele>138.8</ele>
        <time>2026-09-02T05:59:06Z</time>
      </trkpt>
      <trkpt lat="42.390110" lon="3.014220">
        <ele>138.4</ele>
        <time>2026-09-02T05:59:02Z</time>
      </trkpt>
      <trkpt lat="42.390160" lon="3.014080">
        <ele>137.6</ele>
        <time>2026-09-02T05:58:58Z</time>
      </trkpt>
      <trkpt lat="42.390420" lon="3.013830">
        <ele>138.6</ele>
        <time>2026-09-02T05:58:50Z</time>
      </trkpt>
      <trkpt lat="42.390460" lon="3.013670">
        <ele>116.2</ele>
      </trkpt>
      <trkpt lat="42.390450" lon="3.013160">
        <ele>143.2</ele>
        <time>2026-09-02T05:58:42Z</time>
      </trkpt>
      <trkpt lat="42.390470" lon="3.012960">
        <ele>121.3</ele>
        <time>2026-09-02T05:58:38Z</time>
      </trkpt>
      <trkpt lat="42.390570" lon="3.012760">
        <ele>123</ele>
      </trkpt>
      <trkpt lat="42.390570" lon="3.012680">
        <ele>123</ele>
        <time>2026-09-02T05:58:34Z</time>
      </trkpt>
      <trkpt lat="42.390530" lon="3.012580">
        <ele>144.6</ele>
        <time>2026-09-02T05:58:30Z</time>
      </trkpt>
      <trkpt lat="42.390400" lon="3.012510">
        <ele>144.4</ele>
        <time>2026-09-02T05:58:26Z</time>
      </trkpt>
      <trkpt lat="42.390230" lon="3.012490">
        <ele>142.6</ele>
        <time>2026-09-02T05:58:18Z</time>
      </trkpt>
      <trkpt lat="42.390160" lon="3.012430">
        <ele>122</ele>
      </trkpt>
      <trkpt lat="42.390090" lon="3.012280">
        <ele>121.4</ele>
      </trkpt>
      <trkpt lat="42.389870" lon="3.012040">
        <ele>143.4</ele>
        <time>2026-09-02T05:58:02Z</time>
      </trkpt>
      <trkpt lat="42.389370" lon="3.011500">
        <ele>145.6</ele>
        <time>2026-09-02T05:57:46Z</time>
      </trkpt>
      <trkpt lat="42.389200" lon="3.011290">
        <ele>122.1</ele>
        <time>2026-09-02T05:57:30Z</time>
      </trkpt>
      <trkpt lat="42.389200" lon="3.011000">
        <ele>142.2</ele>
        <time>2026-09-02T05:55:59Z</time>
      </trkpt>
      <trkpt lat="42.389080" lon="3.010660">
        <ele>118</ele>
        <time>2026-09-02T05:55:14Z</time>
      </trkpt>
      <trkpt lat="42.389100" lon="3.010550">
        <ele>117.2</ele>
      </trkpt>
      <trkpt lat="42.389480" lon="3.009180">
        <ele>129.6</ele>
        <time>2026-09-02T05:54:10Z</time>
      </trkpt>
      <trkpt lat="42.389530" lon="3.008850">
        <ele>126.6</ele>
        <time>2026-09-02T05:53:54Z</time>
      </trkpt>
      <trkpt lat="42.389500" lon="3.008700">
        <ele>103.7</ele>
      </trkpt>
      <trkpt lat="42.389360" lon="3.008360">
        <ele>101.5</ele>
        <time>2026-09-02T05:53:34Z</time>
      </trkpt>
      <trkpt lat="42.389440" lon="3.008140">
        <ele>98.2</ele>
      </trkpt>
      <trkpt lat="42.389470" lon="3.007960">
        <ele>118.6</ele>
        <time>2026-09-02T05:53:18Z</time>
      </trkpt>
      <trkpt lat="42.389460" lon="3.007820">
        <ele>95.3</ele>
      </trkpt>
      <trkpt lat="42.389380" lon="3.007710">
        <ele>95.1</ele>
        <time>2026-09-02T05:53:10Z</time>
      </trkpt>
      <trkpt lat="42.389350" lon="3.007410">
        <ele>95.3</ele>
      </trkpt>
      <trkpt lat="42.389390" lon="3.007280">
        <ele>120.4</ele>
        <time>2026-09-02T05:53:06Z</time>
      </trkpt>
      <trkpt lat="42.389490" lon="3.006940">
        <ele>96.2</ele>
      </trkpt>
      <trkpt lat="42.389600" lon="3.006330">
        <ele>98.7</ele>
      </trkpt>
      <trkpt lat="42.389770" lon="3.005660">
        <ele>123</ele>
        <time>2026-09-02T05:52:07Z</time>
      </trkpt>
      <trkpt lat="42.389870" lon="3.005300">
        <ele>121.6</ele>
        <time>2026-09-02T05:51:59Z</time>
      </trkpt>
      <trkpt lat="42.389920" lon="3.004890">
        <ele>123</ele>
        <time>2026-09-02T05:51:55Z</time>
      </trkpt>
      <trkpt lat="42.389990" lon="3.004550">
        <ele>97.6</ele>
      </trkpt>
      <trkpt lat="42.390250" lon="3.003570">
        <ele>101.3</ele>
      </trkpt>
      <trkpt lat="42.390430" lon="3.002800">
        <ele>133.4</ele>
        <time>2026-09-02T05:51:35Z</time>
      </trkpt>
      <trkpt lat="42.390420" lon="3.002470">
        <ele>135</ele>
        <time>2026-09-02T05:51:27Z</time>
      </trkpt>
      <trkpt lat="42.390590" lon="3.001580">
        <ele>113.1</ele>
        <time>2026-09-02T05:51:11Z</time>
      </trkpt>
      <trkpt lat="42.390600" lon="3.001350">
        <ele>113.2</ele>
        <time>2026-09-02T05:51:07Z</time>
      </trkpt>
      <trkpt lat="42.390130" lon="3.001270">
        <ele>111</ele>
      </trkpt>
      <trkpt lat="42.390580" lon="3.000760">
        <ele>111.7</ele>
        <time>2026-09-02T05:50:47Z</time>
      </trkpt>
      <trkpt lat="42.390630" lon="3.000670">
        <ele>135.6</ele>
        <time>2026-09-02T05:50:23Z</time>
      </trkpt>
      <trkpt lat="42.390910" lon="3.000120">
        <ele>110.7</ele>
        <time>2026-09-02T05:50:03Z</time>
      </trkpt>
      <trkpt lat="42.391580" lon="3.000770">
        <ele>143.8</ele>
        <time>2026-09-02T05:49:35Z</time>
      </trkpt>
      <trkpt lat="42.391570" lon="3.000990">
        <ele>119.1</ele>
        <time>2026-09-02T05:46:47Z</time>
      </trkpt>
      <trkpt lat="42.391980" lon="3.001040">
        <ele>144.6</ele>
        <time>2026-09-02T05:46:31Z</time>
      </trkpt>
      <trkpt lat="42.392060" lon="3.001260">
        <ele>119.3</ele>
        <time>2026-09-02T05:46:27Z</time>
      </trkpt>
      <trkpt lat="42.392220" lon="3.001520">
        <ele>118.1</ele>
        <time>2026-09-02T05:46:11Z</time>
      </trkpt>
      <trkpt lat="42.392490" lon="3.002340">
        <ele>109.8</ele>
        <time>2026-09-02T05:45:35Z</time>
      </trkpt>
      <trkpt lat="42.392800" lon="3.002550">
        <ele>107.5</ele>
      </trkpt>
      <trkpt lat="42.392930" lon="3.002670">
        <ele>106.4</ele>
      </trkpt>
      <trkpt lat="42.393230" lon="3.002840">
        <ele>106.1</ele>
        <time>2026-09-02T05:45:19Z</time>
      </trkpt>
      <trkpt lat="42.393850" lon="3.003580">
        <ele>111</ele>
        <time>2026-09-02T05:45:07Z</time>
      </trkpt>
      <trkpt lat="42.394190" lon="3.004530">
        <ele>118.9</ele>
      </trkpt>
      <trkpt lat="42.394300" lon="3.004710">
        <ele>145.2</ele>
        <time>2026-09-02T05:44:19Z</time>
      </trkpt>
      <trkpt lat="42.394780" lon="3.005560">
        <ele>128.3</ele>
        <time>2026-09-02T05:44:05Z</time>
      </trkpt>
      <trkpt lat="42.395120" lon="3.005780">
        <ele>133</ele>
        <time>2026-09-02T05:44:01Z</time>
      </trkpt>
      <trkpt lat="42.395670" lon="3.006050">
        <ele>136.4</ele>
        <time>2026-09-02T05:43:57Z</time>
      </trkpt>
      <trkpt lat="42.396050" lon="3.006530">
        <ele>140.6</ele>
      </trkpt>
      <trkpt lat="42.396460" lon="3.006910">
        <ele>144.2</ele>
        <time>2026-09-02T05:43:47Z</time>
      </trkpt>
      <trkpt lat="42.396900" lon="3.007210">
        <ele>148.9</ele>
        <time>2026-09-02T05:43:39Z</time>
      </trkpt>
      <trkpt lat="42.397260" lon="3.007300">
        <ele>149.7</ele>
        <time>2026-09-02T05:43:31Z</time>
      </trkpt>
      <trkpt lat="42.397940" lon="3.007410">
        <ele>170.4</ele>
        <time>2026-09-02T05:43:19Z</time>
      </trkpt>
      <trkpt lat="42.398260" lon="3.007640">
        <ele>171.2</ele>
        <time>2026-09-02T05:43:15Z</time>
      </trkpt>
      <trkpt lat="42.398460" lon="3.007690">
        <ele>171.6</ele>
        <time>2026-09-02T05:43:13Z</time>
      </trkpt>
      <trkpt lat="42.398680" lon="3.007670">
        <ele>147.4</ele>
      </trkpt>
      <trkpt lat="42.399130" lon="3.007550">
        <ele>149.1</ele>
      </trkpt>
      <trkpt lat="42.400310" lon="3.007650">
        <ele>156.4</ele>
        <time>2026-09-02T05:42:57Z</time>
      </trkpt>
      <trkpt lat="42.400980" lon="3.007620">
        <ele>186.8</ele>
        <time>2026-09-02T05:42:49Z</time>
      </trkpt>
      <trkpt lat="42.401600" lon="3.007770">
        <ele>193.2</ele>
        <time>2026-09-02T05:42:41Z</time>
      </trkpt>
      <trkpt lat="42.402770" lon="3.008150">
        <ele>175.6</ele>
        <time>2026-09-02T05:42:33Z</time>
      </trkpt>
      <trkpt lat="42.403190" lon="3.008180">
        <ele>170.7</ele>
        <time>2026-09-02T05:42:01Z</time>
      </trkpt>
      <trkpt lat="42.403600" lon="3.008030">
        <ele>170.4</ele>
      </trkpt>
      <trkpt lat="42.403850" lon="3.008010">
        <ele>170.3</ele>
      </trkpt>
      <trkpt lat="42.404470" lon="3.008200">
        <ele>166.5</ele>
      </trkpt>
      <trkpt lat="42.404780" lon="3.008390">
        <ele>162.9</ele>
      </trkpt>
      <trkpt lat="42.405340" lon="3.008760">
        <ele>161.2</ele>
      </trkpt>
      <trkpt lat="42.405450" lon="3.008910">
        <ele>160.6</ele>
      </trkpt>
      <trkpt lat="42.405690" lon="3.009470">
        <ele>161</ele>
      </trkpt>
      <trkpt lat="42.405890" lon="3.009700">
        <ele>160.3</ele>
      </trkpt>
      <trkpt lat="42.406130" lon="3.009860">
        <ele>155.2</ele>
      </trkpt>
      <trkpt lat="42.406300" lon="3.009890">
        <ele>152.1</ele>
      </trkpt>
      <trkpt lat="42.406880" lon="3.009870">
        <ele>148.9</ele>
      </trkpt>
      <trkpt lat="42.407090" lon="3.009960">
        <ele>152.2</ele>
      </trkpt>
      <trkpt lat="42.407280" lon="3.010130">
        <ele>154.2</ele>
      </trkpt>
      <trkpt lat="42.407540" lon="3.010530">
        <ele>154.5</ele>
      </trkpt>
      <trkpt lat="42.407670" lon="3.010620">
        <ele>155.2</ele>
      </trkpt>
      <trkpt lat="42.408050" lon="3.010800">
        <ele>158.2</ele>
      </trkpt>
      <trkpt lat="42.408170" lon="3.010950">
        <ele>156.9</ele>
      </trkpt>
      <trkpt lat="42.408490" lon="3.011440">
        <ele>155.7</ele>
      </trkpt>
      <trkpt lat="42.409020" lon="3.012410">
        <ele>145.8</ele>
      </trkpt>
      <trkpt lat="42.409240" lon="3.012660">
        <ele>145.2</ele>
      </trkpt>
      <trkpt lat="42.409540" lon="3.012910">
        <ele>146.8</ele>
      </trkpt>
      <trkpt lat="42.409750" lon="3.012950">
        <ele>146.4</ele>
      </trkpt>
      <trkpt lat="42.410130" lon="3.012740">
        <ele>148</ele>
      </trkpt>
      <trkpt lat="42.411170" lon="3.012050">
        <ele>148.4</ele>
      </trkpt>
      <trkpt lat="42.411650" lon="3.011300">
        <ele>148</ele>
      </trkpt>
      <trkpt lat="42.411950" lon="3.010920">
        <ele>148.7</ele>
        <time>2026-09-02T05:35:03Z</time>
      </trkpt>
      <trkpt lat="42.412220" lon="3.010830">
        <ele>148</ele>
        <time>2026-09-02T05:34:59Z</time>
      </trkpt>
      <trkpt lat="42.412460" lon="3.010850">
        <ele>149.5</ele>
        <time>2026-09-02T05:34:55Z</time>
      </trkpt>
      <trkpt lat="42.412760" lon="3.011030">
        <ele>150.1</ele>
        <time>2026-09-02T05:34:51Z</time>
      </trkpt>
      <trkpt lat="42.413160" lon="3.011380">
        <ele>151.5</ele>
        <time>2026-09-02T05:34:43Z</time>
      </trkpt>
      <trkpt lat="42.413590" lon="3.012310">
        <ele>179.4</ele>
        <time>2026-09-02T05:34:35Z</time>
      </trkpt>
      <trkpt lat="42.413740" lon="3.012480">
        <ele>152.3</ele>
        <time>2026-09-02T05:34:33Z</time>
      </trkpt>
      <trkpt lat="42.414260" lon="3.012530">
        <ele>157.9</ele>
        <time>2026-09-02T05:34:29Z</time>
      </trkpt>
      <trkpt lat="42.414470" lon="3.012810">
        <ele>159.5</ele>
        <time>2026-09-02T05:34:25Z</time>
      </trkpt>
      <trkpt lat="42.414660" lon="3.012880">
        <ele>162.4</ele>
        <time>2026-09-02T05:34:23Z</time>
      </trkpt>
      <trkpt lat="42.415030" lon="3.012850">
        <ele>166</ele>
        <time>2026-09-02T05:34:19Z</time>
      </trkpt>
      <trkpt lat="42.415210" lon="3.013010">
        <ele>195.4</ele>
        <time>2026-09-02T05:34:17Z</time>
      </trkpt>
      <trkpt lat="42.415390" lon="3.013590">
        <ele>175.2</ele>
        <time>2026-09-02T05:34:13Z</time>
      </trkpt>
      <trkpt lat="42.415650" lon="3.014010">
        <ele>170.2</ele>
        <time>2026-09-02T05:34:01Z</time>
      </trkpt>
      <trkpt lat="42.415790" lon="3.014220">
        <ele>168.9</ele>
      </trkpt>
      <trkpt lat="42.416030" lon="3.015020">
        <ele>171.5</ele>
        <time>2026-09-02T05:33:53Z</time>
      </trkpt>
      <trkpt lat="42.416180" lon="3.015660">
        <ele>171.7</ele>
      </trkpt>
      <trkpt lat="42.416290" lon="3.016200">
        <ele>173.8</ele>
        <time>2026-09-02T05:33:45Z</time>
      </trkpt>
      <trkpt lat="42.416350" lon="3.016770">
        <ele>203.6</ele>
        <time>2026-09-02T05:33:39Z</time>
      </trkpt>
      <trkpt lat="42.416030" lon="3.017800">
        <ele>184.6</ele>
      </trkpt>
      <trkpt lat="42.415970" lon="3.018110">
        <ele>187</ele>
        <time>2026-09-02T05:33:29Z</time>
      </trkpt>
      <trkpt lat="42.416080" lon="3.018340">
        <ele>187.6</ele>
        <time>2026-09-02T05:33:27Z</time>
      </trkpt>
      <trkpt lat="42.416690" lon="3.018640">
        <ele>185.6</ele>
      </trkpt>
      <trkpt lat="42.417210" lon="3.018830">
        <ele>185</ele>
        <time>2026-09-02T05:33:05Z</time>
      </trkpt>
      <trkpt lat="42.417440" lon="3.019130">
        <ele>184.8</ele>
      </trkpt>
      <trkpt lat="42.417690" lon="3.019340">
        <ele>185.9</ele>
        <time>2026-09-02T05:32:59Z</time>
      </trkpt>
      <trkpt lat="42.417850" lon="3.019340">
        <ele>186.4</ele>
        <time>2026-09-02T05:32:57Z</time>
      </trkpt>
      <trkpt lat="42.418500" lon="3.018850">
        <ele>190.3</ele>
        <time>2026-09-02T05:32:49Z</time>
      </trkpt>
      <trkpt lat="42.418660" lon="3.018880">
        <ele>188.4</ele>
        <time>2026-09-02T05:32:47Z</time>
      </trkpt>
      <trkpt lat="42.418780" lon="3.019000">
        <ele>188.9</ele>
        <time>2026-09-02T05:32:45Z</time>
      </trkpt>
      <trkpt lat="42.418830" lon="3.019190">
        <ele>190.9</ele>
        <time>2026-09-02T05:32:43Z</time>
      </trkpt>
      <trkpt lat="42.418670" lon="3.019920">
        <ele>196.3</ele>
        <time>2026-09-02T05:32:39Z</time>
      </trkpt>
      <trkpt lat="42.418680" lon="3.020240">
        <ele>198</ele>
        <time>2026-09-02T05:32:35Z</time>
      </trkpt>
      <trkpt lat="42.418820" lon="3.020610">
        <ele>197</ele>
        <time>2026-09-02T05:32:31Z</time>
      </trkpt>
      <trkpt lat="42.419020" lon="3.020930">
        <ele>198.8</ele>
        <time>2026-09-02T05:32:27Z</time>
      </trkpt>
      <trkpt lat="42.419370" lon="3.021200">
        <ele>201</ele>
        <time>2026-09-02T05:32:23Z</time>
      </trkpt>
      <trkpt lat="42.419430" lon="3.021370">
        <ele>201.7</ele>
        <time>2026-09-02T05:32:21Z</time>
      </trkpt>
      <trkpt lat="42.419380" lon="3.022410">
        <ele>204.9</ele>
        <time>2026-09-02T05:32:13Z</time>
      </trkpt>
      <trkpt lat="42.419480" lon="3.022840">
        <ele>208.8</ele>
        <time>2026-09-02T05:32:01Z</time>
      </trkpt>
      <trkpt lat="42.419710" lon="3.023360">
        <ele>205.5</ele>
        <time>2026-09-02T05:31:53Z</time>
      </trkpt>
      <trkpt lat="42.419930" lon="3.023680">
        <ele>204.4</ele>
        <time>2026-09-02T05:31:49Z</time>
      </trkpt>
      <trkpt lat="42.420090" lon="3.023810">
        <ele>204.8</ele>
        <time>2026-09-02T05:31:45Z</time>
      </trkpt>
      <trkpt lat="42.420280" lon="3.023850">
        <ele>205.8</ele>
        <time>2026-09-02T05:31:41Z</time>
      </trkpt>
      <trkpt lat="42.421460" lon="3.023600">
        <ele>204.6</ele>
      </trkpt>
      <trkpt lat="42.421850" lon="3.023410">
        <ele>202</ele>
        <time>2026-09-02T05:31:01Z</time>
      </trkpt>
      <trkpt lat="42.422270" lon="3.023070">
        <ele>198.8</ele>
        <time>2026-09-02T05:30:45Z</time>
      </trkpt>
      <trkpt lat="42.423040" lon="3.022090">
        <ele>216.2</ele>
        <time>2026-09-02T05:30:13Z</time>
      </trkpt>
      <trkpt lat="42.423190" lon="3.021950">
        <ele>194.4</ele>
      </trkpt>
      <trkpt lat="42.423510" lon="3.021840">
        <ele>193</ele>
        <time>2026-09-02T05:30:05Z</time>
      </trkpt>
      <trkpt lat="42.424020" lon="3.021540">
        <ele>190.9</ele>
        <time>2026-09-02T05:29:45Z</time>
      </trkpt>
      <trkpt lat="42.424270" lon="3.021510">
        <ele>189.3</ele>
        <time>2026-09-02T05:29:41Z</time>
      </trkpt>
      <trkpt lat="42.424420" lon="3.021570">
        <ele>188.2</ele>
        <time>2026-09-02T05:29:39Z</time>
      </trkpt>
      <trkpt lat="42.424540" lon="3.021720">
        <ele>187.9</ele>
        <time>2026-09-02T05:29:35Z</time>
      </trkpt>
      <trkpt lat="42.425030" lon="3.022850">
        <ele>190.6</ele>
      </trkpt>
      <trkpt lat="42.425260" lon="3.023460">
        <ele>192.9</ele>
        <time>2026-09-02T05:29:19Z</time>
      </trkpt>
      <trkpt lat="42.426850" lon="3.026250">
        <ele>194.5</ele>
        <time>2026-09-02T05:28:43Z</time>
      </trkpt>
      <trkpt lat="42.427050" lon="3.026490">
        <ele>196.2</ele>
        <time>2026-09-02T05:28:39Z</time>
      </trkpt>
      <trkpt lat="42.427450" lon="3.026780">
        <ele>197.8</ele>
        <time>2026-09-02T05:28:35Z</time>
      </trkpt>
      <trkpt lat="42.427860" lon="3.027180">
        <ele>202.8</ele>
        <time>2026-09-02T05:28:27Z</time>
      </trkpt>
      <trkpt lat="42.428110" lon="3.027540">
        <ele>203.5</ele>
      </trkpt>
      <trkpt lat="42.428320" lon="3.027960">
        <ele>204</ele>
        <time>2026-09-02T05:28:19Z</time>
      </trkpt>
      <trkpt lat="42.428520" lon="3.028120">
        <ele>203.2</ele>
        <time>2026-09-02T05:28:15Z</time>
      </trkpt>
      <trkpt lat="42.428790" lon="3.028200">
        <ele>203.6</ele>
        <time>2026-09-02T05:28:11Z</time>
      </trkpt>
      <trkpt lat="42.429140" lon="3.028170">
        <ele>204.2</ele>
        <time>2026-09-02T05:28:07Z</time>
      </trkpt>
      <trkpt lat="42.429830" lon="3.027870">
        <ele>205.2</ele>
        <time>2026-09-02T05:27:55Z</time>
      </trkpt>
      <trkpt lat="42.430080" lon="3.027450">
        <ele>203.5</ele>
        <time>2026-09-02T05:27:49Z</time>
      </trkpt>
      <trkpt lat="42.430690" lon="3.027200">
        <ele>202</ele>
        <time>2026-09-02T05:27:41Z</time>
      </trkpt>
      <trkpt lat="42.431030" lon="3.027190">
        <ele>203.8</ele>
        <time>2026-09-02T05:27:37Z</time>
      </trkpt>
      <trkpt lat="42.431370" lon="3.027330">
        <ele>205.1</ele>
        <time>2026-09-02T05:27:33Z</time>
      </trkpt>
      <trkpt lat="42.431700" lon="3.027550">
        <ele>206.4</ele>
        <time>2026-09-02T05:27:27Z</time>
      </trkpt>
      <trkpt lat="42.431980" lon="3.027790">
        <ele>207.9</ele>
        <time>2026-09-02T05:27:25Z</time>
      </trkpt>
      <trkpt lat="42.432240" lon="3.028330">
        <ele>237.8</ele>
        <time>2026-09-02T05:27:21Z</time>
      </trkpt>
      <trkpt lat="42.432710" lon="3.031360">
        <ele>214</ele>
      </trkpt>
      <trkpt lat="42.433650" lon="3.037050">
        <ele>216.6</ele>
      </trkpt>
      <trkpt lat="42.433720" lon="3.037380">
        <ele>238.6</ele>
        <time>2026-09-02T05:25:29Z</time>
      </trkpt>
      <trkpt lat="42.433870" lon="3.037670">
        <ele>217.9</ele>
        <time>2026-09-02T05:25:27Z</time>
      </trkpt>
      <trkpt lat="42.434120" lon="3.037840">
        <ele>218</ele>
        <time>2026-09-02T05:25:23Z</time>
      </trkpt>
      <trkpt lat="42.434530" lon="3.038030">
        <ele>241</ele>
        <time>2026-09-02T05:25:17Z</time>
      </trkpt>
      <trkpt lat="42.434870" lon="3.038550">
        <ele>220.2</ele>
      </trkpt>
      <trkpt lat="42.435100" lon="3.038770">
        <ele>220</ele>
        <time>2026-09-02T05:25:09Z</time>
      </trkpt>
      <trkpt lat="42.435850" lon="3.039220">
        <ele>225.7</ele>
        <time>2026-09-02T05:25:01Z</time>
      </trkpt>
      <trkpt lat="42.437760" lon="3.040730">
        <ele>233.3</ele>
        <time>2026-09-02T05:24:33Z</time>
      </trkpt>
      <trkpt lat="42.438060" lon="3.041160">
        <ele>258.6</ele>
        <time>2026-09-02T05:24:29Z</time>
      </trkpt>
      <trkpt lat="42.438530" lon="3.042250">
        <ele>241.6</ele>
        <time>2026-09-02T05:24:17Z</time>
      </trkpt>
      <trkpt lat="42.438880" lon="3.042680">
        <ele>242.9</ele>
        <time>2026-09-02T05:24:09Z</time>
      </trkpt>
      <trkpt lat="42.439330" lon="3.043170">
        <ele>240.6</ele>
        <time>2026-09-02T05:24:01Z</time>
      </trkpt>
      <trkpt lat="42.439400" lon="3.043390">
        <ele>239.6</ele>
        <time>2026-09-02T05:23:59Z</time>
      </trkpt>
      <trkpt lat="42.439430" lon="3.043710">
        <ele>241.5</ele>
        <time>2026-09-02T05:23:57Z</time>
      </trkpt>
      <trkpt lat="42.439390" lon="3.043980">
        <ele>264.8</ele>
        <time>2026-09-02T05:23:53Z</time>
      </trkpt>
      <trkpt lat="42.439380" lon="3.044410">
        <ele>243.9</ele>
        <time>2026-09-02T05:23:49Z</time>
      </trkpt>
      <trkpt lat="42.439520" lon="3.044840">
        <ele>245.8</ele>
        <time>2026-09-02T05:23:45Z</time>
      </trkpt>
      <trkpt lat="42.439770" lon="3.045160">
        <ele>247.5</ele>
        <time>2026-09-02T05:23:43Z</time>
      </trkpt>
      <trkpt lat="42.440000" lon="3.045450">
        <ele>245.9</ele>
        <time>2026-09-02T05:23:35Z</time>
      </trkpt>
      <trkpt lat="42.440460" lon="3.045900">
        <ele>241.5</ele>
      </trkpt>
      <trkpt lat="42.440750" lon="3.046260">
        <ele>264.6</ele>
        <time>2026-09-02T05:23:25Z</time>
      </trkpt>
      <trkpt lat="42.441000" lon="3.046520">
        <ele>239.7</ele>
        <time>2026-09-02T05:23:23Z</time>
      </trkpt>
      <trkpt lat="42.442100" lon="3.047160">
        <ele>255.4</ele>
        <time>2026-09-02T05:23:15Z</time>
      </trkpt>
      <trkpt lat="42.442650" lon="3.047480">
        <ele>261.4</ele>
      </trkpt>
      <trkpt lat="42.443760" lon="3.048270">
        <ele>272.7</ele>
      </trkpt>
      <trkpt lat="42.444520" lon="3.048830">
        <ele>279.6</ele>
      </trkpt>
      <trkpt lat="42.444950" lon="3.049230">
        <ele>284.2</ele>
        <time>2026-09-02T05:22:51Z</time>
      </trkpt>
      <trkpt lat="42.445130" lon="3.049590">
        <ele>286.5</ele>
        <time>2026-09-02T05:22:49Z</time>
      </trkpt>
      <trkpt lat="42.445200" lon="3.050010">
        <ele>291.2</ele>
        <time>2026-09-02T05:22:47Z</time>
      </trkpt>
      <trkpt lat="42.445230" lon="3.050600">
        <ele>295.5</ele>
        <time>2026-09-02T05:22:43Z</time>
      </trkpt>
      <trkpt lat="42.445190" lon="3.051170">
        <ele>298.1</ele>
        <time>2026-09-02T05:22:39Z</time>
      </trkpt>
      <trkpt lat="42.445090" lon="3.052020">
        <ele>303.3</ele>
        <time>2026-09-02T05:22:31Z</time>
      </trkpt>
      <trkpt lat="42.445060" lon="3.052740">
        <ele>307.5</ele>
        <time>2026-09-02T05:22:23Z</time>
      </trkpt>
      <trkpt lat="42.444920" lon="3.053200">
        <ele>307.8</ele>
      </trkpt>
      <trkpt lat="42.444810" lon="3.053490">
        <ele>308.9</ele>
      </trkpt>
      <trkpt lat="42.444830" lon="3.053610">
        <ele>309</ele>
        <time>2026-09-02T05:22:17Z</time>
      </trkpt>
      <trkpt lat="42.445260" lon="3.054120">
        <ele>313.1</ele>
      </trkpt>
      <trkpt lat="42.445690" lon="3.054580">
        <ele>319.5</ele>
        <time>2026-09-02T05:22:07Z</time>
      </trkpt>
      <trkpt lat="42.446040" lon="3.054860">
        <ele>324</ele>
      </trkpt>
      <trkpt lat="42.446290" lon="3.055160">
        <ele>325.4</ele>
        <time>2026-09-02T05:21:59Z</time>
      </trkpt>
      <trkpt lat="42.446490" lon="3.055510">
        <ele>341.6</ele>
        <time>2026-09-02T05:21:51Z</time>
      </trkpt>
      <trkpt lat="42.446770" lon="3.056070">
        <ele>330.4</ele>
        <time>2026-09-02T05:21:45Z</time>
      </trkpt>
      <trkpt lat="42.446890" lon="3.056080">
        <ele>329.6</ele>
        <time>2026-09-02T05:21:44Z</time>
      </trkpt>
      <trkpt lat="42.447470" lon="3.055660">
        <ele>333.9</ele>
        <time>2026-09-02T05:21:38Z</time>
      </trkpt>
      <trkpt lat="42.447780" lon="3.055540">
        <ele>353.6</ele>
        <time>2026-09-02T05:21:34Z</time>
      </trkpt>
      <trkpt lat="42.448210" lon="3.055280">
        <ele>337.3</ele>
        <time>2026-09-02T05:21:30Z</time>
      </trkpt>
      <trkpt lat="42.448840" lon="3.054770">
        <ele>346.2</ele>
      </trkpt>
      <trkpt lat="42.449890" lon="3.054090">
        <ele>353.8</ele>
        <time>2026-09-02T05:21:06Z</time>
      </trkpt>
      <trkpt lat="42.450040" lon="3.054030">
        <ele>368.2</ele>
        <time>2026-09-02T05:20:05Z</time>
      </trkpt>
      <trkpt lat="42.450150" lon="3.054240">
        <ele>354.5</ele>
        <time>2026-09-02T05:20:01Z</time>
      </trkpt>
      <trkpt lat="42.450330" lon="3.054230">
        <ele>369.2</ele>
        <time>2026-09-02T05:19:57Z</time>
        <extensions>
          <visugpx:TrkExtension xmlns:visugpx="https://www.visugpx.com/editgpx/">
            <visugpx:node>1</visugpx:node>
          </visugpx:TrkExtension>
        </extensions>
      </trkpt>
    </trkseg>
  </trk>
</gpx>