<?xml version="1.0" encoding="UTF-8" standalone="no" ?>
<gpx xmlns="http://www.topografix.com/GPX/1/1" xmlns:xsi="http://www.w3.org/2001/XMLSchema-instance" xsi:schemaLocation="http://www.topografix.com/GPX/1/1 http://www.topografix.com/GPX/1/1/gpx.xsd" version="1.1" creator="EditGPX">
  <metadata>
    <name>g727 2026</name>
    <desc>https://727bikepacking.fr/g727/</desc>
  </metadata>
  <wpt lat="42.455080" lon="2.844570">
    <ele>318.6</ele>
    <name><![CDATA[Montées rudes]]></name>
    <type><![CDATA[danger]]></type>
  </wpt>
  <wpt lat="42.454350" lon="2.858050">
    <ele>326</ele>
    <name><![CDATA[ESPAGNE]]></name>
    <type><![CDATA[__]]></type>
  </wpt>
  <wpt lat="42.109070" lon="2.956260">
    <ele>67.5</ele>
    <name><![CDATA[Bois ornières]]></name>
    <type><![CDATA[danger]]></type>
  </wpt>
  <wpt lat="41.983180" lon="2.866170">
    <ele>346.3</ele>
    <name><![CDATA[Point de vue]]></name>
    <type><![CDATA[star]]></type>
  </wpt>
  <wpt lat="41.984280" lon="2.864660">
    <ele>327.2</ele>
    <name><![CDATA[Fort pourcentage]]></name>
    <type><![CDATA[danger]]></type>
  </wpt>
  <wpt lat="41.986010" lon="2.823400">
    <ele>68</ele>
    <name><![CDATA[Eau]]></name>
    <type><![CDATA[drink]]></type>
  </wpt>
  <wpt lat="42.264330" lon="3.151060">
    <ele>1</ele>
    <name><![CDATA[Siklistam]]></name>
    <desc><![CDATA[Par un ancien 727ter]]></desc>
    <type><![CDATA[velo]]></type>
  </wpt>
  <wpt lat="42.859240" lon="2.943590">
    <ele>85.7</ele>
    <name><![CDATA[Descente rugueuse, prudence]]></name>
    <type><![CDATA[danger]]></type>
  </wpt>
  <wpt lat="42.791260" lon="2.905850">
    <ele>17</ele>
    <name><![CDATA[Traveaux lors de la reco]]></name>
    <type><![CDATA[danger]]></type>
  </wpt>
  <wpt lat="42.772400" lon="2.841880">
    <ele>30.3</ele>
    <name><![CDATA[Eau]]></name>
    <type><![CDATA[drink]]></type>
  </wpt>
  <wpt lat="43.330630" lon="3.199480">
    <ele>24.1</ele>
    <name><![CDATA[Les 7 écluses]]></name>
    <type><![CDATA[star]]></type>
  </wpt>
  <wpt lat="43.460980" lon="3.422890">
    <ele>21.9</ele>
    <name><![CDATA[Pézenas]]></name>
    <type><![CDATA[star]]></type>
  </wpt>
  <wpt lat="43.280840" lon="3.129440">
    <ele>70</ele>
    <name><![CDATA[Moulin]]></name>
    <type><![CDATA[star]]></type>
  </wpt>
  <wpt lat="43.184780" lon="3.003800">
    <ele>12.1</ele>
    <name><![CDATA[Cathédrale]]></name>
    <type><![CDATA[star]]></type>
  </wpt>
  <wpt lat="42.458550" lon="2.859280">
    <ele>424</ele>
    <name><![CDATA[Fort de Bellegarde]]></name>
    <type><![CDATA[star]]></type>
  </wpt>
  <wpt lat="42.115120" lon="3.143630">
    <ele>3.5</ele>
    <name><![CDATA[L'Escala]]></name>
    <type><![CDATA[star]]></type>
  </wpt>
  <wpt lat="41.984520" lon="2.824430">
    <ele>66.9</ele>
    <name><![CDATA[Girona]]></name>
    <type><![CDATA[star]]></type>
  </wpt>
  <wpt lat="42.259910" lon="3.177820">
    <ele>1</ele>
    <name><![CDATA[Roses]]></name>
    <type><![CDATA[star]]></type>
  </wpt>
  <wpt lat="42.236510" lon="3.218290">
    <ele>56</ele>
    <name><![CDATA[Parc sublime]]></name>
    <type><![CDATA[star]]></type>
  </wpt>
  <wpt lat="42.287250" lon="3.276270">
    <ele>1.6</ele>
    <name><![CDATA[Casaqués]]></name>
    <type><![CDATA[star]]></type>
  </wpt>
  <wpt lat="43.059030" lon="3.001630">
    <ele>6.5</ele>
    <name><![CDATA[Golfe antique]]></name>
    <type><![CDATA[star]]></type>
  </wpt>
  <wpt lat="42.954380" lon="3.039560">
    <name><![CDATA[Plage immense]]></name>
    <type><![CDATA[star]]></type>
  </wpt>
  <wpt lat="43.047470" lon="3.055740">
    <ele>1.6</ele>
    <name><![CDATA[La roubine]]></name>
    <type><![CDATA[star]]></type>
  </wpt>
  <wpt lat="42.916210" lon="3.058560">
    <ele>39.1</ele>
    <name><![CDATA[Falaises]]></name>
    <type><![CDATA[star]]></type>
  </wpt>
  <wpt lat="42.377820" lon="3.069600">
    <ele>194</ele>
    <name><![CDATA[Eau]]></name>
    <type><![CDATA[drink]]></type>
  </wpt>
  <wpt lat="42.391050" lon="2.999950">
    <ele>111.3</ele>
    <name><![CDATA[Eau]]></name>
    <type><![CDATA[drink]]></type>
  </wpt>
  <wpt lat="42.391620" lon="3.000940">
    <ele>119.9</ele>
    <name><![CDATA[Eau]]></name>
    <type><![CDATA[drink]]></type>
  </wpt>
  <wpt lat="42.527140" lon="3.082950">
    <ele>9.3</ele>
    <name><![CDATA[Gâteaux fous]]></name>
    <type><![CDATA[boulangerie]]></type>
  </wpt>
  <wpt lat="42.527550" lon="3.083800">
    <ele>8.6</ele>
    <name><![CDATA[Glaces top]]></name>
    <type><![CDATA[restaurant]]></type>
  </wpt>
  <wpt lat="42.535160" lon="3.059730">
    <ele>28.1</ele>
    <name><![CDATA[Escaliers]]></name>
    <type><![CDATA[danger]]></type>
  </wpt>
  <wpt lat="42.526710" lon="3.085320">
    <ele>1.1</ele>
    <name><![CDATA[Colioure]]></name>
    <type><![CDATA[star]]></type>
  </wpt>
  <wpt lat="42.687550" lon="2.982420">
    <ele>19.9</ele>
    <name><![CDATA[Banc géant]]></name>
    <type><![CDATA[star]]></type>
  </wpt>
  <wpt lat="43.234750" lon="3.058660">
    <ele>5.1</ele>
    <name><![CDATA[Eau-Fontaine Wallace]]></name>
    <type><![CDATA[drink]]></type>
  </wpt>
  <wpt lat="41.995060" lon="2.820780">
    <ele>67.2</ele>
    <name><![CDATA[Eau]]></name>
    <type><![CDATA[drink]]></type>
  </wpt>
  <wpt lat="41.981610" lon="2.823750">
    <ele>69</ele>
    <name><![CDATA[Eau]]></name>
    <type><![CDATA[drink]]></type>
  </wpt>
  <wpt lat="42.559450" lon="3.046450">
    <ele>3</ele>
    <name><![CDATA[Eau]]></name>
    <type><![CDATA[drink]]></type>
  </wpt>
  <wpt lat="42.536070" lon="3.056580">
    <ele>4.1</ele>
    <name><![CDATA[Eau]]></name>
    <type><![CDATA[drink]]></type>
  </wpt>
  <wpt lat="42.543030" lon="3.052050">
    <ele>3</ele>
    <name><![CDATA[Eau]]></name>
    <type><![CDATA[drink]]></type>
  </wpt>
  <wpt lat="42.621930" lon="3.035480">
    <ele>1.3</ele>
    <name><![CDATA[Eau-Fontaine marine]]></name>
    <type><![CDATA[drink]]></type>
  </wpt>
  <wpt lat="42.259570" lon="3.075350">
    <ele>16.3</ele>
    <name><![CDATA[Eau]]></name>
    <type><![CDATA[drink]]></type>
  </wpt>
  <wpt lat="42.259850" lon="3.073810">
    <ele>12.7</ele>
    <name><![CDATA[Eau]]></name>
    <type><![CDATA[drink]]></type>
  </wpt>
  <wpt lat="42.009130" lon="2.815440">
    <ele>66.9</ele>
    <name><![CDATA[Eau]]></name>
    <type><![CDATA[drink]]></type>
  </wpt>
  <wpt lat="42.524250" lon="3.084880">
    <ele>4.7</ele>
    <name><![CDATA[Eau]]></name>
    <type><![CDATA[drink]]></type>
  </wpt>
  <wpt lat="43.011240" lon="3.061330">
    <ele>2</ele>
    <name><![CDATA[Eau]]></name>
    <type><![CDATA[drink]]></type>
  </wpt>
  <wpt lat="43.351220" lon="3.531640">
    <ele>1</ele>
    <name><![CDATA[Eau]]></name>
    <type><![CDATA[drink]]></type>
  </wpt>
  <wpt lat="42.067960" lon="2.914250">
    <ele>41.8</ele>
    <name><![CDATA[Eau]]></name>
    <type><![CDATA[drink]]></type>
  </wpt>
  <wpt lat="42.786940" lon="3.038770">
    <ele>3</ele>
    <name><![CDATA[Eau]]></name>
    <type><![CDATA[drink]]></type>
  </wpt>
  <wpt lat="42.766540" lon="2.989470">
    <ele>5</ele>
    <name><![CDATA[Eau]]></name>
    <type><![CDATA[drink]]></type>
  </wpt>
  <wpt lat="43.184290" lon="3.003750">
    <ele>8.7</ele>
    <name><![CDATA[Eau]]></name>
    <type><![CDATA[drink]]></type>
  </wpt>
  <wpt lat="43.313810" lon="3.143500">
    <ele>32.9</ele>
    <name><![CDATA[Eau]]></name>
    <type><![CDATA[drink]]></type>
  </wpt>
  <wpt lat="43.047870" lon="3.056530">
    <ele>1.7</ele>
    <name><![CDATA[Eau]]></name>
    <type><![CDATA[drink]]></type>
  </wpt>
  <wpt lat="42.018480" lon="2.825530">
    <ele>64</ele>
    <name><![CDATA[Eau]]></name>
    <type><![CDATA[drink]]></type>
  </wpt>
  <wpt lat="42.017600" lon="2.823090">
    <ele>65</ele>
    <name><![CDATA[Eau]]></name>
    <type><![CDATA[drink]]></type>
  </wpt>
  <wpt lat="43.181570" lon="3.007090">
    <ele>5.6</ele>
    <name><![CDATA[Eau]]></name>
    <type><![CDATA[drink]]></type>
  </wpt>
  <wpt lat="42.289400" lon="3.275350">
    <ele>3.8</ele>
    <name><![CDATA[Eau]]></name>
    <type><![CDATA[drink]]></type>
  </wpt>
  <wpt lat="42.391620" lon="3.000950">
    <ele>119.8</ele>
    <name><![CDATA[Eau]]></name>
    <type><![CDATA[drink]]></type>
  </wpt>
  <wpt lat="42.990080" lon="2.952800">
    <ele>56.7</ele>
    <name><![CDATA[Eau]]></name>
    <type><![CDATA[drink]]></type>
  </wpt>
  <wpt lat="42.992080" lon="2.956020">
    <ele>50.9</ele>
    <name><![CDATA[Eau]]></name>
    <type><![CDATA[drink]]></type>
  </wpt>
  <wpt lat="43.183060" lon="3.004310">
    <ele>4</ele>
    <name><![CDATA[Eau]]></name>
    <type><![CDATA[drink]]></type>
  </wpt>
  <wpt lat="42.375490" lon="3.066240">
    <ele>152.2</ele>
    <name><![CDATA[Eau-Font de l'Ou]]></name>
    <type><![CDATA[drink]]></type>
  </wpt>
  <wpt lat="42.313920" lon="2.928650">
    <ele>40.8</ele>
    <name><![CDATA[Eau]]></name>
    <type><![CDATA[drink]]></type>
  </wpt>
  <wpt lat="42.391050" lon="2.999950">
    <ele>111.3</ele>
    <name><![CDATA[Eau-Font del Còrrec]]></name>
    <type><![CDATA[drink]]></type>
  </wpt>
  <wpt lat="42.375680" lon="3.067900">
    <ele>158.8</ele>
    <name><![CDATA[Eau]]></name>
    <type><![CDATA[drink]]></type>
  </wpt>
  <wpt lat="43.332570" lon="3.224510">
    <ele>10.7</ele>
    <name><![CDATA[Eau]]></name>
    <type><![CDATA[drink]]></type>
  </wpt>
  <wpt lat="42.509410" lon="2.792230">
    <ele>102.9</ele>
    <name><![CDATA[Eau-Fontaine du Docteur Basman]]></name>
    <type><![CDATA[drink]]></type>
  </wpt>
  <wpt lat="42.487700" lon="2.807310">
    <ele>134.8</ele>
    <name><![CDATA[Eau]]></name>
    <type><![CDATA[drink]]></type>
  </wpt>
  <wpt lat="42.264680" lon="3.161970">
    <ele>1.1</ele>
    <name><![CDATA[Eau]]></name>
    <type><![CDATA[drink]]></type>
  </wpt>
  <wpt lat="42.694950" lon="2.770040">
    <ele>67.8</ele>
    <name><![CDATA[Eau]]></name>
    <type><![CDATA[drink]]></type>
  </wpt>
  <wpt lat="42.125750" lon="3.132640">
    <ele>6.4</ele>
    <name><![CDATA[Eau]]></name>
    <type><![CDATA[drink]]></type>
  </wpt>
  <wpt lat="41.987800" lon="2.822580">
    <ele>67.9</ele>
    <name><![CDATA[Eau]]></name>
    <type><![CDATA[drink]]></type>
  </wpt>
  <wpt lat="42.057620" lon="3.045080">
    <ele>15.4</ele>
    <name><![CDATA[Eau]]></name>
    <type><![CDATA[drink]]></type>
  </wpt>
  <wpt lat="42.018220" lon="2.906830">
    <ele>86.2</ele>
    <name><![CDATA[Eau]]></name>
    <type><![CDATA[drink]]></type>
  </wpt>
  <wpt lat="42.019520" lon="2.930870">
    <ele>82.8</ele>
    <name><![CDATA[Eau]]></name>
    <type><![CDATA[drink]]></type>
  </wpt>
  <wpt lat="42.775650" lon="2.836150">
    <ele>33</ele>
    <name><![CDATA[Eau]]></name>
    <type><![CDATA[drink]]></type>
  </wpt>
  <wpt lat="42.338970" lon="3.204310">
    <ele>2.5</ele>
    <name><![CDATA[Eau]]></name>
    <type><![CDATA[drink]]></type>
  </wpt>
  <wpt lat="43.184390" lon="3.003330">
    <ele>11</ele>
    <name><![CDATA[Eau]]></name>
    <type><![CDATA[drink]]></type>
  </wpt>
  <wpt lat="42.135120" lon="3.121590">
    <ele>7.2</ele>
    <name><![CDATA[Eau]]></name>
    <type><![CDATA[drink]]></type>
  </wpt>
  <wpt lat="41.985000" lon="2.824670">
    <ele>66.6</ele>
    <name><![CDATA[Eau-Font del pou de la Cadena]]></name>
    <type><![CDATA[drink]]></type>
  </wpt>
  <wpt lat="43.459790" lon="3.423030">
    <ele>20.1</ele>
    <name><![CDATA[Eau]]></name>
    <type><![CDATA[drink]]></type>
  </wpt>
  <wpt lat="43.356110" lon="3.533840">
    <ele>1</ele>
    <name><![CDATA[Eau]]></name>
    <type><![CDATA[drink]]></type>
  </wpt>
  <wpt lat="42.551900" lon="3.048220">
    <ele>4</ele>
    <name><![CDATA[Eau]]></name>
    <type><![CDATA[drink]]></type>
  </wpt>
  <wpt lat="42.139140" lon="3.117180">
    <ele>4.8</ele>
    <name><![CDATA[Eau]]></name>
    <type><![CDATA[drink]]></type>
  </wpt>
  <wpt lat="42.511290" lon="2.790770">
    <ele>106.7</ele>
    <name><![CDATA[Eau]]></name>
    <type><![CDATA[drink]]></type>
  </wpt>
  <wpt lat="42.123100" lon="2.963720">
    <ele>84.4</ele>
    <name><![CDATA[Eau]]></name>
    <type><![CDATA[drink]]></type>
  </wpt>
  <wpt lat="42.039500" lon="2.996980">
    <ele>83.5</ele>
    <name><![CDATA[Eau]]></name>
    <type><![CDATA[drink]]></type>
  </wpt>
  <wpt lat="42.046930" lon="2.957640">
    <ele>38</ele>
    <name><![CDATA[Eau]]></name>
    <type><![CDATA[drink]]></type>
  </wpt>
  <wpt lat="42.287450" lon="3.275870">
    <ele>2.8</ele>
    <name><![CDATA[Eau-Font de la Plaça Dr. Pont]]></name>
    <type><![CDATA[drink]]></type>
  </wpt>
  <wpt lat="43.087510" lon="2.960240">
    <ele>1</ele>
    <name><![CDATA[Eau]]></name>
    <type><![CDATA[drink]]></type>
  </wpt>
  <wpt lat="41.980790" lon="2.824470">
    <ele>70.4</ele>
    <name><![CDATA[Eau]]></name>
    <type><![CDATA[drink]]></type>
  </wpt>
  <wpt lat="42.905170" lon="3.056070">
    <ele>2.5</ele>
    <name><![CDATA[Eau]]></name>
    <type><![CDATA[drink]]></type>
  </wpt>
  <wpt lat="42.377800" lon="3.069620">
    <ele>193.5</ele>
    <name><![CDATA[Eau-Font del Suro]]></name>
    <type><![CDATA[drink]]></type>
  </wpt>
  <wpt lat="42.372660" lon="2.920690">
    <ele>104.7</ele>
    <name><![CDATA[Eau-Agua]]></name>
    <type><![CDATA[drink]]></type>
  </wpt>
  <wpt lat="43.182230" lon="3.005690">
    <ele>4</ele>
    <name><![CDATA[Eau]]></name>
    <type><![CDATA[drink]]></type>
  </wpt>
  <wpt lat="42.336250" lon="3.202940">
    <ele>1.3</ele>
    <name><![CDATA[Eau]]></name>
    <type><![CDATA[drink]]></type>
  </wpt>
  <wpt lat="41.986120" lon="2.829360">
    <ele>123.5</ele>
    <name><![CDATA[Eau]]></name>
    <type><![CDATA[drink]]></type>
  </wpt>
  <wpt lat="42.362300" lon="3.147590">
    <ele>8</ele>
    <name><![CDATA[Eau]]></name>
    <type><![CDATA[drink]]></type>
  </wpt>
  <wpt lat="43.283040" lon="3.281790">
    <ele>5</ele>
    <name><![CDATA[Eau]]></name>
    <type><![CDATA[drink]]></type>
  </wpt>
  <wpt lat="43.446920" lon="3.662290">
    <ele>1</ele>
    <name><![CDATA[Eau]]></name>
    <type><![CDATA[drink]]></type>
  </wpt>
  <wpt lat="42.791990" lon="3.037920">
    <ele>3</ele>
    <name><![CDATA[Eau]]></name>
    <type><![CDATA[drink]]></type>
  </wpt>
  <wpt lat="42.851680" lon="3.037180">
    <ele>1.2</ele>
    <name><![CDATA[Eau]]></name>
    <type><![CDATA[drink]]></type>
  </wpt>
  <wpt lat="42.537390" lon="3.055230">
    <ele>2.1</ele>
    <name><![CDATA[Eau]]></name>
    <type><![CDATA[drink]]></type>
  </wpt>
  <wpt lat="43.331190" lon="3.200570">
    <ele>18.8</ele>
    <name><![CDATA[Eau]]></name>
    <type><![CDATA[drink]]></type>
  </wpt>
  <wpt lat="43.448510" lon="3.651540">
    <ele>2.9</ele>
    <name><![CDATA[Eau]]></name>
    <type><![CDATA[drink]]></type>
  </wpt>
  <wpt lat="43.420250" lon="3.602370">
    <ele>2</ele>
    <name><![CDATA[Eau]]></name>
    <type><![CDATA[drink]]></type>
  </wpt>
  <wpt lat="43.446690" lon="3.659430">
    <ele>1</ele>
    <name><![CDATA[Eau]]></name>
    <type><![CDATA[drink]]></type>
  </wpt>
  <wpt lat="42.264340" lon="3.172570">
    <ele>1.6</ele>
    <name><![CDATA[Eau]]></name>
    <type><![CDATA[drink]]></type>
  </wpt>
  <wpt lat="42.258660" lon="3.078600">
    <ele>6.8</ele>
    <name><![CDATA[Eau]]></name>
    <type><![CDATA[drink]]></type>
  </wpt>
  <wpt lat="42.514710" lon="2.787000">
    <ele>115.8</ele>
    <name><![CDATA[Eau]]></name>
    <type><![CDATA[drink]]></type>
  </wpt>
  <wpt lat="42.639910" lon="2.981100">
    <ele>7</ele>
    <name><![CDATA[Eau]]></name>
    <type><![CDATA[drink]]></type>
  </wpt>
  <wpt lat="42.639640" lon="2.980340">
    <ele>7.8</ele>
    <name><![CDATA[Eau]]></name>
    <type><![CDATA[drink]]></type>
  </wpt>
  <wpt lat="41.993120" lon="2.820680">
    <ele>66.9</ele>
    <name><![CDATA[Eau]]></name>
    <type><![CDATA[drink]]></type>
  </wpt>
  <wpt lat="43.220620" lon="3.234670">
    <ele>2</ele>
    <name><![CDATA[Eau]]></name>
    <type><![CDATA[drink]]></type>
  </wpt>
  <wpt lat="42.839080" lon="2.917680">
    <ele>8.6</ele>
    <name><![CDATA[Eau]]></name>
    <type><![CDATA[drink]]></type>
  </wpt>
  <wpt lat="42.342450" lon="3.202060">
    <ele>4.3</ele>
    <name><![CDATA[Eau]]></name>
    <type><![CDATA[drink]]></type>
  </wpt>
  <wpt lat="43.330190" lon="3.197790">
    <ele>32.3</ele>
    <name><![CDATA[Eau]]></name>
    <type><![CDATA[drink]]></type>
  </wpt>
  <wpt lat="42.338000" lon="3.203430">
    <ele>1.8</ele>
    <name><![CDATA[Eau]]></name>
    <type><![CDATA[drink]]></type>
  </wpt>
  <wpt lat="42.581610" lon="2.778720">
    <ele>137.8</ele>
    <name><![CDATA[Eau]]></name>
    <type><![CDATA[drink]]></type>
  </wpt>
  <wpt lat="43.315540" lon="3.471530">
    <ele>2.6</ele>
    <name><![CDATA[Eau]]></name>
    <type><![CDATA[drink]]></type>
  </wpt>
  <wpt lat="42.047740" lon="2.962490">
    <ele>63.8</ele>
    <name><![CDATA[Eau]]></name>
    <type><![CDATA[drink]]></type>
  </wpt>
  <wpt lat="42.316260" lon="2.930970">
    <ele>50</ele>
    <name><![CDATA[Eau]]></name>
    <type><![CDATA[drink]]></type>
  </wpt>
  <wpt lat="43.317360" lon="3.280900">
    <ele>5.1</ele>
    <name><![CDATA[Eau]]></name>
    <type><![CDATA[drink]]></type>
  </wpt>
  <wpt lat="42.934970" lon="3.031850">
    <ele>2</ele>
    <name><![CDATA[Eau]]></name>
    <type><![CDATA[drink]]></type>
  </wpt>
  <wpt lat="42.116710" lon="3.136610">
    <ele>2.5</ele>
    <name><![CDATA[Eau]]></name>
    <type><![CDATA[drink]]></type>
  </wpt>
  <wpt lat="42.624960" lon="3.036370">
    <ele>3</ele>
    <name><![CDATA[Eau]]></name>
    <type><![CDATA[drink]]></type>
  </wpt>
  <wpt lat="42.626030" lon="3.036190">
    <ele>2.8</ele>
    <name><![CDATA[Eau]]></name>
    <type><![CDATA[drink]]></type>
  </wpt>
  <wpt lat="43.420340" lon="3.367620">
    <ele>46.9</ele>
    <name><![CDATA[Eau]]></name>
    <type><![CDATA[drink]]></type>
  </wpt>
  <wpt lat="42.263100" lon="3.174980">
    <ele>2</ele>
    <name><![CDATA[Eau]]></name>
    <type><![CDATA[drink]]></type>
  </wpt>
  <wpt lat="42.256420" lon="3.181320">
    <ele>2.4</ele>
    <name><![CDATA[Eau]]></name>
    <type><![CDATA[drink]]></type>
  </wpt>
  <wpt lat="42.639850" lon="2.979630">
    <ele>7.7</ele>
    <name><![CDATA[Eau]]></name>
    <type><![CDATA[drink]]></type>
  </wpt>
  <wpt lat="42.258840" lon="3.076500">
    <ele>11</ele>
    <name><![CDATA[Eau]]></name>
    <type><![CDATA[drink]]></type>
  </wpt>
  <wpt lat="42.257910" lon="3.179790">
    <ele>1</ele>
    <name><![CDATA[Eau]]></name>
    <type><![CDATA[drink]]></type>
  </wpt>
  <wpt lat="42.800880" lon="3.034450">
    <ele>2</ele>
    <name><![CDATA[Eau]]></name>
    <type><![CDATA[drink]]></type>
  </wpt>
  <wpt lat="42.363210" lon="3.152240">
    <ele>6</ele>
    <name><![CDATA[Eau]]></name>
    <type><![CDATA[drink]]></type>
  </wpt>
  <wpt lat="42.637890" lon="3.034440">
    <ele>2</ele>
    <name><![CDATA[Eau]]></name>
    <type><![CDATA[drink]]></type>
  </wpt>
  <wpt lat="42.561530" lon="3.046220">
    <ele>3</ele>
    <name><![CDATA[Eau]]></name>
    <type><![CDATA[drink]]></type>
  </wpt>
  <wpt lat="42.772410" lon="2.841870">
    <ele>30.2</ele>
    <name><![CDATA[Eau]]></name>
    <type><![CDATA[drink]]></type>
  </wpt>
  <wpt lat="42.990380" lon="2.952390">
    <ele>54.4</ele>
    <name><![CDATA[Eau]]></name>
    <type><![CDATA[drink]]></type>
  </wpt>
  <wpt lat="42.894440" lon="2.984330">
    <ele>33.1</ele>
    <name><![CDATA[Eau]]></name>
    <type><![CDATA[drink]]></type>
  </wpt>
  <wpt lat="42.753860" lon="2.814130">
    <ele>75</ele>
    <name><![CDATA[Eau]]></name>
    <type><![CDATA[drink]]></type>
  </wpt>
  <wpt lat="42.259540" lon="3.179430">
    <ele>1.3</ele>
    <name><![CDATA[Eau]]></name>
    <type><![CDATA[drink]]></type>
  </wpt>
  <wpt lat="42.365060" lon="2.923800">
    <ele>99.9</ele>
    <name><![CDATA[Eau]]></name>
    <type><![CDATA[drink]]></type>
  </wpt>
  <wpt lat="42.258790" lon="3.077180">
    <ele>7.3</ele>
    <name><![CDATA[Eau]]></name>
    <type><![CDATA[drink]]></type>
  </wpt>
  <wpt lat="42.270990" lon="3.144180">
    <ele>2.6</ele>
    <name><![CDATA[Eau]]></name>
    <type><![CDATA[drink]]></type>
  </wpt>
  <wpt lat="43.029000" lon="2.979450">
    <ele>17.4</ele>
    <name><![CDATA[Eau]]></name>
    <type><![CDATA[drink]]></type>
  </wpt>
  <wpt lat="42.079390" lon="3.095740">
    <ele>16.6</ele>
    <name><![CDATA[Eau]]></name>
    <type><![CDATA[drink]]></type>
  </wpt>
  <wpt lat="42.640160" lon="3.033730">
    <ele>2</ele>
    <name><![CDATA[Eau]]></name>
    <type><![CDATA[drink]]></type>
  </wpt>
  <wpt lat="42.368670" lon="3.158330">
    <ele>2.8</ele>
    <name><![CDATA[Eau]]></name>
    <type><![CDATA[drink]]></type>
  </wpt>
  <wpt lat="43.215440" lon="3.232690">
    <ele>1.9</ele>
    <name><![CDATA[Eau]]></name>
    <type><![CDATA[drink]]></type>
  </wpt>
  <wpt lat="42.540480" lon="3.047550">
    <ele>2.2</ele>
    <name><![CDATA[Eau]]></name>
    <type><![CDATA[drink]]></type>
  </wpt>
  <wpt lat="42.188160" lon="3.081910">
    <ele>5</ele>
    <name><![CDATA[Eau]]></name>
    <type><![CDATA[drink]]></type>
  </wpt>
  <wpt lat="41.987430" lon="2.867260">
    <ele>336.2</ele>
  </wpt>
  <wpt lat="42.455080" lon="2.844570">
    <ele>318.6</ele>
    <name><![CDATA[Montées rudes]]></name>
    <type><![CDATA[danger]]></type>
  </wpt>
  <wpt lat="42.454350" lon="2.858050">
    <ele>326</ele>
    <name><![CDATA[ESPAGNE]]></name>
    <type><![CDATA[__]]></type>
  </wpt>
  <wpt lat="42.109070" lon="2.956260">
    <ele>67.5</ele>
    <name><![CDATA[Bois ornières]]></name>
    <type><![CDATA[danger]]></type>
  </wpt>
  <wpt lat="41.983180" lon="2.866170">
    <ele>346.3</ele>
    <name><![CDATA[Point de vue]]></name>
    <type><![CDATA[star]]></type>
  </wpt>
  <wpt lat="41.984280" lon="2.864660">
    <ele>327.2</ele>
    <name><![CDATA[Fort pourcentage]]></name>
    <type><![CDATA[danger]]></type>
  </wpt>
  <wpt lat="41.985850" lon="2.824950">
    <ele>68.4</ele>
    <name><![CDATA[Eau]]></name>
    <type><![CDATA[drink]]></type>
  </wpt>
  <wpt lat="41.986010" lon="2.823400">
    <ele>68</ele>
    <name><![CDATA[Eau]]></name>
    <type><![CDATA[drink]]></type>
  </wpt>
  <wpt lat="42.264330" lon="3.151060">
    <ele>1</ele>
    <name><![CDATA[Siklistam]]></name>
    <desc><![CDATA[Par un ancien 727ter]]></desc>
    <type><![CDATA[velo]]></type>
  </wpt>
  <wpt lat="42.859240" lon="2.943590">
    <ele>85.7</ele>
    <name><![CDATA[Descente rugueuse, prudence]]></name>
    <type><![CDATA[danger]]></type>
  </wpt>
  <wpt lat="42.791260" lon="2.905850">
    <ele>17</ele>
    <name><![CDATA[Traveaux lors de la reco]]></name>
    <type><![CDATA[danger]]></type>
  </wpt>
  <wpt lat="42.772400" lon="2.841880">
    <ele>30.3</ele>
    <name><![CDATA[Eau]]></name>
    <type><![CDATA[drink]]></type>
  </wpt>
  <wpt lat="43.330630" lon="3.199480">
    <ele>24.1</ele>
    <name><![CDATA[Les 7 écluses]]></name>
    <type><![CDATA[star]]></type>
  </wpt>
  <wpt lat="43.460980" lon="3.422890">
    <ele>21.9</ele>
    <name><![CDATA[Pézenas]]></name>
    <type><![CDATA[star]]></type>
  </wpt>
  <wpt lat="43.280840" lon="3.129440">
    <ele>70</ele>
    <name><![CDATA[Moulin]]></name>
    <type><![CDATA[star]]></type>
  </wpt>
  <wpt lat="43.184780" lon="3.003800">
    <ele>12.1</ele>
    <name><![CDATA[Cathédrale]]></name>
    <type><![CDATA[star]]></type>
  </wpt>
  <wpt lat="42.458550" lon="2.859280">
    <ele>424</ele>
    <name><![CDATA[Fort de Bellegarde]]></name>
    <type><![CDATA[star]]></type>
  </wpt>
  <wpt lat="42.115120" lon="3.143630">
    <ele>3.5</ele>
    <name><![CDATA[L'Escala]]></name>
    <type><![CDATA[star]]></type>
  </wpt>
  <wpt lat="41.984520" lon="2.824430">
    <ele>66.9</ele>
    <name><![CDATA[Girona]]></name>
    <type><![CDATA[star]]></type>
  </wpt>
  <wpt lat="42.259910" lon="3.177820">
    <ele>1</ele>
    <name><![CDATA[Roses]]></name>
    <type><![CDATA[star]]></type>
  </wpt>
  <wpt lat="42.236510" lon="3.218290">
    <ele>56</ele>
    <name><![CDATA[Parc sublime]]></name>
    <type><![CDATA[star]]></type>
  </wpt>
  <wpt lat="42.287250" lon="3.276270">
    <ele>1.6</ele>
    <name><![CDATA[Casaqués]]></name>
    <type><![CDATA[star]]></type>
  </wpt>
  <wpt lat="43.059030" lon="3.001630">
    <ele>6.5</ele>
    <name><![CDATA[Golfe antique]]></name>
    <type><![CDATA[star]]></type>
  </wpt>
  <wpt lat="42.954660" lon="3.036000">
    <ele>1</ele>
    <name><![CDATA[Plage immense]]></name>
    <type><![CDATA[star]]></type>
  </wpt>
  <wpt lat="43.047470" lon="3.055740">
    <ele>1.6</ele>
    <name><![CDATA[La roubine]]></name>
    <type><![CDATA[star]]></type>
  </wpt>
  <wpt lat="42.916210" lon="3.058560">
    <ele>39.1</ele>
    <name><![CDATA[Falaises]]></name>
    <type><![CDATA[star]]></type>
  </wpt>
  <wpt lat="42.377820" lon="3.069600">
    <ele>194</ele>
    <name><![CDATA[Eau]]></name>
    <type><![CDATA[drink]]></type>
  </wpt>
  <wpt lat="42.391050" lon="2.999950">
    <ele>111.3</ele>
    <name><![CDATA[Eau]]></name>
    <type><![CDATA[drink]]></type>
  </wpt>
  <wpt lat="42.391620" lon="3.000940">
    <ele>119.9</ele>
    <name><![CDATA[Eau]]></name>
    <type><![CDATA[drink]]></type>
  </wpt>
  <wpt lat="42.490110" lon="3.129730">
    <ele>8.6</ele>
    <name><![CDATA[Montée rude, mais très beau]]></name>
    <type><![CDATA[danger]]></type>
  </wpt>
  <wpt lat="42.527140" lon="3.082950">
    <ele>9.3</ele>
    <name><![CDATA[Gâteaux fous]]></name>
    <type><![CDATA[boulangerie]]></type>
  </wpt>
  <wpt lat="42.527550" lon="3.083800">
    <ele>8.6</ele>
    <name><![CDATA[Glaces top]]></name>
    <type><![CDATA[restaurant]]></type>
  </wpt>
  <wpt lat="42.535160" lon="3.059730">
    <ele>28.1</ele>
    <name><![CDATA[Escaliers]]></name>
    <type><![CDATA[danger]]></type>
  </wpt>
  <wpt lat="42.503050" lon="3.123230">
    <ele>6.9</ele>
    <name><![CDATA[Débur marche]]></name>
    <type><![CDATA[danger]]></type>
  </wpt>
  <wpt lat="42.506940" lon="3.123730">
    <ele>22.7</ele>
    <name><![CDATA[Fin marche]]></name>
    <type><![CDATA[danger]]></type>
  </wpt>
  <wpt lat="42.526710" lon="3.085320">
    <ele>1.1</ele>
    <name><![CDATA[Colioure]]></name>
    <type><![CDATA[star]]></type>
  </wpt>
  <wpt lat="42.687550" lon="2.982420">
    <ele>19.9</ele>
    <name><![CDATA[Banc géant]]></name>
    <type><![CDATA[star]]></type>
  </wpt>
  <trk>
    <trkseg>
      <trkpt lat="42.450040" lon="3.054030">
        <ele>368.2</ele>
        <time>2026-09-02T05:20:05Z</time>
      </trkpt>
      <trkpt lat="42.450150" lon="3.054240">
        <ele>354.5</ele>
        <time>2026-09-02T05:20:01Z</time>
      </trkpt>
      <trkpt lat="42.450330" lon="3.054230">
        <ele>369.2</ele>
        <time>2026-09-02T05:19:57Z</time>
      </trkpt>
      <trkpt lat="42.450750" lon="3.054350">
        <ele>372.2</ele>
        <time>2026-09-02T05:19:49Z</time>
      </trkpt>
      <trkpt lat="42.450940" lon="3.054450">
        <ele>372.4</ele>
        <time>2026-09-02T05:19:45Z</time>
      </trkpt>
      <trkpt lat="42.451110" lon="3.054420">
        <ele>372.8</ele>
        <time>2026-09-02T05:19:41Z</time>
      </trkpt>
      <trkpt lat="42.452070" lon="3.053950">
        <ele>374.2</ele>
        <time>2026-09-02T05:19:17Z</time>
      </trkpt>
      <trkpt lat="42.452250" lon="3.053950">
        <ele>374.2</ele>
        <time>2026-09-02T05:19:13Z</time>
      </trkpt>
      <trkpt lat="42.452720" lon="3.054560">
        <ele>375.2</ele>
        <time>2026-09-02T05:18:59Z</time>
      </trkpt>
      <trkpt lat="42.452810" lon="3.054570">
        <ele>375.2</ele>
        <time>2026-09-02T05:18:57Z</time>
      </trkpt>
      <trkpt lat="42.453700" lon="3.053760">
        <ele>377.2</ele>
        <time>2026-09-02T05:18:33Z</time>
      </trkpt>
      <trkpt lat="42.453860" lon="3.053740">
        <ele>377.2</ele>
        <time>2026-09-02T05:18:29Z</time>
      </trkpt>
      <trkpt lat="42.454150" lon="3.054030">
        <ele>378.4</ele>
        <time>2026-09-02T05:18:21Z</time>
      </trkpt>
      <trkpt lat="42.454230" lon="3.054060">
        <ele>378.6</ele>
        <time>2026-09-02T05:18:19Z</time>
      </trkpt>
      <trkpt lat="42.454400" lon="3.053990">
        <ele>378.6</ele>
        <time>2026-09-02T05:18:15Z</time>
      </trkpt>
      <trkpt lat="42.454600" lon="3.053790">
        <ele>378.8</ele>
        <time>2026-09-02T05:18:09Z</time>
      </trkpt>
      <trkpt lat="42.454880" lon="3.053850">
        <ele>378.4</ele>
        <time>2026-09-02T05:18:01Z</time>
      </trkpt>
      <trkpt lat="42.455000" lon="3.053920">
        <ele>378.2</ele>
        <time>2026-09-02T05:17:57Z</time>
      </trkpt>
      <trkpt lat="42.455200" lon="3.054190">
        <ele>378.8</ele>
        <time>2026-09-02T05:17:49Z</time>
      </trkpt>
      <trkpt lat="42.455340" lon="3.054140">
        <ele>378.8</ele>
        <time>2026-09-02T05:17:45Z</time>
      </trkpt>
      <trkpt lat="42.456030" lon="3.053410">
        <ele>378.8</ele>
        <time>2026-09-02T05:17:21Z</time>
      </trkpt>
      <trkpt lat="42.456280" lon="3.053460">
        <ele>377.8</ele>
        <time>2026-09-02T05:17:13Z</time>
      </trkpt>
      <trkpt lat="42.456560" lon="3.053360">
        <ele>377.2</ele>
        <time>2026-09-02T05:17:05Z</time>
      </trkpt>
      <trkpt lat="42.456840" lon="3.053170">
        <ele>377</ele>
        <time>2026-09-02T05:16:57Z</time>
      </trkpt>
      <trkpt lat="42.456990" lon="3.053150">
        <ele>377</ele>
        <time>2026-09-02T05:16:53Z</time>
      </trkpt>
      <trkpt lat="42.457030" lon="3.053210">
        <ele>377</ele>
        <time>2026-09-02T05:16:51Z</time>
      </trkpt>
      <trkpt lat="42.456890" lon="3.053970">
        <ele>376.8</ele>
        <time>2026-09-02T05:16:35Z</time>
      </trkpt>
      <trkpt lat="42.456840" lon="3.054770">
        <ele>376.4</ele>
        <time>2026-09-02T05:16:19Z</time>
      </trkpt>
      <trkpt lat="42.456890" lon="3.056690">
        <ele>374.4</ele>
        <time>2026-09-02T05:15:39Z</time>
      </trkpt>
      <trkpt lat="42.457030" lon="3.057020">
        <ele>374.2</ele>
        <time>2026-09-02T05:15:31Z</time>
      </trkpt>
      <trkpt lat="42.457140" lon="3.057130">
        <ele>374</ele>
        <time>2026-09-02T05:15:27Z</time>
      </trkpt>
      <trkpt lat="42.457420" lon="3.057220">
        <ele>373.6</ele>
        <time>2026-09-02T05:15:19Z</time>
      </trkpt>
      <trkpt lat="42.457710" lon="3.057160">
        <ele>373.8</ele>
        <time>2026-09-02T05:15:11Z</time>
      </trkpt>
      <trkpt lat="42.457980" lon="3.057000">
        <ele>373.4</ele>
        <time>2026-09-02T05:15:03Z</time>
      </trkpt>
      <trkpt lat="42.458220" lon="3.056790">
        <ele>373.2</ele>
        <time>2026-09-02T05:14:55Z</time>
      </trkpt>
      <trkpt lat="42.458760" lon="3.056550">
        <ele>372.8</ele>
        <time>2026-09-02T05:14:39Z</time>
      </trkpt>
      <trkpt lat="42.459330" lon="3.056460">
        <ele>372.8</ele>
        <time>2026-09-02T05:14:23Z</time>
      </trkpt>
      <trkpt lat="42.459470" lon="3.056520">
        <ele>372.8</ele>
        <time>2026-09-02T05:14:19Z</time>
      </trkpt>
      <trkpt lat="42.459730" lon="3.057490">
        <ele>371</ele>
        <time>2026-09-02T05:13:55Z</time>
      </trkpt>
      <trkpt lat="42.459870" lon="3.057770">
        <ele>370.2</ele>
        <time>2026-09-02T05:13:47Z</time>
      </trkpt>
      <trkpt lat="42.460050" lon="3.057980">
        <ele>369.4</ele>
        <time>2026-09-02T05:13:39Z</time>
      </trkpt>
      <trkpt lat="42.460170" lon="3.058280">
        <ele>369</ele>
        <time>2026-09-02T05:13:31Z</time>
      </trkpt>
      <trkpt lat="42.460170" lon="3.058980">
        <ele>367.8</ele>
        <time>2026-09-02T05:13:15Z</time>
      </trkpt>
      <trkpt lat="42.460250" lon="3.059680">
        <ele>367.2</ele>
        <time>2026-09-02T05:12:59Z</time>
      </trkpt>
      <trkpt lat="42.460400" lon="3.060310">
        <ele>366.6</ele>
        <time>2026-09-02T05:12:43Z</time>
      </trkpt>
      <trkpt lat="42.460560" lon="3.060730">
        <ele>364.8</ele>
        <time>2026-09-02T05:11:59Z</time>
      </trkpt>
      <trkpt lat="42.460730" lon="3.060920">
        <ele>363.8</ele>
        <time>2026-09-02T05:11:51Z</time>
      </trkpt>
      <trkpt lat="42.460830" lon="3.060880">
        <ele>363.4</ele>
        <time>2026-09-02T05:11:47Z</time>
      </trkpt>
      <trkpt lat="42.461290" lon="3.059810">
        <ele>360.2</ele>
        <time>2026-09-02T05:11:15Z</time>
      </trkpt>
      <trkpt lat="42.461670" lon="3.058730">
        <ele>357</ele>
        <time>2026-09-02T05:10:11Z</time>
      </trkpt>
      <trkpt lat="42.462220" lon="3.058030">
        <ele>353.2</ele>
        <time>2026-09-02T05:09:43Z</time>
      </trkpt>
      <trkpt lat="42.462330" lon="3.058030">
        <ele>352.8</ele>
        <time>2026-09-02T05:09:39Z</time>
      </trkpt>
      <trkpt lat="42.462540" lon="3.058200">
        <ele>352.2</ele>
        <time>2026-09-02T05:09:31Z</time>
      </trkpt>
      <trkpt lat="42.462760" lon="3.058290">
        <ele>351.2</ele>
        <time>2026-09-02T05:09:23Z</time>
      </trkpt>
      <trkpt lat="42.462880" lon="3.058280">
        <ele>350.6</ele>
        <time>2026-09-02T05:09:19Z</time>
      </trkpt>
      <trkpt lat="42.463310" lon="3.057970">
        <ele>349.2</ele>
        <time>2026-09-02T05:09:03Z</time>
      </trkpt>
      <trkpt lat="42.463440" lon="3.057690">
        <ele>348.2</ele>
        <time>2026-09-02T05:08:55Z</time>
      </trkpt>
      <trkpt lat="42.463500" lon="3.057400">
        <ele>347.2</ele>
        <time>2026-09-02T05:08:47Z</time>
      </trkpt>
      <trkpt lat="42.463260" lon="3.056820">
        <ele>346.2</ele>
        <time>2026-09-02T05:08:31Z</time>
      </trkpt>
      <trkpt lat="42.463210" lon="3.056470">
        <ele>345.4</ele>
        <time>2026-09-02T05:08:23Z</time>
      </trkpt>
      <trkpt lat="42.463260" lon="3.055990">
        <ele>344.2</ele>
        <time>2026-09-02T05:08:11Z</time>
      </trkpt>
      <trkpt lat="42.463310" lon="3.055940">
        <ele>344.2</ele>
        <time>2026-09-02T05:08:09Z</time>
      </trkpt>
      <trkpt lat="42.463370" lon="3.055950">
        <ele>344.6</ele>
        <time>2026-09-02T05:08:07Z</time>
      </trkpt>
      <trkpt lat="42.463580" lon="3.056320">
        <ele>345.4</ele>
        <time>2026-09-02T05:07:59Z</time>
      </trkpt>
      <trkpt lat="42.464370" lon="3.056780">
        <ele>345.8</ele>
        <time>2026-09-02T05:07:35Z</time>
      </trkpt>
      <trkpt lat="42.464750" lon="3.057100">
        <ele>345.8</ele>
        <time>2026-09-02T05:07:23Z</time>
      </trkpt>
      <trkpt lat="42.464970" lon="3.057200">
        <ele>345.8</ele>
        <time>2026-09-02T05:07:15Z</time>
      </trkpt>
      <trkpt lat="42.465020" lon="3.057340">
        <ele>345.8</ele>
        <time>2026-09-02T05:07:11Z</time>
      </trkpt>
      <trkpt lat="42.464960" lon="3.057980">
        <ele>344.2</ele>
        <time>2026-09-02T05:06:55Z</time>
      </trkpt>
      <trkpt lat="42.465120" lon="3.058570">
        <ele>343</ele>
        <time>2026-09-02T05:06:39Z</time>
      </trkpt>
      <trkpt lat="42.465300" lon="3.059780">
        <ele>340</ele>
        <time>2026-09-02T05:06:07Z</time>
      </trkpt>
      <trkpt lat="42.465190" lon="3.060360">
        <ele>338.4</ele>
        <time>2026-09-02T05:05:51Z</time>
      </trkpt>
      <trkpt lat="42.465240" lon="3.060990">
        <ele>337.8</ele>
        <time>2026-09-02T05:05:39Z</time>
      </trkpt>
      <trkpt lat="42.465440" lon="3.061370">
        <ele>339</ele>
        <time>2026-09-02T05:05:33Z</time>
      </trkpt>
      <trkpt lat="42.465560" lon="3.061430">
        <ele>339.8</ele>
        <time>2026-09-02T05:05:31Z</time>
      </trkpt>
      <trkpt lat="42.465690" lon="3.061420">
        <ele>340.6</ele>
        <time>2026-09-02T05:05:29Z</time>
      </trkpt>
      <trkpt lat="42.465800" lon="3.061330">
        <ele>341</ele>
        <time>2026-09-02T05:05:27Z</time>
      </trkpt>
      <trkpt lat="42.466610" lon="3.059720">
        <ele>349.2</ele>
        <time>2026-09-02T05:05:07Z</time>
      </trkpt>
      <trkpt lat="42.467090" lon="3.059410">
        <ele>353.2</ele>
        <time>2026-09-02T05:04:59Z</time>
      </trkpt>
      <trkpt lat="42.467260" lon="3.059150">
        <ele>354.6</ele>
        <time>2026-09-02T05:04:55Z</time>
      </trkpt>
      <trkpt lat="42.467600" lon="3.058200">
        <ele>359.6</ele>
        <time>2026-09-02T05:04:43Z</time>
      </trkpt>
      <trkpt lat="42.467870" lon="3.057650">
        <ele>362.6</ele>
        <time>2026-09-02T05:04:35Z</time>
      </trkpt>
      <trkpt lat="42.467970" lon="3.057340">
        <ele>363.8</ele>
        <time>2026-09-02T05:04:31Z</time>
      </trkpt>
      <trkpt lat="42.468080" lon="3.057260">
        <ele>364.6</ele>
        <time>2026-09-02T05:04:29Z</time>
      </trkpt>
      <trkpt lat="42.468330" lon="3.057240">
        <ele>365.8</ele>
        <time>2026-09-02T05:04:25Z</time>
      </trkpt>
      <trkpt lat="42.468570" lon="3.057120">
        <ele>367.2</ele>
        <time>2026-09-02T05:04:21Z</time>
      </trkpt>
      <trkpt lat="42.468710" lon="3.056940">
        <ele>368.6</ele>
        <time>2026-09-02T05:04:17Z</time>
      </trkpt>
      <trkpt lat="42.469010" lon="3.056250">
        <ele>370.6</ele>
        <time>2026-09-02T05:04:05Z</time>
      </trkpt>
      <trkpt lat="42.468940" lon="3.055810">
        <ele>370.8</ele>
        <time>2026-09-02T05:03:57Z</time>
      </trkpt>
      <trkpt lat="42.468970" lon="3.055600">
        <ele>370.6</ele>
        <time>2026-09-02T05:03:53Z</time>
      </trkpt>
      <trkpt lat="42.469050" lon="3.055430">
        <ele>370.2</ele>
        <time>2026-09-02T05:03:49Z</time>
      </trkpt>
      <trkpt lat="42.469220" lon="3.055320">
        <ele>369.8</ele>
        <time>2026-09-02T05:03:43Z</time>
      </trkpt>
      <trkpt lat="42.469430" lon="3.055630">
        <ele>369.8</ele>
        <time>2026-09-02T05:03:35Z</time>
      </trkpt>
      <trkpt lat="42.469690" lon="3.055870">
        <ele>369.8</ele>
        <time>2026-09-02T05:03:27Z</time>
      </trkpt>
      <trkpt lat="42.470130" lon="3.056490">
        <ele>370.6</ele>
        <time>2026-09-02T05:03:11Z</time>
      </trkpt>
      <trkpt lat="42.470380" lon="3.056740">
        <ele>370.6</ele>
        <time>2026-09-02T05:03:03Z</time>
      </trkpt>
      <trkpt lat="42.470540" lon="3.056730">
        <ele>370.6</ele>
        <time>2026-09-02T05:02:59Z</time>
      </trkpt>
      <trkpt lat="42.470810" lon="3.056610">
        <ele>370.2</ele>
        <time>2026-09-02T05:02:51Z</time>
      </trkpt>
      <trkpt lat="42.470940" lon="3.056600">
        <ele>369.8</ele>
        <time>2026-09-02T05:02:47Z</time>
      </trkpt>
      <trkpt lat="42.471040" lon="3.056710">
        <ele>370.2</ele>
        <time>2026-09-02T05:02:43Z</time>
      </trkpt>
      <trkpt lat="42.471020" lon="3.057110">
        <ele>370.2</ele>
        <time>2026-09-02T05:02:35Z</time>
      </trkpt>
      <trkpt lat="42.471130" lon="3.057750">
        <ele>371</ele>
        <time>2026-09-02T05:02:23Z</time>
      </trkpt>
      <trkpt lat="42.471010" lon="3.058100">
        <ele>371.2</ele>
        <time>2026-09-02T05:02:15Z</time>
      </trkpt>
      <trkpt lat="42.470940" lon="3.058460">
        <ele>371</ele>
        <time>2026-09-02T05:02:07Z</time>
      </trkpt>
      <trkpt lat="42.470930" lon="3.059140">
        <ele>369.6</ele>
        <time>2026-09-02T05:01:51Z</time>
      </trkpt>
      <trkpt lat="42.470650" lon="3.060150">
        <ele>367.2</ele>
        <time>2026-09-02T05:01:27Z</time>
      </trkpt>
      <trkpt lat="42.470640" lon="3.060350">
        <ele>367.4</ele>
        <time>2026-09-02T05:01:23Z</time>
      </trkpt>
      <trkpt lat="42.470720" lon="3.060530">
        <ele>367.8</ele>
        <time>2026-09-02T05:01:19Z</time>
      </trkpt>
      <trkpt lat="42.471400" lon="3.060850">
        <ele>370.2</ele>
        <time>2026-09-02T05:01:03Z</time>
      </trkpt>
      <trkpt lat="42.471570" lon="3.060880">
        <ele>370.2</ele>
        <time>2026-09-02T05:00:59Z</time>
      </trkpt>
      <trkpt lat="42.472140" lon="3.060750">
        <ele>370.8</ele>
        <time>2026-09-02T05:00:43Z</time>
      </trkpt>
      <trkpt lat="42.472530" lon="3.060600">
        <ele>371.6</ele>
        <time>2026-09-02T05:00:01Z</time>
      </trkpt>
      <trkpt lat="42.472880" lon="3.060370">
        <ele>372.2</ele>
        <time>2026-09-02T04:59:45Z</time>
      </trkpt>
      <trkpt lat="42.473020" lon="3.060190">
        <ele>372.6</ele>
        <time>2026-09-02T04:59:37Z</time>
      </trkpt>
      <trkpt lat="42.473420" lon="3.059890">
        <ele>373.4</ele>
        <time>2026-09-02T04:59:25Z</time>
      </trkpt>
      <trkpt lat="42.473700" lon="3.059800">
        <ele>373.8</ele>
        <time>2026-09-02T04:59:17Z</time>
      </trkpt>
      <trkpt lat="42.473820" lon="3.059870">
        <ele>373.8</ele>
        <time>2026-09-02T04:59:13Z</time>
      </trkpt>
      <trkpt lat="42.473880" lon="3.060370">
        <ele>372.8</ele>
        <time>2026-09-02T04:58:57Z</time>
      </trkpt>
      <trkpt lat="42.474010" lon="3.060710">
        <ele>373.2</ele>
        <time>2026-09-02T04:58:19Z</time>
      </trkpt>
      <trkpt lat="42.474490" lon="3.060910">
        <ele>376.8</ele>
        <time>2026-09-02T04:57:59Z</time>
      </trkpt>
      <trkpt lat="42.474860" lon="3.060830">
        <ele>381.8</ele>
        <time>2026-09-02T04:57:51Z</time>
      </trkpt>
      <trkpt lat="42.475260" lon="3.060800">
        <ele>384.2</ele>
        <time>2026-09-02T04:57:43Z</time>
      </trkpt>
      <trkpt lat="42.475380" lon="3.060860">
        <ele>385.2</ele>
        <time>2026-09-02T04:57:39Z</time>
      </trkpt>
      <trkpt lat="42.475450" lon="3.061020">
        <ele>385.4</ele>
        <time>2026-09-02T04:57:35Z</time>
      </trkpt>
      <trkpt lat="42.475420" lon="3.061180">
        <ele>385.6</ele>
        <time>2026-09-02T04:57:31Z</time>
      </trkpt>
      <trkpt lat="42.475180" lon="3.061430">
        <ele>383.8</ele>
        <time>2026-09-02T04:57:15Z</time>
      </trkpt>
      <trkpt lat="42.475050" lon="3.061810">
        <ele>382.2</ele>
        <time>2026-09-02T04:56:59Z</time>
      </trkpt>
      <trkpt lat="42.474980" lon="3.062210">
        <ele>380.2</ele>
        <time>2026-09-02T04:56:43Z</time>
      </trkpt>
      <trkpt lat="42.474750" lon="3.063020">
        <ele>375.6</ele>
        <time>2026-09-02T04:56:11Z</time>
      </trkpt>
      <trkpt lat="42.474760" lon="3.063240">
        <ele>374.8</ele>
        <time>2026-09-02T04:56:03Z</time>
      </trkpt>
      <trkpt lat="42.475090" lon="3.063740">
        <ele>375.8</ele>
        <time>2026-09-02T04:55:47Z</time>
      </trkpt>
      <trkpt lat="42.475550" lon="3.064200">
        <ele>376.6</ele>
        <time>2026-09-02T04:55:27Z</time>
      </trkpt>
      <trkpt lat="42.475630" lon="3.064530">
        <ele>376.6</ele>
        <time>2026-09-02T04:47:46Z</time>
      </trkpt>
      <trkpt lat="42.475640" lon="3.064610">
        <ele>364.6</ele>
        <time>2026-09-01T18:34:45Z</time>
      </trkpt>
      <trkpt lat="42.475260" lon="3.064890">
        <ele>368.2</ele>
        <time>2026-09-01T18:34:29Z</time>
      </trkpt>
      <trkpt lat="42.475020" lon="3.065180">
        <ele>370.8</ele>
        <time>2026-09-01T18:34:21Z</time>
      </trkpt>
      <trkpt lat="42.474810" lon="3.065360">
        <ele>373.4</ele>
        <time>2026-09-01T18:34:13Z</time>
      </trkpt>
      <trkpt lat="42.474360" lon="3.065580">
        <ele>375.8</ele>
        <time>2026-09-01T18:34:05Z</time>
      </trkpt>
      <trkpt lat="42.474210" lon="3.065730">
        <ele>377.8</ele>
        <time>2026-09-01T18:34:01Z</time>
      </trkpt>
      <trkpt lat="42.474200" lon="3.065940">
        <ele>379.2</ele>
        <time>2026-09-01T18:33:57Z</time>
      </trkpt>
      <trkpt lat="42.474540" lon="3.067470">
        <ele>387.8</ele>
        <time>2026-09-01T18:33:33Z</time>
      </trkpt>
      <trkpt lat="42.475060" lon="3.067430">
        <ele>391.6</ele>
        <time>2026-09-01T18:33:21Z</time>
      </trkpt>
      <trkpt lat="42.475340" lon="3.067500">
        <ele>393.4</ele>
        <time>2026-09-01T18:32:04Z</time>
      </trkpt>
      <trkpt lat="42.475590" lon="3.067160">
        <ele>394.8</ele>
        <time>2026-09-01T18:31:56Z</time>
      </trkpt>
      <trkpt lat="42.475790" lon="3.067000">
        <ele>394.8</ele>
        <time>2026-09-01T18:31:52Z</time>
      </trkpt>
      <trkpt lat="42.476110" lon="3.066530">
        <ele>395.6</ele>
        <time>2026-09-01T18:31:44Z</time>
      </trkpt>
      <trkpt lat="42.476290" lon="3.066350">
        <ele>395.8</ele>
        <time>2026-09-01T18:31:40Z</time>
      </trkpt>
      <trkpt lat="42.476530" lon="3.066270">
        <ele>396.8</ele>
        <time>2026-09-01T18:31:36Z</time>
      </trkpt>
      <trkpt lat="42.476800" lon="3.066250">
        <ele>397.8</ele>
        <time>2026-09-01T18:31:32Z</time>
      </trkpt>
      <trkpt lat="42.477270" lon="3.065940">
        <ele>399.4</ele>
        <time>2026-09-01T18:31:24Z</time>
      </trkpt>
      <trkpt lat="42.477450" lon="3.065970">
        <ele>399.4</ele>
        <time>2026-09-01T18:31:20Z</time>
      </trkpt>
      <trkpt lat="42.478070" lon="3.066300">
        <ele>399.6</ele>
        <time>2026-09-01T18:31:08Z</time>
      </trkpt>
      <trkpt lat="42.478270" lon="3.066270">
        <ele>400.2</ele>
        <time>2026-09-01T18:31:04Z</time>
      </trkpt>
      <trkpt lat="42.478780" lon="3.066360">
        <ele>402</ele>
        <time>2026-09-01T18:30:56Z</time>
      </trkpt>
      <trkpt lat="42.479030" lon="3.066330">
        <ele>403</ele>
        <time>2026-09-01T18:30:52Z</time>
      </trkpt>
      <trkpt lat="42.479480" lon="3.066570">
        <ele>404.8</ele>
        <time>2026-09-01T18:30:44Z</time>
      </trkpt>
      <trkpt lat="42.479710" lon="3.066610">
        <ele>405.6</ele>
        <time>2026-09-01T18:30:40Z</time>
      </trkpt>
      <trkpt lat="42.480180" lon="3.066470">
        <ele>407.6</ele>
        <time>2026-09-01T18:30:32Z</time>
      </trkpt>
      <trkpt lat="42.481040" lon="3.066730">
        <ele>410</ele>
        <time>2026-09-01T18:30:16Z</time>
      </trkpt>
      <trkpt lat="42.481210" lon="3.066870">
        <ele>410.2</ele>
        <time>2026-09-01T18:30:12Z</time>
      </trkpt>
      <trkpt lat="42.481390" lon="3.067300">
        <ele>410.6</ele>
        <time>2026-09-01T18:30:04Z</time>
      </trkpt>
      <trkpt lat="42.481920" lon="3.067710">
        <ele>411.6</ele>
        <time>2026-09-01T18:29:52Z</time>
      </trkpt>
      <trkpt lat="42.482100" lon="3.067940">
        <ele>412.2</ele>
        <time>2026-09-01T18:29:48Z</time>
      </trkpt>
      <trkpt lat="42.482170" lon="3.068190">
        <ele>412.4</ele>
        <time>2026-09-01T18:29:44Z</time>
      </trkpt>
      <trkpt lat="42.482190" lon="3.068460">
        <ele>413.2</ele>
        <time>2026-09-01T18:29:40Z</time>
      </trkpt>
      <trkpt lat="42.482290" lon="3.068680">
        <ele>413.6</ele>
        <time>2026-09-01T18:29:36Z</time>
      </trkpt>
      <trkpt lat="42.482740" lon="3.069140">
        <ele>415.2</ele>
        <time>2026-09-01T18:29:24Z</time>
      </trkpt>
      <trkpt lat="42.483140" lon="3.069470">
        <ele>415.8</ele>
        <time>2026-09-01T18:29:08Z</time>
      </trkpt>
      <trkpt lat="42.483230" lon="3.069760">
        <ele>416.6</ele>
        <time>2026-09-01T18:29:00Z</time>
      </trkpt>
      <trkpt lat="42.483270" lon="3.070330">
        <ele>417.6</ele>
        <time>2026-09-01T18:28:52Z</time>
      </trkpt>
      <trkpt lat="42.483410" lon="3.070740">
        <ele>417.8</ele>
        <time>2026-09-01T18:28:44Z</time>
      </trkpt>
      <trkpt lat="42.483550" lon="3.072080">
        <ele>417.2</ele>
        <time>2026-09-01T18:28:20Z</time>
      </trkpt>
      <trkpt lat="42.483430" lon="3.072460">
        <ele>416.6</ele>
        <time>2026-09-01T18:28:12Z</time>
      </trkpt>
      <trkpt lat="42.482940" lon="3.073140">
        <ele>417.6</ele>
        <time>2026-09-01T18:27:56Z</time>
      </trkpt>
      <trkpt lat="42.482860" lon="3.073510">
        <ele>417.2</ele>
        <time>2026-09-01T18:27:48Z</time>
      </trkpt>
      <trkpt lat="42.482830" lon="3.073900">
        <ele>416.8</ele>
        <time>2026-09-01T18:27:40Z</time>
      </trkpt>
      <trkpt lat="42.482690" lon="3.074230">
        <ele>416.4</ele>
        <time>2026-09-01T18:27:32Z</time>
      </trkpt>
      <trkpt lat="42.482520" lon="3.074500">
        <ele>416</ele>
        <time>2026-09-01T18:27:24Z</time>
      </trkpt>
      <trkpt lat="42.482430" lon="3.074770">
        <ele>414.8</ele>
        <time>2026-09-01T18:27:16Z</time>
      </trkpt>
      <trkpt lat="42.482500" lon="3.074850">
        <ele>414.2</ele>
        <time>2026-09-01T18:27:12Z</time>
      </trkpt>
      <trkpt lat="42.482840" lon="3.074710">
        <ele>413</ele>
        <time>2026-09-01T18:27:00Z</time>
      </trkpt>
      <trkpt lat="42.483300" lon="3.074350">
        <ele>411.6</ele>
        <time>2026-09-01T18:26:44Z</time>
      </trkpt>
      <trkpt lat="42.483930" lon="3.074190">
        <ele>409.8</ele>
        <time>2026-09-01T18:26:24Z</time>
      </trkpt>
      <trkpt lat="42.484140" lon="3.074030">
        <ele>409.2</ele>
        <time>2026-09-01T18:26:16Z</time>
      </trkpt>
      <trkpt lat="42.484270" lon="3.074010">
        <ele>409.2</ele>
        <time>2026-09-01T18:26:12Z</time>
      </trkpt>
      <trkpt lat="42.484390" lon="3.074050">
        <ele>409</ele>
        <time>2026-09-01T18:26:08Z</time>
      </trkpt>
      <trkpt lat="42.484590" lon="3.074260">
        <ele>409</ele>
        <time>2026-09-01T18:25:29Z</time>
      </trkpt>
      <trkpt lat="42.484960" lon="3.074500">
        <ele>409.8</ele>
        <time>2026-09-01T18:25:13Z</time>
      </trkpt>
      <trkpt lat="42.485370" lon="3.074500">
        <ele>410.2</ele>
        <time>2026-09-01T18:25:05Z</time>
      </trkpt>
      <trkpt lat="42.485580" lon="3.074610">
        <ele>411.6</ele>
        <time>2026-09-01T18:25:01Z</time>
      </trkpt>
      <trkpt lat="42.485840" lon="3.075080">
        <ele>412.8</ele>
        <time>2026-09-01T18:24:53Z</time>
      </trkpt>
      <trkpt lat="42.486090" lon="3.075370">
        <ele>413.6</ele>
        <time>2026-09-01T18:24:45Z</time>
      </trkpt>
      <trkpt lat="42.486190" lon="3.075550">
        <ele>413.6</ele>
        <time>2026-09-01T18:24:41Z</time>
      </trkpt>
      <trkpt lat="42.486100" lon="3.076350">
        <ele>410.4</ele>
        <time>2026-09-01T18:24:13Z</time>
      </trkpt>
      <trkpt lat="42.486250" lon="3.076710">
        <ele>407.6</ele>
        <time>2026-09-01T18:23:57Z</time>
      </trkpt>
      <trkpt lat="42.486270" lon="3.076910">
        <ele>406.4</ele>
        <time>2026-09-01T18:23:49Z</time>
      </trkpt>
      <trkpt lat="42.486100" lon="3.077290">
        <ele>404.2</ele>
        <time>2026-09-01T18:23:33Z</time>
      </trkpt>
      <trkpt lat="42.485790" lon="3.077540">
        <ele>402</ele>
        <time>2026-09-01T18:23:17Z</time>
      </trkpt>
      <trkpt lat="42.485670" lon="3.077720">
        <ele>400.6</ele>
        <time>2026-09-01T18:23:09Z</time>
      </trkpt>
      <trkpt lat="42.485470" lon="3.078360">
        <ele>399.8</ele>
        <time>2026-09-01T18:22:53Z</time>
      </trkpt>
      <trkpt lat="42.485500" lon="3.078530">
        <ele>399.6</ele>
        <time>2026-09-01T18:22:49Z</time>
      </trkpt>
      <trkpt lat="42.485670" lon="3.078760">
        <ele>398.6</ele>
        <time>2026-09-01T18:22:41Z</time>
      </trkpt>
      <trkpt lat="42.485890" lon="3.078940">
        <ele>397.2</ele>
        <time>2026-09-01T18:22:33Z</time>
      </trkpt>
      <trkpt lat="42.486050" lon="3.079220">
        <ele>396.4</ele>
        <time>2026-09-01T18:22:25Z</time>
      </trkpt>
      <trkpt lat="42.486110" lon="3.079610">
        <ele>396</ele>
        <time>2026-09-01T18:22:17Z</time>
      </trkpt>
      <trkpt lat="42.486050" lon="3.079790">
        <ele>396.2</ele>
        <time>2026-09-01T18:22:13Z</time>
      </trkpt>
      <trkpt lat="42.485940" lon="3.079930">
        <ele>396</ele>
        <time>2026-09-01T18:22:09Z</time>
      </trkpt>
      <trkpt lat="42.485660" lon="3.080580">
        <ele>394.8</ele>
        <time>2026-09-01T18:21:53Z</time>
      </trkpt>
      <trkpt lat="42.485700" lon="3.080930">
        <ele>394.2</ele>
        <time>2026-09-01T18:21:45Z</time>
      </trkpt>
      <trkpt lat="42.485800" lon="3.081260">
        <ele>394</ele>
        <time>2026-09-01T18:21:37Z</time>
      </trkpt>
      <trkpt lat="42.485810" lon="3.081440">
        <ele>393.6</ele>
        <time>2026-09-01T18:21:33Z</time>
      </trkpt>
      <trkpt lat="42.485620" lon="3.081870">
        <ele>392.6</ele>
        <time>2026-09-01T18:21:21Z</time>
      </trkpt>
      <trkpt lat="42.485560" lon="3.082210">
        <ele>392.2</ele>
        <time>2026-09-01T18:21:13Z</time>
      </trkpt>
      <trkpt lat="42.485400" lon="3.082480">
        <ele>391.8</ele>
        <time>2026-09-01T18:21:05Z</time>
      </trkpt>
      <trkpt lat="42.485170" lon="3.082660">
        <ele>391.2</ele>
        <time>2026-09-01T18:20:57Z</time>
      </trkpt>
      <trkpt lat="42.484920" lon="3.082730">
        <ele>390.8</ele>
        <time>2026-09-01T18:20:49Z</time>
      </trkpt>
      <trkpt lat="42.484670" lon="3.082740">
        <ele>390.2</ele>
        <time>2026-09-01T18:20:41Z</time>
      </trkpt>
      <trkpt lat="42.484570" lon="3.082800">
        <ele>389.8</ele>
        <time>2026-09-01T18:20:37Z</time>
      </trkpt>
      <trkpt lat="42.484460" lon="3.083100">
        <ele>388.8</ele>
        <time>2026-09-01T18:20:29Z</time>
      </trkpt>
      <trkpt lat="42.484290" lon="3.083370">
        <ele>388.6</ele>
        <time>2026-09-01T18:20:21Z</time>
      </trkpt>
      <trkpt lat="42.483830" lon="3.083670">
        <ele>387.6</ele>
        <time>2026-09-01T18:20:05Z</time>
      </trkpt>
      <trkpt lat="42.483760" lon="3.083800">
        <ele>387.6</ele>
        <time>2026-09-01T18:20:01Z</time>
      </trkpt>
      <trkpt lat="42.483690" lon="3.084110">
        <ele>387.2</ele>
        <time>2026-09-01T18:19:53Z</time>
      </trkpt>
      <trkpt lat="42.483650" lon="3.084760">
        <ele>385.8</ele>
        <time>2026-09-01T18:19:37Z</time>
      </trkpt>
      <trkpt lat="42.483530" lon="3.085090">
        <ele>385.2</ele>
        <time>2026-09-01T18:18:16Z</time>
      </trkpt>
      <trkpt lat="42.483590" lon="3.085180">
        <ele>384.8</ele>
        <time>2026-09-01T18:18:08Z</time>
      </trkpt>
      <trkpt lat="42.483810" lon="3.085100">
        <ele>385.2</ele>
        <time>2026-09-01T18:18:00Z</time>
      </trkpt>
      <trkpt lat="42.483960" lon="3.085090">
        <ele>384.8</ele>
        <time>2026-09-01T18:17:56Z</time>
      </trkpt>
      <trkpt lat="42.484380" lon="3.085280">
        <ele>383.6</ele>
        <time>2026-09-01T18:17:44Z</time>
      </trkpt>
      <trkpt lat="42.484670" lon="3.085530">
        <ele>383.6</ele>
        <time>2026-09-01T18:17:36Z</time>
      </trkpt>
      <trkpt lat="42.484930" lon="3.085860">
        <ele>384.2</ele>
        <time>2026-09-01T18:17:28Z</time>
      </trkpt>
      <trkpt lat="42.485220" lon="3.086110">
        <ele>383.6</ele>
        <time>2026-09-01T18:17:20Z</time>
      </trkpt>
      <trkpt lat="42.485900" lon="3.086300">
        <ele>382.8</ele>
        <time>2026-09-01T18:17:04Z</time>
      </trkpt>
      <trkpt lat="42.486520" lon="3.086930">
        <ele>383.2</ele>
        <time>2026-09-01T18:16:48Z</time>
      </trkpt>
      <trkpt lat="42.486690" lon="3.086860">
        <ele>383.2</ele>
        <time>2026-09-01T18:16:44Z</time>
      </trkpt>
      <trkpt lat="42.486930" lon="3.086490">
        <ele>382.8</ele>
        <time>2026-09-01T18:16:36Z</time>
      </trkpt>
      <trkpt lat="42.487200" lon="3.086190">
        <ele>382.8</ele>
        <time>2026-09-01T18:16:28Z</time>
      </trkpt>
      <trkpt lat="42.487360" lon="3.086110">
        <ele>382.8</ele>
        <time>2026-09-01T18:16:24Z</time>
      </trkpt>
      <trkpt lat="42.487690" lon="3.086100">
        <ele>383.2</ele>
        <time>2026-09-01T18:16:16Z</time>
      </trkpt>
      <trkpt lat="42.487970" lon="3.086230">
        <ele>382.2</ele>
        <time>2026-09-01T18:16:08Z</time>
      </trkpt>
      <trkpt lat="42.488240" lon="3.086420">
        <ele>381.8</ele>
        <time>2026-09-01T18:16:00Z</time>
      </trkpt>
      <trkpt lat="42.488930" lon="3.087330">
        <ele>382.2</ele>
        <time>2026-09-01T18:15:36Z</time>
      </trkpt>
      <trkpt lat="42.489170" lon="3.087470">
        <ele>381.6</ele>
        <time>2026-09-01T18:15:28Z</time>
      </trkpt>
      <trkpt lat="42.490370" lon="3.087670">
        <ele>379.2</ele>
        <time>2026-09-01T18:11:17Z</time>
      </trkpt>
      <trkpt lat="42.490520" lon="3.087400">
        <ele>378.4</ele>
        <time>2026-09-01T18:11:01Z</time>
      </trkpt>
      <trkpt lat="42.490560" lon="3.087050">
        <ele>375.8</ele>
        <time>2026-09-01T18:10:45Z</time>
      </trkpt>
      <trkpt lat="42.490560" lon="3.086320">
        <ele>370.8</ele>
        <time>2026-09-01T18:10:13Z</time>
      </trkpt>
      <trkpt lat="42.490470" lon="3.085570">
        <ele>366.8</ele>
        <time>2026-09-01T18:09:41Z</time>
      </trkpt>
      <trkpt lat="42.490520" lon="3.085530">
        <ele>366.4</ele>
        <time>2026-09-01T18:09:37Z</time>
      </trkpt>
      <trkpt lat="42.490650" lon="3.086050">
        <ele>363.2</ele>
        <time>2026-09-01T18:09:13Z</time>
      </trkpt>
      <trkpt lat="42.491050" lon="3.087000">
        <ele>356</ele>
        <time>2026-09-01T18:08:25Z</time>
      </trkpt>
      <trkpt lat="42.491240" lon="3.088430">
        <ele>346.4</ele>
        <time>2026-09-01T18:07:21Z</time>
      </trkpt>
      <trkpt lat="42.491210" lon="3.088800">
        <ele>344.8</ele>
        <time>2026-09-01T18:07:05Z</time>
      </trkpt>
      <trkpt lat="42.491270" lon="3.088820">
        <ele>344.8</ele>
        <time>2026-09-01T18:07:01Z</time>
      </trkpt>
      <trkpt lat="42.491330" lon="3.088630">
        <ele>343.8</ele>
        <time>2026-09-01T18:06:53Z</time>
      </trkpt>
      <trkpt lat="42.491390" lon="3.087900">
        <ele>339.8</ele>
        <time>2026-09-01T18:06:21Z</time>
      </trkpt>
      <trkpt lat="42.491440" lon="3.087890">
        <ele>339.4</ele>
        <time>2026-09-01T18:06:17Z</time>
      </trkpt>
      <trkpt lat="42.491610" lon="3.088780">
        <ele>333.8</ele>
        <time>2026-09-01T18:05:37Z</time>
      </trkpt>
      <trkpt lat="42.491630" lon="3.090510">
        <ele>322.6</ele>
        <time>2026-09-01T18:04:17Z</time>
      </trkpt>
      <trkpt lat="42.491540" lon="3.090850">
        <ele>320.6</ele>
        <time>2026-09-01T18:04:01Z</time>
      </trkpt>
      <trkpt lat="42.491580" lon="3.090980">
        <ele>319.8</ele>
        <time>2026-09-01T18:02:52Z</time>
      </trkpt>
      <trkpt lat="42.491890" lon="3.090100">
        <ele>313.4</ele>
        <time>2026-09-01T18:02:04Z</time>
      </trkpt>
      <trkpt lat="42.492290" lon="3.088730">
        <ele>303.8</ele>
        <time>2026-09-01T18:01:00Z</time>
      </trkpt>
      <trkpt lat="42.492340" lon="3.088700">
        <ele>303.4</ele>
        <time>2026-09-01T18:00:56Z</time>
      </trkpt>
      <trkpt lat="42.492370" lon="3.088780">
        <ele>303.2</ele>
        <time>2026-09-01T18:00:52Z</time>
      </trkpt>
      <trkpt lat="42.492310" lon="3.089340">
        <ele>299.2</ele>
        <time>2026-09-01T18:00:28Z</time>
      </trkpt>
      <trkpt lat="42.492360" lon="3.090760">
        <ele>289.2</ele>
        <time>2026-09-01T17:59:24Z</time>
      </trkpt>
      <trkpt lat="42.492310" lon="3.091470">
        <ele>284</ele>
        <time>2026-09-01T17:58:52Z</time>
      </trkpt>
      <trkpt lat="42.492330" lon="3.092180">
        <ele>279.2</ele>
        <time>2026-09-01T17:58:20Z</time>
      </trkpt>
      <trkpt lat="42.492490" lon="3.092850">
        <ele>274.6</ele>
        <time>2026-09-01T17:57:48Z</time>
      </trkpt>
      <trkpt lat="42.492600" lon="3.093540">
        <ele>270.2</ele>
        <time>2026-09-01T17:57:16Z</time>
      </trkpt>
      <trkpt lat="42.492650" lon="3.093540">
        <ele>269.6</ele>
        <time>2026-09-01T17:57:12Z</time>
      </trkpt>
      <trkpt lat="42.492890" lon="3.092590">
        <ele>264.2</ele>
        <time>2026-09-01T17:56:36Z</time>
      </trkpt>
      <trkpt lat="42.492820" lon="3.091780">
        <ele>261.2</ele>
        <time>2026-09-01T17:56:12Z</time>
      </trkpt>
      <trkpt lat="42.493250" lon="3.090230">
        <ele>260.6</ele>
        <time>2026-09-01T17:55:32Z</time>
      </trkpt>
      <trkpt lat="42.493500" lon="3.089620">
        <ele>258.6</ele>
        <time>2026-09-01T17:55:08Z</time>
      </trkpt>
      <trkpt lat="42.493570" lon="3.088930">
        <ele>253.8</ele>
        <time>2026-09-01T17:54:36Z</time>
      </trkpt>
      <trkpt lat="42.493640" lon="3.088920">
        <ele>253.4</ele>
        <time>2026-09-01T17:53:47Z</time>
      </trkpt>
      <trkpt lat="42.493700" lon="3.089290">
        <ele>249.4</ele>
        <time>2026-09-01T17:53:23Z</time>
      </trkpt>
      <trkpt lat="42.493940" lon="3.089880">
        <ele>245.4</ele>
        <time>2026-09-01T17:52:51Z</time>
      </trkpt>
      <trkpt lat="42.494090" lon="3.090390">
        <ele>238.8</ele>
        <time>2026-09-01T17:52:19Z</time>
      </trkpt>
      <trkpt lat="42.494190" lon="3.090440">
        <ele>237.4</ele>
        <time>2026-09-01T17:52:11Z</time>
      </trkpt>
      <trkpt lat="42.494240" lon="3.090390">
        <ele>236.8</ele>
        <time>2026-09-01T17:52:07Z</time>
      </trkpt>
      <trkpt lat="42.494230" lon="3.089970">
        <ele>235.2</ele>
        <time>2026-09-01T17:51:51Z</time>
      </trkpt>
      <trkpt lat="42.494170" lon="3.089650">
        <ele>233</ele>
        <time>2026-09-01T17:51:35Z</time>
      </trkpt>
      <trkpt lat="42.494490" lon="3.090190">
        <ele>227.4</ele>
        <time>2026-09-01T17:51:03Z</time>
      </trkpt>
      <trkpt lat="42.494860" lon="3.090710">
        <ele>221.6</ele>
        <time>2026-09-01T17:50:31Z</time>
      </trkpt>
      <trkpt lat="42.495010" lon="3.091010">
        <ele>219.6</ele>
        <time>2026-09-01T17:50:15Z</time>
      </trkpt>
      <trkpt lat="42.495110" lon="3.091340">
        <ele>217.4</ele>
        <time>2026-09-01T17:49:59Z</time>
      </trkpt>
      <trkpt lat="42.495150" lon="3.091660">
        <ele>214.6</ele>
        <time>2026-09-01T17:49:43Z</time>
      </trkpt>
      <trkpt lat="42.495110" lon="3.091970">
        <ele>211.6</ele>
        <time>2026-09-01T17:49:27Z</time>
      </trkpt>
      <trkpt lat="42.495030" lon="3.092070">
        <ele>210.4</ele>
        <time>2026-09-01T17:49:19Z</time>
      </trkpt>
      <trkpt lat="42.495040" lon="3.092130">
        <ele>209.6</ele>
        <time>2026-09-01T17:49:15Z</time>
      </trkpt>
      <trkpt lat="42.495380" lon="3.092160">
        <ele>205.2</ele>
        <time>2026-09-01T17:48:51Z</time>
      </trkpt>
      <trkpt lat="42.495540" lon="3.091930">
        <ele>202</ele>
        <time>2026-09-01T17:48:35Z</time>
      </trkpt>
      <trkpt lat="42.495610" lon="3.091150">
        <ele>198.6</ele>
        <time>2026-09-01T17:48:03Z</time>
      </trkpt>
      <trkpt lat="42.495530" lon="3.090460">
        <ele>194.4</ele>
        <time>2026-09-01T17:47:31Z</time>
      </trkpt>
      <trkpt lat="42.495580" lon="3.090470">
        <ele>193.6</ele>
        <time>2026-09-01T17:47:27Z</time>
      </trkpt>
      <trkpt lat="42.495780" lon="3.090890">
        <ele>189.4</ele>
        <time>2026-09-01T17:47:03Z</time>
      </trkpt>
      <trkpt lat="42.495870" lon="3.091210">
        <ele>186.6</ele>
        <time>2026-09-01T17:46:47Z</time>
      </trkpt>
      <trkpt lat="42.496040" lon="3.092220">
        <ele>179.2</ele>
        <time>2026-09-01T17:45:59Z</time>
      </trkpt>
      <trkpt lat="42.495990" lon="3.092390">
        <ele>178.2</ele>
        <time>2026-09-01T17:45:51Z</time>
      </trkpt>
      <trkpt lat="42.495880" lon="3.092500">
        <ele>177.2</ele>
        <time>2026-09-01T17:45:43Z</time>
      </trkpt>
      <trkpt lat="42.495630" lon="3.092600">
        <ele>175.4</ele>
        <time>2026-09-01T17:45:27Z</time>
      </trkpt>
      <trkpt lat="42.495630" lon="3.092660">
        <ele>174.8</ele>
        <time>2026-09-01T17:45:23Z</time>
      </trkpt>
      <trkpt lat="42.496210" lon="3.092520">
        <ele>168.6</ele>
        <time>2026-09-01T17:42:54Z</time>
      </trkpt>
      <trkpt lat="42.496390" lon="3.091960">
        <ele>163.8</ele>
        <time>2026-09-01T17:42:22Z</time>
      </trkpt>
      <trkpt lat="42.496370" lon="3.091610">
        <ele>161.8</ele>
        <time>2026-09-01T17:42:06Z</time>
      </trkpt>
      <trkpt lat="42.496540" lon="3.091060">
        <ele>158.8</ele>
        <time>2026-09-01T17:41:42Z</time>
      </trkpt>
      <trkpt lat="42.496510" lon="3.090700">
        <ele>156.8</ele>
        <time>2026-09-01T17:41:26Z</time>
      </trkpt>
      <trkpt lat="42.496420" lon="3.090330">
        <ele>154.6</ele>
        <time>2026-09-01T17:41:10Z</time>
      </trkpt>
      <trkpt lat="42.496290" lon="3.090060">
        <ele>153</ele>
        <time>2026-09-01T17:40:54Z</time>
      </trkpt>
      <trkpt lat="42.496340" lon="3.090060">
        <ele>152.2</ele>
        <time>2026-09-01T17:40:50Z</time>
      </trkpt>
      <trkpt lat="42.496600" lon="3.090360">
        <ele>148.4</ele>
        <time>2026-09-01T17:40:26Z</time>
      </trkpt>
      <trkpt lat="42.496880" lon="3.090920">
        <ele>143.6</ele>
        <time>2026-09-01T17:39:54Z</time>
      </trkpt>
      <trkpt lat="42.496970" lon="3.091230">
        <ele>141.2</ele>
        <time>2026-09-01T17:39:38Z</time>
      </trkpt>
      <trkpt lat="42.496860" lon="3.091660">
        <ele>138.6</ele>
        <time>2026-09-01T17:39:18Z</time>
      </trkpt>
      <trkpt lat="42.497060" lon="3.092110">
        <ele>135</ele>
        <time>2026-09-01T17:38:54Z</time>
      </trkpt>
      <trkpt lat="42.497030" lon="3.092600">
        <ele>131.8</ele>
        <time>2026-09-01T17:38:30Z</time>
      </trkpt>
      <trkpt lat="42.496820" lon="3.093210">
        <ele>127.6</ele>
        <time>2026-09-01T17:37:58Z</time>
      </trkpt>
      <trkpt lat="42.496660" lon="3.093380">
        <ele>124.6</ele>
        <time>2026-09-01T17:37:42Z</time>
      </trkpt>
      <trkpt lat="42.496470" lon="3.093460">
        <ele>121.6</ele>
        <time>2026-09-01T17:37:26Z</time>
      </trkpt>
      <trkpt lat="42.496480" lon="3.093560">
        <ele>120</ele>
        <time>2026-09-01T17:37:18Z</time>
      </trkpt>
      <trkpt lat="42.496710" lon="3.093540">
        <ele>116.6</ele>
        <time>2026-09-01T17:37:02Z</time>
      </trkpt>
      <trkpt lat="42.497010" lon="3.093410">
        <ele>114.6</ele>
        <time>2026-09-01T17:36:46Z</time>
      </trkpt>
      <trkpt lat="42.497140" lon="3.093260">
        <ele>114.4</ele>
        <time>2026-09-01T17:36:38Z</time>
      </trkpt>
      <trkpt lat="42.497560" lon="3.092250">
        <ele>111.6</ele>
        <time>2026-09-01T17:35:58Z</time>
      </trkpt>
      <trkpt lat="42.497630" lon="3.091610">
        <ele>106.6</ele>
        <time>2026-09-01T17:35:26Z</time>
      </trkpt>
      <trkpt lat="42.497740" lon="3.091350">
        <ele>103.8</ele>
        <time>2026-09-01T17:35:10Z</time>
      </trkpt>
      <trkpt lat="42.497790" lon="3.090980">
        <ele>102.4</ele>
        <time>2026-09-01T17:34:54Z</time>
      </trkpt>
      <trkpt lat="42.497770" lon="3.090580">
        <ele>100</ele>
        <time>2026-09-01T17:34:38Z</time>
      </trkpt>
      <trkpt lat="42.497680" lon="3.090280">
        <ele>100</ele>
        <time>2026-09-01T17:34:22Z</time>
      </trkpt>
      <trkpt lat="42.498030" lon="3.090220">
        <ele>100.2</ele>
        <time>2026-09-01T17:34:10Z</time>
      </trkpt>
      <trkpt lat="42.498320" lon="3.089850">
        <ele>100.4</ele>
        <time>2026-09-01T17:33:54Z</time>
      </trkpt>
      <trkpt lat="42.498820" lon="3.089430">
        <ele>98.8</ele>
        <time>2026-09-01T17:33:30Z</time>
      </trkpt>
      <trkpt lat="42.499000" lon="3.089160">
        <ele>97.6</ele>
        <time>2026-09-01T17:33:14Z</time>
      </trkpt>
      <trkpt lat="42.499110" lon="3.088910">
        <ele>95.4</ele>
        <time>2026-09-01T17:32:58Z</time>
      </trkpt>
      <trkpt lat="42.499150" lon="3.088950">
        <ele>94.6</ele>
        <time>2026-09-01T17:32:54Z</time>
      </trkpt>
      <trkpt lat="42.499060" lon="3.089730">
        <ele>89.4</ele>
        <time>2026-09-01T17:32:18Z</time>
      </trkpt>
      <trkpt lat="42.498870" lon="3.089940">
        <ele>87</ele>
        <time>2026-09-01T17:32:02Z</time>
      </trkpt>
      <trkpt lat="42.498710" lon="3.090310">
        <ele>88.4</ele>
        <time>2026-09-01T17:31:46Z</time>
      </trkpt>
      <trkpt lat="42.498760" lon="3.090330">
        <ele>90</ele>
        <time>2026-09-01T17:31:42Z</time>
      </trkpt>
      <trkpt lat="42.498860" lon="3.090290">
        <ele>92</ele>
        <time>2026-09-01T17:31:38Z</time>
      </trkpt>
      <trkpt lat="42.499110" lon="3.090080">
        <ele>95.8</ele>
        <time>2026-09-01T17:31:30Z</time>
      </trkpt>
      <trkpt lat="42.499360" lon="3.089780">
        <ele>100</ele>
        <time>2026-09-01T17:31:22Z</time>
      </trkpt>
      <trkpt lat="42.499500" lon="3.089460">
        <ele>102.6</ele>
        <time>2026-09-01T17:31:14Z</time>
      </trkpt>
      <trkpt lat="42.499580" lon="3.089060">
        <ele>101.6</ele>
        <time>2026-09-01T17:30:58Z</time>
      </trkpt>
      <trkpt lat="42.499370" lon="3.088570">
        <ele>103</ele>
        <time>2026-09-01T17:30:42Z</time>
      </trkpt>
      <trkpt lat="42.499360" lon="3.087540">
        <ele>111.6</ele>
        <time>2026-09-01T17:30:26Z</time>
      </trkpt>
      <trkpt lat="42.499440" lon="3.086890">
        <ele>115.6</ele>
        <time>2026-09-01T17:30:18Z</time>
      </trkpt>
      <trkpt lat="42.499770" lon="3.086170">
        <ele>119.2</ele>
        <time>2026-09-01T17:30:06Z</time>
      </trkpt>
      <trkpt lat="42.499910" lon="3.085650">
        <ele>121.8</ele>
        <time>2026-09-01T17:29:58Z</time>
      </trkpt>
      <trkpt lat="42.499900" lon="3.085000">
        <ele>126.4</ele>
        <time>2026-09-01T17:29:50Z</time>
      </trkpt>
      <trkpt lat="42.500090" lon="3.084080">
        <ele>132.2</ele>
        <time>2026-09-01T17:29:38Z</time>
      </trkpt>
      <trkpt lat="42.500360" lon="3.083140">
        <ele>136.2</ele>
        <time>2026-09-01T17:29:22Z</time>
      </trkpt>
      <trkpt lat="42.500400" lon="3.082760">
        <ele>138</ele>
        <time>2026-09-01T17:29:14Z</time>
      </trkpt>
      <trkpt lat="42.500270" lon="3.082660">
        <ele>138.6</ele>
        <time>2026-09-01T17:29:10Z</time>
      </trkpt>
      <trkpt lat="42.500130" lon="3.082630">
        <ele>140.2</ele>
        <time>2026-09-01T17:29:06Z</time>
      </trkpt>
      <trkpt lat="42.500040" lon="3.082510">
        <ele>142.4</ele>
        <time>2026-09-01T17:29:02Z</time>
      </trkpt>
      <trkpt lat="42.499990" lon="3.082290">
        <ele>144.8</ele>
        <time>2026-09-01T17:28:58Z</time>
      </trkpt>
      <trkpt lat="42.500020" lon="3.082080">
        <ele>147.4</ele>
        <time>2026-09-01T17:28:54Z</time>
      </trkpt>
      <trkpt lat="42.500150" lon="3.081720">
        <ele>151.6</ele>
        <time>2026-09-01T17:28:46Z</time>
      </trkpt>
      <trkpt lat="42.500560" lon="3.081070">
        <ele>163.8</ele>
        <time>2026-09-01T17:28:22Z</time>
      </trkpt>
      <trkpt lat="42.500790" lon="3.080900">
        <ele>168.8</ele>
        <time>2026-09-01T17:28:14Z</time>
      </trkpt>
      <trkpt lat="42.501120" lon="3.080880">
        <ele>174.2</ele>
        <time>2026-09-01T17:28:06Z</time>
      </trkpt>
      <trkpt lat="42.501580" lon="3.081130">
        <ele>181.6</ele>
        <time>2026-09-01T17:27:54Z</time>
      </trkpt>
      <trkpt lat="42.501710" lon="3.081080">
        <ele>183.4</ele>
        <time>2026-09-01T17:27:50Z</time>
      </trkpt>
      <trkpt lat="42.502070" lon="3.080730">
        <ele>187.4</ele>
        <time>2026-09-01T17:27:34Z</time>
      </trkpt>
      <trkpt lat="42.502100" lon="3.080540">
        <ele>188.2</ele>
        <time>2026-09-01T17:27:30Z</time>
      </trkpt>
      <trkpt lat="42.502030" lon="3.080460">
        <ele>188.6</ele>
        <time>2026-09-01T17:27:28Z</time>
      </trkpt>
      <trkpt lat="42.501520" lon="3.080160">
        <ele>193.4</ele>
        <time>2026-09-01T17:27:20Z</time>
      </trkpt>
      <trkpt lat="42.501320" lon="3.079900">
        <ele>195.6</ele>
        <time>2026-09-01T17:27:16Z</time>
      </trkpt>
      <trkpt lat="42.501230" lon="3.079680">
        <ele>198.2</ele>
        <time>2026-09-01T17:27:12Z</time>
      </trkpt>
      <trkpt lat="42.501260" lon="3.079430">
        <ele>200.6</ele>
        <time>2026-09-01T17:27:08Z</time>
      </trkpt>
      <trkpt lat="42.501440" lon="3.078860">
        <ele>205.8</ele>
        <time>2026-09-01T17:27:00Z</time>
      </trkpt>
      <trkpt lat="42.501440" lon="3.078310">
        <ele>209.4</ele>
        <time>2026-09-01T17:26:52Z</time>
      </trkpt>
      <trkpt lat="42.501480" lon="3.078150">
        <ele>210.2</ele>
        <time>2026-09-01T17:26:48Z</time>
      </trkpt>
      <trkpt lat="42.501700" lon="3.079030">
        <ele>215.8</ele>
        <time>2026-09-01T17:26:32Z</time>
      </trkpt>
      <trkpt lat="42.501800" lon="3.079180">
        <ele>217</ele>
        <time>2026-09-01T17:26:28Z</time>
      </trkpt>
      <trkpt lat="42.501930" lon="3.079270">
        <ele>218.6</ele>
        <time>2026-09-01T17:26:24Z</time>
      </trkpt>
      <trkpt lat="42.502250" lon="3.079380">
        <ele>220.6</ele>
        <time>2026-09-01T17:25:57Z</time>
      </trkpt>
      <trkpt lat="42.502710" lon="3.079370">
        <ele>227</ele>
        <time>2026-09-01T17:25:41Z</time>
      </trkpt>
      <trkpt lat="42.502940" lon="3.079430">
        <ele>228.4</ele>
        <time>2026-09-01T17:25:33Z</time>
      </trkpt>
      <trkpt lat="42.503050" lon="3.079540">
        <ele>230.4</ele>
        <time>2026-09-01T17:24:45Z</time>
      </trkpt>
      <trkpt lat="42.502970" lon="3.079030">
        <ele>231.4</ele>
        <time>2026-09-01T17:24:29Z</time>
      </trkpt>
      <trkpt lat="42.503060" lon="3.079050">
        <ele>230.6</ele>
        <time>2026-09-01T17:24:21Z</time>
      </trkpt>
      <trkpt lat="42.503490" lon="3.077790">
        <ele>221.6</ele>
        <time>2026-09-01T17:23:25Z</time>
      </trkpt>
      <trkpt lat="42.503530" lon="3.077070">
        <ele>215.8</ele>
        <time>2026-09-01T17:22:53Z</time>
      </trkpt>
      <trkpt lat="42.503620" lon="3.076910">
        <ele>214.6</ele>
        <time>2026-09-01T17:22:45Z</time>
      </trkpt>
      <trkpt lat="42.504120" lon="3.076500">
        <ele>209.2</ele>
        <time>2026-09-01T17:22:13Z</time>
      </trkpt>
      <trkpt lat="42.504210" lon="3.076130">
        <ele>206.6</ele>
        <time>2026-09-01T17:21:57Z</time>
      </trkpt>
      <trkpt lat="42.504230" lon="3.075750">
        <ele>204.4</ele>
        <time>2026-09-01T17:21:41Z</time>
      </trkpt>
      <trkpt lat="42.504430" lon="3.075450">
        <ele>201.6</ele>
        <time>2026-09-01T17:21:25Z</time>
      </trkpt>
      <trkpt lat="42.504490" lon="3.075450">
        <ele>201.4</ele>
        <time>2026-09-01T17:21:21Z</time>
      </trkpt>
      <trkpt lat="42.504470" lon="3.075590">
        <ele>200.2</ele>
        <time>2026-09-01T17:21:13Z</time>
      </trkpt>
      <trkpt lat="42.504380" lon="3.075760">
        <ele>198.6</ele>
        <time>2026-09-01T17:21:05Z</time>
      </trkpt>
      <trkpt lat="42.504360" lon="3.075960">
        <ele>197.6</ele>
        <time>2026-09-01T17:20:57Z</time>
      </trkpt>
      <trkpt lat="42.504450" lon="3.076360">
        <ele>195.6</ele>
        <time>2026-09-01T17:20:41Z</time>
      </trkpt>
      <trkpt lat="42.504380" lon="3.076770">
        <ele>193.4</ele>
        <time>2026-09-01T17:20:25Z</time>
      </trkpt>
      <trkpt lat="42.504080" lon="3.077160">
        <ele>189.2</ele>
        <time>2026-09-01T17:20:01Z</time>
      </trkpt>
      <trkpt lat="42.504070" lon="3.077330">
        <ele>187.6</ele>
        <time>2026-09-01T17:19:53Z</time>
      </trkpt>
      <trkpt lat="42.504200" lon="3.077770">
        <ele>184.8</ele>
        <time>2026-09-01T17:19:22Z</time>
      </trkpt>
      <trkpt lat="42.504200" lon="3.078020">
        <ele>182.6</ele>
        <time>2026-09-01T17:19:06Z</time>
      </trkpt>
      <trkpt lat="42.504250" lon="3.078170">
        <ele>181.6</ele>
        <time>2026-09-01T17:18:58Z</time>
      </trkpt>
      <trkpt lat="42.504430" lon="3.078190">
        <ele>179.4</ele>
        <time>2026-09-01T17:18:46Z</time>
      </trkpt>
      <trkpt lat="42.504660" lon="3.078320">
        <ele>177</ele>
        <time>2026-09-01T17:18:30Z</time>
      </trkpt>
      <trkpt lat="42.504780" lon="3.078340">
        <ele>175.6</ele>
        <time>2026-09-01T17:18:22Z</time>
      </trkpt>
      <trkpt lat="42.504990" lon="3.078150">
        <ele>172.8</ele>
        <time>2026-09-01T17:18:06Z</time>
      </trkpt>
      <trkpt lat="42.505210" lon="3.078060">
        <ele>170.4</ele>
        <time>2026-09-01T17:17:50Z</time>
      </trkpt>
      <trkpt lat="42.505460" lon="3.078050">
        <ele>167.8</ele>
        <time>2026-09-01T17:17:34Z</time>
      </trkpt>
      <trkpt lat="42.505570" lon="3.078140">
        <ele>166.6</ele>
        <time>2026-09-01T17:17:26Z</time>
      </trkpt>
      <trkpt lat="42.505680" lon="3.078090">
        <ele>165.2</ele>
        <time>2026-09-01T17:17:18Z</time>
      </trkpt>
      <trkpt lat="42.506080" lon="3.077480">
        <ele>158.6</ele>
        <time>2026-09-01T17:16:38Z</time>
      </trkpt>
      <trkpt lat="42.506270" lon="3.077320">
        <ele>155.2</ele>
        <time>2026-09-01T17:16:22Z</time>
      </trkpt>
      <trkpt lat="42.506530" lon="3.077210">
        <ele>152.6</ele>
        <time>2026-09-01T17:16:06Z</time>
      </trkpt>
      <trkpt lat="42.507120" lon="3.077090">
        <ele>148.2</ele>
        <time>2026-09-01T17:15:34Z</time>
      </trkpt>
      <trkpt lat="42.507260" lon="3.076980">
        <ele>147.4</ele>
        <time>2026-09-01T17:14:30Z</time>
      </trkpt>
      <trkpt lat="42.507290" lon="3.076940">
        <ele>144.2</ele>
      </trkpt>
      <trkpt lat="42.507470" lon="3.076680">
        <ele>143.3</ele>
      </trkpt>
      <trkpt lat="42.507730" lon="3.076580">
        <ele>141.8</ele>
      </trkpt>
      <trkpt lat="42.508130" lon="3.076320">
        <ele>138.1</ele>
      </trkpt>
      <trkpt lat="42.508560" lon="3.076250">
        <ele>136.9</ele>
      </trkpt>
      <trkpt lat="42.509340" lon="3.075650">
        <ele>132.5</ele>
      </trkpt>
      <trkpt lat="42.509420" lon="3.075710">
        <ele>134.1</ele>
      </trkpt>
      <trkpt lat="42.509520" lon="3.075920">
        <ele>134.8</ele>
      </trkpt>
      <trkpt lat="42.509520" lon="3.076160">
        <ele>136.8</ele>
      </trkpt>
      <trkpt lat="42.509360" lon="3.077470">
        <ele>148</ele>
      </trkpt>
      <trkpt lat="42.509400" lon="3.077580">
        <ele>148.9</ele>
      </trkpt>
      <trkpt lat="42.509490" lon="3.077670">
        <ele>150.2</ele>
      </trkpt>
      <trkpt lat="42.509570" lon="3.077660">
        <ele>149.9</ele>
      </trkpt>
      <trkpt lat="42.510050" lon="3.077290">
        <ele>138.3</ele>
      </trkpt>
      <trkpt lat="42.510200" lon="3.077360">
        <ele>136.4</ele>
      </trkpt>
      <trkpt lat="42.510300" lon="3.077730">
        <ele>138.3</ele>
      </trkpt>
      <trkpt lat="42.510570" lon="3.077830">
        <ele>139.5</ele>
      </trkpt>
      <trkpt lat="42.510700" lon="3.077790">
        <ele>140.3</ele>
      </trkpt>
      <trkpt lat="42.510840" lon="3.077680">
        <ele>139.5</ele>
      </trkpt>
      <trkpt lat="42.511310" lon="3.077090">
        <ele>139</ele>
      </trkpt>
      <trkpt lat="42.511470" lon="3.077110">
        <ele>140.9</ele>
      </trkpt>
      <trkpt lat="42.511590" lon="3.077390">
        <ele>145.5</ele>
      </trkpt>
      <trkpt lat="42.511910" lon="3.077780">
        <ele>149.6</ele>
      </trkpt>
      <trkpt lat="42.511990" lon="3.078090">
        <ele>152.8</ele>
      </trkpt>
      <trkpt lat="42.512000" lon="3.078520">
        <ele>156</ele>
      </trkpt>
      <trkpt lat="42.511930" lon="3.079310">
        <ele>155</ele>
      </trkpt>
      <trkpt lat="42.511820" lon="3.079600">
        <ele>156.6</ele>
      </trkpt>
      <trkpt lat="42.512030" lon="3.080090">
        <ele>152.1</ele>
      </trkpt>
      <trkpt lat="42.512240" lon="3.080260">
        <ele>151.2</ele>
      </trkpt>
      <trkpt lat="42.512330" lon="3.080420">
        <ele>150.8</ele>
      </trkpt>
      <trkpt lat="42.512450" lon="3.080740">
        <ele>151.9</ele>
      </trkpt>
      <trkpt lat="42.512650" lon="3.080840">
        <ele>151.5</ele>
      </trkpt>
      <trkpt lat="42.512950" lon="3.080760">
        <ele>147.9</ele>
      </trkpt>
      <trkpt lat="42.513040" lon="3.080720">
        <ele>146.8</ele>
      </trkpt>
      <trkpt lat="42.513360" lon="3.080430">
        <ele>143.9</ele>
      </trkpt>
      <trkpt lat="42.514260" lon="3.079990">
        <ele>140</ele>
      </trkpt>
      <trkpt lat="42.514670" lon="3.079710">
        <ele>136.1</ele>
      </trkpt>
      <trkpt lat="42.515090" lon="3.079320">
        <ele>132.2</ele>
      </trkpt>
      <trkpt lat="42.515470" lon="3.079080">
        <ele>130.2</ele>
      </trkpt>
      <trkpt lat="42.515650" lon="3.078840">
        <ele>129.1</ele>
      </trkpt>
      <trkpt lat="42.515740" lon="3.078780">
        <ele>128.4</ele>
      </trkpt>
      <trkpt lat="42.515840" lon="3.078770">
        <ele>127.9</ele>
      </trkpt>
      <trkpt lat="42.516280" lon="3.078520">
        <ele>123.9</ele>
      </trkpt>
      <trkpt lat="42.516480" lon="3.078470">
        <ele>122</ele>
      </trkpt>
      <trkpt lat="42.516900" lon="3.077690">
        <ele>112.9</ele>
      </trkpt>
      <trkpt lat="42.517030" lon="3.077650">
        <ele>111.3</ele>
      </trkpt>
      <trkpt lat="42.517170" lon="3.077850">
        <ele>110.6</ele>
      </trkpt>
      <trkpt lat="42.517230" lon="3.078170">
        <ele>107.7</ele>
      </trkpt>
      <trkpt lat="42.517190" lon="3.078700">
        <ele>102.5</ele>
      </trkpt>
      <trkpt lat="42.517260" lon="3.078720">
        <ele>100</ele>
      </trkpt>
      <trkpt lat="42.517450" lon="3.078380">
        <ele>97</ele>
      </trkpt>
      <trkpt lat="42.517700" lon="3.078190">
        <ele>92.5</ele>
      </trkpt>
      <trkpt lat="42.517920" lon="3.078240">
        <ele>87.1</ele>
      </trkpt>
      <trkpt lat="42.518200" lon="3.078350">
        <ele>82.1</ele>
      </trkpt>
      <trkpt lat="42.518580" lon="3.078580">
        <ele>76.2</ele>
      </trkpt>
      <trkpt lat="42.518620" lon="3.078560">
        <ele>75.7</ele>
      </trkpt>
      <trkpt lat="42.518660" lon="3.078390">
        <ele>74.8</ele>
      </trkpt>
      <trkpt lat="42.518740" lon="3.078390">
        <ele>72.8</ele>
      </trkpt>
      <trkpt lat="42.518830" lon="3.078620">
        <ele>70.3</ele>
      </trkpt>
      <trkpt lat="42.518850" lon="3.078830">
        <ele>68.1</ele>
      </trkpt>
      <trkpt lat="42.518780" lon="3.079040">
        <ele>66.7</ele>
      </trkpt>
      <trkpt lat="42.518800" lon="3.079150">
        <ele>65.2</ele>
      </trkpt>
      <trkpt lat="42.519410" lon="3.079930">
        <ele>53.9</ele>
      </trkpt>
      <trkpt lat="42.519590" lon="3.079870">
        <ele>52.5</ele>
      </trkpt>
      <trkpt lat="42.519810" lon="3.079580">
        <ele>52.1</ele>
      </trkpt>
      <trkpt lat="42.519970" lon="3.079470">
        <ele>51.1</ele>
      </trkpt>
      <trkpt lat="42.520350" lon="3.079370">
        <ele>46.5</ele>
      </trkpt>
      <trkpt lat="42.520590" lon="3.079230">
        <ele>43.9</ele>
      </trkpt>
      <trkpt lat="42.520770" lon="3.079040">
        <ele>42.6</ele>
      </trkpt>
      <trkpt lat="42.520830" lon="3.079020">
        <ele>42.2</ele>
      </trkpt>
      <trkpt lat="42.521370" lon="3.079070">
        <ele>40.2</ele>
      </trkpt>
      <trkpt lat="42.521690" lon="3.079190">
        <ele>40.6</ele>
      </trkpt>
      <trkpt lat="42.522350" lon="3.079660">
        <ele>31</ele>
      </trkpt>
      <trkpt lat="42.522430" lon="3.079670">
        <ele>30.8</ele>
      </trkpt>
      <trkpt lat="42.522540" lon="3.079530">
        <ele>31</ele>
      </trkpt>
      <trkpt lat="42.522620" lon="3.079530">
        <ele>28.6</ele>
      </trkpt>
      <trkpt lat="42.522790" lon="3.079770">
        <ele>25.1</ele>
      </trkpt>
      <trkpt lat="42.522940" lon="3.080750">
        <ele>24</ele>
      </trkpt>
      <trkpt lat="42.523070" lon="3.081010">
        <ele>22</ele>
      </trkpt>
      <trkpt lat="42.523620" lon="3.081720">
        <ele>18.6</ele>
      </trkpt>
      <trkpt lat="42.523740" lon="3.082060">
        <ele>17</ele>
      </trkpt>
      <trkpt lat="42.523850" lon="3.082180">
        <ele>16.5</ele>
      </trkpt>
      <trkpt lat="42.523740" lon="3.082300">
        <ele>16</ele>
      </trkpt>
      <trkpt lat="42.523670" lon="3.082450">
        <ele>15.2</ele>
      </trkpt>
      <trkpt lat="42.523620" lon="3.082680">
        <ele>11.9</ele>
      </trkpt>
      <trkpt lat="42.523480" lon="3.082900">
        <ele>12.7</ele>
      </trkpt>
      <trkpt lat="42.523620" lon="3.083090">
        <ele>8.9</ele>
      </trkpt>
      <trkpt lat="42.523760" lon="3.083540">
        <ele>7.6</ele>
      </trkpt>
      <trkpt lat="42.523930" lon="3.083910">
        <ele>6.1</ele>
      </trkpt>
      <trkpt lat="42.523970" lon="3.084200">
        <ele>5.8</ele>
      </trkpt>
      <trkpt lat="42.524080" lon="3.084330">
        <ele>5.2</ele>
      </trkpt>
      <trkpt lat="42.524160" lon="3.084320">
        <ele>5.4</ele>
      </trkpt>
      <trkpt lat="42.524120" lon="3.084920">
        <ele>3.4</ele>
      </trkpt>
      <trkpt lat="42.524150" lon="3.084930">
        <ele>3.301</ele>
      </trkpt>
      <trkpt lat="42.524260" lon="3.084930">
        <ele>4.32</ele>
      </trkpt>
      <trkpt lat="42.524800" lon="3.085180">
        <ele>4.474</ele>
      </trkpt>
      <trkpt lat="42.524990" lon="3.085140">
        <ele>5.336</ele>
      </trkpt>
      <trkpt lat="42.525700" lon="3.085490">
        <ele>7.011</ele>
      </trkpt>
      <trkpt lat="42.525720" lon="3.085690">
        <ele>3.085</ele>
      </trkpt>
      <trkpt lat="42.525830" lon="3.085790">
        <ele>1.506</ele>
      </trkpt>
      <trkpt lat="42.525950" lon="3.085720">
        <ele>2.41</ele>
      </trkpt>
      <trkpt lat="42.526010" lon="3.085530">
        <ele>3.954</ele>
      </trkpt>
      <trkpt lat="42.526320" lon="3.084970">
        <ele>2.582</ele>
      </trkpt>
      <trkpt lat="42.526340" lon="3.084520">
        <ele>1.799</ele>
      </trkpt>
      <trkpt lat="42.526500" lon="3.084560">
        <ele>1.282</ele>
      </trkpt>
      <trkpt lat="42.526510" lon="3.084870">
        <ele>1.62</ele>
      </trkpt>
      <trkpt lat="42.526930" lon="3.084980">
        <ele>2.995</ele>
      </trkpt>
      <trkpt lat="42.527280" lon="3.085170">
        <ele>3.088</ele>
      </trkpt>
      <trkpt lat="42.527570" lon="3.085710">
        <ele>2.604</ele>
      </trkpt>
      <trkpt lat="42.527640" lon="3.085900">
        <ele>6.5</ele>
      </trkpt>
      <trkpt lat="42.527610" lon="3.085690">
        <ele>5.5</ele>
      </trkpt>
      <trkpt lat="42.527650" lon="3.085530">
        <ele>4.757</ele>
      </trkpt>
      <trkpt lat="42.527500" lon="3.085170">
        <ele>3.395</ele>
      </trkpt>
      <trkpt lat="42.527580" lon="3.084750">
        <ele>6.844</ele>
      </trkpt>
      <trkpt lat="42.527570" lon="3.084190">
        <ele>7.391</ele>
      </trkpt>
      <trkpt lat="42.527460" lon="3.084040">
        <ele>5.344</ele>
      </trkpt>
      <trkpt lat="42.527550" lon="3.083830">
        <ele>8.4</ele>
      </trkpt>
      <trkpt lat="42.527340" lon="3.083380">
        <ele>9.6</ele>
      </trkpt>
      <trkpt lat="42.527270" lon="3.083150">
        <ele>10.49</ele>
      </trkpt>
      <trkpt lat="42.527210" lon="3.083160">
        <ele>9.532</ele>
      </trkpt>
      <trkpt lat="42.527070" lon="3.082470">
        <ele>9.22</ele>
      </trkpt>
      <trkpt lat="42.527410" lon="3.082430">
        <ele>12.237</ele>
      </trkpt>
      <trkpt lat="42.527510" lon="3.082470">
        <ele>13.489</ele>
      </trkpt>
      <trkpt lat="42.527610" lon="3.082450">
        <ele>15.976</ele>
      </trkpt>
      <trkpt lat="42.527700" lon="3.082400">
        <ele>17.735</ele>
      </trkpt>
      <trkpt lat="42.527770" lon="3.082220">
        <ele>17.065</ele>
      </trkpt>
      <trkpt lat="42.527520" lon="3.081280">
        <ele>28.507</ele>
      </trkpt>
      <trkpt lat="42.527530" lon="3.081010">
        <ele>30.824</ele>
      </trkpt>
      <trkpt lat="42.527600" lon="3.080830">
        <ele>33.141</ele>
      </trkpt>
      <trkpt lat="42.527750" lon="3.080680">
        <ele>34.253</ele>
      </trkpt>
      <trkpt lat="42.528180" lon="3.080400">
        <ele>38.149</ele>
      </trkpt>
      <trkpt lat="42.528550" lon="3.080090">
        <ele>42.372</ele>
      </trkpt>
      <trkpt lat="42.529390" lon="3.079170">
        <ele>51.001</ele>
      </trkpt>
      <trkpt lat="42.529930" lon="3.078310">
        <ele>55.809</ele>
      </trkpt>
      <trkpt lat="42.530030" lon="3.077750">
        <ele>55.648</ele>
      </trkpt>
      <trkpt lat="42.530180" lon="3.077660">
        <ele>58.823</ele>
      </trkpt>
      <trkpt lat="42.530030" lon="3.076960">
        <ele>62</ele>
      </trkpt>
      <trkpt lat="42.529950" lon="3.075910">
        <ele>61.5</ele>
      </trkpt>
      <trkpt lat="42.529980" lon="3.075690">
        <ele>60.992</ele>
      </trkpt>
      <trkpt lat="42.530030" lon="3.075570">
        <ele>60.8</ele>
      </trkpt>
      <trkpt lat="42.530150" lon="3.075550">
        <ele>59.945</ele>
      </trkpt>
      <trkpt lat="42.530760" lon="3.075970">
        <ele>58.213</ele>
      </trkpt>
      <trkpt lat="42.531010" lon="3.076210">
        <ele>58.585</ele>
      </trkpt>
      <trkpt lat="42.531520" lon="3.076280">
        <ele>54.882</ele>
      </trkpt>
      <trkpt lat="42.531610" lon="3.076350">
        <ele>54.4</ele>
      </trkpt>
      <trkpt lat="42.531690" lon="3.076490">
        <ele>54.278</ele>
      </trkpt>
      <trkpt lat="42.531830" lon="3.076750">
        <ele>52.9</ele>
      </trkpt>
      <trkpt lat="42.531940" lon="3.076730">
        <ele>49.8</ele>
      </trkpt>
      <trkpt lat="42.532000" lon="3.076580">
        <ele>46.2</ele>
      </trkpt>
      <trkpt lat="42.531940" lon="3.076150">
        <ele>42.949</ele>
      </trkpt>
      <trkpt lat="42.531810" lon="3.075700">
        <ele>40.774</ele>
      </trkpt>
      <trkpt lat="42.531860" lon="3.075590">
        <ele>38.249</ele>
      </trkpt>
      <trkpt lat="42.532090" lon="3.075810">
        <ele>31.417</ele>
      </trkpt>
      <trkpt lat="42.532360" lon="3.076220">
        <ele>27.554</ele>
      </trkpt>
      <trkpt lat="42.532380" lon="3.076680">
        <ele>28.8</ele>
      </trkpt>
      <trkpt lat="42.532450" lon="3.076730">
        <ele>27.2</ele>
      </trkpt>
      <trkpt lat="42.532520" lon="3.076700">
        <ele>23.86</ele>
      </trkpt>
      <trkpt lat="42.532640" lon="3.076220">
        <ele>14.251</ele>
      </trkpt>
      <trkpt lat="42.532700" lon="3.076260">
        <ele>11.649</ele>
      </trkpt>
      <trkpt lat="42.532720" lon="3.076430">
        <ele>13.529</ele>
      </trkpt>
      <trkpt lat="42.532920" lon="3.076390">
        <ele>7.5</ele>
      </trkpt>
      <trkpt lat="42.533460" lon="3.076400">
        <ele>2.788</ele>
      </trkpt>
      <trkpt lat="42.533620" lon="3.076460">
        <ele>4.575</ele>
      </trkpt>
      <trkpt lat="42.533710" lon="3.076390">
        <ele>1.694</ele>
      </trkpt>
      <trkpt lat="42.533360" lon="3.075610">
        <ele>1.634</ele>
      </trkpt>
      <trkpt lat="42.532740" lon="3.074400">
        <ele>1.891</ele>
      </trkpt>
      <trkpt lat="42.532420" lon="3.073880">
        <ele>2.681</ele>
      </trkpt>
      <trkpt lat="42.532220" lon="3.073400">
        <ele>2.776</ele>
      </trkpt>
      <trkpt lat="42.532190" lon="3.073170">
        <ele>3.7</ele>
      </trkpt>
      <trkpt lat="42.532240" lon="3.072880">
        <ele>3.354</ele>
      </trkpt>
      <trkpt lat="42.532490" lon="3.072250">
        <ele>3.941</ele>
      </trkpt>
      <trkpt lat="42.532670" lon="3.071910">
        <ele>5.6</ele>
      </trkpt>
      <trkpt lat="42.532800" lon="3.071590">
        <ele>5.122</ele>
      </trkpt>
      <trkpt lat="42.532790" lon="3.071050">
        <ele>3.8</ele>
      </trkpt>
      <trkpt lat="42.532860" lon="3.070330">
        <ele>4.1</ele>
      </trkpt>
      <trkpt lat="42.532960" lon="3.069860">
        <ele>4.461</ele>
      </trkpt>
      <trkpt lat="42.533410" lon="3.068410">
        <ele>5</ele>
      </trkpt>
      <trkpt lat="42.533500" lon="3.067870">
        <ele>5.975</ele>
      </trkpt>
      <trkpt lat="42.533610" lon="3.067560">
        <ele>7.792</ele>
      </trkpt>
      <trkpt lat="42.533950" lon="3.066740">
        <ele>11.6</ele>
      </trkpt>
      <trkpt lat="42.534210" lon="3.065990">
        <ele>12.824</ele>
      </trkpt>
      <trkpt lat="42.534500" lon="3.064830">
        <ele>11.7</ele>
      </trkpt>
      <trkpt lat="42.534650" lon="3.064110">
        <ele>12.8</ele>
      </trkpt>
      <trkpt lat="42.534730" lon="3.063890">
        <ele>12.88</ele>
      </trkpt>
      <trkpt lat="42.534850" lon="3.063470">
        <ele>15.482</ele>
      </trkpt>
      <trkpt lat="42.534870" lon="3.063180">
        <ele>16.947</ele>
      </trkpt>
      <trkpt lat="42.534820" lon="3.062580">
        <ele>17.168</ele>
      </trkpt>
      <trkpt lat="42.534850" lon="3.061590">
        <ele>12.114</ele>
      </trkpt>
      <trkpt lat="42.534890" lon="3.061170">
        <ele>11.46</ele>
      </trkpt>
      <trkpt lat="42.534980" lon="3.060870">
        <ele>11.786</ele>
      </trkpt>
      <trkpt lat="42.534910" lon="3.060290">
        <ele>19.175</ele>
      </trkpt>
      <trkpt lat="42.535010" lon="3.060060">
        <ele>23.672</ele>
      </trkpt>
      <trkpt lat="42.534850" lon="3.059720">
        <ele>28.98</ele>
      </trkpt>
      <trkpt lat="42.535100" lon="3.059750">
        <ele>28.3</ele>
      </trkpt>
      <trkpt lat="42.535340" lon="3.059600">
        <ele>26.3</ele>
      </trkpt>
      <trkpt lat="42.535440" lon="3.059500">
        <ele>24.2</ele>
      </trkpt>
      <trkpt lat="42.535610" lon="3.058160">
        <ele>8.551</ele>
      </trkpt>
      <trkpt lat="42.535590" lon="3.057500">
        <ele>4.876</ele>
      </trkpt>
      <trkpt lat="42.535630" lon="3.057390">
        <ele>4.732</ele>
      </trkpt>
      <trkpt lat="42.535730" lon="3.057360">
        <ele>4.372</ele>
      </trkpt>
      <trkpt lat="42.535700" lon="3.057150">
        <ele>4.615</ele>
      </trkpt>
      <trkpt lat="42.535760" lon="3.056920">
        <ele>5.023</ele>
      </trkpt>
      <trkpt lat="42.537280" lon="3.054700">
        <ele>3.071</ele>
      </trkpt>
      <trkpt lat="42.538430" lon="3.053080">
        <ele>2.594</ele>
      </trkpt>
      <trkpt lat="42.539140" lon="3.052180">
        <ele>3</ele>
      </trkpt>
      <trkpt lat="42.539530" lon="3.051580">
        <ele>2.567</ele>
      </trkpt>
      <trkpt lat="42.539850" lon="3.051340">
        <ele>2.1</ele>
      </trkpt>
      <trkpt lat="42.539750" lon="3.050910">
        <ele>2.8</ele>
      </trkpt>
      <trkpt lat="42.538990" lon="3.049970">
        <ele>3.9</ele>
      </trkpt>
      <trkpt lat="42.539110" lon="3.048590">
        <ele>4.4</ele>
      </trkpt>
      <trkpt lat="42.539240" lon="3.048180">
        <ele>3.9</ele>
      </trkpt>
      <trkpt lat="42.539360" lon="3.048170">
        <ele>3.7</ele>
      </trkpt>
      <trkpt lat="42.539530" lon="3.048060">
        <ele>3.7</ele>
      </trkpt>
      <trkpt lat="42.539350" lon="3.047480">
        <ele>4</ele>
      </trkpt>
      <trkpt lat="42.540690" lon="3.046660">
        <ele>3</ele>
      </trkpt>
      <trkpt lat="42.540730" lon="3.047340">
        <ele>2.3</ele>
      </trkpt>
      <trkpt lat="42.540680" lon="3.047480">
        <ele>1.6</ele>
      </trkpt>
      <trkpt lat="42.540670" lon="3.047610">
        <ele>1.58</ele>
      </trkpt>
      <trkpt lat="42.540810" lon="3.047540">
        <ele>1.08</ele>
      </trkpt>
      <trkpt lat="42.540840" lon="3.047660">
        <ele>1.6</ele>
      </trkpt>
      <trkpt lat="42.541010" lon="3.047600">
        <ele>2.6</ele>
      </trkpt>
      <trkpt lat="42.541210" lon="3.048410">
        <ele>1.34</ele>
      </trkpt>
      <trkpt lat="42.541620" lon="3.048210">
        <ele>1.6</ele>
      </trkpt>
      <trkpt lat="42.541680" lon="3.048230">
        <ele>1.4</ele>
      </trkpt>
      <trkpt lat="42.541940" lon="3.048140">
        <ele>0.712</ele>
      </trkpt>
      <trkpt lat="42.542540" lon="3.049960">
        <ele>1.277</ele>
      </trkpt>
      <trkpt lat="42.541610" lon="3.050490">
        <ele>1.166</ele>
      </trkpt>
      <trkpt lat="42.541870" lon="3.051320">
        <ele>1.471</ele>
      </trkpt>
      <trkpt lat="42.541910" lon="3.051600">
        <ele>1.745</ele>
      </trkpt>
      <trkpt lat="42.542040" lon="3.051810">
        <ele>0.954</ele>
      </trkpt>
      <trkpt lat="42.543050" lon="3.051840">
        <ele>3</ele>
      </trkpt>
      <trkpt lat="42.543120" lon="3.051120">
        <ele>3</ele>
      </trkpt>
      <trkpt lat="42.544380" lon="3.051170">
        <ele>3.829</ele>
      </trkpt>
      <trkpt lat="42.547870" lon="3.049010">
        <ele>4</ele>
      </trkpt>
      <trkpt lat="42.551370" lon="3.048290">
        <ele>4</ele>
      </trkpt>
      <trkpt lat="42.557540" lon="3.046990">
        <ele>3.2</ele>
      </trkpt>
      <trkpt lat="42.557790" lon="3.046720">
        <ele>3.007</ele>
      </trkpt>
      <trkpt lat="42.559940" lon="3.046300">
        <ele>3.3</ele>
      </trkpt>
      <trkpt lat="42.561740" lon="3.046080">
        <ele>3</ele>
      </trkpt>
      <trkpt lat="42.561970" lon="3.046260">
        <ele>3</ele>
      </trkpt>
      <trkpt lat="42.564610" lon="3.045760">
        <ele>3</ele>
      </trkpt>
      <trkpt lat="42.566610" lon="3.045450">
        <ele>2.683</ele>
      </trkpt>
      <trkpt lat="42.566600" lon="3.045030">
        <ele>2.244</ele>
      </trkpt>
      <trkpt lat="42.566800" lon="3.044980">
        <ele>1.538</ele>
      </trkpt>
      <trkpt lat="42.567230" lon="3.045010">
        <ele>0.951</ele>
      </trkpt>
      <trkpt lat="42.567890" lon="3.045160">
        <ele>3</ele>
      </trkpt>
      <trkpt lat="42.568800" lon="3.045120">
        <ele>3</ele>
      </trkpt>
      <trkpt lat="42.570340" lon="3.044480">
        <ele>3</ele>
      </trkpt>
      <trkpt lat="42.571630" lon="3.044280">
        <ele>3</ele>
      </trkpt>
      <trkpt lat="42.571800" lon="3.044270">
        <ele>3</ele>
      </trkpt>
      <trkpt lat="42.571970" lon="3.044190">
        <ele>3</ele>
      </trkpt>
      <trkpt lat="42.572150" lon="3.044120">
        <ele>2.9</ele>
      </trkpt>
      <trkpt lat="42.572370" lon="3.044170">
        <ele>3</ele>
      </trkpt>
      <trkpt lat="42.572450" lon="3.044120">
        <ele>2.8</ele>
      </trkpt>
      <trkpt lat="42.572660" lon="3.043930">
        <ele>2.6</ele>
      </trkpt>
      <trkpt lat="42.572830" lon="3.043860">
        <ele>3</ele>
      </trkpt>
      <trkpt lat="42.572800" lon="3.043430">
        <ele>3</ele>
      </trkpt>
      <trkpt lat="42.572750" lon="3.043110">
        <ele>3</ele>
      </trkpt>
      <trkpt lat="42.572610" lon="3.042390">
        <ele>3</ele>
      </trkpt>
      <trkpt lat="42.572040" lon="3.041260">
        <ele>3</ele>
      </trkpt>
      <trkpt lat="42.572390" lon="3.041210">
        <ele>3</ele>
      </trkpt>
      <trkpt lat="42.574350" lon="3.041090">
        <ele>3</ele>
      </trkpt>
      <trkpt lat="42.574680" lon="3.041270">
        <ele>2.1</ele>
      </trkpt>
      <trkpt lat="42.574880" lon="3.041590">
        <ele>2</ele>
      </trkpt>
      <trkpt lat="42.575050" lon="3.041540">
        <ele>2</ele>
      </trkpt>
      <trkpt lat="42.575150" lon="3.041320">
        <ele>2</ele>
      </trkpt>
      <trkpt lat="42.575220" lon="3.041320">
        <ele>2</ele>
      </trkpt>
      <trkpt lat="42.575510" lon="3.041440">
        <ele>1.1</ele>
      </trkpt>
      <trkpt lat="42.575590" lon="3.041360">
        <ele>1.1</ele>
      </trkpt>
      <trkpt lat="42.575710" lon="3.041120">
        <ele>1.6</ele>
      </trkpt>
      <trkpt lat="42.575760" lon="3.040910">
        <ele>1.725</ele>
      </trkpt>
      <trkpt lat="42.575840" lon="3.040410">
        <ele>1.531</ele>
      </trkpt>
      <trkpt lat="42.576090" lon="3.039820">
        <ele>1.9</ele>
      </trkpt>
      <trkpt lat="42.576840" lon="3.038700">
        <ele>2</ele>
      </trkpt>
      <trkpt lat="42.577160" lon="3.038060">
        <ele>2.2</ele>
      </trkpt>
      <trkpt lat="42.577600" lon="3.037320">
        <ele>2.495</ele>
      </trkpt>
      <trkpt lat="42.577750" lon="3.036820">
        <ele>2.487</ele>
      </trkpt>
      <trkpt lat="42.578150" lon="3.036390">
        <ele>2</ele>
      </trkpt>
      <trkpt lat="42.578380" lon="3.036100">
        <ele>2.9</ele>
      </trkpt>
      <trkpt lat="42.578490" lon="3.035970">
        <ele>2.7</ele>
      </trkpt>
      <trkpt lat="42.577390" lon="3.034980">
        <ele>3</ele>
      </trkpt>
      <trkpt lat="42.577240" lon="3.034840">
        <ele>3</ele>
      </trkpt>
      <trkpt lat="42.577070" lon="3.034640">
        <ele>3</ele>
      </trkpt>
      <trkpt lat="42.576830" lon="3.034510">
        <ele>3</ele>
      </trkpt>
      <trkpt lat="42.576620" lon="3.034560">
        <ele>3</ele>
      </trkpt>
      <trkpt lat="42.576370" lon="3.034890">
        <ele>3</ele>
      </trkpt>
      <trkpt lat="42.576190" lon="3.034970">
        <ele>3.7</ele>
      </trkpt>
      <trkpt lat="42.576060" lon="3.034860">
        <ele>3.5</ele>
      </trkpt>
      <trkpt lat="42.576140" lon="3.034520">
        <ele>3.7</ele>
      </trkpt>
      <trkpt lat="42.576620" lon="3.034090">
        <ele>3.1</ele>
      </trkpt>
      <trkpt lat="42.576870" lon="3.033970">
        <ele>3</ele>
      </trkpt>
      <trkpt lat="42.577570" lon="3.033660">
        <ele>3.6</ele>
      </trkpt>
      <trkpt lat="42.578460" lon="3.033320">
        <ele>3.5</ele>
      </trkpt>
      <trkpt lat="42.579010" lon="3.033100">
        <ele>3.9</ele>
      </trkpt>
      <trkpt lat="42.579640" lon="3.032860">
        <ele>3.7</ele>
      </trkpt>
      <trkpt lat="42.580260" lon="3.032780">
        <ele>4</ele>
      </trkpt>
      <trkpt lat="42.580800" lon="3.032740">
        <ele>4</ele>
      </trkpt>
      <trkpt lat="42.581760" lon="3.032650">
        <ele>4.6</ele>
      </trkpt>
      <trkpt lat="42.582310" lon="3.032500">
        <ele>5.7</ele>
      </trkpt>
      <trkpt lat="42.582840" lon="3.032320">
        <ele>4</ele>
      </trkpt>
      <trkpt lat="42.583620" lon="3.031990">
        <ele>3.9</ele>
      </trkpt>
      <trkpt lat="42.583840" lon="3.031780">
        <ele>4.2</ele>
      </trkpt>
      <trkpt lat="42.585240" lon="3.030970">
        <ele>5.59</ele>
      </trkpt>
      <trkpt lat="42.585490" lon="3.030860">
        <ele>5.216</ele>
      </trkpt>
      <trkpt lat="42.585590" lon="3.030770">
        <ele>5.163</ele>
      </trkpt>
      <trkpt lat="42.585610" lon="3.030650">
        <ele>5.379</ele>
      </trkpt>
      <trkpt lat="42.585590" lon="3.030440">
        <ele>5.169</ele>
      </trkpt>
      <trkpt lat="42.585530" lon="3.030230">
        <ele>5.245</ele>
      </trkpt>
      <trkpt lat="42.585460" lon="3.030120">
        <ele>5.524</ele>
      </trkpt>
      <trkpt lat="42.585250" lon="3.030300">
        <ele>6.144</ele>
      </trkpt>
      <trkpt lat="42.585230" lon="3.030400">
        <ele>7.566</ele>
      </trkpt>
      <trkpt lat="42.585380" lon="3.030400">
        <ele>6.887</ele>
      </trkpt>
      <trkpt lat="42.586660" lon="3.029580">
        <ele>7.909</ele>
      </trkpt>
      <trkpt lat="42.586770" lon="3.029470">
        <ele>7.517</ele>
      </trkpt>
      <trkpt lat="42.586720" lon="3.029450">
        <ele>6.827</ele>
      </trkpt>
      <trkpt lat="42.586440" lon="3.029510">
        <ele>5.32</ele>
      </trkpt>
      <trkpt lat="42.586550" lon="3.030040">
        <ele>4.474</ele>
      </trkpt>
      <trkpt lat="42.586650" lon="3.030250">
        <ele>4.843</ele>
      </trkpt>
      <trkpt lat="42.586690" lon="3.030400">
        <ele>4.93</ele>
      </trkpt>
      <trkpt lat="42.586780" lon="3.031140">
        <ele>4.61</ele>
      </trkpt>
      <trkpt lat="42.587040" lon="3.032550">
        <ele>4</ele>
      </trkpt>
      <trkpt lat="42.587460" lon="3.033450">
        <ele>4.1</ele>
      </trkpt>
      <trkpt lat="42.588150" lon="3.034520">
        <ele>3.8</ele>
      </trkpt>
      <trkpt lat="42.588160" lon="3.035020">
        <ele>4</ele>
      </trkpt>
      <trkpt lat="42.588250" lon="3.035790">
        <ele>3.8</ele>
      </trkpt>
      <trkpt lat="42.588560" lon="3.036560">
        <ele>3.4</ele>
      </trkpt>
      <trkpt lat="42.588780" lon="3.036920">
        <ele>3.4</ele>
      </trkpt>
      <trkpt lat="42.589030" lon="3.037120">
        <ele>3.2</ele>
      </trkpt>
      <trkpt lat="42.589990" lon="3.037600">
        <ele>3</ele>
      </trkpt>
      <trkpt lat="42.590800" lon="3.038200">
        <ele>2.4</ele>
      </trkpt>
      <trkpt lat="42.591240" lon="3.038620">
        <ele>2</ele>
      </trkpt>
      <trkpt lat="42.591720" lon="3.038880">
        <ele>2</ele>
      </trkpt>
      <trkpt lat="42.592380" lon="3.039160">
        <ele>2</ele>
      </trkpt>
      <trkpt lat="42.593010" lon="3.039370">
        <ele>1.4</ele>
      </trkpt>
      <trkpt lat="42.593100" lon="3.039460">
        <ele>1.3</ele>
      </trkpt>
      <trkpt lat="42.593230" lon="3.039660">
        <ele>2.2</ele>
      </trkpt>
      <trkpt lat="42.593620" lon="3.039740">
        <ele>1.1</ele>
      </trkpt>
      <trkpt lat="42.593850" lon="3.040020">
        <ele>2.1</ele>
      </trkpt>
      <trkpt lat="42.594020" lon="3.040090">
        <ele>1.7</ele>
      </trkpt>
      <trkpt lat="42.594310" lon="3.040300">
        <ele>2</ele>
      </trkpt>
      <trkpt lat="42.594440" lon="3.040150">
        <ele>1.5</ele>
      </trkpt>
      <trkpt lat="42.594430" lon="3.039970">
        <ele>1</ele>
      </trkpt>
      <trkpt lat="42.594190" lon="3.039520">
        <ele>1.7</ele>
      </trkpt>
      <trkpt lat="42.594270" lon="3.039310">
        <ele>2</ele>
      </trkpt>
      <trkpt lat="42.594240" lon="3.039190">
        <ele>2</ele>
      </trkpt>
      <trkpt lat="42.594050" lon="3.039050">
        <ele>2</ele>
      </trkpt>
      <trkpt lat="42.593920" lon="3.038780">
        <ele>2</ele>
      </trkpt>
      <trkpt lat="42.593780" lon="3.038270">
        <ele>2</ele>
      </trkpt>
      <trkpt lat="42.593680" lon="3.037890">
        <ele>1.8</ele>
      </trkpt>
      <trkpt lat="42.593740" lon="3.037500">
        <ele>1.5</ele>
      </trkpt>
      <trkpt lat="42.593670" lon="3.037210">
        <ele>2</ele>
      </trkpt>
      <trkpt lat="42.594400" lon="3.036600">
        <ele>2</ele>
      </trkpt>
      <trkpt lat="42.594860" lon="3.036380">
        <ele>2</ele>
      </trkpt>
      <trkpt lat="42.596110" lon="3.035360">
        <ele>2</ele>
      </trkpt>
      <trkpt lat="42.596300" lon="3.035260">
        <ele>2</ele>
      </trkpt>
      <trkpt lat="42.596380" lon="3.035270">
        <ele>2</ele>
      </trkpt>
      <trkpt lat="42.596360" lon="3.035960">
        <ele>2</ele>
      </trkpt>
      <trkpt lat="42.596500" lon="3.036070">
        <ele>2</ele>
      </trkpt>
      <trkpt lat="42.597590" lon="3.036100">
        <ele>2</ele>
      </trkpt>
      <trkpt lat="42.597720" lon="3.036280">
        <ele>2</ele>
      </trkpt>
      <trkpt lat="42.597730" lon="3.037100">
        <ele>2</ele>
      </trkpt>
      <trkpt lat="42.597800" lon="3.037240">
        <ele>1.951</ele>
      </trkpt>
      <trkpt lat="42.598430" lon="3.037300">
        <ele>2</ele>
      </trkpt>
      <trkpt lat="42.598610" lon="3.037250">
        <ele>2</ele>
      </trkpt>
      <trkpt lat="42.600230" lon="3.037380">
        <ele>1.446</ele>
      </trkpt>
      <trkpt lat="42.600380" lon="3.037250">
        <ele>2.254</ele>
      </trkpt>
      <trkpt lat="42.600600" lon="3.037290">
        <ele>2.505</ele>
      </trkpt>
      <trkpt lat="42.600560" lon="3.037840">
        <ele>2.771</ele>
      </trkpt>
      <trkpt lat="42.600680" lon="3.038490">
        <ele>2</ele>
      </trkpt>
      <trkpt lat="42.600950" lon="3.039090">
        <ele>2</ele>
      </trkpt>
      <trkpt lat="42.601160" lon="3.039470">
        <ele>2</ele>
      </trkpt>
      <trkpt lat="42.601620" lon="3.039890">
        <ele>2</ele>
      </trkpt>
      <trkpt lat="42.601980" lon="3.040110">
        <ele>2</ele>
      </trkpt>
      <trkpt lat="42.602230" lon="3.040210">
        <ele>2</ele>
      </trkpt>
      <trkpt lat="42.602650" lon="3.040200">
        <ele>2.387</ele>
      </trkpt>
      <trkpt lat="42.602870" lon="3.039840">
        <ele>2</ele>
      </trkpt>
      <trkpt lat="42.602840" lon="3.039420">
        <ele>1.788</ele>
      </trkpt>
      <trkpt lat="42.603090" lon="3.039350">
        <ele>1.418</ele>
      </trkpt>
      <trkpt lat="42.603120" lon="3.038860">
        <ele>0.414</ele>
      </trkpt>
      <trkpt lat="42.603290" lon="3.038720">
        <ele>1.169</ele>
      </trkpt>
      <trkpt lat="42.603290" lon="3.038630">
        <ele>0.874</ele>
      </trkpt>
      <trkpt lat="42.603480" lon="3.038480">
        <ele>0.532</ele>
      </trkpt>
      <trkpt lat="42.603650" lon="3.038690">
        <ele>1.369</ele>
      </trkpt>
      <trkpt lat="42.604250" lon="3.038250">
        <ele>0.915</ele>
      </trkpt>
      <trkpt lat="42.604510" lon="3.038170">
        <ele>0.788</ele>
      </trkpt>
      <trkpt lat="42.604840" lon="3.038130">
        <ele>0.514</ele>
      </trkpt>
      <trkpt lat="42.607100" lon="3.039010">
        <ele>1.129</ele>
      </trkpt>
      <trkpt lat="42.607170" lon="3.039100">
        <ele>1.59</ele>
      </trkpt>
      <trkpt lat="42.608570" lon="3.038880">
        <ele>0.159</ele>
      </trkpt>
      <trkpt lat="42.608720" lon="3.038930">
        <ele>0.495</ele>
      </trkpt>
      <trkpt lat="42.608840" lon="3.038870">
        <ele>0.784</ele>
      </trkpt>
      <trkpt lat="42.609420" lon="3.038820">
        <ele>1</ele>
      </trkpt>
      <trkpt lat="42.609640" lon="3.038760">
        <ele>1.71</ele>
      </trkpt>
      <trkpt lat="42.610860" lon="3.037970">
        <ele>1.1</ele>
      </trkpt>
      <trkpt lat="42.613380" lon="3.038150">
        <ele>1.4</ele>
      </trkpt>
      <trkpt lat="42.613740" lon="3.038270">
        <ele>3</ele>
      </trkpt>
      <trkpt lat="42.613940" lon="3.038260">
        <ele>2.3</ele>
      </trkpt>
      <trkpt lat="42.614060" lon="3.038160">
        <ele>1.5</ele>
      </trkpt>
      <trkpt lat="42.614050" lon="3.036740">
        <ele>1.685</ele>
      </trkpt>
      <trkpt lat="42.613980" lon="3.036650">
        <ele>1.335</ele>
      </trkpt>
      <trkpt lat="42.613760" lon="3.033990">
        <ele>2</ele>
      </trkpt>
      <trkpt lat="42.614560" lon="3.033840">
        <ele>2.343</ele>
      </trkpt>
      <trkpt lat="42.614740" lon="3.034200">
        <ele>2.183</ele>
      </trkpt>
      <trkpt lat="42.614890" lon="3.036090">
        <ele>2</ele>
      </trkpt>
      <trkpt lat="42.615120" lon="3.036320">
        <ele>1.7</ele>
      </trkpt>
      <trkpt lat="42.615450" lon="3.036240">
        <ele>1.2</ele>
      </trkpt>
      <trkpt lat="42.616350" lon="3.035340">
        <ele>1.7</ele>
      </trkpt>
      <trkpt lat="42.616810" lon="3.036080">
        <ele>0.677</ele>
      </trkpt>
      <trkpt lat="42.616930" lon="3.036070">
        <ele>1.2</ele>
      </trkpt>
      <trkpt lat="42.617860" lon="3.035110">
        <ele>1.717</ele>
      </trkpt>
      <trkpt lat="42.619190" lon="3.037460">
        <ele>1.206</ele>
      </trkpt>
      <trkpt lat="42.619360" lon="3.037540">
        <ele>1.7</ele>
      </trkpt>
      <trkpt lat="42.619710" lon="3.038000">
        <ele>2</ele>
      </trkpt>
      <trkpt lat="42.619950" lon="3.037780">
        <ele>2</ele>
      </trkpt>
      <trkpt lat="42.620130" lon="3.037150">
        <ele>1.539</ele>
      </trkpt>
      <trkpt lat="42.621910" lon="3.035350">
        <ele>1.516</ele>
      </trkpt>
      <trkpt lat="42.622230" lon="3.035530">
        <ele>1.107</ele>
      </trkpt>
      <trkpt lat="42.622620" lon="3.036300">
        <ele>1.056</ele>
      </trkpt>
      <trkpt lat="42.622640" lon="3.036520">
        <ele>1.465</ele>
      </trkpt>
      <trkpt lat="42.623070" lon="3.037230">
        <ele>2</ele>
      </trkpt>
      <trkpt lat="42.623330" lon="3.037080">
        <ele>2.001</ele>
      </trkpt>
      <trkpt lat="42.623390" lon="3.036720">
        <ele>2.2</ele>
      </trkpt>
      <trkpt lat="42.623540" lon="3.036540">
        <ele>2.859</ele>
      </trkpt>
      <trkpt lat="42.624990" lon="3.036340">
        <ele>3</ele>
      </trkpt>
      <trkpt lat="42.632140" lon="3.035240">
        <ele>3</ele>
      </trkpt>
      <trkpt lat="42.633230" lon="3.035070">
        <ele>3</ele>
      </trkpt>
      <trkpt lat="42.633520" lon="3.035160">
        <ele>3</ele>
      </trkpt>
      <trkpt lat="42.634830" lon="3.034930">
        <ele>2.252</ele>
      </trkpt>
      <trkpt lat="42.638670" lon="3.034230">
        <ele>2</ele>
      </trkpt>
      <trkpt lat="42.640370" lon="3.033870">
        <ele>2</ele>
      </trkpt>
      <trkpt lat="42.640940" lon="3.033490">
        <ele>2</ele>
      </trkpt>
      <trkpt lat="42.640940" lon="3.033280">
        <ele>2.2</ele>
      </trkpt>
      <trkpt lat="42.641220" lon="3.032850">
        <ele>2.3</ele>
      </trkpt>
      <trkpt lat="42.640470" lon="3.032510">
        <ele>2.337</ele>
      </trkpt>
      <trkpt lat="42.640160" lon="3.032080">
        <ele>2.431</ele>
      </trkpt>
      <trkpt lat="42.640010" lon="3.031710">
        <ele>2.968</ele>
      </trkpt>
      <trkpt lat="42.638280" lon="3.023040">
        <ele>2</ele>
      </trkpt>
      <trkpt lat="42.639670" lon="3.017500">
        <ele>1.2</ele>
      </trkpt>
      <trkpt lat="42.639700" lon="3.017140">
        <ele>1.1</ele>
      </trkpt>
      <trkpt lat="42.639590" lon="3.016650">
        <ele>1.5</ele>
      </trkpt>
      <trkpt lat="42.639270" lon="3.016120">
        <ele>1.6</ele>
      </trkpt>
      <trkpt lat="42.638590" lon="3.015670">
        <ele>1.4</ele>
      </trkpt>
      <trkpt lat="42.638220" lon="3.015230">
        <ele>1.4</ele>
      </trkpt>
      <trkpt lat="42.637470" lon="3.013890">
        <ele>1.9</ele>
      </trkpt>
      <trkpt lat="42.636210" lon="3.012690">
        <ele>2</ele>
      </trkpt>
      <trkpt lat="42.636050" lon="3.012450">
        <ele>1.6</ele>
      </trkpt>
      <trkpt lat="42.635930" lon="3.011640">
        <ele>2</ele>
      </trkpt>
      <trkpt lat="42.636170" lon="3.011490">
        <ele>1.491</ele>
      </trkpt>
      <trkpt lat="42.636430" lon="3.011170">
        <ele>1.198</ele>
      </trkpt>
      <trkpt lat="42.636510" lon="3.010770">
        <ele>1</ele>
      </trkpt>
      <trkpt lat="42.636500" lon="3.010020">
        <ele>1.561</ele>
      </trkpt>
      <trkpt lat="42.636920" lon="3.009070">
        <ele>1.395</ele>
      </trkpt>
      <trkpt lat="42.637180" lon="3.008770">
        <ele>1.156</ele>
      </trkpt>
      <trkpt lat="42.637300" lon="3.008490">
        <ele>1</ele>
      </trkpt>
      <trkpt lat="42.637900" lon="3.007980">
        <ele>1.157</ele>
      </trkpt>
      <trkpt lat="42.638280" lon="3.007100">
        <ele>2</ele>
      </trkpt>
      <trkpt lat="42.639340" lon="3.008030">
        <ele>2</ele>
      </trkpt>
      <trkpt lat="42.639860" lon="3.008250">
        <ele>2</ele>
      </trkpt>
      <trkpt lat="42.640200" lon="3.007120">
        <ele>2</ele>
      </trkpt>
      <trkpt lat="42.640640" lon="3.007260">
        <ele>1.96</ele>
      </trkpt>
      <trkpt lat="42.641020" lon="3.006130">
        <ele>1.946</ele>
      </trkpt>
      <trkpt lat="42.640960" lon="3.005970">
        <ele>2</ele>
      </trkpt>
      <trkpt lat="42.641090" lon="3.005710">
        <ele>2</ele>
      </trkpt>
      <trkpt lat="42.641200" lon="3.001760">
        <ele>3</ele>
      </trkpt>
      <trkpt lat="42.641720" lon="2.999450">
        <ele>2.819</ele>
      </trkpt>
      <trkpt lat="42.642430" lon="2.998690">
        <ele>2.2</ele>
      </trkpt>
      <trkpt lat="42.642360" lon="2.998460">
        <ele>2</ele>
      </trkpt>
      <trkpt lat="42.640850" lon="2.995700">
        <ele>2.5</ele>
      </trkpt>
      <trkpt lat="42.640550" lon="2.995270">
        <ele>3.9</ele>
      </trkpt>
      <trkpt lat="42.638970" lon="2.993140">
        <ele>3.3</ele>
      </trkpt>
      <trkpt lat="42.637800" lon="2.991880">
        <ele>4.1</ele>
      </trkpt>
      <trkpt lat="42.637930" lon="2.991570">
        <ele>3.2</ele>
      </trkpt>
      <trkpt lat="42.638050" lon="2.991650">
        <ele>3</ele>
      </trkpt>
      <trkpt lat="42.638150" lon="2.990460">
        <ele>4</ele>
      </trkpt>
      <trkpt lat="42.638210" lon="2.990340">
        <ele>4</ele>
      </trkpt>
      <trkpt lat="42.638160" lon="2.990180">
        <ele>3.9</ele>
      </trkpt>
      <trkpt lat="42.638290" lon="2.988620">
        <ele>5</ele>
      </trkpt>
      <trkpt lat="42.638380" lon="2.988490">
        <ele>5</ele>
      </trkpt>
      <trkpt lat="42.638350" lon="2.988130">
        <ele>5</ele>
      </trkpt>
      <trkpt lat="42.638520" lon="2.986360">
        <ele>6</ele>
      </trkpt>
      <trkpt lat="42.638730" lon="2.986370">
        <ele>6</ele>
      </trkpt>
      <trkpt lat="42.638830" lon="2.985600">
        <ele>6</ele>
      </trkpt>
      <trkpt lat="42.638920" lon="2.985570">
        <ele>6</ele>
      </trkpt>
      <trkpt lat="42.638870" lon="2.985420">
        <ele>6</ele>
      </trkpt>
      <trkpt lat="42.638880" lon="2.985270">
        <ele>6</ele>
      </trkpt>
      <trkpt lat="42.639180" lon="2.985110">
        <ele>6</ele>
      </trkpt>
      <trkpt lat="42.639610" lon="2.984880">
        <ele>6.3</ele>
      </trkpt>
      <trkpt lat="42.639870" lon="2.984730">
        <ele>6.5</ele>
      </trkpt>
      <trkpt lat="42.640040" lon="2.984590">
        <ele>6.9</ele>
      </trkpt>
      <trkpt lat="42.640810" lon="2.982100">
        <ele>6</ele>
      </trkpt>
      <trkpt lat="42.641410" lon="2.980930">
        <ele>8</ele>
      </trkpt>
      <trkpt lat="42.642080" lon="2.979560">
        <ele>8</ele>
      </trkpt>
      <trkpt lat="42.642260" lon="2.978890">
        <ele>8</ele>
      </trkpt>
      <trkpt lat="42.642350" lon="2.978830">
        <ele>8</ele>
      </trkpt>
      <trkpt lat="42.643480" lon="2.978210">
        <ele>8</ele>
      </trkpt>
      <trkpt lat="42.644840" lon="2.977600">
        <ele>8</ele>
      </trkpt>
      <trkpt lat="42.645410" lon="2.977290">
        <ele>8.8</ele>
      </trkpt>
      <trkpt lat="42.648170" lon="2.975580">
        <ele>9.4</ele>
      </trkpt>
      <trkpt lat="42.648430" lon="2.975510">
        <ele>9</ele>
      </trkpt>
      <trkpt lat="42.648820" lon="2.975450">
        <ele>9.1</ele>
      </trkpt>
      <trkpt lat="42.649900" lon="2.974700">
        <ele>9</ele>
      </trkpt>
      <trkpt lat="42.651180" lon="2.973620">
        <ele>9</ele>
      </trkpt>
      <trkpt lat="42.652550" lon="2.972190">
        <ele>8</ele>
      </trkpt>
      <trkpt lat="42.654520" lon="2.971160">
        <ele>9</ele>
      </trkpt>
      <trkpt lat="42.655050" lon="2.970720">
        <ele>10</ele>
      </trkpt>
      <trkpt lat="42.656640" lon="2.969660">
        <ele>11</ele>
      </trkpt>
      <trkpt lat="42.656930" lon="2.969350">
        <ele>8.1</ele>
      </trkpt>
      <trkpt lat="42.657230" lon="2.969020">
        <ele>11</ele>
      </trkpt>
      <trkpt lat="42.657510" lon="2.969140">
        <ele>10</ele>
      </trkpt>
      <trkpt lat="42.657510" lon="2.969550">
        <ele>10</ele>
      </trkpt>
      <trkpt lat="42.658980" lon="2.970040">
        <ele>9</ele>
      </trkpt>
      <trkpt lat="42.662980" lon="2.969940">
        <ele>7.456</ele>
      </trkpt>
      <trkpt lat="42.663970" lon="2.970190">
        <ele>6</ele>
      </trkpt>
      <trkpt lat="42.664700" lon="2.970190">
        <ele>6.3</ele>
      </trkpt>
      <trkpt lat="42.666060" lon="2.969880">
        <ele>6.2</ele>
      </trkpt>
      <trkpt lat="42.666550" lon="2.969700">
        <ele>4.6</ele>
      </trkpt>
      <trkpt lat="42.666660" lon="2.969730">
        <ele>5</ele>
      </trkpt>
      <trkpt lat="42.667960" lon="2.971190">
        <ele>6.9</ele>
      </trkpt>
      <trkpt lat="42.668690" lon="2.972730">
        <ele>7.1</ele>
      </trkpt>
      <trkpt lat="42.669140" lon="2.973580">
        <ele>7</ele>
      </trkpt>
      <trkpt lat="42.670050" lon="2.974810">
        <ele>6</ele>
      </trkpt>
      <trkpt lat="42.670370" lon="2.975100">
        <ele>5.7</ele>
      </trkpt>
      <trkpt lat="42.671520" lon="2.976660">
        <ele>7.5</ele>
      </trkpt>
      <trkpt lat="42.672170" lon="2.977600">
        <ele>5.4</ele>
      </trkpt>
      <trkpt lat="42.672320" lon="2.977950">
        <ele>4.3</ele>
      </trkpt>
      <trkpt lat="42.672380" lon="2.978540">
        <ele>3.5</ele>
      </trkpt>
      <trkpt lat="42.672510" lon="2.979000">
        <ele>3</ele>
      </trkpt>
      <trkpt lat="42.673180" lon="2.979580">
        <ele>4</ele>
      </trkpt>
      <trkpt lat="42.675240" lon="2.981390">
        <ele>6.8</ele>
      </trkpt>
      <trkpt lat="42.675310" lon="2.981440">
        <ele>6.8</ele>
      </trkpt>
      <trkpt lat="42.675500" lon="2.981360">
        <ele>7</ele>
      </trkpt>
      <trkpt lat="42.677400" lon="2.982230">
        <ele>8.6</ele>
      </trkpt>
      <trkpt lat="42.677890" lon="2.981820">
        <ele>10.7</ele>
      </trkpt>
      <trkpt lat="42.678810" lon="2.981290">
        <ele>13</ele>
      </trkpt>
      <trkpt lat="42.680350" lon="2.981360">
        <ele>12.7</ele>
      </trkpt>
      <trkpt lat="42.683490" lon="2.982030">
        <ele>10.706</ele>
      </trkpt>
      <trkpt lat="42.683610" lon="2.981960">
        <ele>11</ele>
      </trkpt>
      <trkpt lat="42.684380" lon="2.979940">
        <ele>16</ele>
      </trkpt>
      <trkpt lat="42.684600" lon="2.979760">
        <ele>16.546</ele>
      </trkpt>
      <trkpt lat="42.685100" lon="2.980010">
        <ele>16.604</ele>
      </trkpt>
      <trkpt lat="42.685270" lon="2.980190">
        <ele>15.348</ele>
      </trkpt>
      <trkpt lat="42.685930" lon="2.980580">
        <ele>13.3</ele>
      </trkpt>
      <trkpt lat="42.686130" lon="2.980490">
        <ele>14</ele>
      </trkpt>
      <trkpt lat="42.686240" lon="2.980680">
        <ele>14</ele>
      </trkpt>
      <trkpt lat="42.686250" lon="2.980940">
        <ele>13.8</ele>
      </trkpt>
      <trkpt lat="42.687590" lon="2.982380">
        <ele>19.526</ele>
      </trkpt>
      <trkpt lat="42.688150" lon="2.983510">
        <ele>15.375</ele>
      </trkpt>
      <trkpt lat="42.688340" lon="2.983930">
        <ele>14.9</ele>
      </trkpt>
      <trkpt lat="42.688670" lon="2.984750">
        <ele>14.1</ele>
      </trkpt>
      <trkpt lat="42.689060" lon="2.985410">
        <ele>13.616</ele>
      </trkpt>
      <trkpt lat="42.689360" lon="2.986130">
        <ele>14.3</ele>
      </trkpt>
      <trkpt lat="42.689450" lon="2.986280">
        <ele>14.018</ele>
      </trkpt>
      <trkpt lat="42.690300" lon="2.986950">
        <ele>20.3</ele>
      </trkpt>
      <trkpt lat="42.690450" lon="2.987140">
        <ele>22.5</ele>
      </trkpt>
      <trkpt lat="42.690690" lon="2.987510">
        <ele>20.495</ele>
      </trkpt>
      <trkpt lat="42.691380" lon="2.988340">
        <ele>23</ele>
      </trkpt>
      <trkpt lat="42.691800" lon="2.988640">
        <ele>22.957</ele>
      </trkpt>
      <trkpt lat="42.692250" lon="2.988900">
        <ele>25</ele>
      </trkpt>
      <trkpt lat="42.693330" lon="2.988410">
        <ele>25</ele>
      </trkpt>
      <trkpt lat="42.693670" lon="2.988210">
        <ele>24.675</ele>
      </trkpt>
      <trkpt lat="42.693900" lon="2.988180">
        <ele>23.4</ele>
      </trkpt>
      <trkpt lat="42.694660" lon="2.987880">
        <ele>18.882</ele>
      </trkpt>
      <trkpt lat="42.695490" lon="2.987970">
        <ele>12.2</ele>
      </trkpt>
      <trkpt lat="42.696010" lon="2.987930">
        <ele>9.9</ele>
      </trkpt>
      <trkpt lat="42.696070" lon="2.987880">
        <ele>9.5</ele>
      </trkpt>
      <trkpt lat="42.696150" lon="2.987890">
        <ele>9.5</ele>
      </trkpt>
      <trkpt lat="42.696340" lon="2.987910">
        <ele>10</ele>
      </trkpt>
      <trkpt lat="42.696980" lon="2.987740">
        <ele>11</ele>
      </trkpt>
      <trkpt lat="42.697140" lon="2.987780">
        <ele>10.3</ele>
      </trkpt>
      <trkpt lat="42.697580" lon="2.987630">
        <ele>10.7</ele>
      </trkpt>
      <trkpt lat="42.697920" lon="2.987460">
        <ele>11.6</ele>
      </trkpt>
      <trkpt lat="42.698210" lon="2.987240">
        <ele>12.6</ele>
      </trkpt>
      <trkpt lat="42.698680" lon="2.986580">
        <ele>15.496</ele>
      </trkpt>
      <trkpt lat="42.699560" lon="2.986100">
        <ele>23.8</ele>
      </trkpt>
      <trkpt lat="42.699690" lon="2.986020">
        <ele>24.4</ele>
      </trkpt>
      <trkpt lat="42.700320" lon="2.985980">
        <ele>21.1</ele>
      </trkpt>
      <trkpt lat="42.700350" lon="2.984970">
        <ele>20.4</ele>
      </trkpt>
      <trkpt lat="42.700430" lon="2.984870">
        <ele>19.1</ele>
      </trkpt>
      <trkpt lat="42.701120" lon="2.984880">
        <ele>12.9</ele>
      </trkpt>
      <trkpt lat="42.701500" lon="2.985250">
        <ele>11.7</ele>
      </trkpt>
      <trkpt lat="42.701640" lon="2.985340">
        <ele>10.7</ele>
      </trkpt>
      <trkpt lat="42.701790" lon="2.985350">
        <ele>10.2</ele>
      </trkpt>
      <trkpt lat="42.702540" lon="2.985140">
        <ele>9.1</ele>
      </trkpt>
      <trkpt lat="42.703510" lon="2.985130">
        <ele>12.7</ele>
      </trkpt>
      <trkpt lat="42.704430" lon="2.984980">
        <ele>23.8</ele>
      </trkpt>
      <trkpt lat="42.704690" lon="2.984840">
        <ele>25</ele>
      </trkpt>
      <trkpt lat="42.705110" lon="2.984530">
        <ele>26.7</ele>
      </trkpt>
      <trkpt lat="42.705250" lon="2.984540">
        <ele>27.3</ele>
      </trkpt>
      <trkpt lat="42.706010" lon="2.985250">
        <ele>27.4</ele>
      </trkpt>
      <trkpt lat="42.706050" lon="2.985500">
        <ele>27.2</ele>
      </trkpt>
      <trkpt lat="42.705690" lon="2.986800">
        <ele>23.463</ele>
      </trkpt>
      <trkpt lat="42.705810" lon="2.986930">
        <ele>25.7</ele>
      </trkpt>
      <trkpt lat="42.705870" lon="2.987050">
        <ele>25.7</ele>
      </trkpt>
      <trkpt lat="42.705980" lon="2.987080">
        <ele>26</ele>
      </trkpt>
      <trkpt lat="42.706040" lon="2.986920">
        <ele>26</ele>
      </trkpt>
      <trkpt lat="42.705950" lon="2.986770">
        <ele>25.6</ele>
      </trkpt>
      <trkpt lat="42.705970" lon="2.986520">
        <ele>25.2</ele>
      </trkpt>
      <trkpt lat="42.706090" lon="2.986260">
        <ele>25</ele>
      </trkpt>
      <trkpt lat="42.706230" lon="2.986170">
        <ele>27</ele>
      </trkpt>
      <trkpt lat="42.706340" lon="2.986220">
        <ele>24.7</ele>
      </trkpt>
      <trkpt lat="42.706580" lon="2.986510">
        <ele>26.326</ele>
      </trkpt>
      <trkpt lat="42.706800" lon="2.986610">
        <ele>26</ele>
      </trkpt>
      <trkpt lat="42.707020" lon="2.986580">
        <ele>22.013</ele>
      </trkpt>
      <trkpt lat="42.707220" lon="2.986460">
        <ele>22.5</ele>
      </trkpt>
      <trkpt lat="42.707420" lon="2.986180">
        <ele>19.487</ele>
      </trkpt>
      <trkpt lat="42.707480" lon="2.985650">
        <ele>22.3</ele>
      </trkpt>
      <trkpt lat="42.707650" lon="2.985440">
        <ele>22.9</ele>
      </trkpt>
      <trkpt lat="42.707680" lon="2.985140">
        <ele>22.516</ele>
      </trkpt>
      <trkpt lat="42.707450" lon="2.983700">
        <ele>29.7</ele>
      </trkpt>
      <trkpt lat="42.707470" lon="2.983600">
        <ele>26.899</ele>
      </trkpt>
      <trkpt lat="42.708590" lon="2.984080">
        <ele>30</ele>
      </trkpt>
      <trkpt lat="42.708730" lon="2.984630">
        <ele>27.738</ele>
      </trkpt>
      <trkpt lat="42.709100" lon="2.985080">
        <ele>19.8</ele>
      </trkpt>
      <trkpt lat="42.709220" lon="2.985310">
        <ele>15.13</ele>
      </trkpt>
      <trkpt lat="42.709320" lon="2.985760">
        <ele>15</ele>
      </trkpt>
      <trkpt lat="42.709330" lon="2.986190">
        <ele>14.6</ele>
      </trkpt>
      <trkpt lat="42.709500" lon="2.986090">
        <ele>10.9</ele>
      </trkpt>
      <trkpt lat="42.709710" lon="2.986080">
        <ele>9.9</ele>
      </trkpt>
      <trkpt lat="42.710230" lon="2.986110">
        <ele>9.2</ele>
      </trkpt>
      <trkpt lat="42.710320" lon="2.986060">
        <ele>9.1</ele>
      </trkpt>
      <trkpt lat="42.710780" lon="2.986070">
        <ele>9.2</ele>
      </trkpt>
      <trkpt lat="42.711630" lon="2.986140">
        <ele>10</ele>
      </trkpt>
      <trkpt lat="42.712640" lon="2.986480">
        <ele>10</ele>
      </trkpt>
      <trkpt lat="42.712820" lon="2.986650">
        <ele>10</ele>
      </trkpt>
      <trkpt lat="42.712780" lon="2.987000">
        <ele>10</ele>
      </trkpt>
      <trkpt lat="42.712890" lon="2.987090">
        <ele>10</ele>
      </trkpt>
      <trkpt lat="42.713240" lon="2.987050">
        <ele>10</ele>
      </trkpt>
      <trkpt lat="42.714070" lon="2.986850">
        <ele>9.348</ele>
      </trkpt>
      <trkpt lat="42.714020" lon="2.985940">
        <ele>9.6</ele>
      </trkpt>
      <trkpt lat="42.713780" lon="2.984320">
        <ele>10.2</ele>
      </trkpt>
      <trkpt lat="42.713470" lon="2.983130">
        <ele>11.1</ele>
      </trkpt>
      <trkpt lat="42.713400" lon="2.982900">
        <ele>10.8</ele>
      </trkpt>
      <trkpt lat="42.713390" lon="2.982840">
        <ele>11</ele>
      </trkpt>
      <trkpt lat="42.713270" lon="2.982780">
        <ele>12</ele>
      </trkpt>
      <trkpt lat="42.713090" lon="2.982720">
        <ele>11.9</ele>
      </trkpt>
      <trkpt lat="42.713080" lon="2.982650">
        <ele>11.9</ele>
      </trkpt>
      <trkpt lat="42.713250" lon="2.982650">
        <ele>9.682</ele>
      </trkpt>
      <trkpt lat="42.713520" lon="2.982540">
        <ele>7.3</ele>
      </trkpt>
      <trkpt lat="42.713790" lon="2.982400">
        <ele>6.2</ele>
      </trkpt>
      <trkpt lat="42.715120" lon="2.981680">
        <ele>11.5</ele>
      </trkpt>
      <trkpt lat="42.715400" lon="2.981580">
        <ele>11</ele>
      </trkpt>
      <trkpt lat="42.716270" lon="2.981470">
        <ele>10</ele>
      </trkpt>
      <trkpt lat="42.716970" lon="2.981550">
        <ele>10</ele>
      </trkpt>
      <trkpt lat="42.718450" lon="2.981960">
        <ele>9.958</ele>
      </trkpt>
      <trkpt lat="42.719390" lon="2.982440">
        <ele>9.2</ele>
      </trkpt>
      <trkpt lat="42.719990" lon="2.982700">
        <ele>9.7</ele>
      </trkpt>
      <trkpt lat="42.720850" lon="2.982830">
        <ele>9</ele>
      </trkpt>
      <trkpt lat="42.720910" lon="2.982890">
        <ele>9</ele>
      </trkpt>
      <trkpt lat="42.720910" lon="2.982890">
        <ele>9</ele>
      </trkpt>
      <trkpt lat="42.720910" lon="2.983050">
        <ele>9</ele>
      </trkpt>
      <trkpt lat="42.720960" lon="2.983170">
        <ele>9</ele>
      </trkpt>
      <trkpt lat="42.721260" lon="2.983610">
        <ele>9</ele>
      </trkpt>
      <trkpt lat="42.721350" lon="2.983670">
        <ele>9</ele>
      </trkpt>
      <trkpt lat="42.721840" lon="2.983800">
        <ele>8.6</ele>
      </trkpt>
      <trkpt lat="42.722110" lon="2.984000">
        <ele>8.3</ele>
      </trkpt>
      <trkpt lat="42.722880" lon="2.984290">
        <ele>8.6</ele>
      </trkpt>
      <trkpt lat="42.723600" lon="2.984490">
        <ele>8</ele>
      </trkpt>
      <trkpt lat="42.724850" lon="2.984730">
        <ele>8</ele>
      </trkpt>
      <trkpt lat="42.725620" lon="2.984680">
        <ele>8</ele>
      </trkpt>
      <trkpt lat="42.725630" lon="2.984590">
        <ele>8</ele>
      </trkpt>
      <trkpt lat="42.725720" lon="2.983690">
        <ele>9</ele>
      </trkpt>
      <trkpt lat="42.726330" lon="2.983790">
        <ele>8.2</ele>
      </trkpt>
      <trkpt lat="42.726430" lon="2.983800">
        <ele>8.1</ele>
      </trkpt>
      <trkpt lat="42.726470" lon="2.983630">
        <ele>8</ele>
      </trkpt>
      <trkpt lat="42.726960" lon="2.983810">
        <ele>8.8</ele>
      </trkpt>
      <trkpt lat="42.727000" lon="2.983770">
        <ele>8.7</ele>
      </trkpt>
      <trkpt lat="42.727110" lon="2.984030">
        <ele>8.7</ele>
      </trkpt>
      <trkpt lat="42.727560" lon="2.984180">
        <ele>8</ele>
      </trkpt>
      <trkpt lat="42.727630" lon="2.984130">
        <ele>8.1</ele>
      </trkpt>
      <trkpt lat="42.727730" lon="2.983600">
        <ele>8.4</ele>
      </trkpt>
      <trkpt lat="42.728250" lon="2.983520">
        <ele>8</ele>
      </trkpt>
      <trkpt lat="42.728850" lon="2.983410">
        <ele>7.8</ele>
      </trkpt>
      <trkpt lat="42.728980" lon="2.983350">
        <ele>7.9</ele>
      </trkpt>
      <trkpt lat="42.729020" lon="2.982310">
        <ele>7.8</ele>
      </trkpt>
      <trkpt lat="42.729170" lon="2.982080">
        <ele>7.5</ele>
      </trkpt>
      <trkpt lat="42.729520" lon="2.981800">
        <ele>8</ele>
      </trkpt>
      <trkpt lat="42.729800" lon="2.981480">
        <ele>8</ele>
      </trkpt>
      <trkpt lat="42.729980" lon="2.981050">
        <ele>7.8</ele>
      </trkpt>
      <trkpt lat="42.730180" lon="2.980670">
        <ele>7.9</ele>
      </trkpt>
      <trkpt lat="42.731090" lon="2.979390">
        <ele>8</ele>
      </trkpt>
      <trkpt lat="42.731550" lon="2.979000">
        <ele>8.2</ele>
      </trkpt>
      <trkpt lat="42.731640" lon="2.978970">
        <ele>8</ele>
      </trkpt>
      <trkpt lat="42.732540" lon="2.978260">
        <ele>8</ele>
      </trkpt>
      <trkpt lat="42.733000" lon="2.977790">
        <ele>8</ele>
      </trkpt>
      <trkpt lat="42.733240" lon="2.977580">
        <ele>8</ele>
      </trkpt>
      <trkpt lat="42.734860" lon="2.976480">
        <ele>8</ele>
      </trkpt>
      <trkpt lat="42.734910" lon="2.976330">
        <ele>8</ele>
      </trkpt>
      <trkpt lat="42.734920" lon="2.975850">
        <ele>8</ele>
      </trkpt>
      <trkpt lat="42.734980" lon="2.975420">
        <ele>8</ele>
      </trkpt>
      <trkpt lat="42.735690" lon="2.975530">
        <ele>8</ele>
      </trkpt>
      <trkpt lat="42.735870" lon="2.975560">
        <ele>8</ele>
      </trkpt>
      <trkpt lat="42.736000" lon="2.975410">
        <ele>8</ele>
      </trkpt>
      <trkpt lat="42.736150" lon="2.974980">
        <ele>8</ele>
      </trkpt>
      <trkpt lat="42.736300" lon="2.974830">
        <ele>8</ele>
      </trkpt>
      <trkpt lat="42.736960" lon="2.974730">
        <ele>8</ele>
      </trkpt>
      <trkpt lat="42.737350" lon="2.974640">
        <ele>8</ele>
      </trkpt>
      <trkpt lat="42.737720" lon="2.974420">
        <ele>9</ele>
      </trkpt>
      <trkpt lat="42.738560" lon="2.974360">
        <ele>8</ele>
      </trkpt>
      <trkpt lat="42.739090" lon="2.974380">
        <ele>7.7</ele>
      </trkpt>
      <trkpt lat="42.739510" lon="2.974300">
        <ele>8</ele>
      </trkpt>
      <trkpt lat="42.741300" lon="2.974200">
        <ele>7.28</ele>
      </trkpt>
      <trkpt lat="42.742980" lon="2.973360">
        <ele>7.7</ele>
      </trkpt>
      <trkpt lat="42.744270" lon="2.973110">
        <ele>6.9</ele>
      </trkpt>
      <trkpt lat="42.745010" lon="2.973030">
        <ele>6.1</ele>
      </trkpt>
      <trkpt lat="42.745290" lon="2.973080">
        <ele>6.9</ele>
      </trkpt>
      <trkpt lat="42.745710" lon="2.973200">
        <ele>6.5</ele>
      </trkpt>
      <trkpt lat="42.745970" lon="2.973300">
        <ele>6.1</ele>
      </trkpt>
      <trkpt lat="42.746400" lon="2.973320">
        <ele>6</ele>
      </trkpt>
      <trkpt lat="42.746690" lon="2.973290">
        <ele>6.1</ele>
      </trkpt>
      <trkpt lat="42.746920" lon="2.973190">
        <ele>7</ele>
      </trkpt>
      <trkpt lat="42.747220" lon="2.972960">
        <ele>6.4</ele>
      </trkpt>
      <trkpt lat="42.747460" lon="2.972700">
        <ele>6.1</ele>
      </trkpt>
      <trkpt lat="42.748190" lon="2.972380">
        <ele>7</ele>
      </trkpt>
      <trkpt lat="42.748560" lon="2.972270">
        <ele>5.3</ele>
      </trkpt>
      <trkpt lat="42.749930" lon="2.972310">
        <ele>6.9</ele>
      </trkpt>
      <trkpt lat="42.751180" lon="2.972290">
        <ele>7.8</ele>
      </trkpt>
      <trkpt lat="42.751690" lon="2.972190">
        <ele>7.2</ele>
      </trkpt>
      <trkpt lat="42.751950" lon="2.972270">
        <ele>7.8</ele>
      </trkpt>
      <trkpt lat="42.752670" lon="2.972680">
        <ele>7</ele>
      </trkpt>
      <trkpt lat="42.753140" lon="2.972960">
        <ele>7</ele>
      </trkpt>
      <trkpt lat="42.753420" lon="2.973190">
        <ele>7</ele>
      </trkpt>
      <trkpt lat="42.753820" lon="2.973530">
        <ele>7</ele>
      </trkpt>
      <trkpt lat="42.756090" lon="2.975000">
        <ele>6</ele>
      </trkpt>
      <trkpt lat="42.757000" lon="2.976210">
        <ele>6.7</ele>
      </trkpt>
      <trkpt lat="42.757770" lon="2.977100">
        <ele>7</ele>
      </trkpt>
      <trkpt lat="42.758520" lon="2.977960">
        <ele>6.8</ele>
      </trkpt>
      <trkpt lat="42.758960" lon="2.978410">
        <ele>6.8</ele>
      </trkpt>
      <trkpt lat="42.759440" lon="2.978760">
        <ele>7</ele>
      </trkpt>
      <trkpt lat="42.760110" lon="2.979320">
        <ele>6.7</ele>
      </trkpt>
      <trkpt lat="42.760560" lon="2.979770">
        <ele>5.987</ele>
      </trkpt>
      <trkpt lat="42.761590" lon="2.982010">
        <ele>5.439</ele>
      </trkpt>
      <trkpt lat="42.761790" lon="2.982270">
        <ele>7.7</ele>
      </trkpt>
      <trkpt lat="42.761920" lon="2.982280">
        <ele>8.6</ele>
      </trkpt>
      <trkpt lat="42.763120" lon="2.985410">
        <ele>6.9</ele>
      </trkpt>
      <trkpt lat="42.763270" lon="2.986120">
        <ele>6.8</ele>
      </trkpt>
      <trkpt lat="42.763390" lon="2.987120">
        <ele>8.7</ele>
      </trkpt>
      <trkpt lat="42.764350" lon="2.986830">
        <ele>8.5</ele>
      </trkpt>
      <trkpt lat="42.764370" lon="2.987090">
        <ele>8.1</ele>
      </trkpt>
      <trkpt lat="42.764430" lon="2.987620">
        <ele>8.6</ele>
      </trkpt>
      <trkpt lat="42.764990" lon="2.990990">
        <ele>7.8</ele>
      </trkpt>
      <trkpt lat="42.765690" lon="2.995120">
        <ele>4.6</ele>
      </trkpt>
      <trkpt lat="42.766060" lon="2.996670">
        <ele>5.4</ele>
      </trkpt>
      <trkpt lat="42.768830" lon="3.006760">
        <ele>4.6</ele>
      </trkpt>
      <trkpt lat="42.770040" lon="3.011130">
        <ele>4.6</ele>
      </trkpt>
      <trkpt lat="42.770370" lon="3.012530">
        <ele>2.9</ele>
      </trkpt>
      <trkpt lat="42.770600" lon="3.013630">
        <ele>4.6</ele>
      </trkpt>
      <trkpt lat="42.770870" lon="3.015490">
        <ele>4.8</ele>
      </trkpt>
      <trkpt lat="42.770970" lon="3.016530">
        <ele>2.2</ele>
      </trkpt>
      <trkpt lat="42.770950" lon="3.017070">
        <ele>4.9</ele>
      </trkpt>
      <trkpt lat="42.771000" lon="3.017580">
        <ele>5</ele>
      </trkpt>
      <trkpt lat="42.771100" lon="3.018400">
        <ele>5</ele>
      </trkpt>
      <trkpt lat="42.771220" lon="3.022420">
        <ele>2.5</ele>
      </trkpt>
      <trkpt lat="42.771220" lon="3.023360">
        <ele>2.7</ele>
      </trkpt>
      <trkpt lat="42.771300" lon="3.023900">
        <ele>3.4</ele>
      </trkpt>
      <trkpt lat="42.771700" lon="3.025160">
        <ele>3.3</ele>
      </trkpt>
      <trkpt lat="42.772030" lon="3.025680">
        <ele>3.2</ele>
      </trkpt>
      <trkpt lat="42.772580" lon="3.026320">
        <ele>2.5</ele>
      </trkpt>
      <trkpt lat="42.773530" lon="3.027260">
        <ele>2.5</ele>
      </trkpt>
      <trkpt lat="42.777060" lon="3.030640">
        <ele>2.7</ele>
      </trkpt>
      <trkpt lat="42.777900" lon="3.031590">
        <ele>1.7</ele>
      </trkpt>
      <trkpt lat="42.778430" lon="3.032450">
        <ele>1.5</ele>
      </trkpt>
      <trkpt lat="42.779100" lon="3.034030">
        <ele>3.5</ele>
      </trkpt>
      <trkpt lat="42.779740" lon="3.036180">
        <ele>2.5</ele>
      </trkpt>
      <trkpt lat="42.780290" lon="3.037780">
        <ele>2</ele>
      </trkpt>
      <trkpt lat="42.780520" lon="3.037850">
        <ele>2.8</ele>
      </trkpt>
      <trkpt lat="42.780910" lon="3.037900">
        <ele>2.5</ele>
      </trkpt>
      <trkpt lat="42.784110" lon="3.038170">
        <ele>2.9</ele>
      </trkpt>
      <trkpt lat="42.784400" lon="3.038130">
        <ele>3</ele>
      </trkpt>
      <trkpt lat="42.784450" lon="3.038520">
        <ele>3</ele>
      </trkpt>
      <trkpt lat="42.788090" lon="3.038170">
        <ele>3</ele>
      </trkpt>
      <trkpt lat="42.790070" lon="3.037940">
        <ele>3</ele>
      </trkpt>
      <trkpt lat="42.790220" lon="3.038000">
        <ele>3</ele>
      </trkpt>
      <trkpt lat="42.790710" lon="3.038570">
        <ele>3</ele>
      </trkpt>
      <trkpt lat="42.790980" lon="3.038630">
        <ele>3</ele>
      </trkpt>
      <trkpt lat="42.792210" lon="3.038630">
        <ele>2.9</ele>
      </trkpt>
      <trkpt lat="42.792220" lon="3.038210">
        <ele>3</ele>
      </trkpt>
      <trkpt lat="42.793250" lon="3.038190">
        <ele>3</ele>
      </trkpt>
      <trkpt lat="42.793380" lon="3.038300">
        <ele>2.8</ele>
      </trkpt>
      <trkpt lat="42.793700" lon="3.038290">
        <ele>2</ele>
      </trkpt>
      <trkpt lat="42.793840" lon="3.038130">
        <ele>2</ele>
      </trkpt>
      <trkpt lat="42.794010" lon="3.038110">
        <ele>2</ele>
      </trkpt>
      <trkpt lat="42.794270" lon="3.038280">
        <ele>2.4</ele>
      </trkpt>
      <trkpt lat="42.794860" lon="3.038280">
        <ele>3</ele>
      </trkpt>
      <trkpt lat="42.795820" lon="3.038330">
        <ele>3</ele>
      </trkpt>
      <trkpt lat="42.796290" lon="3.036810">
        <ele>2</ele>
      </trkpt>
      <trkpt lat="42.796400" lon="3.036760">
        <ele>2</ele>
      </trkpt>
      <trkpt lat="42.796540" lon="3.036660">
        <ele>2</ele>
      </trkpt>
      <trkpt lat="42.799560" lon="3.036890">
        <ele>2</ele>
      </trkpt>
      <trkpt lat="42.799570" lon="3.036770">
        <ele>2</ele>
      </trkpt>
      <trkpt lat="42.799630" lon="3.036600">
        <ele>1.8</ele>
      </trkpt>
      <trkpt lat="42.799850" lon="3.036200">
        <ele>1.1</ele>
      </trkpt>
      <trkpt lat="42.800920" lon="3.033980">
        <ele>1.8</ele>
      </trkpt>
      <trkpt lat="42.800970" lon="3.033760">
        <ele>1.8</ele>
      </trkpt>
      <trkpt lat="42.800640" lon="3.033380">
        <ele>1</ele>
      </trkpt>
      <trkpt lat="42.801230" lon="3.032220">
        <ele>1</ele>
      </trkpt>
      <trkpt lat="42.803510" lon="3.032300">
        <ele>4</ele>
      </trkpt>
      <trkpt lat="42.803490" lon="3.032910">
        <ele>3.9</ele>
      </trkpt>
      <trkpt lat="42.803530" lon="3.032950">
        <ele>3.7</ele>
      </trkpt>
      <trkpt lat="42.803530" lon="3.032960">
        <ele>3.7</ele>
      </trkpt>
      <trkpt lat="42.805020" lon="3.033010">
        <ele>1.94</ele>
      </trkpt>
      <trkpt lat="42.805870" lon="3.033050">
        <ele>1.2</ele>
      </trkpt>
      <trkpt lat="42.806010" lon="3.033220">
        <ele>1.9</ele>
      </trkpt>
      <trkpt lat="42.808360" lon="3.033330">
        <ele>2</ele>
      </trkpt>
      <trkpt lat="42.808460" lon="3.033400">
        <ele>2</ele>
      </trkpt>
      <trkpt lat="42.809340" lon="3.033380">
        <ele>2</ele>
      </trkpt>
      <trkpt lat="42.809470" lon="3.033190">
        <ele>2</ele>
      </trkpt>
      <trkpt lat="42.809560" lon="3.032910">
        <ele>2</ele>
      </trkpt>
      <trkpt lat="42.809620" lon="3.032840">
        <ele>2</ele>
      </trkpt>
      <trkpt lat="42.809780" lon="3.032770">
        <ele>1.8</ele>
      </trkpt>
      <trkpt lat="42.809860" lon="3.032730">
        <ele>1.5</ele>
      </trkpt>
      <trkpt lat="42.809960" lon="3.031930">
        <ele>1.2</ele>
      </trkpt>
      <trkpt lat="42.810260" lon="3.031930">
        <ele>1</ele>
      </trkpt>
      <trkpt lat="42.810610" lon="3.032020">
        <ele>1</ele>
      </trkpt>
      <trkpt lat="42.812030" lon="3.032350">
        <ele>1</ele>
      </trkpt>
      <trkpt lat="42.812740" lon="3.032540">
        <ele>1</ele>
      </trkpt>
      <trkpt lat="42.817310" lon="3.033550">
        <ele>1</ele>
      </trkpt>
      <trkpt lat="42.818130" lon="3.033810">
        <ele>1</ele>
      </trkpt>
      <trkpt lat="42.821530" lon="3.034610">
        <ele>1.6</ele>
      </trkpt>
      <trkpt lat="42.821760" lon="3.034670">
        <ele>1.9</ele>
      </trkpt>
      <trkpt lat="42.821910" lon="3.034610">
        <ele>1.9</ele>
      </trkpt>
      <trkpt lat="42.822130" lon="3.034590">
        <ele>2</ele>
      </trkpt>
      <trkpt lat="42.822610" lon="3.034620">
        <ele>2</ele>
      </trkpt>
      <trkpt lat="42.822980" lon="3.034560">
        <ele>2</ele>
      </trkpt>
      <trkpt lat="42.823290" lon="3.034380">
        <ele>1.8</ele>
      </trkpt>
      <trkpt lat="42.823440" lon="3.034360">
        <ele>1.8</ele>
      </trkpt>
      <trkpt lat="42.823570" lon="3.034410">
        <ele>2</ele>
      </trkpt>
      <trkpt lat="42.824180" lon="3.031980">
        <ele>2</ele>
      </trkpt>
      <trkpt lat="42.824260" lon="3.031880">
        <ele>2</ele>
      </trkpt>
      <trkpt lat="42.824450" lon="3.030970">
        <ele>2</ele>
      </trkpt>
      <trkpt lat="42.824550" lon="3.030890">
        <ele>1.7</ele>
      </trkpt>
      <trkpt lat="42.824620" lon="3.030690">
        <ele>1.7</ele>
      </trkpt>
      <trkpt lat="42.824660" lon="3.030560">
        <ele>2</ele>
      </trkpt>
      <trkpt lat="42.824800" lon="3.030610">
        <ele>1.9</ele>
      </trkpt>
      <trkpt lat="42.825130" lon="3.030850">
        <ele>1.6</ele>
      </trkpt>
      <trkpt lat="42.825740" lon="3.031020">
        <ele>1.9</ele>
      </trkpt>
      <trkpt lat="42.826270" lon="3.031210">
        <ele>1.4</ele>
      </trkpt>
      <trkpt lat="42.826580" lon="3.031390">
        <ele>1</ele>
      </trkpt>
      <trkpt lat="42.826840" lon="3.031590">
        <ele>1.9</ele>
      </trkpt>
      <trkpt lat="42.827240" lon="3.032110">
        <ele>1.9</ele>
      </trkpt>
      <trkpt lat="42.827700" lon="3.032490">
        <ele>1.3</ele>
      </trkpt>
      <trkpt lat="42.827940" lon="3.032600">
        <ele>1.1</ele>
      </trkpt>
      <trkpt lat="42.828360" lon="3.032700">
        <ele>1</ele>
      </trkpt>
      <trkpt lat="42.829010" lon="3.032760">
        <ele>1</ele>
      </trkpt>
      <trkpt lat="42.830130" lon="3.033020">
        <ele>1</ele>
      </trkpt>
      <trkpt lat="42.830440" lon="3.033210">
        <ele>1</ele>
      </trkpt>
      <trkpt lat="42.830690" lon="3.033480">
        <ele>1</ele>
      </trkpt>
      <trkpt lat="42.830870" lon="3.033550">
        <ele>1</ele>
      </trkpt>
      <trkpt lat="42.831400" lon="3.034100">
        <ele>1</ele>
      </trkpt>
      <trkpt lat="42.832020" lon="3.034480">
        <ele>1</ele>
      </trkpt>
      <trkpt lat="42.832190" lon="3.034530">
        <ele>1</ele>
      </trkpt>
      <trkpt lat="42.832360" lon="3.034410">
        <ele>1</ele>
      </trkpt>
      <trkpt lat="42.833770" lon="3.035560">
        <ele>2</ele>
      </trkpt>
      <trkpt lat="42.833770" lon="3.035560">
        <ele>2</ele>
      </trkpt>
      <trkpt lat="42.834190" lon="3.035520">
        <ele>2.1</ele>
      </trkpt>
      <trkpt lat="42.834560" lon="3.035380">
        <ele>3</ele>
      </trkpt>
      <trkpt lat="42.834800" lon="3.035340">
        <ele>3</ele>
      </trkpt>
      <trkpt lat="42.835230" lon="3.035450">
        <ele>1.9</ele>
      </trkpt>
      <trkpt lat="42.835450" lon="3.035430">
        <ele>1.8</ele>
      </trkpt>
      <trkpt lat="42.835680" lon="3.035480">
        <ele>1.6</ele>
      </trkpt>
      <trkpt lat="42.836400" lon="3.035770">
        <ele>1</ele>
      </trkpt>
      <trkpt lat="42.836570" lon="3.036110">
        <ele>1</ele>
      </trkpt>
      <trkpt lat="42.836660" lon="3.036410">
        <ele>1</ele>
      </trkpt>
      <trkpt lat="42.836650" lon="3.036720">
        <ele>1.3</ele>
      </trkpt>
      <trkpt lat="42.836680" lon="3.036900">
        <ele>1.9</ele>
      </trkpt>
      <trkpt lat="42.837190" lon="3.037580">
        <ele>1</ele>
      </trkpt>
      <trkpt lat="42.837250" lon="3.037590">
        <ele>1.1</ele>
      </trkpt>
      <trkpt lat="42.837410" lon="3.037480">
        <ele>1.7</ele>
      </trkpt>
      <trkpt lat="42.838100" lon="3.036570">
        <ele>1</ele>
      </trkpt>
      <trkpt lat="42.838250" lon="3.036550">
        <ele>1</ele>
      </trkpt>
      <trkpt lat="42.840970" lon="3.036580">
        <ele>1</ele>
      </trkpt>
      <trkpt lat="42.841100" lon="3.036640">
        <ele>1</ele>
      </trkpt>
      <trkpt lat="42.841110" lon="3.036740">
        <ele>1</ele>
      </trkpt>
      <trkpt lat="42.841190" lon="3.036770">
        <ele>1.1</ele>
      </trkpt>
      <trkpt lat="42.841240" lon="3.036700">
        <ele>1.1</ele>
      </trkpt>
      <trkpt lat="42.841380" lon="3.036640">
        <ele>1</ele>
      </trkpt>
      <trkpt lat="42.841660" lon="3.036670">
        <ele>1</ele>
      </trkpt>
      <trkpt lat="42.842900" lon="3.036830">
        <ele>1.7</ele>
      </trkpt>
      <trkpt lat="42.843000" lon="3.036910">
        <ele>1.8</ele>
      </trkpt>
      <trkpt lat="42.843880" lon="3.037030">
        <ele>1.7</ele>
      </trkpt>
      <trkpt lat="42.844020" lon="3.036980">
        <ele>1.9</ele>
      </trkpt>
      <trkpt lat="42.844310" lon="3.037020">
        <ele>1.7</ele>
      </trkpt>
      <trkpt lat="42.844420" lon="3.037100">
        <ele>1.4</ele>
      </trkpt>
      <trkpt lat="42.845160" lon="3.037200">
        <ele>1.1</ele>
      </trkpt>
      <trkpt lat="42.845300" lon="3.037150">
        <ele>1.3</ele>
      </trkpt>
      <trkpt lat="42.845300" lon="3.037100">
        <ele>1.5</ele>
      </trkpt>
      <trkpt lat="42.847180" lon="3.037150">
        <ele>1.3</ele>
      </trkpt>
      <trkpt lat="42.847680" lon="3.037200">
        <ele>2</ele>
      </trkpt>
      <trkpt lat="42.848220" lon="3.037340">
        <ele>2</ele>
      </trkpt>
      <trkpt lat="42.848590" lon="3.037290">
        <ele>2</ele>
      </trkpt>
      <trkpt lat="42.848860" lon="3.037240">
        <ele>2</ele>
      </trkpt>
      <trkpt lat="42.849130" lon="3.037100">
        <ele>2</ele>
      </trkpt>
      <trkpt lat="42.849350" lon="3.036930">
        <ele>2</ele>
      </trkpt>
      <trkpt lat="42.849600" lon="3.036650">
        <ele>2</ele>
      </trkpt>
      <trkpt lat="42.850220" lon="3.035820">
        <ele>2.8</ele>
      </trkpt>
      <trkpt lat="42.850210" lon="3.035740">
        <ele>2.8</ele>
      </trkpt>
      <trkpt lat="42.850170" lon="3.035720">
        <ele>2.6</ele>
      </trkpt>
      <trkpt lat="42.850630" lon="3.035030">
        <ele>2.4</ele>
      </trkpt>
      <trkpt lat="42.851180" lon="3.034310">
        <ele>2.8</ele>
      </trkpt>
      <trkpt lat="42.851360" lon="3.034040">
        <ele>3</ele>
      </trkpt>
      <trkpt lat="42.851410" lon="3.034010">
        <ele>2.9</ele>
      </trkpt>
      <trkpt lat="42.851870" lon="3.033420">
        <ele>4.3</ele>
      </trkpt>
      <trkpt lat="42.851990" lon="3.033370">
        <ele>4.7</ele>
      </trkpt>
      <trkpt lat="42.852100" lon="3.033410">
        <ele>4.2</ele>
      </trkpt>
      <trkpt lat="42.853520" lon="3.035330">
        <ele>4.2</ele>
      </trkpt>
      <trkpt lat="42.853520" lon="3.035470">
        <ele>3.9</ele>
      </trkpt>
      <trkpt lat="42.853500" lon="3.035610">
        <ele>3.5</ele>
      </trkpt>
      <trkpt lat="42.853430" lon="3.035770">
        <ele>3.1</ele>
      </trkpt>
      <trkpt lat="42.853070" lon="3.036160">
        <ele>2.8</ele>
      </trkpt>
      <trkpt lat="42.852800" lon="3.036510">
        <ele>2</ele>
      </trkpt>
      <trkpt lat="42.852600" lon="3.036590">
        <ele>2</ele>
      </trkpt>
      <trkpt lat="42.851910" lon="3.036610">
        <ele>2</ele>
      </trkpt>
      <trkpt lat="42.851790" lon="3.036580">
        <ele>2.2</ele>
      </trkpt>
      <trkpt lat="42.851640" lon="3.036450">
        <ele>2.7</ele>
      </trkpt>
      <trkpt lat="42.851570" lon="3.036240">
        <ele>2.1</ele>
      </trkpt>
      <trkpt lat="42.851570" lon="3.036000">
        <ele>3.9</ele>
      </trkpt>
      <trkpt lat="42.851710" lon="3.035730">
        <ele>6.9</ele>
      </trkpt>
      <trkpt lat="42.851920" lon="3.035570">
        <ele>7.6</ele>
      </trkpt>
      <trkpt lat="42.852770" lon="3.034950">
        <ele>10.2</ele>
      </trkpt>
      <trkpt lat="42.852910" lon="3.034810">
        <ele>8.3</ele>
      </trkpt>
      <trkpt lat="42.854480" lon="3.033740">
        <ele>14.2</ele>
      </trkpt>
      <trkpt lat="42.857470" lon="3.031650">
        <ele>14.2</ele>
      </trkpt>
      <trkpt lat="42.859210" lon="3.030490">
        <ele>8.6</ele>
      </trkpt>
      <trkpt lat="42.860390" lon="3.029950">
        <ele>5.4</ele>
      </trkpt>
      <trkpt lat="42.861420" lon="3.029690">
        <ele>3</ele>
      </trkpt>
      <trkpt lat="42.862210" lon="3.029630">
        <ele>1.3</ele>
      </trkpt>
      <trkpt lat="42.862920" lon="3.029650">
        <ele>1.6</ele>
      </trkpt>
      <trkpt lat="42.862960" lon="3.029760">
        <ele>1.7</ele>
      </trkpt>
      <trkpt lat="42.862920" lon="3.029940">
        <ele>1.5</ele>
      </trkpt>
      <trkpt lat="42.863850" lon="3.030720">
        <ele>2</ele>
      </trkpt>
      <trkpt lat="42.863940" lon="3.031170">
        <ele>2</ele>
      </trkpt>
      <trkpt lat="42.864020" lon="3.031450">
        <ele>2</ele>
      </trkpt>
      <trkpt lat="42.864090" lon="3.031600">
        <ele>2</ele>
      </trkpt>
      <trkpt lat="42.864250" lon="3.031770">
        <ele>2</ele>
      </trkpt>
      <trkpt lat="42.864800" lon="3.032230">
        <ele>2</ele>
      </trkpt>
      <trkpt lat="42.865030" lon="3.032330">
        <ele>2</ele>
      </trkpt>
      <trkpt lat="42.865260" lon="3.032350">
        <ele>2</ele>
      </trkpt>
      <trkpt lat="42.865700" lon="3.032610">
        <ele>2</ele>
      </trkpt>
      <trkpt lat="42.865840" lon="3.032660">
        <ele>2</ele>
      </trkpt>
      <trkpt lat="42.865990" lon="3.032680">
        <ele>2</ele>
      </trkpt>
      <trkpt lat="42.866280" lon="3.032580">
        <ele>2</ele>
      </trkpt>
      <trkpt lat="42.866850" lon="3.032470">
        <ele>2</ele>
      </trkpt>
      <trkpt lat="42.866990" lon="3.032520">
        <ele>2</ele>
      </trkpt>
      <trkpt lat="42.867220" lon="3.032530">
        <ele>2</ele>
      </trkpt>
      <trkpt lat="42.867510" lon="3.032640">
        <ele>2.5</ele>
      </trkpt>
      <trkpt lat="42.868200" lon="3.033220">
        <ele>2</ele>
      </trkpt>
      <trkpt lat="42.868320" lon="3.033390">
        <ele>2</ele>
      </trkpt>
      <trkpt lat="42.868410" lon="3.033780">
        <ele>2</ele>
      </trkpt>
      <trkpt lat="42.868520" lon="3.034080">
        <ele>2</ele>
      </trkpt>
      <trkpt lat="42.869450" lon="3.034760">
        <ele>2</ele>
      </trkpt>
      <trkpt lat="42.869490" lon="3.034850">
        <ele>2</ele>
      </trkpt>
      <trkpt lat="42.869370" lon="3.035100">
        <ele>2</ele>
      </trkpt>
      <trkpt lat="42.869420" lon="3.035250">
        <ele>2</ele>
      </trkpt>
      <trkpt lat="42.869490" lon="3.035340">
        <ele>1.8</ele>
      </trkpt>
      <trkpt lat="42.870660" lon="3.036200">
        <ele>2</ele>
      </trkpt>
      <trkpt lat="42.871910" lon="3.037210">
        <ele>2</ele>
      </trkpt>
      <trkpt lat="42.872270" lon="3.037440">
        <ele>2</ele>
      </trkpt>
      <trkpt lat="42.872350" lon="3.037470">
        <ele>2</ele>
      </trkpt>
      <trkpt lat="42.872610" lon="3.037410">
        <ele>2</ele>
      </trkpt>
      <trkpt lat="42.872920" lon="3.037240">
        <ele>2</ele>
      </trkpt>
      <trkpt lat="42.873180" lon="3.037190">
        <ele>2</ele>
      </trkpt>
      <trkpt lat="42.873320" lon="3.037240">
        <ele>2</ele>
      </trkpt>
      <trkpt lat="42.874030" lon="3.037820">
        <ele>2</ele>
      </trkpt>
      <trkpt lat="42.874270" lon="3.038040">
        <ele>2.4</ele>
      </trkpt>
      <trkpt lat="42.874400" lon="3.038790">
        <ele>3.1</ele>
      </trkpt>
      <trkpt lat="42.874520" lon="3.039360">
        <ele>3.8</ele>
      </trkpt>
      <trkpt lat="42.874560" lon="3.039710">
        <ele>3.8</ele>
      </trkpt>
      <trkpt lat="42.874540" lon="3.039850">
        <ele>3.9</ele>
      </trkpt>
      <trkpt lat="42.874300" lon="3.040410">
        <ele>3.9</ele>
      </trkpt>
      <trkpt lat="42.874300" lon="3.040550">
        <ele>4.3</ele>
      </trkpt>
      <trkpt lat="42.874320" lon="3.040620">
        <ele>4.4</ele>
      </trkpt>
      <trkpt lat="42.874950" lon="3.041170">
        <ele>4.3</ele>
      </trkpt>
      <trkpt lat="42.875500" lon="3.041670">
        <ele>4.8</ele>
      </trkpt>
      <trkpt lat="42.875570" lon="3.041690">
        <ele>5</ele>
      </trkpt>
      <trkpt lat="42.877140" lon="3.041150">
        <ele>5</ele>
      </trkpt>
      <trkpt lat="42.877240" lon="3.041140">
        <ele>4.9</ele>
      </trkpt>
      <trkpt lat="42.877390" lon="3.041190">
        <ele>4.6</ele>
      </trkpt>
      <trkpt lat="42.877510" lon="3.041260">
        <ele>4.5</ele>
      </trkpt>
      <trkpt lat="42.879210" lon="3.042660">
        <ele>4.8</ele>
      </trkpt>
      <trkpt lat="42.879290" lon="3.042770">
        <ele>4.5</ele>
      </trkpt>
      <trkpt lat="42.879440" lon="3.043290">
        <ele>4.1</ele>
      </trkpt>
      <trkpt lat="42.879650" lon="3.043430">
        <ele>5.2</ele>
      </trkpt>
      <trkpt lat="42.879990" lon="3.043820">
        <ele>5.2</ele>
      </trkpt>
      <trkpt lat="42.881010" lon="3.044870">
        <ele>5.8</ele>
      </trkpt>
      <trkpt lat="42.881390" lon="3.045220">
        <ele>6</ele>
      </trkpt>
      <trkpt lat="42.881680" lon="3.045570">
        <ele>5.9</ele>
      </trkpt>
      <trkpt lat="42.881940" lon="3.045840">
        <ele>4</ele>
      </trkpt>
      <trkpt lat="42.882040" lon="3.045970">
        <ele>3.7</ele>
      </trkpt>
      <trkpt lat="42.882240" lon="3.046400">
        <ele>2</ele>
      </trkpt>
      <trkpt lat="42.882330" lon="3.046370">
        <ele>2</ele>
      </trkpt>
      <trkpt lat="42.882430" lon="3.046390">
        <ele>2</ele>
      </trkpt>
      <trkpt lat="42.882520" lon="3.046510">
        <ele>2</ele>
      </trkpt>
      <trkpt lat="42.882560" lon="3.046700">
        <ele>2</ele>
      </trkpt>
      <trkpt lat="42.882640" lon="3.046620">
        <ele>2</ele>
      </trkpt>
      <trkpt lat="42.882810" lon="3.046570">
        <ele>2</ele>
      </trkpt>
      <trkpt lat="42.882950" lon="3.046620">
        <ele>1.9</ele>
      </trkpt>
      <trkpt lat="42.883390" lon="3.046890">
        <ele>2.6</ele>
      </trkpt>
      <trkpt lat="42.883620" lon="3.046900">
        <ele>1.8</ele>
      </trkpt>
      <trkpt lat="42.883910" lon="3.046860">
        <ele>1.6</ele>
      </trkpt>
      <trkpt lat="42.884070" lon="3.046950">
        <ele>1.3</ele>
      </trkpt>
      <trkpt lat="42.885280" lon="3.047910">
        <ele>2.9</ele>
      </trkpt>
      <trkpt lat="42.885490" lon="3.048150">
        <ele>2.3</ele>
      </trkpt>
      <trkpt lat="42.885670" lon="3.048410">
        <ele>1.9</ele>
      </trkpt>
      <trkpt lat="42.885660" lon="3.048650">
        <ele>1.5</ele>
      </trkpt>
      <trkpt lat="42.884740" lon="3.050540">
        <ele>1.9</ele>
      </trkpt>
      <trkpt lat="42.884710" lon="3.050760">
        <ele>2.7</ele>
      </trkpt>
      <trkpt lat="42.885340" lon="3.051270">
        <ele>2.2</ele>
      </trkpt>
      <trkpt lat="42.885590" lon="3.050900">
        <ele>1.6</ele>
      </trkpt>
      <trkpt lat="42.887100" lon="3.050310">
        <ele>1.1</ele>
      </trkpt>
      <trkpt lat="42.888000" lon="3.050110">
        <ele>1</ele>
      </trkpt>
      <trkpt lat="42.888320" lon="3.050140">
        <ele>1</ele>
      </trkpt>
      <trkpt lat="42.888460" lon="3.050090">
        <ele>1.3</ele>
      </trkpt>
      <trkpt lat="42.889460" lon="3.049350">
        <ele>1.7</ele>
      </trkpt>
      <trkpt lat="42.889640" lon="3.049300">
        <ele>1.5</ele>
      </trkpt>
      <trkpt lat="42.890050" lon="3.049320">
        <ele>1</ele>
      </trkpt>
      <trkpt lat="42.890190" lon="3.049300">
        <ele>1</ele>
      </trkpt>
      <trkpt lat="42.890260" lon="3.049370">
        <ele>1</ele>
      </trkpt>
      <trkpt lat="42.890790" lon="3.049530">
        <ele>1</ele>
      </trkpt>
      <trkpt lat="42.891220" lon="3.049640">
        <ele>1</ele>
      </trkpt>
      <trkpt lat="42.891380" lon="3.049730">
        <ele>1</ele>
      </trkpt>
      <trkpt lat="42.891820" lon="3.050040">
        <ele>1</ele>
      </trkpt>
      <trkpt lat="42.892020" lon="3.050110">
        <ele>1</ele>
      </trkpt>
      <trkpt lat="42.892710" lon="3.050180">
        <ele>1</ele>
      </trkpt>
      <trkpt lat="42.892930" lon="3.050180">
        <ele>1</ele>
      </trkpt>
      <trkpt lat="42.893270" lon="3.050290">
        <ele>1</ele>
      </trkpt>
      <trkpt lat="42.893430" lon="3.050320">
        <ele>1</ele>
      </trkpt>
      <trkpt lat="42.893730" lon="3.050320">
        <ele>1</ele>
      </trkpt>
      <trkpt lat="42.893950" lon="3.050340">
        <ele>1</ele>
      </trkpt>
      <trkpt lat="42.894320" lon="3.050460">
        <ele>1</ele>
      </trkpt>
      <trkpt lat="42.894680" lon="3.050660">
        <ele>1</ele>
      </trkpt>
      <trkpt lat="42.894860" lon="3.050790">
        <ele>1</ele>
      </trkpt>
      <trkpt lat="42.895260" lon="3.051170">
        <ele>1</ele>
      </trkpt>
      <trkpt lat="42.895810" lon="3.051470">
        <ele>1</ele>
      </trkpt>
      <trkpt lat="42.896020" lon="3.051560">
        <ele>1.4</ele>
      </trkpt>
      <trkpt lat="42.896300" lon="3.051640">
        <ele>1.3</ele>
      </trkpt>
      <trkpt lat="42.896750" lon="3.051720">
        <ele>1</ele>
      </trkpt>
      <trkpt lat="42.897240" lon="3.051840">
        <ele>1</ele>
      </trkpt>
      <trkpt lat="42.897980" lon="3.052110">
        <ele>1.2</ele>
      </trkpt>
      <trkpt lat="42.898390" lon="3.052230">
        <ele>1</ele>
      </trkpt>
      <trkpt lat="42.898500" lon="3.052280">
        <ele>1</ele>
      </trkpt>
      <trkpt lat="42.898730" lon="3.052390">
        <ele>1</ele>
      </trkpt>
      <trkpt lat="42.898970" lon="3.052440">
        <ele>1</ele>
      </trkpt>
      <trkpt lat="42.899780" lon="3.052470">
        <ele>1</ele>
      </trkpt>
      <trkpt lat="42.899960" lon="3.052580">
        <ele>1</ele>
      </trkpt>
      <trkpt lat="42.900520" lon="3.052840">
        <ele>2</ele>
      </trkpt>
      <trkpt lat="42.901140" lon="3.053210">
        <ele>2</ele>
      </trkpt>
      <trkpt lat="42.901690" lon="3.053340">
        <ele>2</ele>
      </trkpt>
      <trkpt lat="42.901690" lon="3.053450">
        <ele>1.6</ele>
      </trkpt>
      <trkpt lat="42.901520" lon="3.054110">
        <ele>1.5</ele>
      </trkpt>
      <trkpt lat="42.903620" lon="3.055170">
        <ele>2</ele>
      </trkpt>
      <trkpt lat="42.904170" lon="3.055470">
        <ele>2</ele>
      </trkpt>
      <trkpt lat="42.904290" lon="3.055510">
        <ele>2</ele>
      </trkpt>
      <trkpt lat="42.905030" lon="3.055880">
        <ele>2</ele>
      </trkpt>
      <trkpt lat="42.905170" lon="3.055870">
        <ele>2.1</ele>
      </trkpt>
      <trkpt lat="42.905240" lon="3.055900">
        <ele>2.2</ele>
      </trkpt>
      <trkpt lat="42.905790" lon="3.056170">
        <ele>2</ele>
      </trkpt>
      <trkpt lat="42.905830" lon="3.056290">
        <ele>2</ele>
      </trkpt>
      <trkpt lat="42.905860" lon="3.056330">
        <ele>2</ele>
      </trkpt>
      <trkpt lat="42.906900" lon="3.056850">
        <ele>3.5</ele>
      </trkpt>
      <trkpt lat="42.907720" lon="3.057120">
        <ele>5.7</ele>
      </trkpt>
      <trkpt lat="42.907750" lon="3.056860">
        <ele>9</ele>
      </trkpt>
      <trkpt lat="42.907950" lon="3.056160">
        <ele>23.8</ele>
      </trkpt>
      <trkpt lat="42.907650" lon="3.056030">
        <ele>22.8</ele>
      </trkpt>
      <trkpt lat="42.907740" lon="3.055670">
        <ele>31.2</ele>
      </trkpt>
      <trkpt lat="42.907710" lon="3.055510">
        <ele>34</ele>
      </trkpt>
      <trkpt lat="42.907330" lon="3.055220">
        <ele>40.5</ele>
      </trkpt>
      <trkpt lat="42.907330" lon="3.055130">
        <ele>42.3</ele>
      </trkpt>
      <trkpt lat="42.907370" lon="3.054950">
        <ele>45.1</ele>
      </trkpt>
      <trkpt lat="42.907310" lon="3.054660">
        <ele>45.5</ele>
      </trkpt>
      <trkpt lat="42.907380" lon="3.054320">
        <ele>46.5</ele>
      </trkpt>
      <trkpt lat="42.907440" lon="3.054240">
        <ele>46.4</ele>
      </trkpt>
      <trkpt lat="42.907530" lon="3.054180">
        <ele>46.2</ele>
      </trkpt>
      <trkpt lat="42.907820" lon="3.054310">
        <ele>47</ele>
      </trkpt>
      <trkpt lat="42.907890" lon="3.054370">
        <ele>47</ele>
      </trkpt>
      <trkpt lat="42.908270" lon="3.054840">
        <ele>46.9</ele>
      </trkpt>
      <trkpt lat="42.908750" lon="3.055010">
        <ele>47</ele>
      </trkpt>
      <trkpt lat="42.909260" lon="3.055260">
        <ele>47</ele>
      </trkpt>
      <trkpt lat="42.909740" lon="3.055690">
        <ele>47.5</ele>
      </trkpt>
      <trkpt lat="42.910190" lon="3.056240">
        <ele>49</ele>
      </trkpt>
      <trkpt lat="42.910990" lon="3.057020">
        <ele>49</ele>
      </trkpt>
      <trkpt lat="42.911540" lon="3.057430">
        <ele>48.1</ele>
      </trkpt>
      <trkpt lat="42.911830" lon="3.057430">
        <ele>48</ele>
      </trkpt>
      <trkpt lat="42.912710" lon="3.057120">
        <ele>48</ele>
      </trkpt>
      <trkpt lat="42.913230" lon="3.057210">
        <ele>47.4</ele>
      </trkpt>
      <trkpt lat="42.913660" lon="3.057410">
        <ele>47.6</ele>
      </trkpt>
      <trkpt lat="42.914090" lon="3.057800">
        <ele>47.7</ele>
      </trkpt>
      <trkpt lat="42.914350" lon="3.058060">
        <ele>47.7</ele>
      </trkpt>
      <trkpt lat="42.914710" lon="3.058300">
        <ele>48</ele>
      </trkpt>
      <trkpt lat="42.915110" lon="3.058350">
        <ele>47</ele>
      </trkpt>
      <trkpt lat="42.915340" lon="3.058300">
        <ele>47</ele>
      </trkpt>
      <trkpt lat="42.915730" lon="3.058020">
        <ele>46.4</ele>
      </trkpt>
      <trkpt lat="42.915890" lon="3.057970">
        <ele>45.7</ele>
      </trkpt>
      <trkpt lat="42.916130" lon="3.058200">
        <ele>42.4</ele>
      </trkpt>
      <trkpt lat="42.916310" lon="3.058420">
        <ele>40.1</ele>
      </trkpt>
      <trkpt lat="42.916520" lon="3.058530">
        <ele>38.7</ele>
      </trkpt>
      <trkpt lat="42.916850" lon="3.058670">
        <ele>38.5</ele>
      </trkpt>
      <trkpt lat="42.917000" lon="3.058840">
        <ele>39.2</ele>
      </trkpt>
      <trkpt lat="42.917380" lon="3.059480">
        <ele>40.9</ele>
      </trkpt>
      <trkpt lat="42.917620" lon="3.059640">
        <ele>41.3</ele>
      </trkpt>
      <trkpt lat="42.917740" lon="3.059690">
        <ele>41.8</ele>
      </trkpt>
      <trkpt lat="42.917850" lon="3.059770">
        <ele>40.8</ele>
      </trkpt>
      <trkpt lat="42.918150" lon="3.059620">
        <ele>40</ele>
      </trkpt>
      <trkpt lat="42.918460" lon="3.059500">
        <ele>39.1</ele>
      </trkpt>
      <trkpt lat="42.918730" lon="3.059400">
        <ele>39.9</ele>
      </trkpt>
      <trkpt lat="42.918900" lon="3.059090">
        <ele>39.5</ele>
      </trkpt>
      <trkpt lat="42.919090" lon="3.058830">
        <ele>38.3</ele>
      </trkpt>
      <trkpt lat="42.919160" lon="3.058710">
        <ele>37.6</ele>
      </trkpt>
      <trkpt lat="42.919190" lon="3.058690">
        <ele>37.7</ele>
      </trkpt>
      <trkpt lat="42.919240" lon="3.058740">
        <ele>38.1</ele>
      </trkpt>
      <trkpt lat="42.919270" lon="3.058770">
        <ele>38.3</ele>
      </trkpt>
      <trkpt lat="42.919310" lon="3.058780">
        <ele>38.4</ele>
      </trkpt>
      <trkpt lat="42.919340" lon="3.058820">
        <ele>38.7</ele>
      </trkpt>
      <trkpt lat="42.919560" lon="3.058950">
        <ele>39.1</ele>
      </trkpt>
      <trkpt lat="42.919740" lon="3.059050">
        <ele>39</ele>
      </trkpt>
      <trkpt lat="42.919850" lon="3.059020">
        <ele>38.8</ele>
      </trkpt>
      <trkpt lat="42.920050" lon="3.058980">
        <ele>37.2</ele>
      </trkpt>
      <trkpt lat="42.920220" lon="3.058850">
        <ele>37.4</ele>
      </trkpt>
      <trkpt lat="42.920380" lon="3.058690">
        <ele>29.6</ele>
      </trkpt>
      <trkpt lat="42.920560" lon="3.058460">
        <ele>28</ele>
      </trkpt>
      <trkpt lat="42.920600" lon="3.058200">
        <ele>30.3</ele>
      </trkpt>
      <trkpt lat="42.920820" lon="3.057810">
        <ele>27</ele>
      </trkpt>
      <trkpt lat="42.920900" lon="3.057420">
        <ele>29.6</ele>
      </trkpt>
      <trkpt lat="42.921020" lon="3.057070">
        <ele>30.6</ele>
      </trkpt>
      <trkpt lat="42.921110" lon="3.056860">
        <ele>33.1</ele>
      </trkpt>
      <trkpt lat="42.921080" lon="3.056700">
        <ele>34.1</ele>
      </trkpt>
      <trkpt lat="42.921020" lon="3.056570">
        <ele>34.6</ele>
      </trkpt>
      <trkpt lat="42.920940" lon="3.056420">
        <ele>35.2</ele>
      </trkpt>
      <trkpt lat="42.920910" lon="3.056300">
        <ele>35.6</ele>
      </trkpt>
      <trkpt lat="42.920940" lon="3.056180">
        <ele>35.5</ele>
      </trkpt>
      <trkpt lat="42.921050" lon="3.056120">
        <ele>35.2</ele>
      </trkpt>
      <trkpt lat="42.921190" lon="3.056130">
        <ele>34.3</ele>
      </trkpt>
      <trkpt lat="42.921350" lon="3.055940">
        <ele>33.8</ele>
      </trkpt>
      <trkpt lat="42.921360" lon="3.055840">
        <ele>34.1</ele>
      </trkpt>
      <trkpt lat="42.921360" lon="3.055550">
        <ele>34.1</ele>
      </trkpt>
      <trkpt lat="42.921420" lon="3.055330">
        <ele>34.9</ele>
      </trkpt>
      <trkpt lat="42.921540" lon="3.055210">
        <ele>35.8</ele>
      </trkpt>
      <trkpt lat="42.921660" lon="3.055100">
        <ele>36.6</ele>
      </trkpt>
      <trkpt lat="42.921720" lon="3.055050">
        <ele>36.9</ele>
      </trkpt>
      <trkpt lat="42.921790" lon="3.055020">
        <ele>37</ele>
      </trkpt>
      <trkpt lat="42.921860" lon="3.054950">
        <ele>37.2</ele>
      </trkpt>
      <trkpt lat="42.922000" lon="3.054860">
        <ele>37.5</ele>
      </trkpt>
      <trkpt lat="42.922070" lon="3.054800">
        <ele>37.7</ele>
      </trkpt>
      <trkpt lat="42.922130" lon="3.054790">
        <ele>37.8</ele>
      </trkpt>
      <trkpt lat="42.922330" lon="3.054760">
        <ele>37</ele>
      </trkpt>
      <trkpt lat="42.922480" lon="3.054740">
        <ele>37.1</ele>
      </trkpt>
      <trkpt lat="42.922700" lon="3.054540">
        <ele>33.5</ele>
      </trkpt>
      <trkpt lat="42.922850" lon="3.054430">
        <ele>33.4</ele>
      </trkpt>
      <trkpt lat="42.923040" lon="3.054210">
        <ele>37.4</ele>
      </trkpt>
      <trkpt lat="42.923140" lon="3.054040">
        <ele>37.5</ele>
      </trkpt>
      <trkpt lat="42.923290" lon="3.053970">
        <ele>35.7</ele>
      </trkpt>
      <trkpt lat="42.923510" lon="3.053850">
        <ele>37.8</ele>
      </trkpt>
      <trkpt lat="42.923620" lon="3.053830">
        <ele>36</ele>
      </trkpt>
      <trkpt lat="42.923970" lon="3.053860">
        <ele>39</ele>
      </trkpt>
      <trkpt lat="42.924210" lon="3.053800">
        <ele>38.8</ele>
      </trkpt>
      <trkpt lat="42.924330" lon="3.053620">
        <ele>41.2</ele>
      </trkpt>
      <trkpt lat="42.924580" lon="3.053510">
        <ele>41.4</ele>
      </trkpt>
      <trkpt lat="42.924810" lon="3.053340">
        <ele>42</ele>
      </trkpt>
      <trkpt lat="42.924920" lon="3.053260">
        <ele>42.5</ele>
      </trkpt>
      <trkpt lat="42.925010" lon="3.053320">
        <ele>42.1</ele>
      </trkpt>
      <trkpt lat="42.925130" lon="3.053380">
        <ele>41.8</ele>
      </trkpt>
      <trkpt lat="42.925190" lon="3.053460">
        <ele>41.4</ele>
      </trkpt>
      <trkpt lat="42.925240" lon="3.053520">
        <ele>41.2</ele>
      </trkpt>
      <trkpt lat="42.925390" lon="3.053470">
        <ele>41.7</ele>
      </trkpt>
      <trkpt lat="42.925500" lon="3.053390">
        <ele>42.4</ele>
      </trkpt>
      <trkpt lat="42.925480" lon="3.053150">
        <ele>43.6</ele>
      </trkpt>
      <trkpt lat="42.925470" lon="3.052930">
        <ele>44.5</ele>
      </trkpt>
      <trkpt lat="42.925520" lon="3.052580">
        <ele>45.6</ele>
      </trkpt>
      <trkpt lat="42.925530" lon="3.052460">
        <ele>45.9</ele>
      </trkpt>
      <trkpt lat="42.925460" lon="3.052200">
        <ele>46.1</ele>
      </trkpt>
      <trkpt lat="42.925480" lon="3.052030">
        <ele>46.5</ele>
      </trkpt>
      <trkpt lat="42.925560" lon="3.051990">
        <ele>46.8</ele>
      </trkpt>
      <trkpt lat="42.925670" lon="3.051750">
        <ele>47</ele>
      </trkpt>
      <trkpt lat="42.925710" lon="3.051580">
        <ele>47.2</ele>
      </trkpt>
      <trkpt lat="42.925820" lon="3.051470">
        <ele>47.7</ele>
      </trkpt>
      <trkpt lat="42.925820" lon="3.051280">
        <ele>48</ele>
      </trkpt>
      <trkpt lat="42.925750" lon="3.050860">
        <ele>48</ele>
      </trkpt>
      <trkpt lat="42.925770" lon="3.050660">
        <ele>48.5</ele>
      </trkpt>
      <trkpt lat="42.926330" lon="3.049270">
        <ele>51.1</ele>
      </trkpt>
      <trkpt lat="42.926490" lon="3.048780">
        <ele>48.4</ele>
      </trkpt>
      <trkpt lat="42.926600" lon="3.048620">
        <ele>49.7</ele>
      </trkpt>
      <trkpt lat="42.926830" lon="3.048050">
        <ele>44.6</ele>
      </trkpt>
      <trkpt lat="42.927070" lon="3.047320">
        <ele>42.4</ele>
      </trkpt>
      <trkpt lat="42.927140" lon="3.047020">
        <ele>44</ele>
      </trkpt>
      <trkpt lat="42.927170" lon="3.046760">
        <ele>47.3</ele>
      </trkpt>
      <trkpt lat="42.927170" lon="3.046390">
        <ele>50.2</ele>
      </trkpt>
      <trkpt lat="42.927200" lon="3.046160">
        <ele>50.8</ele>
      </trkpt>
      <trkpt lat="42.927260" lon="3.045960">
        <ele>50.3</ele>
      </trkpt>
      <trkpt lat="42.927530" lon="3.044910">
        <ele>48.9</ele>
      </trkpt>
      <trkpt lat="42.927720" lon="3.044580">
        <ele>47.8</ele>
      </trkpt>
      <trkpt lat="42.927670" lon="3.044360">
        <ele>51.1</ele>
      </trkpt>
      <trkpt lat="42.927690" lon="3.044160">
        <ele>52.3</ele>
      </trkpt>
      <trkpt lat="42.927930" lon="3.043330">
        <ele>49.5</ele>
      </trkpt>
      <trkpt lat="42.928130" lon="3.042890">
        <ele>49.7</ele>
      </trkpt>
      <trkpt lat="42.928220" lon="3.042600">
        <ele>46.1</ele>
      </trkpt>
      <trkpt lat="42.928210" lon="3.042080">
        <ele>45</ele>
      </trkpt>
      <trkpt lat="42.928260" lon="3.041690">
        <ele>46.2</ele>
      </trkpt>
      <trkpt lat="42.928510" lon="3.040480">
        <ele>42.9</ele>
      </trkpt>
      <trkpt lat="42.928700" lon="3.039960">
        <ele>43.8</ele>
      </trkpt>
      <trkpt lat="42.928930" lon="3.039550">
        <ele>43</ele>
      </trkpt>
      <trkpt lat="42.929110" lon="3.039260">
        <ele>43</ele>
      </trkpt>
      <trkpt lat="42.929200" lon="3.039200">
        <ele>42.6</ele>
      </trkpt>
      <trkpt lat="42.929290" lon="3.038940">
        <ele>42</ele>
      </trkpt>
      <trkpt lat="42.929470" lon="3.038850">
        <ele>38.4</ele>
      </trkpt>
      <trkpt lat="42.929480" lon="3.038800">
        <ele>37.5</ele>
      </trkpt>
      <trkpt lat="42.929480" lon="3.038680">
        <ele>38</ele>
      </trkpt>
      <trkpt lat="42.929520" lon="3.038540">
        <ele>37.1</ele>
      </trkpt>
      <trkpt lat="42.929650" lon="3.038300">
        <ele>33.5</ele>
      </trkpt>
      <trkpt lat="42.929760" lon="3.038220">
        <ele>28.6</ele>
      </trkpt>
      <trkpt lat="42.929810" lon="3.038310">
        <ele>25.8</ele>
      </trkpt>
      <trkpt lat="42.929960" lon="3.038370">
        <ele>19.2</ele>
      </trkpt>
      <trkpt lat="42.930270" lon="3.038390">
        <ele>11.2</ele>
      </trkpt>
      <trkpt lat="42.930520" lon="3.038050">
        <ele>8</ele>
      </trkpt>
      <trkpt lat="42.930730" lon="3.037920">
        <ele>6.1</ele>
      </trkpt>
      <trkpt lat="42.931050" lon="3.037440">
        <ele>6.4</ele>
      </trkpt>
      <trkpt lat="42.931760" lon="3.036570">
        <ele>3.2</ele>
      </trkpt>
      <trkpt lat="42.931890" lon="3.036770">
        <ele>2.7</ele>
      </trkpt>
      <trkpt lat="42.931580" lon="3.037290">
        <ele>2.3</ele>
      </trkpt>
      <trkpt lat="42.931850" lon="3.037580">
        <ele>1.8</ele>
      </trkpt>
      <trkpt lat="42.932650" lon="3.036610">
        <ele>2</ele>
      </trkpt>
      <trkpt lat="42.933270" lon="3.035840">
        <ele>2</ele>
      </trkpt>
      <trkpt lat="42.933450" lon="3.035300">
        <ele>2</ele>
      </trkpt>
      <trkpt lat="42.933650" lon="3.034450">
        <ele>2</ele>
      </trkpt>
      <trkpt lat="42.934870" lon="3.032450">
        <ele>1.6</ele>
      </trkpt>
      <trkpt lat="42.935110" lon="3.032270">
        <ele>1.5</ele>
      </trkpt>
      <trkpt lat="42.937140" lon="3.029200">
        <ele>1.4</ele>
      </trkpt>
      <trkpt lat="42.937280" lon="3.028640">
        <ele>2</ele>
      </trkpt>
      <trkpt lat="42.937280" lon="3.027950">
        <ele>2</ele>
      </trkpt>
      <trkpt lat="42.937650" lon="3.026880">
        <ele>1.6</ele>
      </trkpt>
      <trkpt lat="42.938050" lon="3.026250">
        <ele>1.5</ele>
      </trkpt>
      <trkpt lat="42.938330" lon="3.026280">
        <ele>1</ele>
      </trkpt>
      <trkpt lat="42.939510" lon="3.027560">
        <ele>1</ele>
      </trkpt>
      <trkpt lat="42.939850" lon="3.027700">
        <ele>1</ele>
      </trkpt>
      <trkpt lat="42.939810" lon="3.027950">
        <ele>1</ele>
      </trkpt>
      <trkpt lat="42.938600" lon="3.029470">
        <ele>1.1</ele>
      </trkpt>
      <trkpt lat="42.938220" lon="3.029590">
        <ele>1</ele>
      </trkpt>
      <trkpt lat="42.937940" lon="3.030400">
        <ele>1</ele>
      </trkpt>
      <trkpt lat="42.937830" lon="3.031390">
        <ele>1</ele>
      </trkpt>
      <trkpt lat="42.938710" lon="3.031930">
        <ele>1</ele>
      </trkpt>
      <trkpt lat="42.939620" lon="3.032470">
        <ele>1</ele>
      </trkpt>
      <trkpt lat="42.940120" lon="3.032380">
        <ele>1</ele>
      </trkpt>
      <trkpt lat="42.941150" lon="3.032580">
        <ele>1</ele>
      </trkpt>
      <trkpt lat="42.942790" lon="3.033270">
        <ele>1</ele>
      </trkpt>
      <trkpt lat="42.942790" lon="3.033640">
        <ele>1</ele>
      </trkpt>
      <trkpt lat="42.944530" lon="3.035830">
      </trkpt>
      <trkpt lat="42.947580" lon="3.037770">
      </trkpt>
      <trkpt lat="42.950670" lon="3.038670">
      </trkpt>
      <trkpt lat="42.960190" lon="3.041280">
      </trkpt>
      <trkpt lat="42.967630" lon="3.043200">
      </trkpt>
      <trkpt lat="42.976650" lon="3.044330">
        <ele>1</ele>
      </trkpt>
      <trkpt lat="42.977830" lon="3.045690">
        <ele>1</ele>
      </trkpt>
      <trkpt lat="42.980440" lon="3.047900">
        <ele>1</ele>
      </trkpt>
      <trkpt lat="42.981810" lon="3.048360">
        <ele>1</ele>
      </trkpt>
      <trkpt lat="42.988130" lon="3.049730">
        <ele>1</ele>
      </trkpt>
      <trkpt lat="42.989190" lon="3.050110">
        <ele>1</ele>
      </trkpt>
      <trkpt lat="42.997220" lon="3.052710">
      </trkpt>
      <trkpt lat="42.999440" lon="3.053040">
      </trkpt>
      <trkpt lat="43.002030" lon="3.053880">
      </trkpt>
      <trkpt lat="43.003130" lon="3.054170">
      </trkpt>
      <trkpt lat="43.004010" lon="3.054380">
        <ele>1</ele>
      </trkpt>
      <trkpt lat="43.005250" lon="3.054890">
      </trkpt>
      <trkpt lat="43.006550" lon="3.055290">
        <ele>1</ele>
      </trkpt>
      <trkpt lat="43.007120" lon="3.055640">
        <ele>2</ele>
      </trkpt>
      <trkpt lat="43.006210" lon="3.057960">
        <ele>1.6</ele>
      </trkpt>
      <trkpt lat="43.006910" lon="3.058490">
        <ele>1.9</ele>
      </trkpt>
      <trkpt lat="43.006900" lon="3.058590">
        <ele>1.9</ele>
      </trkpt>
      <trkpt lat="43.007470" lon="3.058970">
        <ele>1.7</ele>
      </trkpt>
      <trkpt lat="43.007510" lon="3.058910">
        <ele>1.9</ele>
      </trkpt>
      <trkpt lat="43.008250" lon="3.059440">
        <ele>2</ele>
      </trkpt>
      <trkpt lat="43.008220" lon="3.059560">
        <ele>1.8</ele>
      </trkpt>
      <trkpt lat="43.008790" lon="3.059940">
        <ele>1.7</ele>
      </trkpt>
      <trkpt lat="43.008840" lon="3.059860">
        <ele>1.9</ele>
      </trkpt>
      <trkpt lat="43.009330" lon="3.060210">
        <ele>1.7</ele>
      </trkpt>
      <trkpt lat="43.009320" lon="3.060270">
        <ele>1.6</ele>
      </trkpt>
      <trkpt lat="43.009980" lon="3.060780">
        <ele>1.9</ele>
      </trkpt>
      <trkpt lat="43.014000" lon="3.063560">
        <ele>2</ele>
      </trkpt>
      <trkpt lat="43.014220" lon="3.063590">
        <ele>2</ele>
      </trkpt>
      <trkpt lat="43.014390" lon="3.063540">
        <ele>2</ele>
      </trkpt>
      <trkpt lat="43.014640" lon="3.063000">
        <ele>2</ele>
      </trkpt>
      <trkpt lat="43.014920" lon="3.062210">
        <ele>2</ele>
      </trkpt>
      <trkpt lat="43.015510" lon="3.061130">
        <ele>2</ele>
      </trkpt>
      <trkpt lat="43.016370" lon="3.059950">
        <ele>2</ele>
      </trkpt>
      <trkpt lat="43.016930" lon="3.059480">
        <ele>2</ele>
      </trkpt>
      <trkpt lat="43.017850" lon="3.058540">
        <ele>1.2</ele>
      </trkpt>
      <trkpt lat="43.018330" lon="3.057760">
        <ele>1.1</ele>
      </trkpt>
      <trkpt lat="43.019270" lon="3.055870">
        <ele>2</ele>
      </trkpt>
      <trkpt lat="43.020050" lon="3.053350">
        <ele>2</ele>
      </trkpt>
      <trkpt lat="43.020570" lon="3.051150">
        <ele>2</ele>
      </trkpt>
      <trkpt lat="43.021150" lon="3.049030">
        <ele>2</ele>
      </trkpt>
      <trkpt lat="43.021700" lon="3.047370">
        <ele>1.5</ele>
      </trkpt>
      <trkpt lat="43.022770" lon="3.044180">
        <ele>1.1</ele>
      </trkpt>
      <trkpt lat="43.023200" lon="3.042840">
        <ele>2</ele>
      </trkpt>
      <trkpt lat="43.023530" lon="3.041980">
        <ele>2.1</ele>
      </trkpt>
      <trkpt lat="43.023590" lon="3.041950">
        <ele>2</ele>
      </trkpt>
      <trkpt lat="43.024820" lon="3.042600">
        <ele>3.4</ele>
      </trkpt>
      <trkpt lat="43.024950" lon="3.042570">
        <ele>3.7</ele>
      </trkpt>
      <trkpt lat="43.025030" lon="3.042440">
        <ele>3.8</ele>
      </trkpt>
      <trkpt lat="43.025210" lon="3.042380">
        <ele>2.5</ele>
      </trkpt>
      <trkpt lat="43.025390" lon="3.042460">
        <ele>2</ele>
      </trkpt>
      <trkpt lat="43.025480" lon="3.042450">
        <ele>2</ele>
      </trkpt>
      <trkpt lat="43.025640" lon="3.042210">
        <ele>2</ele>
      </trkpt>
      <trkpt lat="43.026650" lon="3.042910">
        <ele>1.5</ele>
      </trkpt>
      <trkpt lat="43.047600" lon="3.056320">
        <ele>1.6</ele>
      </trkpt>
      <trkpt lat="43.049990" lon="3.057850">
        <ele>2</ele>
      </trkpt>
      <trkpt lat="43.050470" lon="3.058060">
        <ele>2</ele>
      </trkpt>
      <trkpt lat="43.050680" lon="3.058110">
        <ele>1.7</ele>
      </trkpt>
      <trkpt lat="43.051200" lon="3.058140">
        <ele>1.1</ele>
      </trkpt>
      <trkpt lat="43.051820" lon="3.058040">
        <ele>1.6</ele>
      </trkpt>
      <trkpt lat="43.053200" lon="3.057700">
        <ele>1.1</ele>
      </trkpt>
      <trkpt lat="43.053440" lon="3.057540">
        <ele>1.3</ele>
      </trkpt>
      <trkpt lat="43.053670" lon="3.057340">
        <ele>1.3</ele>
      </trkpt>
      <trkpt lat="43.053940" lon="3.056880">
        <ele>1</ele>
      </trkpt>
      <trkpt lat="43.054060" lon="3.056510">
        <ele>1</ele>
      </trkpt>
      <trkpt lat="43.054100" lon="3.056070">
        <ele>1</ele>
      </trkpt>
      <trkpt lat="43.054080" lon="3.055650">
        <ele>1</ele>
      </trkpt>
      <trkpt lat="43.053620" lon="3.053490">
        <ele>1.4</ele>
      </trkpt>
      <trkpt lat="43.053570" lon="3.053050">
        <ele>1</ele>
      </trkpt>
      <trkpt lat="43.053580" lon="3.052600">
        <ele>1</ele>
      </trkpt>
      <trkpt lat="43.053760" lon="3.052120">
        <ele>1.2</ele>
      </trkpt>
      <trkpt lat="43.055580" lon="3.048230">
        <ele>1</ele>
      </trkpt>
      <trkpt lat="43.055760" lon="3.047790">
        <ele>1</ele>
      </trkpt>
      <trkpt lat="43.056030" lon="3.046830">
        <ele>1</ele>
      </trkpt>
      <trkpt lat="43.056160" lon="3.046130">
        <ele>1</ele>
      </trkpt>
      <trkpt lat="43.056250" lon="3.044820">
        <ele>1</ele>
      </trkpt>
      <trkpt lat="43.056570" lon="3.043500">
        <ele>1.3</ele>
      </trkpt>
      <trkpt lat="43.056730" lon="3.043100">
        <ele>1.2</ele>
      </trkpt>
      <trkpt lat="43.059420" lon="3.038840">
        <ele>1</ele>
      </trkpt>
      <trkpt lat="43.061860" lon="3.034990">
        <ele>1</ele>
      </trkpt>
      <trkpt lat="43.062500" lon="3.034130">
        <ele>1</ele>
      </trkpt>
      <trkpt lat="43.062930" lon="3.033680">
        <ele>1</ele>
      </trkpt>
      <trkpt lat="43.064560" lon="3.032370">
        <ele>1</ele>
      </trkpt>
      <trkpt lat="43.065630" lon="3.031280">
        <ele>1</ele>
      </trkpt>
      <trkpt lat="43.065940" lon="3.031100">
        <ele>1</ele>
      </trkpt>
      <trkpt lat="43.066570" lon="3.030810">
        <ele>1</ele>
      </trkpt>
      <trkpt lat="43.067520" lon="3.030130">
        <ele>1</ele>
      </trkpt>
      <trkpt lat="43.068280" lon="3.029680">
        <ele>1</ele>
      </trkpt>
      <trkpt lat="43.068950" lon="3.029000">
        <ele>0.6</ele>
      </trkpt>
      <trkpt lat="43.069210" lon="3.028720">
        <ele>1</ele>
      </trkpt>
      <trkpt lat="43.070050" lon="3.028020">
        <ele>1</ele>
      </trkpt>
      <trkpt lat="43.070240" lon="3.027780">
        <ele>1</ele>
      </trkpt>
      <trkpt lat="43.071140" lon="3.026400">
        <ele>1</ele>
      </trkpt>
      <trkpt lat="43.071400" lon="3.025940">
        <ele>1</ele>
      </trkpt>
      <trkpt lat="43.071700" lon="3.025460">
        <ele>1</ele>
      </trkpt>
      <trkpt lat="43.072200" lon="3.024820">
        <ele>1</ele>
      </trkpt>
      <trkpt lat="43.072360" lon="3.024530">
        <ele>1</ele>
      </trkpt>
      <trkpt lat="43.072910" lon="3.023190">
        <ele>1.5</ele>
      </trkpt>
      <trkpt lat="43.073050" lon="3.022950">
        <ele>1.6</ele>
      </trkpt>
      <trkpt lat="43.073210" lon="3.022810">
        <ele>1.1</ele>
      </trkpt>
      <trkpt lat="43.073490" lon="3.022690">
        <ele>1.56</ele>
      </trkpt>
      <trkpt lat="43.073900" lon="3.022810">
        <ele>1</ele>
      </trkpt>
      <trkpt lat="43.074400" lon="3.023030">
        <ele>1</ele>
      </trkpt>
      <trkpt lat="43.074880" lon="3.023350">
        <ele>1</ele>
      </trkpt>
      <trkpt lat="43.075310" lon="3.023700">
        <ele>1</ele>
      </trkpt>
      <trkpt lat="43.075510" lon="3.023830">
        <ele>1</ele>
      </trkpt>
      <trkpt lat="43.075870" lon="3.023960">
        <ele>1</ele>
      </trkpt>
      <trkpt lat="43.076670" lon="3.024040">
        <ele>1.01</ele>
      </trkpt>
      <trkpt lat="43.077370" lon="3.024300">
        <ele>1.53</ele>
      </trkpt>
      <trkpt lat="43.078180" lon="3.024850">
        <ele>1.2</ele>
      </trkpt>
      <trkpt lat="43.079380" lon="3.025760">
        <ele>1</ele>
      </trkpt>
      <trkpt lat="43.080520" lon="3.026640">
        <ele>1.8</ele>
      </trkpt>
      <trkpt lat="43.081740" lon="3.027570">
        <ele>1</ele>
      </trkpt>
      <trkpt lat="43.082380" lon="3.028050">
        <ele>1</ele>
      </trkpt>
      <trkpt lat="43.083190" lon="3.028530">
        <ele>1</ele>
      </trkpt>
      <trkpt lat="43.083530" lon="3.028830">
        <ele>1</ele>
      </trkpt>
      <trkpt lat="43.083900" lon="3.029230">
        <ele>1.2</ele>
      </trkpt>
      <trkpt lat="43.084150" lon="3.029390">
        <ele>1.8</ele>
      </trkpt>
      <trkpt lat="43.084360" lon="3.029470">
        <ele>1.3</ele>
      </trkpt>
      <trkpt lat="43.084660" lon="3.029530">
        <ele>1</ele>
      </trkpt>
      <trkpt lat="43.085070" lon="3.029550">
        <ele>2</ele>
      </trkpt>
      <trkpt lat="43.085530" lon="3.029710">
        <ele>1.1</ele>
      </trkpt>
      <trkpt lat="43.085940" lon="3.029870">
        <ele>2</ele>
      </trkpt>
      <trkpt lat="43.087150" lon="3.030160">
        <ele>2</ele>
      </trkpt>
      <trkpt lat="43.087760" lon="3.030450">
        <ele>1.6</ele>
      </trkpt>
      <trkpt lat="43.088270" lon="3.030820">
        <ele>1</ele>
      </trkpt>
      <trkpt lat="43.088620" lon="3.031000">
        <ele>1.6</ele>
      </trkpt>
      <trkpt lat="43.088950" lon="3.031080">
        <ele>1.2</ele>
      </trkpt>
      <trkpt lat="43.089840" lon="3.031120">
        <ele>1</ele>
      </trkpt>
      <trkpt lat="43.091400" lon="3.031400">
        <ele>1.04</ele>
      </trkpt>
      <trkpt lat="43.091710" lon="3.031380">
        <ele>1.8</ele>
      </trkpt>
      <trkpt lat="43.092690" lon="3.030760">
        <ele>2</ele>
      </trkpt>
      <trkpt lat="43.092940" lon="3.030670">
        <ele>2.42</ele>
      </trkpt>
      <trkpt lat="43.093120" lon="3.030660">
        <ele>2</ele>
      </trkpt>
      <trkpt lat="43.093350" lon="3.030700">
        <ele>2</ele>
      </trkpt>
      <trkpt lat="43.094060" lon="3.030970">
        <ele>1.62</ele>
      </trkpt>
      <trkpt lat="43.094370" lon="3.031040">
        <ele>2</ele>
      </trkpt>
      <trkpt lat="43.094670" lon="3.031000">
        <ele>2</ele>
      </trkpt>
      <trkpt lat="43.094870" lon="3.030910">
        <ele>1.3</ele>
      </trkpt>
      <trkpt lat="43.095490" lon="3.030570">
        <ele>2</ele>
      </trkpt>
      <trkpt lat="43.095690" lon="3.030480">
        <ele>2</ele>
      </trkpt>
      <trkpt lat="43.096010" lon="3.030480">
        <ele>2.64</ele>
      </trkpt>
      <trkpt lat="43.096320" lon="3.030600">
        <ele>1.4</ele>
      </trkpt>
      <trkpt lat="43.096580" lon="3.030710">
        <ele>1.4</ele>
      </trkpt>
      <trkpt lat="43.096710" lon="3.030740">
        <ele>2</ele>
      </trkpt>
      <trkpt lat="43.096980" lon="3.030750">
        <ele>2</ele>
      </trkpt>
      <trkpt lat="43.097320" lon="3.030690">
        <ele>1.3</ele>
      </trkpt>
      <trkpt lat="43.098050" lon="3.030270">
        <ele>2</ele>
      </trkpt>
      <trkpt lat="43.098310" lon="3.030200">
        <ele>1.1</ele>
      </trkpt>
      <trkpt lat="43.098520" lon="3.030240">
        <ele>1</ele>
      </trkpt>
      <trkpt lat="43.099210" lon="3.030660">
        <ele>1.16</ele>
      </trkpt>
      <trkpt lat="43.099470" lon="3.030720">
        <ele>2</ele>
      </trkpt>
      <trkpt lat="43.100640" lon="3.030800">
        <ele>1.6</ele>
      </trkpt>
      <trkpt lat="43.101020" lon="3.030890">
        <ele>1.1</ele>
      </trkpt>
      <trkpt lat="43.102030" lon="3.031500">
        <ele>1.1</ele>
      </trkpt>
      <trkpt lat="43.102190" lon="3.031570">
        <ele>1.6</ele>
      </trkpt>
      <trkpt lat="43.102210" lon="3.031650">
        <ele>1.9</ele>
      </trkpt>
      <trkpt lat="43.104960" lon="3.036560">
        <ele>0.1</ele>
      </trkpt>
      <trkpt lat="43.105130" lon="3.036790">
        <ele>1</ele>
      </trkpt>
      <trkpt lat="43.107740" lon="3.039910">
        <ele>1</ele>
      </trkpt>
      <trkpt lat="43.108410" lon="3.040730">
        <ele>1</ele>
      </trkpt>
      <trkpt lat="43.108560" lon="3.040940">
        <ele>1</ele>
      </trkpt>
      <trkpt lat="43.110840" lon="3.041700">
        <ele>1</ele>
      </trkpt>
      <trkpt lat="43.110950" lon="3.041780">
        <ele>1</ele>
      </trkpt>
      <trkpt lat="43.111460" lon="3.042790">
        <ele>2.5</ele>
      </trkpt>
      <trkpt lat="43.111530" lon="3.043550">
        <ele>1.8</ele>
      </trkpt>
      <trkpt lat="43.111520" lon="3.043840">
        <ele>2.7</ele>
      </trkpt>
      <trkpt lat="43.111560" lon="3.044100">
        <ele>3</ele>
      </trkpt>
      <trkpt lat="43.111690" lon="3.044640">
        <ele>3</ele>
      </trkpt>
      <trkpt lat="43.111830" lon="3.045090">
        <ele>2.6</ele>
      </trkpt>
      <trkpt lat="43.112020" lon="3.045400">
        <ele>1.7</ele>
      </trkpt>
      <trkpt lat="43.112310" lon="3.045690">
        <ele>1.5</ele>
      </trkpt>
      <trkpt lat="43.112590" lon="3.045880">
        <ele>1</ele>
      </trkpt>
      <trkpt lat="43.112780" lon="3.046310">
        <ele>1.7</ele>
      </trkpt>
      <trkpt lat="43.110700" lon="3.054110">
        <ele>1</ele>
      </trkpt>
      <trkpt lat="43.110630" lon="3.054450">
        <ele>-0.1</ele>
      </trkpt>
      <trkpt lat="43.109900" lon="3.063330">
        <ele>1</ele>
      </trkpt>
      <trkpt lat="43.109870" lon="3.064320">
        <ele>1</ele>
      </trkpt>
      <trkpt lat="43.110820" lon="3.065810">
        <ele>1</ele>
      </trkpt>
      <trkpt lat="43.110730" lon="3.066810">
      </trkpt>
      <trkpt lat="43.109630" lon="3.075250">
        <ele>1</ele>
      </trkpt>
      <trkpt lat="43.109340" lon="3.075890">
        <ele>1</ele>
      </trkpt>
      <trkpt lat="43.107810" lon="3.078500">
      </trkpt>
      <trkpt lat="43.106610" lon="3.080070">
        <ele>1</ele>
      </trkpt>
      <trkpt lat="43.105950" lon="3.081140">
      </trkpt>
      <trkpt lat="43.105470" lon="3.082230">
      </trkpt>
      <trkpt lat="43.105140" lon="3.083000">
        <ele>1</ele>
      </trkpt>
      <trkpt lat="43.104980" lon="3.083400">
        <ele>1</ele>
      </trkpt>
      <trkpt lat="43.104810" lon="3.083840">
      </trkpt>
      <trkpt lat="43.104880" lon="3.084100">
        <ele>2</ele>
      </trkpt>
      <trkpt lat="43.105500" lon="3.084480">
        <ele>2</ele>
      </trkpt>
      <trkpt lat="43.105440" lon="3.084720">
        <ele>2</ele>
      </trkpt>
      <trkpt lat="43.105270" lon="3.085290">
        <ele>2</ele>
      </trkpt>
      <trkpt lat="43.105870" lon="3.085360">
        <ele>1</ele>
      </trkpt>
      <trkpt lat="43.105800" lon="3.086550">
        <ele>1.5</ele>
      </trkpt>
      <trkpt lat="43.107030" lon="3.086500">
        <ele>1.2</ele>
      </trkpt>
      <trkpt lat="43.106910" lon="3.087340">
        <ele>1.4</ele>
      </trkpt>
      <trkpt lat="43.107270" lon="3.088050">
        <ele>1</ele>
      </trkpt>
      <trkpt lat="43.107650" lon="3.087750">
        <ele>1</ele>
      </trkpt>
      <trkpt lat="43.107850" lon="3.088040">
        <ele>1</ele>
      </trkpt>
      <trkpt lat="43.107970" lon="3.088360">
        <ele>1.9</ele>
      </trkpt>
      <trkpt lat="43.108610" lon="3.090030">
        <ele>2</ele>
      </trkpt>
      <trkpt lat="43.109520" lon="3.090550">
        <ele>1</ele>
      </trkpt>
      <trkpt lat="43.109740" lon="3.090950">
        <ele>1</ele>
      </trkpt>
      <trkpt lat="43.110060" lon="3.091330">
        <ele>2.8</ele>
      </trkpt>
      <trkpt lat="43.110140" lon="3.091740">
        <ele>3.6</ele>
      </trkpt>
      <trkpt lat="43.109500" lon="3.093010">
        <ele>1</ele>
      </trkpt>
      <trkpt lat="43.109560" lon="3.093080">
        <ele>1</ele>
      </trkpt>
      <trkpt lat="43.109500" lon="3.093820">
        <ele>1.4</ele>
      </trkpt>
      <trkpt lat="43.109290" lon="3.093800">
        <ele>1</ele>
      </trkpt>
      <trkpt lat="43.109210" lon="3.093790">
        <ele>1</ele>
      </trkpt>
      <trkpt lat="43.109180" lon="3.093850">
        <ele>1</ele>
      </trkpt>
      <trkpt lat="43.109190" lon="3.093960">
        <ele>1.3</ele>
      </trkpt>
      <trkpt lat="43.108740" lon="3.094910">
        <ele>1.3</ele>
      </trkpt>
      <trkpt lat="43.109580" lon="3.095670">
        <ele>1</ele>
      </trkpt>
      <trkpt lat="43.109800" lon="3.095230">
        <ele>1.2</ele>
      </trkpt>
      <trkpt lat="43.110280" lon="3.095680">
        <ele>1.4</ele>
      </trkpt>
      <trkpt lat="43.109940" lon="3.096370">
        <ele>2</ele>
      </trkpt>
      <trkpt lat="43.109680" lon="3.096900">
        <ele>1.85</ele>
      </trkpt>
      <trkpt lat="43.109570" lon="3.096800">
        <ele>1.44</ele>
      </trkpt>
      <trkpt lat="43.109150" lon="3.097650">
        <ele>1</ele>
      </trkpt>
      <trkpt lat="43.109180" lon="3.097770">
        <ele>1.1</ele>
      </trkpt>
      <trkpt lat="43.109090" lon="3.097970">
        <ele>1.1</ele>
      </trkpt>
      <trkpt lat="43.109650" lon="3.098760">
        <ele>1.5</ele>
      </trkpt>
      <trkpt lat="43.109560" lon="3.099930">
        <ele>1.1</ele>
      </trkpt>
      <trkpt lat="43.109770" lon="3.100000">
        <ele>1.2</ele>
      </trkpt>
      <trkpt lat="43.109670" lon="3.100710">
        <ele>1</ele>
      </trkpt>
      <trkpt lat="43.109600" lon="3.101140">
        <ele>2</ele>
      </trkpt>
      <trkpt lat="43.109390" lon="3.101150">
        <ele>1.8</ele>
      </trkpt>
      <trkpt lat="43.109280" lon="3.101800">
        <ele>2</ele>
      </trkpt>
      <trkpt lat="43.109270" lon="3.102040">
        <ele>2</ele>
      </trkpt>
      <trkpt lat="43.109140" lon="3.102670">
        <ele>2</ele>
      </trkpt>
      <trkpt lat="43.109790" lon="3.102930">
        <ele>2</ele>
      </trkpt>
      <trkpt lat="43.110920" lon="3.104510">
        <ele>1.3</ele>
      </trkpt>
      <trkpt lat="43.110980" lon="3.104410">
        <ele>1.6</ele>
      </trkpt>
      <trkpt lat="43.111240" lon="3.104710">
        <ele>2</ele>
      </trkpt>
      <trkpt lat="43.111170" lon="3.104850">
        <ele>1.6</ele>
      </trkpt>
      <trkpt lat="43.111320" lon="3.105040">
        <ele>1.6</ele>
      </trkpt>
      <trkpt lat="43.113300" lon="3.109280">
        <ele>1.6</ele>
      </trkpt>
      <trkpt lat="43.114110" lon="3.112430">
        <ele>2</ele>
      </trkpt>
      <trkpt lat="43.114030" lon="3.113590">
        <ele>1.9</ele>
      </trkpt>
      <trkpt lat="43.114260" lon="3.113740">
        <ele>1.7</ele>
      </trkpt>
      <trkpt lat="43.114010" lon="3.114910">
        <ele>2</ele>
      </trkpt>
      <trkpt lat="43.113810" lon="3.116940">
        <ele>1.7</ele>
      </trkpt>
      <trkpt lat="43.114880" lon="3.116980">
        <ele>2</ele>
      </trkpt>
      <trkpt lat="43.115430" lon="3.117450">
        <ele>2</ele>
      </trkpt>
      <trkpt lat="43.115170" lon="3.118100">
        <ele>2</ele>
      </trkpt>
      <trkpt lat="43.115040" lon="3.118250">
        <ele>2</ele>
      </trkpt>
      <trkpt lat="43.114600" lon="3.119450">
        <ele>2</ele>
      </trkpt>
      <trkpt lat="43.114570" lon="3.119900">
        <ele>1</ele>
      </trkpt>
      <trkpt lat="43.113370" lon="3.123820">
        <ele>1.7</ele>
      </trkpt>
      <trkpt lat="43.113440" lon="3.124300">
        <ele>1.8</ele>
      </trkpt>
      <trkpt lat="43.114070" lon="3.125740">
        <ele>1.4</ele>
      </trkpt>
      <trkpt lat="43.114340" lon="3.125810">
        <ele>1.9</ele>
      </trkpt>
      <trkpt lat="43.114870" lon="3.125950">
        <ele>1.8</ele>
      </trkpt>
      <trkpt lat="43.115350" lon="3.126030">
        <ele>2</ele>
      </trkpt>
      <trkpt lat="43.116410" lon="3.126270">
        <ele>1.4</ele>
      </trkpt>
      <trkpt lat="43.116540" lon="3.126280">
        <ele>1.4</ele>
      </trkpt>
      <trkpt lat="43.117060" lon="3.126100">
        <ele>2.4</ele>
      </trkpt>
      <trkpt lat="43.117190" lon="3.126120">
        <ele>2.8</ele>
      </trkpt>
      <trkpt lat="43.117700" lon="3.126410">
        <ele>1.9</ele>
      </trkpt>
      <trkpt lat="43.118880" lon="3.127210">
        <ele>2.8</ele>
      </trkpt>
      <trkpt lat="43.120020" lon="3.128000">
        <ele>1.8</ele>
      </trkpt>
      <trkpt lat="43.124480" lon="3.132050">
        <ele>2.2</ele>
      </trkpt>
      <trkpt lat="43.126140" lon="3.133580">
        <ele>1.8</ele>
      </trkpt>
      <trkpt lat="43.127830" lon="3.135230">
        <ele>1.8</ele>
      </trkpt>
      <trkpt lat="43.129410" lon="3.136760">
        <ele>1.6</ele>
      </trkpt>
      <trkpt lat="43.129600" lon="3.136760">
        <ele>2</ele>
      </trkpt>
      <trkpt lat="43.129750" lon="3.136370">
        <ele>1.2</ele>
      </trkpt>
      <trkpt lat="43.129880" lon="3.136130">
        <ele>1.6</ele>
      </trkpt>
      <trkpt lat="43.130630" lon="3.136760">
        <ele>2.3</ele>
      </trkpt>
      <trkpt lat="43.130770" lon="3.136760">
        <ele>2.3</ele>
      </trkpt>
      <trkpt lat="43.131090" lon="3.137020">
        <ele>2.3</ele>
      </trkpt>
      <trkpt lat="43.131380" lon="3.137150">
        <ele>2.7</ele>
      </trkpt>
      <trkpt lat="43.131800" lon="3.137260">
        <ele>2.5</ele>
      </trkpt>
      <trkpt lat="43.131840" lon="3.136980">
        <ele>2.9</ele>
      </trkpt>
      <trkpt lat="43.131890" lon="3.136490">
        <ele>2.8</ele>
      </trkpt>
      <trkpt lat="43.131960" lon="3.136280">
        <ele>2.6</ele>
      </trkpt>
      <trkpt lat="43.132120" lon="3.136040">
        <ele>2</ele>
      </trkpt>
      <trkpt lat="43.132610" lon="3.135760">
        <ele>1.8</ele>
      </trkpt>
      <trkpt lat="43.132900" lon="3.135990">
        <ele>2.2</ele>
      </trkpt>
      <trkpt lat="43.133110" lon="3.136300">
        <ele>1.4</ele>
      </trkpt>
      <trkpt lat="43.133160" lon="3.136700">
        <ele>1.3</ele>
      </trkpt>
      <trkpt lat="43.133080" lon="3.137090">
        <ele>1</ele>
      </trkpt>
      <trkpt lat="43.133090" lon="3.137210">
        <ele>1.1</ele>
      </trkpt>
      <trkpt lat="43.133220" lon="3.137370">
        <ele>1.3</ele>
      </trkpt>
      <trkpt lat="43.133390" lon="3.137400">
        <ele>1.3</ele>
      </trkpt>
      <trkpt lat="43.133610" lon="3.137260">
        <ele>1</ele>
      </trkpt>
      <trkpt lat="43.133770" lon="3.137270">
        <ele>1.5</ele>
      </trkpt>
      <trkpt lat="43.133880" lon="3.137350">
        <ele>1.5</ele>
      </trkpt>
      <trkpt lat="43.134270" lon="3.137800">
        <ele>1.4</ele>
      </trkpt>
      <trkpt lat="43.134420" lon="3.138010">
        <ele>1.1</ele>
      </trkpt>
      <trkpt lat="43.134740" lon="3.137950">
        <ele>1</ele>
      </trkpt>
      <trkpt lat="43.134850" lon="3.138090">
        <ele>1</ele>
      </trkpt>
      <trkpt lat="43.135020" lon="3.138140">
        <ele>1</ele>
      </trkpt>
      <trkpt lat="43.135260" lon="3.138340">
        <ele>1</ele>
      </trkpt>
      <trkpt lat="43.135520" lon="3.138870">
        <ele>1</ele>
      </trkpt>
      <trkpt lat="43.135970" lon="3.139240">
        <ele>1</ele>
      </trkpt>
      <trkpt lat="43.136610" lon="3.139520">
        <ele>1</ele>
      </trkpt>
      <trkpt lat="43.136910" lon="3.139830">
        <ele>1</ele>
      </trkpt>
      <trkpt lat="43.137250" lon="3.140120">
        <ele>1</ele>
      </trkpt>
      <trkpt lat="43.137340" lon="3.140150">
        <ele>1</ele>
      </trkpt>
      <trkpt lat="43.137490" lon="3.140050">
        <ele>1</ele>
      </trkpt>
      <trkpt lat="43.137540" lon="3.139870">
        <ele>1.5</ele>
      </trkpt>
      <trkpt lat="43.137620" lon="3.139600">
        <ele>2</ele>
      </trkpt>
      <trkpt lat="43.137770" lon="3.138380">
        <ele>2</ele>
      </trkpt>
      <trkpt lat="43.137750" lon="3.137840">
        <ele>2</ele>
      </trkpt>
      <trkpt lat="43.137780" lon="3.137550">
        <ele>2.8</ele>
      </trkpt>
      <trkpt lat="43.137910" lon="3.137000">
        <ele>3</ele>
      </trkpt>
      <trkpt lat="43.137950" lon="3.136670">
        <ele>2.4</ele>
      </trkpt>
      <trkpt lat="43.138020" lon="3.136480">
        <ele>2</ele>
      </trkpt>
      <trkpt lat="43.138100" lon="3.136550">
        <ele>2</ele>
      </trkpt>
      <trkpt lat="43.141530" lon="3.139840">
        <ele>2.5</ele>
      </trkpt>
      <trkpt lat="43.144210" lon="3.142490">
        <ele>2</ele>
      </trkpt>
      <trkpt lat="43.144570" lon="3.143000">
        <ele>2</ele>
      </trkpt>
      <trkpt lat="43.144710" lon="3.143250">
        <ele>2</ele>
      </trkpt>
      <trkpt lat="43.144810" lon="3.143570">
        <ele>2</ele>
      </trkpt>
      <trkpt lat="43.144870" lon="3.144030">
        <ele>1.7</ele>
      </trkpt>
      <trkpt lat="43.144780" lon="3.144710">
        <ele>2</ele>
      </trkpt>
      <trkpt lat="43.144870" lon="3.144970">
        <ele>2</ele>
      </trkpt>
      <trkpt lat="43.145030" lon="3.145200">
        <ele>1.3</ele>
      </trkpt>
      <trkpt lat="43.145240" lon="3.145070">
        <ele>1.1</ele>
      </trkpt>
      <trkpt lat="43.145340" lon="3.145090">
        <ele>1.2</ele>
      </trkpt>
      <trkpt lat="43.145450" lon="3.145280">
        <ele>1.6</ele>
      </trkpt>
      <trkpt lat="43.145490" lon="3.145840">
        <ele>1.8</ele>
      </trkpt>
      <trkpt lat="43.145500" lon="3.146960">
        <ele>1.8</ele>
      </trkpt>
      <trkpt lat="43.145550" lon="3.147350">
        <ele>2</ele>
      </trkpt>
      <trkpt lat="43.145610" lon="3.148510">
        <ele>1.3</ele>
      </trkpt>
      <trkpt lat="43.145710" lon="3.149110">
        <ele>1.4</ele>
      </trkpt>
      <trkpt lat="43.145900" lon="3.149830">
        <ele>1.5</ele>
      </trkpt>
      <trkpt lat="43.146040" lon="3.150220">
        <ele>1.6</ele>
      </trkpt>
      <trkpt lat="43.146470" lon="3.151110">
        <ele>1</ele>
      </trkpt>
      <trkpt lat="43.147620" lon="3.153130">
        <ele>1.6</ele>
      </trkpt>
      <trkpt lat="43.147660" lon="3.153310">
        <ele>2</ele>
      </trkpt>
      <trkpt lat="43.147760" lon="3.153380">
        <ele>2</ele>
      </trkpt>
      <trkpt lat="43.148190" lon="3.154050">
        <ele>1.8</ele>
      </trkpt>
      <trkpt lat="43.148720" lon="3.154960">
        <ele>2</ele>
      </trkpt>
      <trkpt lat="43.148780" lon="3.155140">
        <ele>1.8</ele>
      </trkpt>
      <trkpt lat="43.149590" lon="3.156410">
        <ele>2</ele>
      </trkpt>
      <trkpt lat="43.149920" lon="3.156850">
        <ele>1.6</ele>
      </trkpt>
      <trkpt lat="43.150180" lon="3.157130">
        <ele>1.8</ele>
      </trkpt>
      <trkpt lat="43.150580" lon="3.157470">
        <ele>2</ele>
      </trkpt>
      <trkpt lat="43.150980" lon="3.157740">
        <ele>1.6</ele>
      </trkpt>
      <trkpt lat="43.151580" lon="3.157990">
        <ele>2</ele>
      </trkpt>
      <trkpt lat="43.152350" lon="3.158170">
        <ele>2.2</ele>
      </trkpt>
      <trkpt lat="43.152630" lon="3.158180">
        <ele>2.5</ele>
      </trkpt>
      <trkpt lat="43.152730" lon="3.158250">
        <ele>2.8</ele>
      </trkpt>
      <trkpt lat="43.152810" lon="3.158380">
        <ele>2.7</ele>
      </trkpt>
      <trkpt lat="43.153040" lon="3.158750">
        <ele>2</ele>
      </trkpt>
      <trkpt lat="43.153090" lon="3.158910">
        <ele>2.1</ele>
      </trkpt>
      <trkpt lat="43.153090" lon="3.159080">
        <ele>2</ele>
      </trkpt>
      <trkpt lat="43.153160" lon="3.159230">
        <ele>1.9</ele>
      </trkpt>
      <trkpt lat="43.153200" lon="3.159420">
        <ele>1.6</ele>
      </trkpt>
      <trkpt lat="43.153180" lon="3.159540">
        <ele>1.6</ele>
      </trkpt>
      <trkpt lat="43.152300" lon="3.161380">
        <ele>2</ele>
      </trkpt>
      <trkpt lat="43.152460" lon="3.161550">
        <ele>1.9</ele>
      </trkpt>
      <trkpt lat="43.152520" lon="3.161710">
        <ele>1.9</ele>
      </trkpt>
      <trkpt lat="43.152620" lon="3.161810">
        <ele>1.7</ele>
      </trkpt>
      <trkpt lat="43.152710" lon="3.161790">
        <ele>1.9</ele>
      </trkpt>
      <trkpt lat="43.152990" lon="3.162070">
        <ele>1.6</ele>
      </trkpt>
      <trkpt lat="43.154510" lon="3.163600">
        <ele>2</ele>
      </trkpt>
      <trkpt lat="43.154910" lon="3.163970">
        <ele>1.9</ele>
      </trkpt>
      <trkpt lat="43.155010" lon="3.164100">
        <ele>2</ele>
      </trkpt>
      <trkpt lat="43.155080" lon="3.164140">
        <ele>2</ele>
      </trkpt>
      <trkpt lat="43.155500" lon="3.164590">
        <ele>1.9</ele>
      </trkpt>
      <trkpt lat="43.155630" lon="3.164690">
        <ele>2</ele>
      </trkpt>
      <trkpt lat="43.156320" lon="3.165370">
        <ele>1.9</ele>
      </trkpt>
      <trkpt lat="43.156390" lon="3.165470">
        <ele>2</ele>
      </trkpt>
      <trkpt lat="43.156430" lon="3.165500">
        <ele>2</ele>
      </trkpt>
      <trkpt lat="43.156480" lon="3.165530">
        <ele>2</ele>
      </trkpt>
      <trkpt lat="43.157090" lon="3.166150">
        <ele>1.9</ele>
      </trkpt>
      <trkpt lat="43.157140" lon="3.166260">
        <ele>1.8</ele>
      </trkpt>
      <trkpt lat="43.157180" lon="3.166290">
        <ele>1.9</ele>
      </trkpt>
      <trkpt lat="43.157250" lon="3.166310">
        <ele>2</ele>
      </trkpt>
      <trkpt lat="43.157920" lon="3.166960">
        <ele>2</ele>
      </trkpt>
      <trkpt lat="43.157960" lon="3.167030">
        <ele>1.9</ele>
      </trkpt>
      <trkpt lat="43.158000" lon="3.167070">
        <ele>1.9</ele>
      </trkpt>
      <trkpt lat="43.158060" lon="3.167100">
        <ele>2</ele>
      </trkpt>
      <trkpt lat="43.158270" lon="3.167310">
        <ele>1.9</ele>
      </trkpt>
      <trkpt lat="43.158240" lon="3.167410">
        <ele>1.8</ele>
      </trkpt>
      <trkpt lat="43.158350" lon="3.167710">
        <ele>1.3</ele>
      </trkpt>
      <trkpt lat="43.158690" lon="3.168390">
        <ele>1.8</ele>
      </trkpt>
      <trkpt lat="43.159090" lon="3.168250">
        <ele>2</ele>
      </trkpt>
      <trkpt lat="43.159110" lon="3.168260">
        <ele>2</ele>
      </trkpt>
      <trkpt lat="43.159280" lon="3.168500">
        <ele>1.6</ele>
      </trkpt>
      <trkpt lat="43.160170" lon="3.169410">
        <ele>1.7</ele>
      </trkpt>
      <trkpt lat="43.161270" lon="3.170640">
        <ele>1.4</ele>
      </trkpt>
      <trkpt lat="43.161640" lon="3.171080">
        <ele>1.9</ele>
      </trkpt>
      <trkpt lat="43.162060" lon="3.171570">
        <ele>1.6</ele>
      </trkpt>
      <trkpt lat="43.162470" lon="3.172030">
        <ele>1.6</ele>
      </trkpt>
      <trkpt lat="43.162640" lon="3.172150">
        <ele>1.6</ele>
      </trkpt>
      <trkpt lat="43.163670" lon="3.173380">
        <ele>1.9</ele>
      </trkpt>
      <trkpt lat="43.163770" lon="3.173430">
        <ele>1.9</ele>
      </trkpt>
      <trkpt lat="43.163860" lon="3.173520">
        <ele>1.9</ele>
      </trkpt>
      <trkpt lat="43.163890" lon="3.173570">
        <ele>2</ele>
      </trkpt>
      <trkpt lat="43.163940" lon="3.173700">
        <ele>1.8</ele>
      </trkpt>
      <trkpt lat="43.165470" lon="3.175520">
        <ele>1.7</ele>
      </trkpt>
      <trkpt lat="43.165570" lon="3.175540">
        <ele>2</ele>
      </trkpt>
      <trkpt lat="43.165670" lon="3.175670">
        <ele>2</ele>
      </trkpt>
      <trkpt lat="43.165750" lon="3.175840">
        <ele>2</ele>
      </trkpt>
      <trkpt lat="43.166290" lon="3.176490">
        <ele>1.9</ele>
      </trkpt>
      <trkpt lat="43.166360" lon="3.176700">
        <ele>1.8</ele>
      </trkpt>
      <trkpt lat="43.167260" lon="3.177810">
        <ele>2</ele>
      </trkpt>
      <trkpt lat="43.168150" lon="3.178920">
        <ele>1.9</ele>
      </trkpt>
      <trkpt lat="43.168760" lon="3.179660">
        <ele>1.6</ele>
      </trkpt>
      <trkpt lat="43.170170" lon="3.181420">
        <ele>2</ele>
      </trkpt>
      <trkpt lat="43.170250" lon="3.181450">
        <ele>2</ele>
      </trkpt>
      <trkpt lat="43.170300" lon="3.181390">
        <ele>2</ele>
      </trkpt>
      <trkpt lat="43.170280" lon="3.181250">
        <ele>2</ele>
      </trkpt>
      <trkpt lat="43.170440" lon="3.180100">
        <ele>1.4</ele>
      </trkpt>
      <trkpt lat="43.170520" lon="3.180190">
        <ele>1.1</ele>
      </trkpt>
      <trkpt lat="43.170640" lon="3.180300">
        <ele>1.3</ele>
      </trkpt>
      <trkpt lat="43.171280" lon="3.180860">
        <ele>2.2</ele>
      </trkpt>
      <trkpt lat="43.171260" lon="3.180950">
        <ele>2</ele>
      </trkpt>
      <trkpt lat="43.171300" lon="3.181180">
        <ele>2</ele>
      </trkpt>
      <trkpt lat="43.171530" lon="3.181280">
        <ele>2.7</ele>
      </trkpt>
      <trkpt lat="43.171630" lon="3.181360">
        <ele>2.3</ele>
      </trkpt>
      <trkpt lat="43.171710" lon="3.181450">
        <ele>2.3</ele>
      </trkpt>
      <trkpt lat="43.171810" lon="3.181610">
        <ele>2.5</ele>
      </trkpt>
      <trkpt lat="43.172140" lon="3.182010">
        <ele>2</ele>
      </trkpt>
      <trkpt lat="43.172220" lon="3.182150">
        <ele>2</ele>
      </trkpt>
      <trkpt lat="43.172230" lon="3.182210">
        <ele>2</ele>
      </trkpt>
      <trkpt lat="43.172250" lon="3.182270">
        <ele>2</ele>
      </trkpt>
      <trkpt lat="43.172290" lon="3.182310">
        <ele>2</ele>
      </trkpt>
      <trkpt lat="43.172360" lon="3.182330">
        <ele>2</ele>
      </trkpt>
      <trkpt lat="43.172470" lon="3.182400">
        <ele>2</ele>
      </trkpt>
      <trkpt lat="43.173180" lon="3.183280">
        <ele>2</ele>
      </trkpt>
      <trkpt lat="43.173280" lon="3.183390">
        <ele>2</ele>
      </trkpt>
      <trkpt lat="43.173760" lon="3.183770">
        <ele>2</ele>
      </trkpt>
      <trkpt lat="43.173800" lon="3.183830">
        <ele>2</ele>
      </trkpt>
      <trkpt lat="43.173860" lon="3.183860">
        <ele>2</ele>
      </trkpt>
      <trkpt lat="43.174040" lon="3.184010">
        <ele>2</ele>
      </trkpt>
      <trkpt lat="43.174200" lon="3.184160">
        <ele>2</ele>
      </trkpt>
      <trkpt lat="43.174350" lon="3.184320">
        <ele>2</ele>
      </trkpt>
      <trkpt lat="43.174430" lon="3.184430">
        <ele>2</ele>
      </trkpt>
      <trkpt lat="43.174830" lon="3.185060">
        <ele>2.3</ele>
      </trkpt>
      <trkpt lat="43.175040" lon="3.185400">
        <ele>2.5</ele>
      </trkpt>
      <trkpt lat="43.175200" lon="3.185630">
        <ele>2.9</ele>
      </trkpt>
      <trkpt lat="43.175550" lon="3.186070">
        <ele>3</ele>
      </trkpt>
      <trkpt lat="43.175600" lon="3.186150">
        <ele>2.9</ele>
      </trkpt>
      <trkpt lat="43.175690" lon="3.186230">
        <ele>2.8</ele>
      </trkpt>
      <trkpt lat="43.175780" lon="3.186900">
        <ele>2</ele>
      </trkpt>
      <trkpt lat="43.175910" lon="3.187960">
        <ele>1.5</ele>
      </trkpt>
      <trkpt lat="43.176040" lon="3.188050">
        <ele>1.8</ele>
      </trkpt>
      <trkpt lat="43.176580" lon="3.187930">
        <ele>2</ele>
      </trkpt>
      <trkpt lat="43.176630" lon="3.187930">
        <ele>2</ele>
      </trkpt>
      <trkpt lat="43.176670" lon="3.187970">
        <ele>2</ele>
      </trkpt>
      <trkpt lat="43.176950" lon="3.188730">
        <ele>2</ele>
      </trkpt>
      <trkpt lat="43.177090" lon="3.189040">
        <ele>2</ele>
      </trkpt>
      <trkpt lat="43.177240" lon="3.189280">
        <ele>2</ele>
      </trkpt>
      <trkpt lat="43.177340" lon="3.189400">
        <ele>2</ele>
      </trkpt>
      <trkpt lat="43.177620" lon="3.189620">
        <ele>2</ele>
      </trkpt>
      <trkpt lat="43.177700" lon="3.189680">
        <ele>2</ele>
      </trkpt>
      <trkpt lat="43.178060" lon="3.190000">
        <ele>2</ele>
      </trkpt>
      <trkpt lat="43.177940" lon="3.190310">
        <ele>2.4</ele>
      </trkpt>
      <trkpt lat="43.177820" lon="3.190370">
        <ele>2.6</ele>
      </trkpt>
      <trkpt lat="43.177760" lon="3.190440">
        <ele>2.4</ele>
      </trkpt>
      <trkpt lat="43.177760" lon="3.190520">
        <ele>2</ele>
      </trkpt>
      <trkpt lat="43.177780" lon="3.190660">
        <ele>2</ele>
      </trkpt>
      <trkpt lat="43.177800" lon="3.190870">
        <ele>2</ele>
      </trkpt>
      <trkpt lat="43.177920" lon="3.191040">
        <ele>2</ele>
      </trkpt>
      <trkpt lat="43.178390" lon="3.191590">
        <ele>1.4</ele>
      </trkpt>
      <trkpt lat="43.178470" lon="3.191570">
        <ele>1.7</ele>
      </trkpt>
      <trkpt lat="43.178820" lon="3.191990">
        <ele>1.7</ele>
      </trkpt>
      <trkpt lat="43.179210" lon="3.192470">
        <ele>1.2</ele>
      </trkpt>
      <trkpt lat="43.179290" lon="3.192530">
        <ele>1.5</ele>
      </trkpt>
      <trkpt lat="43.179350" lon="3.192640">
        <ele>1.8</ele>
      </trkpt>
      <trkpt lat="43.180270" lon="3.193710">
        <ele>1.6</ele>
      </trkpt>
      <trkpt lat="43.180810" lon="3.194330">
        <ele>2</ele>
      </trkpt>
      <trkpt lat="43.180870" lon="3.194470">
        <ele>1.9</ele>
      </trkpt>
      <trkpt lat="43.181290" lon="3.194990">
        <ele>1.7</ele>
      </trkpt>
      <trkpt lat="43.182250" lon="3.196090">
        <ele>2</ele>
      </trkpt>
      <trkpt lat="43.182130" lon="3.196270">
        <ele>1.5</ele>
      </trkpt>
      <trkpt lat="43.182760" lon="3.196990">
        <ele>1.8</ele>
      </trkpt>
      <trkpt lat="43.186040" lon="3.201340">
        <ele>1.8</ele>
      </trkpt>
      <trkpt lat="43.186760" lon="3.202330">
        <ele>1.4</ele>
      </trkpt>
      <trkpt lat="43.188050" lon="3.200650">
        <ele>1.3</ele>
      </trkpt>
      <trkpt lat="43.188130" lon="3.200450">
        <ele>1.3</ele>
      </trkpt>
      <trkpt lat="43.189380" lon="3.198680">
        <ele>2</ele>
      </trkpt>
      <trkpt lat="43.189460" lon="3.198500">
        <ele>2</ele>
      </trkpt>
      <trkpt lat="43.189880" lon="3.197930">
        <ele>2</ele>
      </trkpt>
      <trkpt lat="43.190260" lon="3.197350">
        <ele>2</ele>
      </trkpt>
      <trkpt lat="43.190300" lon="3.197280">
        <ele>2.1</ele>
      </trkpt>
      <trkpt lat="43.190300" lon="3.197280">
        <ele>2</ele>
      </trkpt>
      <trkpt lat="43.190470" lon="3.197490">
        <ele>2</ele>
      </trkpt>
      <trkpt lat="43.190770" lon="3.197870">
        <ele>2</ele>
      </trkpt>
      <trkpt lat="43.190950" lon="3.198360">
        <ele>1.6</ele>
      </trkpt>
      <trkpt lat="43.191630" lon="3.199200">
        <ele>1.1</ele>
      </trkpt>
      <trkpt lat="43.192020" lon="3.199550">
        <ele>1</ele>
      </trkpt>
      <trkpt lat="43.193080" lon="3.201310">
        <ele>1</ele>
      </trkpt>
      <trkpt lat="43.192820" lon="3.202870">
        <ele>1</ele>
      </trkpt>
      <trkpt lat="43.192890" lon="3.203240">
        <ele>1</ele>
      </trkpt>
      <trkpt lat="43.192750" lon="3.203850">
        <ele>2.6</ele>
      </trkpt>
      <trkpt lat="43.192720" lon="3.205160">
      </trkpt>
      <trkpt lat="43.192810" lon="3.205790">
      </trkpt>
      <trkpt lat="43.192970" lon="3.206220">
      </trkpt>
      <trkpt lat="43.193180" lon="3.206480">
      </trkpt>
      <trkpt lat="43.195200" lon="3.207470">
      </trkpt>
      <trkpt lat="43.196980" lon="3.209550">
        <ele>1</ele>
      </trkpt>
      <trkpt lat="43.198030" lon="3.209850">
        <ele>1</ele>
      </trkpt>
      <trkpt lat="43.200100" lon="3.212930">
        <ele>1</ele>
      </trkpt>
      <trkpt lat="43.200140" lon="3.213250">
        <ele>1</ele>
      </trkpt>
      <trkpt lat="43.199380" lon="3.214650">
        <ele>1</ele>
      </trkpt>
      <trkpt lat="43.199380" lon="3.215180">
        <ele>1</ele>
      </trkpt>
      <trkpt lat="43.199510" lon="3.215480">
        <ele>1</ele>
      </trkpt>
      <trkpt lat="43.200300" lon="3.216210">
        <ele>1.6</ele>
      </trkpt>
      <trkpt lat="43.200840" lon="3.216190">
        <ele>1</ele>
      </trkpt>
      <trkpt lat="43.201270" lon="3.216830">
        <ele>1</ele>
      </trkpt>
      <trkpt lat="43.202720" lon="3.218300">
        <ele>1</ele>
      </trkpt>
      <trkpt lat="43.202380" lon="3.218780">
        <ele>1</ele>
      </trkpt>
      <trkpt lat="43.204720" lon="3.221050">
        <ele>1</ele>
      </trkpt>
      <trkpt lat="43.205790" lon="3.224680">
        <ele>1</ele>
      </trkpt>
      <trkpt lat="43.205820" lon="3.225060">
        <ele>1</ele>
      </trkpt>
      <trkpt lat="43.206220" lon="3.225690">
        <ele>1</ele>
      </trkpt>
      <trkpt lat="43.206660" lon="3.226310">
        <ele>1</ele>
      </trkpt>
      <trkpt lat="43.207230" lon="3.228010">
        <ele>1</ele>
      </trkpt>
      <trkpt lat="43.207480" lon="3.228840">
        <ele>1</ele>
      </trkpt>
      <trkpt lat="43.207820" lon="3.229090">
      </trkpt>
      <trkpt lat="43.208820" lon="3.228780">
        <ele>1.3</ele>
      </trkpt>
      <trkpt lat="43.209590" lon="3.229720">
        <ele>1</ele>
      </trkpt>
      <trkpt lat="43.209840" lon="3.230260">
        <ele>1</ele>
      </trkpt>
      <trkpt lat="43.209960" lon="3.230930">
        <ele>1</ele>
      </trkpt>
      <trkpt lat="43.210560" lon="3.231550">
        <ele>1</ele>
      </trkpt>
      <trkpt lat="43.211400" lon="3.232380">
        <ele>1</ele>
      </trkpt>
      <trkpt lat="43.212350" lon="3.233070">
        <ele>1</ele>
      </trkpt>
      <trkpt lat="43.214330" lon="3.234480">
        <ele>1</ele>
      </trkpt>
      <trkpt lat="43.214460" lon="3.234410">
        <ele>1</ele>
      </trkpt>
      <trkpt lat="43.214600" lon="3.234530">
        <ele>1</ele>
      </trkpt>
      <trkpt lat="43.215100" lon="3.233150">
        <ele>1.4</ele>
      </trkpt>
      <trkpt lat="43.215300" lon="3.233100">
        <ele>2</ele>
      </trkpt>
      <trkpt lat="43.215600" lon="3.232610">
        <ele>2</ele>
      </trkpt>
      <trkpt lat="43.215820" lon="3.232680">
        <ele>2</ele>
      </trkpt>
      <trkpt lat="43.216230" lon="3.233030">
        <ele>1.1</ele>
      </trkpt>
      <trkpt lat="43.216330" lon="3.233300">
        <ele>1.9</ele>
      </trkpt>
      <trkpt lat="43.216440" lon="3.233530">
        <ele>2</ele>
      </trkpt>
      <trkpt lat="43.216770" lon="3.233070">
        <ele>1</ele>
      </trkpt>
      <trkpt lat="43.217400" lon="3.231860">
        <ele>1.7</ele>
      </trkpt>
      <trkpt lat="43.217620" lon="3.230770">
        <ele>2</ele>
      </trkpt>
      <trkpt lat="43.217760" lon="3.229470">
        <ele>2</ele>
      </trkpt>
      <trkpt lat="43.218680" lon="3.227470">
        <ele>1.7</ele>
      </trkpt>
      <trkpt lat="43.218860" lon="3.227360">
        <ele>1.1</ele>
      </trkpt>
      <trkpt lat="43.220040" lon="3.224180">
        <ele>1</ele>
      </trkpt>
      <trkpt lat="43.220200" lon="3.223950">
        <ele>1.2</ele>
      </trkpt>
      <trkpt lat="43.220380" lon="3.223410">
        <ele>1.5</ele>
      </trkpt>
      <trkpt lat="43.220320" lon="3.223300">
        <ele>1.8</ele>
      </trkpt>
      <trkpt lat="43.221330" lon="3.220470">
        <ele>1</ele>
      </trkpt>
      <trkpt lat="43.221420" lon="3.219160">
        <ele>2</ele>
      </trkpt>
      <trkpt lat="43.223480" lon="3.214740">
        <ele>1</ele>
      </trkpt>
      <trkpt lat="43.225640" lon="3.210420">
        <ele>1.3</ele>
      </trkpt>
      <trkpt lat="43.226750" lon="3.211710">
        <ele>1.6</ele>
      </trkpt>
      <trkpt lat="43.226780" lon="3.211880">
        <ele>1.1</ele>
      </trkpt>
      <trkpt lat="43.226610" lon="3.212140">
        <ele>1</ele>
      </trkpt>
      <trkpt lat="43.226110" lon="3.212210">
        <ele>1</ele>
      </trkpt>
      <trkpt lat="43.225920" lon="3.212470">
        <ele>1</ele>
      </trkpt>
      <trkpt lat="43.224940" lon="3.214890">
        <ele>1.5</ele>
      </trkpt>
      <trkpt lat="43.224740" lon="3.215180">
        <ele>1</ele>
      </trkpt>
      <trkpt lat="43.224410" lon="3.215860">
        <ele>1</ele>
      </trkpt>
      <trkpt lat="43.224320" lon="3.216100">
        <ele>1</ele>
      </trkpt>
      <trkpt lat="43.223110" lon="3.218360">
        <ele>1</ele>
      </trkpt>
      <trkpt lat="43.222840" lon="3.218930">
        <ele>1</ele>
      </trkpt>
      <trkpt lat="43.222720" lon="3.219630">
        <ele>1</ele>
      </trkpt>
      <trkpt lat="43.222560" lon="3.219950">
        <ele>1</ele>
      </trkpt>
      <trkpt lat="43.222360" lon="3.220100">
        <ele>1</ele>
      </trkpt>
      <trkpt lat="43.221730" lon="3.222290">
        <ele>1</ele>
      </trkpt>
      <trkpt lat="43.221350" lon="3.223430">
        <ele>1</ele>
      </trkpt>
      <trkpt lat="43.220900" lon="3.224480">
        <ele>1</ele>
      </trkpt>
      <trkpt lat="43.220400" lon="3.225940">
        <ele>1</ele>
      </trkpt>
      <trkpt lat="43.220390" lon="3.226100">
        <ele>1</ele>
      </trkpt>
      <trkpt lat="43.219840" lon="3.228260">
        <ele>1</ele>
      </trkpt>
      <trkpt lat="43.219540" lon="3.229120">
        <ele>1</ele>
      </trkpt>
      <trkpt lat="43.218940" lon="3.230460">
        <ele>1</ele>
      </trkpt>
      <trkpt lat="43.218640" lon="3.230950">
        <ele>1</ele>
      </trkpt>
      <trkpt lat="43.218680" lon="3.231100">
        <ele>1</ele>
      </trkpt>
      <trkpt lat="43.218870" lon="3.231240">
        <ele>1</ele>
      </trkpt>
      <trkpt lat="43.219720" lon="3.232050">
        <ele>1.4</ele>
      </trkpt>
      <trkpt lat="43.219840" lon="3.232420">
        <ele>1.9</ele>
      </trkpt>
      <trkpt lat="43.220090" lon="3.233560">
        <ele>1.1</ele>
      </trkpt>
      <trkpt lat="43.220210" lon="3.233410">
        <ele>1.2</ele>
      </trkpt>
      <trkpt lat="43.220230" lon="3.233550">
        <ele>1</ele>
      </trkpt>
      <trkpt lat="43.222780" lon="3.233210">
        <ele>1</ele>
      </trkpt>
      <trkpt lat="43.223660" lon="3.234080">
        <ele>1</ele>
      </trkpt>
      <trkpt lat="43.228240" lon="3.236110">
        <ele>1</ele>
      </trkpt>
      <trkpt lat="43.228490" lon="3.236160">
        <ele>1</ele>
      </trkpt>
      <trkpt lat="43.228520" lon="3.236480">
        <ele>1</ele>
      </trkpt>
      <trkpt lat="43.232840" lon="3.238430">
        <ele>1</ele>
      </trkpt>
      <trkpt lat="43.234110" lon="3.238680">
        <ele>1</ele>
      </trkpt>
      <trkpt lat="43.234500" lon="3.238890">
        <ele>1</ele>
      </trkpt>
      <trkpt lat="43.235060" lon="3.239310">
        <ele>1</ele>
      </trkpt>
      <trkpt lat="43.235350" lon="3.239420">
        <ele>1</ele>
      </trkpt>
      <trkpt lat="43.236300" lon="3.239740">
        <ele>1</ele>
      </trkpt>
      <trkpt lat="43.236820" lon="3.240040">
        <ele>1</ele>
      </trkpt>
      <trkpt lat="43.237190" lon="3.240280">
        <ele>1</ele>
      </trkpt>
      <trkpt lat="43.238530" lon="3.240600">
        <ele>1</ele>
      </trkpt>
      <trkpt lat="43.239400" lon="3.240940">
        <ele>1</ele>
      </trkpt>
      <trkpt lat="43.240810" lon="3.241270">
        <ele>1</ele>
      </trkpt>
      <trkpt lat="43.243970" lon="3.241720">
        <ele>1.2</ele>
      </trkpt>
      <trkpt lat="43.245360" lon="3.241940">
        <ele>2</ele>
      </trkpt>
      <trkpt lat="43.246080" lon="3.241610">
        <ele>1</ele>
      </trkpt>
      <trkpt lat="43.246640" lon="3.241670">
        <ele>1</ele>
      </trkpt>
      <trkpt lat="43.246930" lon="3.242030">
        <ele>1.3</ele>
      </trkpt>
      <trkpt lat="43.248490" lon="3.241970">
        <ele>2.1</ele>
      </trkpt>
      <trkpt lat="43.248530" lon="3.244140">
        <ele>17.3</ele>
      </trkpt>
      <trkpt lat="43.249100" lon="3.244800">
        <ele>19.2</ele>
      </trkpt>
      <trkpt lat="43.249460" lon="3.245420">
        <ele>19.5</ele>
      </trkpt>
      <trkpt lat="43.249920" lon="3.245590">
        <ele>20.1</ele>
      </trkpt>
      <trkpt lat="43.250230" lon="3.246270">
        <ele>21.1</ele>
      </trkpt>
      <trkpt lat="43.250310" lon="3.247270">
        <ele>22.2</ele>
      </trkpt>
      <trkpt lat="43.249440" lon="3.247890">
        <ele>23</ele>
      </trkpt>
      <trkpt lat="43.250220" lon="3.248440">
        <ele>23</ele>
      </trkpt>
      <trkpt lat="43.252170" lon="3.251460">
        <ele>23</ele>
      </trkpt>
      <trkpt lat="43.252550" lon="3.252030">
        <ele>24.2</ele>
      </trkpt>
      <trkpt lat="43.252520" lon="3.252500">
        <ele>25.1</ele>
      </trkpt>
      <trkpt lat="43.252610" lon="3.252890">
        <ele>25</ele>
      </trkpt>
      <trkpt lat="43.252860" lon="3.253080">
        <ele>26</ele>
      </trkpt>
      <trkpt lat="43.253320" lon="3.252960">
        <ele>26</ele>
      </trkpt>
      <trkpt lat="43.253370" lon="3.253250">
        <ele>25.3</ele>
      </trkpt>
      <trkpt lat="43.253010" lon="3.253470">
        <ele>25.6</ele>
      </trkpt>
      <trkpt lat="43.252140" lon="3.254500">
        <ele>25.9</ele>
      </trkpt>
      <trkpt lat="43.251940" lon="3.254900">
        <ele>25.4</ele>
      </trkpt>
      <trkpt lat="43.253230" lon="3.256050">
        <ele>22.2</ele>
      </trkpt>
      <trkpt lat="43.253700" lon="3.255980">
        <ele>22</ele>
      </trkpt>
      <trkpt lat="43.254750" lon="3.256440">
        <ele>22</ele>
      </trkpt>
      <trkpt lat="43.254810" lon="3.256910">
        <ele>22</ele>
      </trkpt>
      <trkpt lat="43.256750" lon="3.259510">
        <ele>21.1</ele>
      </trkpt>
      <trkpt lat="43.258930" lon="3.260330">
        <ele>21</ele>
      </trkpt>
      <trkpt lat="43.260450" lon="3.260860">
        <ele>21.3</ele>
      </trkpt>
      <trkpt lat="43.260590" lon="3.260780">
        <ele>21.2</ele>
      </trkpt>
      <trkpt lat="43.260780" lon="3.260440">
        <ele>21.7</ele>
      </trkpt>
      <trkpt lat="43.261040" lon="3.260400">
        <ele>21.9</ele>
      </trkpt>
      <trkpt lat="43.263790" lon="3.262370">
        <ele>23</ele>
      </trkpt>
      <trkpt lat="43.266980" lon="3.264990">
        <ele>23</ele>
      </trkpt>
      <trkpt lat="43.267780" lon="3.265620">
        <ele>23</ele>
      </trkpt>
      <trkpt lat="43.268530" lon="3.266330">
        <ele>23</ele>
      </trkpt>
      <trkpt lat="43.269140" lon="3.267230">
        <ele>23</ele>
      </trkpt>
      <trkpt lat="43.269590" lon="3.268450">
        <ele>22.8</ele>
      </trkpt>
      <trkpt lat="43.270010" lon="3.269080">
        <ele>22</ele>
      </trkpt>
      <trkpt lat="43.270510" lon="3.269510">
        <ele>22</ele>
      </trkpt>
      <trkpt lat="43.271190" lon="3.270180">
        <ele>22</ele>
      </trkpt>
      <trkpt lat="43.271750" lon="3.271080">
        <ele>22</ele>
      </trkpt>
      <trkpt lat="43.272380" lon="3.271650">
        <ele>22</ele>
      </trkpt>
      <trkpt lat="43.273890" lon="3.272290">
        <ele>14.2</ele>
      </trkpt>
      <trkpt lat="43.276150" lon="3.272720">
        <ele>9.7</ele>
      </trkpt>
      <trkpt lat="43.277680" lon="3.273450">
        <ele>8.4</ele>
      </trkpt>
      <trkpt lat="43.278030" lon="3.273510">
        <ele>7.7</ele>
      </trkpt>
      <trkpt lat="43.278140" lon="3.273480">
        <ele>7.2</ele>
      </trkpt>
      <trkpt lat="43.278390" lon="3.273640">
        <ele>6.2</ele>
      </trkpt>
      <trkpt lat="43.278450" lon="3.273720">
        <ele>6.5</ele>
      </trkpt>
      <trkpt lat="43.278850" lon="3.274750">
        <ele>5</ele>
      </trkpt>
      <trkpt lat="43.280010" lon="3.276800">
        <ele>4</ele>
      </trkpt>
      <trkpt lat="43.280040" lon="3.277020">
        <ele>4</ele>
      </trkpt>
      <trkpt lat="43.280190" lon="3.277140">
        <ele>4</ele>
      </trkpt>
      <trkpt lat="43.280970" lon="3.278850">
        <ele>4.6</ele>
      </trkpt>
      <trkpt lat="43.281490" lon="3.280020">
        <ele>5</ele>
      </trkpt>
      <trkpt lat="43.281530" lon="3.280170">
        <ele>5</ele>
      </trkpt>
      <trkpt lat="43.282170" lon="3.280920">
        <ele>5</ele>
      </trkpt>
      <trkpt lat="43.283220" lon="3.282040">
        <ele>4</ele>
      </trkpt>
      <trkpt lat="43.283690" lon="3.282600">
        <ele>1.7</ele>
      </trkpt>
      <trkpt lat="43.284120" lon="3.283050">
        <ele>5</ele>
      </trkpt>
      <trkpt lat="43.284170" lon="3.283000">
        <ele>5</ele>
      </trkpt>
      <trkpt lat="43.284230" lon="3.283100">
        <ele>4.6</ele>
      </trkpt>
      <trkpt lat="43.284670" lon="3.282660">
        <ele>5.3</ele>
      </trkpt>
      <trkpt lat="43.284820" lon="3.283070">
        <ele>4.3</ele>
      </trkpt>
      <trkpt lat="43.285200" lon="3.284240">
        <ele>4.5</ele>
      </trkpt>
      <trkpt lat="43.285630" lon="3.285420">
        <ele>3.6</ele>
      </trkpt>
      <trkpt lat="43.286060" lon="3.286390">
        <ele>4</ele>
      </trkpt>
      <trkpt lat="43.286320" lon="3.287290">
        <ele>3.2</ele>
      </trkpt>
      <trkpt lat="43.287050" lon="3.289760">
        <ele>3.6</ele>
      </trkpt>
      <trkpt lat="43.286980" lon="3.291310">
        <ele>3.1</ele>
      </trkpt>
      <trkpt lat="43.287030" lon="3.294870">
        <ele>3</ele>
      </trkpt>
      <trkpt lat="43.287220" lon="3.296990">
        <ele>3</ele>
      </trkpt>
      <trkpt lat="43.287420" lon="3.298860">
        <ele>3</ele>
      </trkpt>
      <trkpt lat="43.287030" lon="3.303090">
        <ele>3</ele>
      </trkpt>
      <trkpt lat="43.286910" lon="3.305210">
        <ele>2.1</ele>
      </trkpt>
      <trkpt lat="43.286420" lon="3.308340">
        <ele>2</ele>
      </trkpt>
      <trkpt lat="43.286200" lon="3.312640">
        <ele>2.3</ele>
      </trkpt>
      <trkpt lat="43.287860" lon="3.313260">
        <ele>2</ele>
      </trkpt>
      <trkpt lat="43.288950" lon="3.313450">
        <ele>2</ele>
      </trkpt>
      <trkpt lat="43.289470" lon="3.315020">
        <ele>2</ele>
      </trkpt>
      <trkpt lat="43.291340" lon="3.319950">
        <ele>2</ele>
      </trkpt>
      <trkpt lat="43.293000" lon="3.324460">
        <ele>2</ele>
      </trkpt>
      <trkpt lat="43.293780" lon="3.327720">
        <ele>1.2</ele>
      </trkpt>
      <trkpt lat="43.293950" lon="3.327630">
        <ele>1.5</ele>
      </trkpt>
      <trkpt lat="43.294120" lon="3.327720">
        <ele>1.7</ele>
      </trkpt>
      <trkpt lat="43.294360" lon="3.327620">
        <ele>1.5</ele>
      </trkpt>
      <trkpt lat="43.294640" lon="3.327800">
        <ele>1</ele>
      </trkpt>
      <trkpt lat="43.294470" lon="3.328220">
        <ele>1.9</ele>
      </trkpt>
      <trkpt lat="43.292940" lon="3.330500">
        <ele>1</ele>
      </trkpt>
      <trkpt lat="43.291430" lon="3.331710">
        <ele>1</ele>
      </trkpt>
      <trkpt lat="43.290450" lon="3.332340">
        <ele>1.6</ele>
      </trkpt>
      <trkpt lat="43.288780" lon="3.332850">
        <ele>1</ele>
      </trkpt>
      <trkpt lat="43.284630" lon="3.334080">
        <ele>1</ele>
      </trkpt>
      <trkpt lat="43.284050" lon="3.334460">
        <ele>1</ele>
      </trkpt>
      <trkpt lat="43.282950" lon="3.335510">
        <ele>1</ele>
      </trkpt>
      <trkpt lat="43.281740" lon="3.336880">
        <ele>1</ele>
      </trkpt>
      <trkpt lat="43.280500" lon="3.338610">
        <ele>1</ele>
      </trkpt>
      <trkpt lat="43.281060" lon="3.339850">
        <ele>1</ele>
      </trkpt>
      <trkpt lat="43.281450" lon="3.341170">
        <ele>1</ele>
      </trkpt>
      <trkpt lat="43.282190" lon="3.342770">
        <ele>1</ele>
      </trkpt>
      <trkpt lat="43.281800" lon="3.346860">
        <ele>1.4</ele>
      </trkpt>
      <trkpt lat="43.281340" lon="3.347310">
        <ele>1</ele>
      </trkpt>
      <trkpt lat="43.280840" lon="3.347460">
        <ele>1</ele>
      </trkpt>
      <trkpt lat="43.279270" lon="3.348350">
        <ele>1</ele>
      </trkpt>
      <trkpt lat="43.279170" lon="3.348710">
        <ele>1</ele>
      </trkpt>
      <trkpt lat="43.280380" lon="3.349470">
        <ele>1</ele>
      </trkpt>
      <trkpt lat="43.280840" lon="3.350320">
        <ele>1</ele>
      </trkpt>
      <trkpt lat="43.281040" lon="3.350620">
        <ele>1</ele>
      </trkpt>
      <trkpt lat="43.280850" lon="3.351640">
        <ele>1.8</ele>
      </trkpt>
      <trkpt lat="43.281530" lon="3.352290">
        <ele>1.6</ele>
      </trkpt>
      <trkpt lat="43.282110" lon="3.353020">
        <ele>2</ele>
      </trkpt>
      <trkpt lat="43.282360" lon="3.355680">
        <ele>2</ele>
      </trkpt>
      <trkpt lat="43.282490" lon="3.355910">
        <ele>2</ele>
      </trkpt>
      <trkpt lat="43.283420" lon="3.355780">
        <ele>2</ele>
      </trkpt>
      <trkpt lat="43.283520" lon="3.357170">
        <ele>2</ele>
      </trkpt>
      <trkpt lat="43.284840" lon="3.357050">
        <ele>1.2</ele>
      </trkpt>
      <trkpt lat="43.285810" lon="3.360260">
        <ele>1.1</ele>
      </trkpt>
      <trkpt lat="43.286130" lon="3.362340">
        <ele>1.9</ele>
      </trkpt>
      <trkpt lat="43.286230" lon="3.362950">
        <ele>1.6</ele>
      </trkpt>
      <trkpt lat="43.286540" lon="3.363500">
        <ele>1.5</ele>
      </trkpt>
      <trkpt lat="43.287020" lon="3.366520">
        <ele>1</ele>
      </trkpt>
      <trkpt lat="43.286760" lon="3.369780">
        <ele>1.5</ele>
      </trkpt>
      <trkpt lat="43.287590" lon="3.370360">
        <ele>1.2</ele>
      </trkpt>
      <trkpt lat="43.287840" lon="3.369450">
        <ele>1</ele>
      </trkpt>
      <trkpt lat="43.289580" lon="3.369960">
        <ele>1</ele>
      </trkpt>
      <trkpt lat="43.290170" lon="3.370930">
        <ele>1</ele>
      </trkpt>
      <trkpt lat="43.290620" lon="3.371860">
        <ele>1.1</ele>
      </trkpt>
      <trkpt lat="43.291920" lon="3.371550">
        <ele>2.1</ele>
      </trkpt>
      <trkpt lat="43.292540" lon="3.371350">
        <ele>1.9</ele>
      </trkpt>
      <trkpt lat="43.292630" lon="3.371910">
        <ele>2</ele>
      </trkpt>
      <trkpt lat="43.293230" lon="3.376240">
        <ele>1.7</ele>
      </trkpt>
      <trkpt lat="43.293620" lon="3.378920">
        <ele>2</ele>
      </trkpt>
      <trkpt lat="43.293650" lon="3.379230">
        <ele>1.9</ele>
      </trkpt>
      <trkpt lat="43.294090" lon="3.382380">
        <ele>1</ele>
      </trkpt>
      <trkpt lat="43.294760" lon="3.387360">
        <ele>2.9</ele>
      </trkpt>
      <trkpt lat="43.295240" lon="3.389730">
        <ele>2</ele>
      </trkpt>
      <trkpt lat="43.296020" lon="3.392350">
        <ele>1.9</ele>
      </trkpt>
      <trkpt lat="43.296530" lon="3.393710">
        <ele>2.6</ele>
      </trkpt>
      <trkpt lat="43.298840" lon="3.398850">
        <ele>2.1</ele>
      </trkpt>
      <trkpt lat="43.299770" lon="3.401040">
        <ele>3</ele>
      </trkpt>
      <trkpt lat="43.300140" lon="3.402040">
        <ele>2</ele>
      </trkpt>
      <trkpt lat="43.300520" lon="3.403110">
        <ele>3.2</ele>
      </trkpt>
      <trkpt lat="43.300690" lon="3.403580">
        <ele>4</ele>
      </trkpt>
      <trkpt lat="43.300780" lon="3.403680">
        <ele>3.7</ele>
      </trkpt>
      <trkpt lat="43.300790" lon="3.403690">
        <ele>3.7</ele>
      </trkpt>
      <trkpt lat="43.300930" lon="3.403630">
        <ele>3.4</ele>
      </trkpt>
      <trkpt lat="43.300980" lon="3.403940">
        <ele>3.9</ele>
      </trkpt>
      <trkpt lat="43.300980" lon="3.403990">
        <ele>3.8</ele>
      </trkpt>
      <trkpt lat="43.301050" lon="3.404380">
        <ele>4</ele>
      </trkpt>
      <trkpt lat="43.301080" lon="3.404390">
        <ele>3.9</ele>
      </trkpt>
      <trkpt lat="43.301140" lon="3.404710">
        <ele>5</ele>
      </trkpt>
      <trkpt lat="43.301180" lon="3.404760">
        <ele>4.6</ele>
      </trkpt>
      <trkpt lat="43.301250" lon="3.404790">
        <ele>4.5</ele>
      </trkpt>
      <trkpt lat="43.301300" lon="3.405100">
        <ele>3.8</ele>
      </trkpt>
      <trkpt lat="43.301340" lon="3.405310">
        <ele>4.4</ele>
      </trkpt>
      <trkpt lat="43.301440" lon="3.405460">
        <ele>4.2</ele>
      </trkpt>
      <trkpt lat="43.301550" lon="3.406310">
        <ele>2.7</ele>
      </trkpt>
      <trkpt lat="43.301690" lon="3.407940">
        <ele>4.6</ele>
      </trkpt>
      <trkpt lat="43.302270" lon="3.417170">
        <ele>2</ele>
      </trkpt>
      <trkpt lat="43.302310" lon="3.417720">
        <ele>1.5</ele>
      </trkpt>
      <trkpt lat="43.302320" lon="3.418180">
        <ele>2.6</ele>
      </trkpt>
      <trkpt lat="43.302440" lon="3.418740">
        <ele>2.9</ele>
      </trkpt>
      <trkpt lat="43.302490" lon="3.419070">
        <ele>2.7</ele>
      </trkpt>
      <trkpt lat="43.302440" lon="3.419380">
        <ele>2</ele>
      </trkpt>
      <trkpt lat="43.302800" lon="3.424880">
        <ele>2.4</ele>
      </trkpt>
      <trkpt lat="43.303340" lon="3.432280">
        <ele>2</ele>
      </trkpt>
      <trkpt lat="43.303370" lon="3.433010">
        <ele>2</ele>
      </trkpt>
      <trkpt lat="43.303620" lon="3.434170">
        <ele>2</ele>
      </trkpt>
      <trkpt lat="43.303950" lon="3.434830">
        <ele>1.7</ele>
      </trkpt>
      <trkpt lat="43.304760" lon="3.435880">
        <ele>1.8</ele>
      </trkpt>
      <trkpt lat="43.305610" lon="3.436540">
        <ele>2</ele>
      </trkpt>
      <trkpt lat="43.307260" lon="3.437320">
        <ele>2</ele>
      </trkpt>
      <trkpt lat="43.307750" lon="3.437540">
        <ele>1.8</ele>
      </trkpt>
      <trkpt lat="43.311800" lon="3.439390">
        <ele>1.5</ele>
      </trkpt>
      <trkpt lat="43.312400" lon="3.439800">
        <ele>1.7</ele>
      </trkpt>
      <trkpt lat="43.313220" lon="3.440210">
        <ele>1.7</ele>
      </trkpt>
      <trkpt lat="43.313860" lon="3.440360">
        <ele>1.7</ele>
      </trkpt>
      <trkpt lat="43.314680" lon="3.440350">
        <ele>1.7</ele>
      </trkpt>
      <trkpt lat="43.314840" lon="3.440480">
        <ele>1.5</ele>
      </trkpt>
      <trkpt lat="43.314990" lon="3.440480">
        <ele>1.8</ele>
      </trkpt>
      <trkpt lat="43.315130" lon="3.440440">
        <ele>1.9</ele>
      </trkpt>
      <trkpt lat="43.315300" lon="3.440190">
        <ele>1.9</ele>
      </trkpt>
      <trkpt lat="43.315380" lon="3.440460">
        <ele>1.5</ele>
      </trkpt>
      <trkpt lat="43.315810" lon="3.440950">
        <ele>2</ele>
      </trkpt>
      <trkpt lat="43.315980" lon="3.441340">
        <ele>1.6</ele>
      </trkpt>
      <trkpt lat="43.316290" lon="3.443190">
        <ele>1.6</ele>
      </trkpt>
      <trkpt lat="43.316300" lon="3.443410">
        <ele>1.7</ele>
      </trkpt>
      <trkpt lat="43.316340" lon="3.443570">
        <ele>1.8</ele>
      </trkpt>
      <trkpt lat="43.316890" lon="3.446820">
        <ele>1.9</ele>
      </trkpt>
      <trkpt lat="43.316970" lon="3.446970">
        <ele>2</ele>
      </trkpt>
      <trkpt lat="43.316970" lon="3.447060">
        <ele>2</ele>
      </trkpt>
      <trkpt lat="43.316600" lon="3.447210">
        <ele>2.7</ele>
      </trkpt>
      <trkpt lat="43.316730" lon="3.447340">
        <ele>2.8</ele>
      </trkpt>
      <trkpt lat="43.316900" lon="3.448310">
        <ele>1.1</ele>
      </trkpt>
      <trkpt lat="43.316980" lon="3.449170">
        <ele>1.9</ele>
      </trkpt>
      <trkpt lat="43.317790" lon="3.453910">
        <ele>2.9</ele>
      </trkpt>
      <trkpt lat="43.317970" lon="3.455050">
        <ele>2.1</ele>
      </trkpt>
      <trkpt lat="43.318620" lon="3.459110">
        <ele>2.8</ele>
      </trkpt>
      <trkpt lat="43.318950" lon="3.460970">
        <ele>2.7</ele>
      </trkpt>
      <trkpt lat="43.319390" lon="3.463740">
        <ele>2.6</ele>
      </trkpt>
      <trkpt lat="43.319530" lon="3.464770">
        <ele>3.1</ele>
      </trkpt>
      <trkpt lat="43.319710" lon="3.465180">
        <ele>1.8</ele>
      </trkpt>
      <trkpt lat="43.319960" lon="3.467100">
        <ele>2.4</ele>
      </trkpt>
      <trkpt lat="43.319890" lon="3.467440">
        <ele>3.9</ele>
      </trkpt>
      <trkpt lat="43.319970" lon="3.467550">
        <ele>3.5</ele>
      </trkpt>
      <trkpt lat="43.320010" lon="3.467820">
        <ele>1.4</ele>
      </trkpt>
      <trkpt lat="43.319950" lon="3.467910">
        <ele>2.3</ele>
      </trkpt>
      <trkpt lat="43.318620" lon="3.468280">
        <ele>2.03</ele>
      </trkpt>
      <trkpt lat="43.318080" lon="3.468450">
        <ele>1.5</ele>
      </trkpt>
      <trkpt lat="43.317830" lon="3.468400">
        <ele>1.8</ele>
      </trkpt>
      <trkpt lat="43.317690" lon="3.468470">
        <ele>2.3</ele>
      </trkpt>
      <trkpt lat="43.317600" lon="3.468630">
        <ele>2.5</ele>
      </trkpt>
      <trkpt lat="43.316800" lon="3.468830">
        <ele>2.2</ele>
      </trkpt>
      <trkpt lat="43.315960" lon="3.469110">
        <ele>2.46</ele>
      </trkpt>
      <trkpt lat="43.315700" lon="3.469260">
        <ele>2.3</ele>
      </trkpt>
      <trkpt lat="43.315580" lon="3.469230">
        <ele>2.2</ele>
      </trkpt>
      <trkpt lat="43.315510" lon="3.468720">
        <ele>3.8</ele>
      </trkpt>
      <trkpt lat="43.315370" lon="3.468700">
        <ele>4</ele>
      </trkpt>
      <trkpt lat="43.315280" lon="3.468530">
        <ele>5</ele>
      </trkpt>
      <trkpt lat="43.315110" lon="3.468680">
        <ele>2.9</ele>
      </trkpt>
      <trkpt lat="43.314930" lon="3.469150">
        <ele>10.5</ele>
      </trkpt>
      <trkpt lat="43.314740" lon="3.469710">
        <ele>3</ele>
      </trkpt>
      <trkpt lat="43.314740" lon="3.469850">
        <ele>3.9</ele>
      </trkpt>
      <trkpt lat="43.314760" lon="3.469970">
        <ele>4.8</ele>
      </trkpt>
      <trkpt lat="43.314820" lon="3.470100">
        <ele>4.9</ele>
      </trkpt>
      <trkpt lat="43.315180" lon="3.470680">
        <ele>3.3</ele>
      </trkpt>
      <trkpt lat="43.315280" lon="3.470600">
        <ele>2.3</ele>
      </trkpt>
      <trkpt lat="43.315320" lon="3.470860">
        <ele>4</ele>
      </trkpt>
      <trkpt lat="43.315980" lon="3.472530">
        <ele>2.5</ele>
      </trkpt>
      <trkpt lat="43.315900" lon="3.472970">
        <ele>3.5</ele>
      </trkpt>
      <trkpt lat="43.316030" lon="3.473370">
        <ele>3.4</ele>
      </trkpt>
      <trkpt lat="43.316370" lon="3.473480">
        <ele>4.4</ele>
      </trkpt>
      <trkpt lat="43.316670" lon="3.473350">
        <ele>4</ele>
      </trkpt>
      <trkpt lat="43.317360" lon="3.473340">
        <ele>3</ele>
      </trkpt>
      <trkpt lat="43.317840" lon="3.473440">
        <ele>2.9</ele>
      </trkpt>
      <trkpt lat="43.318220" lon="3.473570">
        <ele>2.9</ele>
      </trkpt>
      <trkpt lat="43.318700" lon="3.473460">
        <ele>3.4</ele>
      </trkpt>
      <trkpt lat="43.319150" lon="3.473360">
        <ele>3</ele>
      </trkpt>
      <trkpt lat="43.319600" lon="3.473330">
        <ele>3</ele>
      </trkpt>
      <trkpt lat="43.320270" lon="3.473380">
        <ele>3.2</ele>
      </trkpt>
      <trkpt lat="43.320890" lon="3.473500">
        <ele>2.6</ele>
      </trkpt>
      <trkpt lat="43.321550" lon="3.473730">
        <ele>3.3</ele>
      </trkpt>
      <trkpt lat="43.322070" lon="3.473950">
        <ele>2.9</ele>
      </trkpt>
      <trkpt lat="43.322300" lon="3.474120">
        <ele>3.2</ele>
      </trkpt>
      <trkpt lat="43.323080" lon="3.474530">
        <ele>2.6</ele>
      </trkpt>
      <trkpt lat="43.324220" lon="3.475740">
        <ele>3.7</ele>
      </trkpt>
      <trkpt lat="43.324920" lon="3.476560">
        <ele>3.3</ele>
      </trkpt>
      <trkpt lat="43.325030" lon="3.476620">
        <ele>3.6</ele>
      </trkpt>
      <trkpt lat="43.325160" lon="3.476720">
        <ele>3.6</ele>
      </trkpt>
      <trkpt lat="43.325270" lon="3.476750">
        <ele>3.6</ele>
      </trkpt>
      <trkpt lat="43.325380" lon="3.476880">
        <ele>3.6</ele>
      </trkpt>
      <trkpt lat="43.325640" lon="3.477410">
        <ele>4.1</ele>
      </trkpt>
      <trkpt lat="43.325680" lon="3.477600">
        <ele>3.8</ele>
      </trkpt>
      <trkpt lat="43.326010" lon="3.478290">
        <ele>5</ele>
      </trkpt>
      <trkpt lat="43.326360" lon="3.478950">
        <ele>4.6</ele>
      </trkpt>
      <trkpt lat="43.326570" lon="3.479330">
        <ele>3.6</ele>
      </trkpt>
      <trkpt lat="43.326640" lon="3.479590">
        <ele>4.8</ele>
      </trkpt>
      <trkpt lat="43.326620" lon="3.479750">
        <ele>4.5</ele>
      </trkpt>
      <trkpt lat="43.326580" lon="3.479870">
        <ele>3.8</ele>
      </trkpt>
      <trkpt lat="43.326490" lon="3.480030">
        <ele>3.5</ele>
      </trkpt>
      <trkpt lat="43.326310" lon="3.480140">
        <ele>4.2</ele>
      </trkpt>
      <trkpt lat="43.326010" lon="3.480270">
        <ele>4.7</ele>
      </trkpt>
      <trkpt lat="43.325960" lon="3.480360">
        <ele>3.7</ele>
      </trkpt>
      <trkpt lat="43.325830" lon="3.480460">
        <ele>2.7</ele>
      </trkpt>
      <trkpt lat="43.325500" lon="3.480620">
        <ele>3.5</ele>
      </trkpt>
      <trkpt lat="43.325320" lon="3.480710">
        <ele>2.9</ele>
      </trkpt>
      <trkpt lat="43.325170" lon="3.480700">
        <ele>3.2</ele>
      </trkpt>
      <trkpt lat="43.324840" lon="3.480830">
        <ele>4</ele>
      </trkpt>
      <trkpt lat="43.324340" lon="3.481060">
        <ele>3.8</ele>
      </trkpt>
      <trkpt lat="43.323940" lon="3.481320">
        <ele>3.5</ele>
      </trkpt>
      <trkpt lat="43.323040" lon="3.481890">
        <ele>3.8</ele>
      </trkpt>
      <trkpt lat="43.322330" lon="3.482470">
        <ele>3.2</ele>
      </trkpt>
      <trkpt lat="43.321200" lon="3.483740">
        <ele>2.9</ele>
      </trkpt>
      <trkpt lat="43.319640" lon="3.485770">
        <ele>2.7</ele>
      </trkpt>
      <trkpt lat="43.319420" lon="3.486100">
        <ele>2.1</ele>
      </trkpt>
      <trkpt lat="43.319250" lon="3.486360">
        <ele>3.3</ele>
      </trkpt>
      <trkpt lat="43.319180" lon="3.486440">
        <ele>3.6</ele>
      </trkpt>
      <trkpt lat="43.319080" lon="3.486510">
        <ele>2.9</ele>
      </trkpt>
      <trkpt lat="43.318460" lon="3.487000">
        <ele>2.4</ele>
      </trkpt>
      <trkpt lat="43.316950" lon="3.487780">
        <ele>3</ele>
      </trkpt>
      <trkpt lat="43.316690" lon="3.487930">
        <ele>2.5</ele>
      </trkpt>
      <trkpt lat="43.316320" lon="3.488230">
        <ele>2</ele>
      </trkpt>
      <trkpt lat="43.315990" lon="3.488650">
        <ele>2</ele>
      </trkpt>
      <trkpt lat="43.315840" lon="3.488960">
        <ele>2</ele>
      </trkpt>
      <trkpt lat="43.315570" lon="3.489630">
        <ele>2.7</ele>
      </trkpt>
      <trkpt lat="43.315260" lon="3.490590">
        <ele>2.8</ele>
      </trkpt>
      <trkpt lat="43.314650" lon="3.492580">
        <ele>2.5</ele>
      </trkpt>
      <trkpt lat="43.314270" lon="3.493440">
        <ele>2.5</ele>
      </trkpt>
      <trkpt lat="43.313640" lon="3.494540">
        <ele>2.9</ele>
      </trkpt>
      <trkpt lat="43.313120" lon="3.495410">
        <ele>3.1</ele>
      </trkpt>
      <trkpt lat="43.312970" lon="3.495740">
        <ele>3.2</ele>
      </trkpt>
      <trkpt lat="43.312880" lon="3.496010">
        <ele>3.2</ele>
      </trkpt>
      <trkpt lat="43.312690" lon="3.496890">
        <ele>3.5</ele>
      </trkpt>
      <trkpt lat="43.312650" lon="3.497150">
        <ele>3</ele>
      </trkpt>
      <trkpt lat="43.312640" lon="3.497540">
        <ele>3.1</ele>
      </trkpt>
      <trkpt lat="43.312660" lon="3.497840">
        <ele>3.8</ele>
      </trkpt>
      <trkpt lat="43.312710" lon="3.498020">
        <ele>5.1</ele>
      </trkpt>
      <trkpt lat="43.312910" lon="3.498290">
        <ele>3.6</ele>
      </trkpt>
      <trkpt lat="43.313030" lon="3.498420">
        <ele>3</ele>
      </trkpt>
      <trkpt lat="43.313340" lon="3.498680">
        <ele>2.8</ele>
      </trkpt>
      <trkpt lat="43.313830" lon="3.498920">
        <ele>2.9</ele>
      </trkpt>
      <trkpt lat="43.314120" lon="3.499040">
        <ele>2.9</ele>
      </trkpt>
      <trkpt lat="43.314180" lon="3.499170">
        <ele>3</ele>
      </trkpt>
      <trkpt lat="43.314410" lon="3.499240">
        <ele>2.7</ele>
      </trkpt>
      <trkpt lat="43.314510" lon="3.499290">
        <ele>2.3</ele>
      </trkpt>
      <trkpt lat="43.314700" lon="3.499260">
        <ele>1.4</ele>
      </trkpt>
      <trkpt lat="43.314960" lon="3.499420">
        <ele>2.7</ele>
      </trkpt>
      <trkpt lat="43.315310" lon="3.499680">
        <ele>1.8</ele>
      </trkpt>
      <trkpt lat="43.315450" lon="3.499850">
        <ele>1.7</ele>
      </trkpt>
      <trkpt lat="43.315490" lon="3.500090">
        <ele>1.2</ele>
      </trkpt>
      <trkpt lat="43.315480" lon="3.500320">
        <ele>1</ele>
      </trkpt>
      <trkpt lat="43.315470" lon="3.500670">
        <ele>1</ele>
      </trkpt>
      <trkpt lat="43.315340" lon="3.501990">
        <ele>2</ele>
      </trkpt>
      <trkpt lat="43.315230" lon="3.501990">
        <ele>1.8</ele>
      </trkpt>
      <trkpt lat="43.315200" lon="3.502010">
        <ele>1.7</ele>
      </trkpt>
      <trkpt lat="43.315200" lon="3.502160">
        <ele>1.7</ele>
      </trkpt>
      <trkpt lat="43.315180" lon="3.502290">
        <ele>1.6</ele>
      </trkpt>
      <trkpt lat="43.315160" lon="3.502430">
        <ele>1.6</ele>
      </trkpt>
      <trkpt lat="43.315120" lon="3.502680">
        <ele>1.2</ele>
      </trkpt>
      <trkpt lat="43.315070" lon="3.502980">
        <ele>1</ele>
      </trkpt>
      <trkpt lat="43.315050" lon="3.503220">
        <ele>1</ele>
      </trkpt>
      <trkpt lat="43.314990" lon="3.503590">
        <ele>1.9</ele>
      </trkpt>
      <trkpt lat="43.314950" lon="3.503910">
        <ele>1.8</ele>
      </trkpt>
      <trkpt lat="43.314940" lon="3.503980">
        <ele>1.8</ele>
      </trkpt>
      <trkpt lat="43.314900" lon="3.504170">
        <ele>1.6</ele>
      </trkpt>
      <trkpt lat="43.314840" lon="3.504500">
        <ele>1</ele>
      </trkpt>
      <trkpt lat="43.314840" lon="3.504720">
        <ele>1</ele>
      </trkpt>
      <trkpt lat="43.314760" lon="3.505140">
        <ele>1</ele>
      </trkpt>
      <trkpt lat="43.314740" lon="3.505320">
        <ele>1.2</ele>
      </trkpt>
      <trkpt lat="43.314690" lon="3.505580">
        <ele>1.9</ele>
      </trkpt>
      <trkpt lat="43.314660" lon="3.505770">
        <ele>1.8</ele>
      </trkpt>
      <trkpt lat="43.314650" lon="3.505870">
        <ele>1.6</ele>
      </trkpt>
      <trkpt lat="43.314570" lon="3.506300">
        <ele>1</ele>
      </trkpt>
      <trkpt lat="43.314510" lon="3.506640">
        <ele>1</ele>
      </trkpt>
      <trkpt lat="43.314500" lon="3.506830">
        <ele>1.6</ele>
      </trkpt>
      <trkpt lat="43.314460" lon="3.507050">
        <ele>2</ele>
      </trkpt>
      <trkpt lat="43.314410" lon="3.507330">
        <ele>1.9</ele>
      </trkpt>
      <trkpt lat="43.314400" lon="3.507490">
        <ele>1.8</ele>
      </trkpt>
      <trkpt lat="43.314300" lon="3.508120">
        <ele>1</ele>
      </trkpt>
      <trkpt lat="43.314270" lon="3.508260">
        <ele>1</ele>
      </trkpt>
      <trkpt lat="43.314280" lon="3.508520">
        <ele>1</ele>
      </trkpt>
      <trkpt lat="43.314190" lon="3.508880">
        <ele>2</ele>
      </trkpt>
      <trkpt lat="43.314160" lon="3.509160">
        <ele>2.9</ele>
      </trkpt>
      <trkpt lat="43.314130" lon="3.509400">
        <ele>2</ele>
      </trkpt>
      <trkpt lat="43.314050" lon="3.509810">
        <ele>1.4</ele>
      </trkpt>
      <trkpt lat="43.313970" lon="3.510410">
        <ele>1.5</ele>
      </trkpt>
      <trkpt lat="43.313890" lon="3.510970">
        <ele>2.5</ele>
      </trkpt>
      <trkpt lat="43.313860" lon="3.511230">
        <ele>2.8</ele>
      </trkpt>
      <trkpt lat="43.313880" lon="3.511350">
        <ele>2.9</ele>
      </trkpt>
      <trkpt lat="43.313820" lon="3.511660">
        <ele>1.8</ele>
      </trkpt>
      <trkpt lat="43.313700" lon="3.512370">
        <ele>1</ele>
      </trkpt>
      <trkpt lat="43.313690" lon="3.512540">
        <ele>1.1</ele>
      </trkpt>
      <trkpt lat="43.313680" lon="3.512830">
        <ele>1.6</ele>
      </trkpt>
      <trkpt lat="43.313700" lon="3.513000">
        <ele>1.1</ele>
      </trkpt>
      <trkpt lat="43.313680" lon="3.513470">
        <ele>1</ele>
      </trkpt>
      <trkpt lat="43.313690" lon="3.514250">
        <ele>1</ele>
      </trkpt>
      <trkpt lat="43.313730" lon="3.514650">
        <ele>1</ele>
      </trkpt>
      <trkpt lat="43.313800" lon="3.515160">
        <ele>2</ele>
      </trkpt>
      <trkpt lat="43.314000" lon="3.516250">
        <ele>1.2</ele>
      </trkpt>
      <trkpt lat="43.314060" lon="3.516390">
        <ele>1.6</ele>
      </trkpt>
      <trkpt lat="43.314060" lon="3.516480">
        <ele>1.6</ele>
      </trkpt>
      <trkpt lat="43.314170" lon="3.516780">
        <ele>2</ele>
      </trkpt>
      <trkpt lat="43.314150" lon="3.516900">
        <ele>1.9</ele>
      </trkpt>
      <trkpt lat="43.314250" lon="3.517540">
        <ele>1</ele>
      </trkpt>
      <trkpt lat="43.314350" lon="3.518050">
        <ele>1.6</ele>
      </trkpt>
      <trkpt lat="43.314500" lon="3.518840">
        <ele>1</ele>
      </trkpt>
      <trkpt lat="43.314660" lon="3.519820">
        <ele>1.8</ele>
      </trkpt>
      <trkpt lat="43.314810" lon="3.520630">
        <ele>1</ele>
      </trkpt>
      <trkpt lat="43.314830" lon="3.520810">
        <ele>1</ele>
      </trkpt>
      <trkpt lat="43.314810" lon="3.521010">
        <ele>1.2</ele>
      </trkpt>
      <trkpt lat="43.314860" lon="3.521370">
        <ele>1.5</ele>
      </trkpt>
      <trkpt lat="43.314870" lon="3.521520">
        <ele>1.5</ele>
      </trkpt>
      <trkpt lat="43.314950" lon="3.521930">
        <ele>1.8</ele>
      </trkpt>
      <trkpt lat="43.315000" lon="3.522110">
        <ele>1.4</ele>
      </trkpt>
      <trkpt lat="43.315030" lon="3.522320">
        <ele>1</ele>
      </trkpt>
      <trkpt lat="43.315060" lon="3.522430">
        <ele>1</ele>
      </trkpt>
      <trkpt lat="43.315070" lon="3.522580">
        <ele>1.3</ele>
      </trkpt>
      <trkpt lat="43.315250" lon="3.523400">
        <ele>1.7</ele>
      </trkpt>
      <trkpt lat="43.315350" lon="3.523860">
        <ele>1</ele>
      </trkpt>
      <trkpt lat="43.315390" lon="3.524070">
        <ele>1</ele>
      </trkpt>
      <trkpt lat="43.315440" lon="3.524190">
        <ele>1.1</ele>
      </trkpt>
      <trkpt lat="43.315530" lon="3.524360">
        <ele>1.7</ele>
      </trkpt>
      <trkpt lat="43.315620" lon="3.525050">
        <ele>2</ele>
      </trkpt>
      <trkpt lat="43.315640" lon="3.525510">
        <ele>1.2</ele>
      </trkpt>
      <trkpt lat="43.315720" lon="3.526310">
        <ele>1</ele>
      </trkpt>
      <trkpt lat="43.315790" lon="3.526960">
        <ele>2</ele>
      </trkpt>
      <trkpt lat="43.315800" lon="3.527230">
        <ele>1.9</ele>
      </trkpt>
      <trkpt lat="43.315850" lon="3.527730">
        <ele>2</ele>
      </trkpt>
      <trkpt lat="43.315880" lon="3.528050">
        <ele>1</ele>
      </trkpt>
      <trkpt lat="43.315930" lon="3.528430">
      </trkpt>
      <trkpt lat="43.316060" lon="3.528920">
        <ele>1.9</ele>
      </trkpt>
      <trkpt lat="43.316140" lon="3.529200">
        <ele>1</ele>
      </trkpt>
      <trkpt lat="43.316150" lon="3.529390">
        <ele>1</ele>
      </trkpt>
      <trkpt lat="43.316200" lon="3.529500">
        <ele>1</ele>
      </trkpt>
      <trkpt lat="43.316250" lon="3.529590">
        <ele>1</ele>
      </trkpt>
      <trkpt lat="43.316400" lon="3.529820">
        <ele>1.4</ele>
      </trkpt>
      <trkpt lat="43.316630" lon="3.530110">
        <ele>1.6</ele>
      </trkpt>
      <trkpt lat="43.316710" lon="3.530220">
        <ele>1.3</ele>
      </trkpt>
      <trkpt lat="43.316880" lon="3.530420">
        <ele>1.9</ele>
      </trkpt>
      <trkpt lat="43.317010" lon="3.530510">
        <ele>2</ele>
      </trkpt>
      <trkpt lat="43.317130" lon="3.530600">
        <ele>1.8</ele>
      </trkpt>
      <trkpt lat="43.317410" lon="3.530810">
        <ele>1.6</ele>
      </trkpt>
      <trkpt lat="43.317690" lon="3.530960">
        <ele>1.5</ele>
      </trkpt>
      <trkpt lat="43.317860" lon="3.531030">
        <ele>1.4</ele>
      </trkpt>
      <trkpt lat="43.317970" lon="3.531040">
        <ele>1.6</ele>
      </trkpt>
      <trkpt lat="43.318050" lon="3.531090">
        <ele>1.9</ele>
      </trkpt>
      <trkpt lat="43.318330" lon="3.531140">
        <ele>1.9</ele>
      </trkpt>
      <trkpt lat="43.319410" lon="3.531490">
        <ele>1.9</ele>
      </trkpt>
      <trkpt lat="43.320400" lon="3.531820">
        <ele>2</ele>
      </trkpt>
      <trkpt lat="43.320550" lon="3.531860">
        <ele>2</ele>
      </trkpt>
      <trkpt lat="43.320690" lon="3.531960">
        <ele>1.5</ele>
      </trkpt>
      <trkpt lat="43.320830" lon="3.531860">
        <ele>1.02</ele>
      </trkpt>
      <trkpt lat="43.320920" lon="3.531890">
        <ele>1</ele>
      </trkpt>
      <trkpt lat="43.321180" lon="3.532050">
        <ele>1</ele>
      </trkpt>
      <trkpt lat="43.321230" lon="3.532120">
        <ele>1</ele>
      </trkpt>
      <trkpt lat="43.321210" lon="3.532280">
        <ele>1</ele>
      </trkpt>
      <trkpt lat="43.321260" lon="3.532310">
        <ele>1</ele>
      </trkpt>
      <trkpt lat="43.321430" lon="3.531440">
        <ele>15.2</ele>
      </trkpt>
      <trkpt lat="43.321400" lon="3.531390">
        <ele>14.8</ele>
      </trkpt>
      <trkpt lat="43.321320" lon="3.531530">
        <ele>14.6</ele>
      </trkpt>
      <trkpt lat="43.321310" lon="3.531660">
        <ele>14.6</ele>
      </trkpt>
      <trkpt lat="43.321360" lon="3.531730">
        <ele>14.8</ele>
      </trkpt>
      <trkpt lat="43.321460" lon="3.531750">
        <ele>14.6</ele>
      </trkpt>
      <trkpt lat="43.321700" lon="3.531740">
        <ele>1</ele>
      </trkpt>
      <trkpt lat="43.322070" lon="3.531870">
        <ele>1</ele>
      </trkpt>
      <trkpt lat="43.322330" lon="3.531990">
        <ele>1</ele>
      </trkpt>
      <trkpt lat="43.323320" lon="3.532350">
        <ele>1.96</ele>
      </trkpt>
      <trkpt lat="43.323990" lon="3.532590">
        <ele>1</ele>
      </trkpt>
      <trkpt lat="43.325320" lon="3.533050">
        <ele>1</ele>
      </trkpt>
      <trkpt lat="43.325830" lon="3.533250">
        <ele>1</ele>
      </trkpt>
      <trkpt lat="43.326270" lon="3.533410">
        <ele>1</ele>
      </trkpt>
      <trkpt lat="43.327610" lon="3.533890">
        <ele>1</ele>
      </trkpt>
      <trkpt lat="43.328190" lon="3.534120">
        <ele>1</ele>
      </trkpt>
      <trkpt lat="43.329130" lon="3.534450">
        <ele>1</ele>
      </trkpt>
      <trkpt lat="43.329500" lon="3.534580">
      </trkpt>
      <trkpt lat="43.329660" lon="3.534620">
      </trkpt>
      <trkpt lat="43.329700" lon="3.534670">
      </trkpt>
      <trkpt lat="43.329790" lon="3.534700">
        <ele>1</ele>
      </trkpt>
      <trkpt lat="43.329820" lon="3.534700">
        <ele>1</ele>
      </trkpt>
      <trkpt lat="43.330500" lon="3.534940">
      </trkpt>
      <trkpt lat="43.331080" lon="3.535140">
        <ele>1</ele>
      </trkpt>
      <trkpt lat="43.331350" lon="3.535240">
      </trkpt>
      <trkpt lat="43.331850" lon="3.535420">
        <ele>1</ele>
      </trkpt>
      <trkpt lat="43.332250" lon="3.535500">
        <ele>1</ele>
      </trkpt>
      <trkpt lat="43.332410" lon="3.535490">
        <ele>1</ele>
      </trkpt>
      <trkpt lat="43.333210" lon="3.535750">
        <ele>1</ele>
      </trkpt>
      <trkpt lat="43.334120" lon="3.536100">
        <ele>1</ele>
      </trkpt>
      <trkpt lat="43.334940" lon="3.536380">
        <ele>1</ele>
      </trkpt>
      <trkpt lat="43.335510" lon="3.536550">
        <ele>1</ele>
      </trkpt>
      <trkpt lat="43.335860" lon="3.536710">
        <ele>13.6</ele>
      </trkpt>
      <trkpt lat="43.336480" lon="3.536830">
        <ele>14</ele>
      </trkpt>
      <trkpt lat="43.337260" lon="3.536790">
        <ele>1</ele>
      </trkpt>
      <trkpt lat="43.338280" lon="3.536600">
        <ele>1.7</ele>
      </trkpt>
      <trkpt lat="43.338490" lon="3.536480">
        <ele>14</ele>
      </trkpt>
      <trkpt lat="43.338800" lon="3.536250">
        <ele>14</ele>
      </trkpt>
      <trkpt lat="43.338920" lon="3.536210">
        <ele>14.2</ele>
      </trkpt>
      <trkpt lat="43.339110" lon="3.536040">
        <ele>14.4</ele>
      </trkpt>
      <trkpt lat="43.340320" lon="3.534690">
        <ele>14.2</ele>
      </trkpt>
      <trkpt lat="43.341040" lon="3.534050">
        <ele>14.2</ele>
      </trkpt>
      <trkpt lat="43.342950" lon="3.532600">
        <ele>14</ele>
      </trkpt>
      <trkpt lat="43.343930" lon="3.532100">
        <ele>14.2</ele>
      </trkpt>
      <trkpt lat="43.344460" lon="3.531910">
        <ele>14.2</ele>
      </trkpt>
      <trkpt lat="43.346380" lon="3.531490">
        <ele>14.8</ele>
      </trkpt>
      <trkpt lat="43.347740" lon="3.531290">
        <ele>15.6</ele>
      </trkpt>
      <trkpt lat="43.348500" lon="3.531220">
        <ele>15.6</ele>
      </trkpt>
      <trkpt lat="43.350550" lon="3.531340">
        <ele>14.2</ele>
      </trkpt>
      <trkpt lat="43.350910" lon="3.531440">
        <ele>14.2</ele>
      </trkpt>
      <trkpt lat="43.351710" lon="3.531840">
        <ele>14.2</ele>
      </trkpt>
      <trkpt lat="43.351830" lon="3.531870">
        <ele>1.4</ele>
      </trkpt>
      <trkpt lat="43.351910" lon="3.531840">
        <ele>1.1</ele>
      </trkpt>
      <trkpt lat="43.353250" lon="3.532510">
        <ele>1.3</ele>
      </trkpt>
      <trkpt lat="43.353390" lon="3.532370">
        <ele>13.8</ele>
      </trkpt>
      <trkpt lat="43.353540" lon="3.532240">
        <ele>2</ele>
      </trkpt>
      <trkpt lat="43.353760" lon="3.531490">
        <ele>1.3</ele>
      </trkpt>
      <trkpt lat="43.353970" lon="3.531610">
        <ele>1.3</ele>
      </trkpt>
      <trkpt lat="43.353660" lon="3.532710">
        <ele>1.1</ele>
      </trkpt>
      <trkpt lat="43.353230" lon="3.534350">
        <ele>1.3</ele>
      </trkpt>
      <trkpt lat="43.353770" lon="3.534670">
        <ele>14.2</ele>
      </trkpt>
      <trkpt lat="43.354270" lon="3.534920">
        <ele>1</ele>
      </trkpt>
      <trkpt lat="43.354600" lon="3.534880">
        <ele>1</ele>
      </trkpt>
      <trkpt lat="43.355120" lon="3.534700">
        <ele>1</ele>
      </trkpt>
      <trkpt lat="43.355180" lon="3.534460">
        <ele>13</ele>
      </trkpt>
      <trkpt lat="43.355250" lon="3.534420">
        <ele>1</ele>
      </trkpt>
      <trkpt lat="43.355700" lon="3.534620">
        <ele>12.8</ele>
      </trkpt>
      <trkpt lat="43.355950" lon="3.534670">
        <ele>12.8</ele>
      </trkpt>
      <trkpt lat="43.356300" lon="3.534610">
        <ele>1</ele>
      </trkpt>
      <trkpt lat="43.356400" lon="3.534420">
        <ele>1</ele>
      </trkpt>
      <trkpt lat="43.356730" lon="3.534240">
        <ele>1</ele>
      </trkpt>
      <trkpt lat="43.356890" lon="3.534370">
        <ele>1</ele>
      </trkpt>
      <trkpt lat="43.357180" lon="3.534640">
        <ele>1</ele>
      </trkpt>
      <trkpt lat="43.357420" lon="3.534500">
        <ele>13.6</ele>
      </trkpt>
      <trkpt lat="43.357670" lon="3.534750">
        <ele>1</ele>
      </trkpt>
      <trkpt lat="43.358110" lon="3.535010">
        <ele>1.2</ele>
      </trkpt>
      <trkpt lat="43.358560" lon="3.535210">
        <ele>1.9</ele>
      </trkpt>
      <trkpt lat="43.359100" lon="3.535310">
        <ele>13.6</ele>
      </trkpt>
      <trkpt lat="43.360200" lon="3.535420">
        <ele>13.6</ele>
      </trkpt>
      <trkpt lat="43.361880" lon="3.535930">
        <ele>1</ele>
      </trkpt>
      <trkpt lat="43.362640" lon="3.536310">
        <ele>1.1</ele>
      </trkpt>
      <trkpt lat="43.363650" lon="3.536870">
        <ele>13.8</ele>
      </trkpt>
      <trkpt lat="43.364760" lon="3.537750">
        <ele>1.1</ele>
      </trkpt>
      <trkpt lat="43.365790" lon="3.538680">
        <ele>2</ele>
      </trkpt>
      <trkpt lat="43.366030" lon="3.538290">
        <ele>3.5</ele>
      </trkpt>
      <trkpt lat="43.366130" lon="3.538490">
        <ele>3.5</ele>
      </trkpt>
      <trkpt lat="43.366540" lon="3.538750">
        <ele>3.8</ele>
      </trkpt>
      <trkpt lat="43.366390" lon="3.539310">
        <ele>1.5</ele>
      </trkpt>
      <trkpt lat="43.367180" lon="3.539760">
        <ele>1</ele>
      </trkpt>
      <trkpt lat="43.368650" lon="3.540660">
        <ele>13.8</ele>
      </trkpt>
      <trkpt lat="43.370030" lon="3.541530">
        <ele>1.2</ele>
      </trkpt>
      <trkpt lat="43.371430" lon="3.542730">
        <ele>1</ele>
      </trkpt>
      <trkpt lat="43.371680" lon="3.542230">
        <ele>2.9</ele>
      </trkpt>
      <trkpt lat="43.371870" lon="3.542300">
        <ele>2.1</ele>
      </trkpt>
      <trkpt lat="43.371900" lon="3.542180">
        <ele>2.3</ele>
      </trkpt>
      <trkpt lat="43.371890" lon="3.541250">
        <ele>4</ele>
      </trkpt>
      <trkpt lat="43.371920" lon="3.541050">
        <ele>4</ele>
      </trkpt>
      <trkpt lat="43.372100" lon="3.540490">
        <ele>5</ele>
      </trkpt>
      <trkpt lat="43.372270" lon="3.539680">
        <ele>5.3</ele>
      </trkpt>
      <trkpt lat="43.372390" lon="3.539690">
        <ele>18.2</ele>
      </trkpt>
      <trkpt lat="43.373980" lon="3.540590">
        <ele>6.3</ele>
      </trkpt>
      <trkpt lat="43.374330" lon="3.540740">
        <ele>6.3</ele>
      </trkpt>
      <trkpt lat="43.375410" lon="3.541000">
        <ele>17</ele>
      </trkpt>
      <trkpt lat="43.375570" lon="3.541100">
        <ele>5</ele>
      </trkpt>
      <trkpt lat="43.375970" lon="3.541660">
        <ele>4</ele>
      </trkpt>
      <trkpt lat="43.376160" lon="3.542060">
        <ele>3.6</ele>
      </trkpt>
      <trkpt lat="43.377320" lon="3.543400">
        <ele>1.9</ele>
      </trkpt>
      <trkpt lat="43.377590" lon="3.543870">
        <ele>1</ele>
      </trkpt>
      <trkpt lat="43.377740" lon="3.543960">
        <ele>1</ele>
      </trkpt>
      <trkpt lat="43.377780" lon="3.544060">
        <ele>1</ele>
      </trkpt>
      <trkpt lat="43.377870" lon="3.544420">
        <ele>1</ele>
      </trkpt>
      <trkpt lat="43.377910" lon="3.544670">
        <ele>1</ele>
      </trkpt>
      <trkpt lat="43.378270" lon="3.545270">
        <ele>1</ele>
      </trkpt>
      <trkpt lat="43.378270" lon="3.545530">
        <ele>1</ele>
      </trkpt>
      <trkpt lat="43.378310" lon="3.545660">
        <ele>1</ele>
      </trkpt>
      <trkpt lat="43.379000" lon="3.546930">
        <ele>1</ele>
      </trkpt>
      <trkpt lat="43.379220" lon="3.546950">
        <ele>1</ele>
      </trkpt>
      <trkpt lat="43.379710" lon="3.547030">
        <ele>1</ele>
      </trkpt>
      <trkpt lat="43.379900" lon="3.546950">
        <ele>1</ele>
      </trkpt>
      <trkpt lat="43.380210" lon="3.546740">
        <ele>1</ele>
      </trkpt>
      <trkpt lat="43.380550" lon="3.546570">
        <ele>1</ele>
      </trkpt>
      <trkpt lat="43.380760" lon="3.546400">
        <ele>1</ele>
      </trkpt>
      <trkpt lat="43.381780" lon="3.546070">
        <ele>1</ele>
      </trkpt>
      <trkpt lat="43.381900" lon="3.546030">
        <ele>1</ele>
      </trkpt>
      <trkpt lat="43.381980" lon="3.545940">
        <ele>1.1</ele>
      </trkpt>
      <trkpt lat="43.382630" lon="3.544600">
        <ele>1.4</ele>
      </trkpt>
      <trkpt lat="43.382730" lon="3.544280">
        <ele>1.3</ele>
      </trkpt>
      <trkpt lat="43.382950" lon="3.543440">
        <ele>1.2</ele>
      </trkpt>
      <trkpt lat="43.383060" lon="3.543380">
        <ele>1.2</ele>
      </trkpt>
      <trkpt lat="43.383330" lon="3.542400">
        <ele>2</ele>
      </trkpt>
      <trkpt lat="43.383430" lon="3.542190">
        <ele>1.9</ele>
      </trkpt>
      <trkpt lat="43.384080" lon="3.541480">
        <ele>2</ele>
      </trkpt>
      <trkpt lat="43.384190" lon="3.541250">
        <ele>2.1</ele>
      </trkpt>
      <trkpt lat="43.384260" lon="3.540930">
        <ele>2.3</ele>
      </trkpt>
      <trkpt lat="43.384310" lon="3.540560">
        <ele>2</ele>
      </trkpt>
      <trkpt lat="43.384380" lon="3.540550">
        <ele>2</ele>
      </trkpt>
      <trkpt lat="43.384970" lon="3.541810">
        <ele>4.4</ele>
      </trkpt>
      <trkpt lat="43.385490" lon="3.542770">
        <ele>4.8</ele>
      </trkpt>
      <trkpt lat="43.386220" lon="3.544080">
        <ele>8.1</ele>
      </trkpt>
      <trkpt lat="43.386390" lon="3.544490">
        <ele>8</ele>
      </trkpt>
      <trkpt lat="43.386680" lon="3.545930">
        <ele>4.6</ele>
      </trkpt>
      <trkpt lat="43.387080" lon="3.548120">
        <ele>2</ele>
      </trkpt>
      <trkpt lat="43.387030" lon="3.548300">
        <ele>2</ele>
      </trkpt>
      <trkpt lat="43.386900" lon="3.548600">
        <ele>2</ele>
      </trkpt>
      <trkpt lat="43.386940" lon="3.548870">
        <ele>2</ele>
      </trkpt>
      <trkpt lat="43.387260" lon="3.550090">
        <ele>3.4</ele>
      </trkpt>
      <trkpt lat="43.387500" lon="3.550940">
        <ele>22.6</ele>
      </trkpt>
      <trkpt lat="43.387690" lon="3.551360">
        <ele>8.6</ele>
      </trkpt>
      <trkpt lat="43.388150" lon="3.551930">
        <ele>13.3</ele>
      </trkpt>
      <trkpt lat="43.388810" lon="3.552540">
        <ele>12.2</ele>
      </trkpt>
      <trkpt lat="43.389710" lon="3.553430">
        <ele>11.6</ele>
      </trkpt>
      <trkpt lat="43.390050" lon="3.553910">
        <ele>11.9</ele>
      </trkpt>
      <trkpt lat="43.390460" lon="3.554590">
        <ele>12.7</ele>
      </trkpt>
      <trkpt lat="43.391280" lon="3.555530">
        <ele>12.1</ele>
      </trkpt>
      <trkpt lat="43.392420" lon="3.556760">
        <ele>16.8</ele>
      </trkpt>
      <trkpt lat="43.392890" lon="3.557520">
        <ele>2.6</ele>
      </trkpt>
      <trkpt lat="43.392920" lon="3.557720">
        <ele>2.1</ele>
      </trkpt>
      <trkpt lat="43.392930" lon="3.557990">
        <ele>2</ele>
      </trkpt>
      <trkpt lat="43.392890" lon="3.558610">
        <ele>1</ele>
      </trkpt>
      <trkpt lat="43.392820" lon="3.558970">
        <ele>1</ele>
      </trkpt>
      <trkpt lat="43.392710" lon="3.559880">
        <ele>1</ele>
      </trkpt>
      <trkpt lat="43.392780" lon="3.560010">
        <ele>1</ele>
      </trkpt>
      <trkpt lat="43.394140" lon="3.561560">
        <ele>1</ele>
      </trkpt>
      <trkpt lat="43.394290" lon="3.561710">
        <ele>1</ele>
      </trkpt>
      <trkpt lat="43.395090" lon="3.562330">
        <ele>1</ele>
      </trkpt>
      <trkpt lat="43.395200" lon="3.562440">
        <ele>1</ele>
      </trkpt>
      <trkpt lat="43.395620" lon="3.562750">
        <ele>13.4</ele>
      </trkpt>
      <trkpt lat="43.395650" lon="3.562870">
        <ele>1</ele>
      </trkpt>
      <trkpt lat="43.395050" lon="3.563800">
        <ele>1</ele>
      </trkpt>
      <trkpt lat="43.395100" lon="3.563970">
        <ele>1</ele>
      </trkpt>
      <trkpt lat="43.395500" lon="3.564340">
        <ele>1</ele>
      </trkpt>
      <trkpt lat="43.396880" lon="3.565870">
        <ele>19.4</ele>
      </trkpt>
      <trkpt lat="43.396980" lon="3.565850">
        <ele>20.4</ele>
      </trkpt>
      <trkpt lat="43.397210" lon="3.565600">
        <ele>22.4</ele>
      </trkpt>
      <trkpt lat="43.397460" lon="3.565370">
        <ele>10</ele>
      </trkpt>
      <trkpt lat="43.397620" lon="3.565470">
        <ele>12.1</ele>
      </trkpt>
      <trkpt lat="43.397600" lon="3.565620">
        <ele>11.9</ele>
      </trkpt>
      <trkpt lat="43.397630" lon="3.565770">
        <ele>12</ele>
      </trkpt>
      <trkpt lat="43.397830" lon="3.566220">
        <ele>15.7</ele>
      </trkpt>
      <trkpt lat="43.397960" lon="3.567380">
        <ele>11.3</ele>
      </trkpt>
      <trkpt lat="43.398180" lon="3.567440">
        <ele>13.3</ele>
      </trkpt>
      <trkpt lat="43.398460" lon="3.567570">
        <ele>11.9</ele>
      </trkpt>
      <trkpt lat="43.398540" lon="3.567700">
        <ele>11.5</ele>
      </trkpt>
      <trkpt lat="43.398650" lon="3.567920">
        <ele>9.3</ele>
      </trkpt>
      <trkpt lat="43.398710" lon="3.567930">
        <ele>9</ele>
      </trkpt>
      <trkpt lat="43.399010" lon="3.567300">
        <ele>9.9</ele>
      </trkpt>
      <trkpt lat="43.399110" lon="3.567220">
        <ele>9.4</ele>
      </trkpt>
      <trkpt lat="43.399690" lon="3.565870">
        <ele>11.2</ele>
      </trkpt>
      <trkpt lat="43.399840" lon="3.565590">
        <ele>11</ele>
      </trkpt>
      <trkpt lat="43.399940" lon="3.565340">
        <ele>11.2</ele>
      </trkpt>
      <trkpt lat="43.400300" lon="3.564520">
        <ele>12.5</ele>
      </trkpt>
      <trkpt lat="43.400930" lon="3.563100">
        <ele>14.2</ele>
      </trkpt>
      <trkpt lat="43.400930" lon="3.562940">
        <ele>14.6</ele>
      </trkpt>
      <trkpt lat="43.400990" lon="3.562850">
        <ele>14.2</ele>
      </trkpt>
      <trkpt lat="43.401130" lon="3.562770">
        <ele>13</ele>
      </trkpt>
      <trkpt lat="43.401780" lon="3.561230">
        <ele>14.3</ele>
      </trkpt>
      <trkpt lat="43.402540" lon="3.559890">
        <ele>14.8</ele>
      </trkpt>
      <trkpt lat="43.405940" lon="3.563720">
        <ele>7</ele>
      </trkpt>
      <trkpt lat="43.407240" lon="3.565370">
        <ele>4.9</ele>
      </trkpt>
      <trkpt lat="43.407740" lon="3.565930">
        <ele>15.6</ele>
      </trkpt>
      <trkpt lat="43.408510" lon="3.567290">
        <ele>1.7</ele>
      </trkpt>
      <trkpt lat="43.409560" lon="3.569620">
        <ele>2</ele>
      </trkpt>
      <trkpt lat="43.411880" lon="3.572600">
        <ele>8</ele>
      </trkpt>
      <trkpt lat="43.412900" lon="3.573690">
        <ele>10</ele>
      </trkpt>
      <trkpt lat="43.411950" lon="3.575010">
        <ele>9</ele>
      </trkpt>
      <trkpt lat="43.411110" lon="3.575980">
        <ele>8</ele>
      </trkpt>
      <trkpt lat="43.409830" lon="3.577310">
        <ele>6.6</ele>
      </trkpt>
      <trkpt lat="43.409830" lon="3.577430">
        <ele>6.8</ele>
      </trkpt>
      <trkpt lat="43.410390" lon="3.578130">
        <ele>8.7</ele>
      </trkpt>
      <trkpt lat="43.410480" lon="3.578170">
        <ele>9.1</ele>
      </trkpt>
      <trkpt lat="43.410620" lon="3.578080">
        <ele>9.3</ele>
      </trkpt>
      <trkpt lat="43.410720" lon="3.578120">
        <ele>9.7</ele>
      </trkpt>
      <trkpt lat="43.411170" lon="3.578630">
        <ele>12.2</ele>
      </trkpt>
      <trkpt lat="43.411180" lon="3.578750">
        <ele>12.3</ele>
      </trkpt>
      <trkpt lat="43.411110" lon="3.578940">
        <ele>12</ele>
      </trkpt>
      <trkpt lat="43.411140" lon="3.579040">
        <ele>12.1</ele>
      </trkpt>
      <trkpt lat="43.412030" lon="3.579890">
        <ele>13.6</ele>
      </trkpt>
      <trkpt lat="43.412030" lon="3.579980">
        <ele>13.3</ele>
      </trkpt>
      <trkpt lat="43.411900" lon="3.580270">
        <ele>13</ele>
      </trkpt>
      <trkpt lat="43.411900" lon="3.580350">
        <ele>13</ele>
      </trkpt>
      <trkpt lat="43.411940" lon="3.580520">
        <ele>13</ele>
      </trkpt>
      <trkpt lat="43.411930" lon="3.580620">
        <ele>12.8</ele>
      </trkpt>
      <trkpt lat="43.411890" lon="3.580750">
        <ele>12.3</ele>
      </trkpt>
      <trkpt lat="43.411910" lon="3.580820">
        <ele>12</ele>
      </trkpt>
      <trkpt lat="43.412490" lon="3.581290">
        <ele>12</ele>
      </trkpt>
      <trkpt lat="43.412520" lon="3.581390">
        <ele>12</ele>
      </trkpt>
      <trkpt lat="43.412440" lon="3.581560">
        <ele>11.4</ele>
      </trkpt>
      <trkpt lat="43.412440" lon="3.581670">
        <ele>11</ele>
      </trkpt>
      <trkpt lat="43.412870" lon="3.582050">
        <ele>10.4</ele>
      </trkpt>
      <trkpt lat="43.412870" lon="3.582170">
        <ele>10.1</ele>
      </trkpt>
      <trkpt lat="43.412450" lon="3.583010">
        <ele>8.3</ele>
      </trkpt>
      <trkpt lat="43.413100" lon="3.583430">
        <ele>7.7</ele>
      </trkpt>
      <trkpt lat="43.413900" lon="3.584040">
        <ele>8.5</ele>
      </trkpt>
      <trkpt lat="43.415440" lon="3.585400">
        <ele>4.1</ele>
      </trkpt>
      <trkpt lat="43.416640" lon="3.586220">
        <ele>1.5</ele>
      </trkpt>
      <trkpt lat="43.417390" lon="3.587050">
        <ele>1</ele>
      </trkpt>
      <trkpt lat="43.417960" lon="3.587420">
        <ele>1.2</ele>
      </trkpt>
      <trkpt lat="43.418590" lon="3.587690">
        <ele>1</ele>
      </trkpt>
      <trkpt lat="43.418560" lon="3.587830">
        <ele>1</ele>
      </trkpt>
      <trkpt lat="43.418420" lon="3.587830">
        <ele>1.1</ele>
      </trkpt>
      <trkpt lat="43.418370" lon="3.587890">
        <ele>1.4</ele>
      </trkpt>
      <trkpt lat="43.418240" lon="3.587970">
        <ele>1.6</ele>
      </trkpt>
      <trkpt lat="43.418090" lon="3.588000">
        <ele>1.3</ele>
      </trkpt>
      <trkpt lat="43.417850" lon="3.588060">
        <ele>1</ele>
      </trkpt>
      <trkpt lat="43.417190" lon="3.588300">
        <ele>1</ele>
      </trkpt>
      <trkpt lat="43.416960" lon="3.588440">
        <ele>1</ele>
      </trkpt>
      <trkpt lat="43.416760" lon="3.588630">
        <ele>1</ele>
      </trkpt>
      <trkpt lat="43.416760" lon="3.588720">
        <ele>1</ele>
      </trkpt>
      <trkpt lat="43.417170" lon="3.589210">
        <ele>1</ele>
      </trkpt>
      <trkpt lat="43.417610" lon="3.589770">
        <ele>1</ele>
      </trkpt>
      <trkpt lat="43.417820" lon="3.590090">
        <ele>1.1</ele>
      </trkpt>
      <trkpt lat="43.418140" lon="3.591120">
        <ele>1</ele>
      </trkpt>
      <trkpt lat="43.418240" lon="3.591180">
        <ele>1</ele>
      </trkpt>
      <trkpt lat="43.418360" lon="3.591190">
        <ele>1</ele>
      </trkpt>
      <trkpt lat="43.418360" lon="3.591290">
        <ele>1</ele>
      </trkpt>
      <trkpt lat="43.418320" lon="3.591400">
        <ele>1</ele>
      </trkpt>
      <trkpt lat="43.418300" lon="3.591540">
        <ele>1</ele>
      </trkpt>
      <trkpt lat="43.418400" lon="3.591660">
        <ele>1</ele>
      </trkpt>
      <trkpt lat="43.418410" lon="3.591800">
        <ele>1</ele>
      </trkpt>
      <trkpt lat="43.418330" lon="3.592010">
        <ele>1</ele>
      </trkpt>
      <trkpt lat="43.418280" lon="3.592160">
        <ele>1</ele>
      </trkpt>
      <trkpt lat="43.418040" lon="3.592380">
        <ele>1</ele>
      </trkpt>
      <trkpt lat="43.417760" lon="3.592760">
        <ele>1</ele>
      </trkpt>
      <trkpt lat="43.417490" lon="3.593190">
        <ele>1</ele>
      </trkpt>
      <trkpt lat="43.417480" lon="3.593310">
        <ele>1</ele>
      </trkpt>
      <trkpt lat="43.417710" lon="3.593520">
        <ele>1</ele>
      </trkpt>
      <trkpt lat="43.417730" lon="3.593620">
        <ele>1</ele>
      </trkpt>
      <trkpt lat="43.417480" lon="3.595330">
        <ele>2</ele>
      </trkpt>
      <trkpt lat="43.417380" lon="3.595450">
        <ele>2</ele>
      </trkpt>
      <trkpt lat="43.417390" lon="3.595560">
        <ele>2</ele>
      </trkpt>
      <trkpt lat="43.417230" lon="3.595810">
        <ele>2</ele>
      </trkpt>
      <trkpt lat="43.417110" lon="3.596200">
        <ele>2.3</ele>
      </trkpt>
      <trkpt lat="43.417130" lon="3.596570">
        <ele>3</ele>
      </trkpt>
      <trkpt lat="43.417260" lon="3.596850">
        <ele>2.1</ele>
      </trkpt>
      <trkpt lat="43.417800" lon="3.597550">
        <ele>3.7</ele>
      </trkpt>
      <trkpt lat="43.418110" lon="3.598140">
        <ele>3.7</ele>
      </trkpt>
      <trkpt lat="43.418370" lon="3.598400">
        <ele>4.2</ele>
      </trkpt>
      <trkpt lat="43.418880" lon="3.598810">
        <ele>3.8</ele>
      </trkpt>
      <trkpt lat="43.419110" lon="3.599210">
        <ele>4.8</ele>
      </trkpt>
      <trkpt lat="43.419760" lon="3.600460">
        <ele>3</ele>
      </trkpt>
      <trkpt lat="43.420380" lon="3.601090">
        <ele>2.9</ele>
      </trkpt>
      <trkpt lat="43.419900" lon="3.602090">
        <ele>1</ele>
      </trkpt>
      <trkpt lat="43.420690" lon="3.602870">
        <ele>1.6</ele>
      </trkpt>
      <trkpt lat="43.421200" lon="3.603370">
        <ele>1.3</ele>
      </trkpt>
      <trkpt lat="43.421380" lon="3.603570">
        <ele>1.2</ele>
      </trkpt>
      <trkpt lat="43.421810" lon="3.604540">
        <ele>1</ele>
      </trkpt>
      <trkpt lat="43.421750" lon="3.605380">
        <ele>1</ele>
      </trkpt>
      <trkpt lat="43.422730" lon="3.605580">
        <ele>1</ele>
      </trkpt>
      <trkpt lat="43.422900" lon="3.605760">
        <ele>1</ele>
      </trkpt>
      <trkpt lat="43.423410" lon="3.606020">
        <ele>1</ele>
      </trkpt>
      <trkpt lat="43.423760" lon="3.606180">
        <ele>1</ele>
      </trkpt>
      <trkpt lat="43.423990" lon="3.606330">
        <ele>1.3</ele>
      </trkpt>
      <trkpt lat="43.424040" lon="3.606390">
        <ele>1.5</ele>
      </trkpt>
      <trkpt lat="43.424020" lon="3.607100">
        <ele>1.8</ele>
      </trkpt>
      <trkpt lat="43.423180" lon="3.608720">
        <ele>1</ele>
      </trkpt>
      <trkpt lat="43.423170" lon="3.608910">
        <ele>1</ele>
      </trkpt>
      <trkpt lat="43.423370" lon="3.609140">
        <ele>1.6</ele>
      </trkpt>
      <trkpt lat="43.423710" lon="3.609430">
        <ele>2.7</ele>
      </trkpt>
      <trkpt lat="43.425180" lon="3.610300">
        <ele>1</ele>
      </trkpt>
      <trkpt lat="43.427520" lon="3.611620">
        <ele>1</ele>
      </trkpt>
      <trkpt lat="43.427590" lon="3.611680">
        <ele>1</ele>
      </trkpt>
      <trkpt lat="43.427660" lon="3.611730">
        <ele>1</ele>
      </trkpt>
      <trkpt lat="43.427760" lon="3.611740">
        <ele>1</ele>
      </trkpt>
      <trkpt lat="43.428890" lon="3.612360">
        <ele>1</ele>
      </trkpt>
      <trkpt lat="43.429160" lon="3.612610">
        <ele>1</ele>
      </trkpt>
      <trkpt lat="43.429380" lon="3.612830">
        <ele>1</ele>
      </trkpt>
      <trkpt lat="43.429760" lon="3.613250">
        <ele>1</ele>
      </trkpt>
      <trkpt lat="43.430210" lon="3.613850">
        <ele>1</ele>
      </trkpt>
      <trkpt lat="43.430630" lon="3.614300">
        <ele>1</ele>
      </trkpt>
      <trkpt lat="43.430720" lon="3.614320">
        <ele>1</ele>
      </trkpt>
      <trkpt lat="43.430850" lon="3.614220">
        <ele>1</ele>
      </trkpt>
      <trkpt lat="43.431110" lon="3.614230">
        <ele>1</ele>
      </trkpt>
      <trkpt lat="43.431120" lon="3.614510">
        <ele>1</ele>
      </trkpt>
      <trkpt lat="43.431180" lon="3.614620">
        <ele>1</ele>
      </trkpt>
      <trkpt lat="43.431590" lon="3.614900">
        <ele>1</ele>
      </trkpt>
      <trkpt lat="43.432100" lon="3.615680">
        <ele>1</ele>
      </trkpt>
      <trkpt lat="43.432180" lon="3.615680">
        <ele>1</ele>
      </trkpt>
      <trkpt lat="43.432350" lon="3.614560">
        <ele>1</ele>
      </trkpt>
      <trkpt lat="43.432450" lon="3.614400">
        <ele>1</ele>
      </trkpt>
      <trkpt lat="43.432600" lon="3.614430">
        <ele>1.4</ele>
      </trkpt>
      <trkpt lat="43.432810" lon="3.614640">
        <ele>2.2</ele>
      </trkpt>
      <trkpt lat="43.432990" lon="3.614740">
        <ele>3.5</ele>
      </trkpt>
      <trkpt lat="43.434740" lon="3.617720">
        <ele>6</ele>
      </trkpt>
      <trkpt lat="43.434780" lon="3.617940">
        <ele>6.5</ele>
      </trkpt>
      <trkpt lat="43.434750" lon="3.618360">
        <ele>7</ele>
      </trkpt>
      <trkpt lat="43.434830" lon="3.618720">
        <ele>7.2</ele>
      </trkpt>
      <trkpt lat="43.434990" lon="3.618960">
        <ele>5.8</ele>
      </trkpt>
      <trkpt lat="43.435120" lon="3.619060">
        <ele>5.2</ele>
      </trkpt>
      <trkpt lat="43.435510" lon="3.619150">
        <ele>5.8</ele>
      </trkpt>
      <trkpt lat="43.435700" lon="3.619330">
        <ele>5.1</ele>
      </trkpt>
      <trkpt lat="43.435900" lon="3.619680">
        <ele>3.7</ele>
      </trkpt>
      <trkpt lat="43.435970" lon="3.620210">
        <ele>2.8</ele>
      </trkpt>
      <trkpt lat="43.435980" lon="3.620680">
        <ele>2.5</ele>
      </trkpt>
      <trkpt lat="43.436400" lon="3.622250">
        <ele>2.1</ele>
      </trkpt>
      <trkpt lat="43.436620" lon="3.622990">
        <ele>2.9</ele>
      </trkpt>
      <trkpt lat="43.436940" lon="3.623620">
        <ele>2.9</ele>
      </trkpt>
      <trkpt lat="43.437390" lon="3.624270">
        <ele>2.8</ele>
      </trkpt>
      <trkpt lat="43.437840" lon="3.624770">
        <ele>2.6</ele>
      </trkpt>
      <trkpt lat="43.438290" lon="3.625290">
        <ele>2</ele>
      </trkpt>
      <trkpt lat="43.438820" lon="3.625730">
        <ele>2</ele>
      </trkpt>
      <trkpt lat="43.439140" lon="3.625890">
        <ele>2</ele>
      </trkpt>
      <trkpt lat="43.439540" lon="3.625960">
        <ele>3.9</ele>
      </trkpt>
      <trkpt lat="43.439690" lon="3.626090">
        <ele>4.1</ele>
      </trkpt>
      <trkpt lat="43.440030" lon="3.626600">
        <ele>7.1</ele>
      </trkpt>
      <trkpt lat="43.440820" lon="3.627910">
        <ele>5</ele>
      </trkpt>
      <trkpt lat="43.440880" lon="3.628080">
        <ele>4.6</ele>
      </trkpt>
      <trkpt lat="43.440860" lon="3.628270">
        <ele>4.2</ele>
      </trkpt>
      <trkpt lat="43.440690" lon="3.628650">
        <ele>3.3</ele>
      </trkpt>
      <trkpt lat="43.440680" lon="3.628900">
        <ele>2.3</ele>
      </trkpt>
      <trkpt lat="43.440730" lon="3.629030">
        <ele>2.3</ele>
      </trkpt>
      <trkpt lat="43.440920" lon="3.629300">
        <ele>2.4</ele>
      </trkpt>
      <trkpt lat="43.441060" lon="3.629460">
        <ele>3.4</ele>
      </trkpt>
      <trkpt lat="43.441220" lon="3.629810">
        <ele>4.8</ele>
      </trkpt>
      <trkpt lat="43.441490" lon="3.630340">
        <ele>5.7</ele>
      </trkpt>
      <trkpt lat="43.441760" lon="3.630750">
        <ele>5.1</ele>
      </trkpt>
      <trkpt lat="43.442460" lon="3.631560">
        <ele>4.7</ele>
      </trkpt>
      <trkpt lat="43.442480" lon="3.631690">
        <ele>4.9</ele>
      </trkpt>
      <trkpt lat="43.441960" lon="3.632400">
        <ele>3.7</ele>
      </trkpt>
      <trkpt lat="43.441690" lon="3.632290">
        <ele>2.8</ele>
      </trkpt>
      <trkpt lat="43.441500" lon="3.632450">
        <ele>1.5</ele>
      </trkpt>
      <trkpt lat="43.441500" lon="3.632540">
        <ele>1.3</ele>
      </trkpt>
      <trkpt lat="43.441610" lon="3.632850">
        <ele>1</ele>
      </trkpt>
      <trkpt lat="43.441660" lon="3.633200">
        <ele>1</ele>
      </trkpt>
      <trkpt lat="43.441780" lon="3.634320">
        <ele>4.1</ele>
      </trkpt>
      <trkpt lat="43.442010" lon="3.634830">
        <ele>2.8</ele>
      </trkpt>
      <trkpt lat="43.443350" lon="3.636870">
        <ele>3.4</ele>
      </trkpt>
      <trkpt lat="43.443440" lon="3.637190">
        <ele>2.2</ele>
      </trkpt>
      <trkpt lat="43.443660" lon="3.637540">
        <ele>1.6</ele>
      </trkpt>
      <trkpt lat="43.443760" lon="3.637780">
        <ele>2</ele>
      </trkpt>
      <trkpt lat="43.444700" lon="3.639160">
        <ele>2.1</ele>
      </trkpt>
      <trkpt lat="43.445680" lon="3.640700">
        <ele>3.1</ele>
      </trkpt>
      <trkpt lat="43.446050" lon="3.641480">
        <ele>2.4</ele>
      </trkpt>
      <trkpt lat="43.446160" lon="3.641760">
        <ele>2.4</ele>
      </trkpt>
      <trkpt lat="43.446370" lon="3.642120">
        <ele>1.4</ele>
      </trkpt>
      <trkpt lat="43.446630" lon="3.642660">
        <ele>1.4</ele>
      </trkpt>
      <trkpt lat="43.446910" lon="3.643330">
        <ele>1</ele>
      </trkpt>
      <trkpt lat="43.447290" lon="3.644300">
        <ele>1.5</ele>
      </trkpt>
      <trkpt lat="43.447840" lon="3.643900">
        <ele>5.5</ele>
      </trkpt>
      <trkpt lat="43.447990" lon="3.644160">
        <ele>7.6</ele>
      </trkpt>
      <trkpt lat="43.448480" lon="3.645640">
        <ele>9.2</ele>
      </trkpt>
      <trkpt lat="43.448290" lon="3.645820">
        <ele>7.7</ele>
      </trkpt>
      <trkpt lat="43.448220" lon="3.646000">
        <ele>6.9</ele>
      </trkpt>
      <trkpt lat="43.448330" lon="3.646810">
        <ele>4</ele>
      </trkpt>
      <trkpt lat="43.448350" lon="3.647410">
        <ele>4.1</ele>
      </trkpt>
      <trkpt lat="43.448270" lon="3.648490">
        <ele>3.2</ele>
      </trkpt>
      <trkpt lat="43.448470" lon="3.649650">
        <ele>3.9</ele>
      </trkpt>
      <trkpt lat="43.448480" lon="3.649970">
        <ele>5.8</ele>
      </trkpt>
      <trkpt lat="43.448710" lon="3.653180">
        <ele>1.5</ele>
      </trkpt>
      <trkpt lat="43.448710" lon="3.653880">
        <ele>1.4</ele>
      </trkpt>
      <trkpt lat="43.448660" lon="3.654360">
        <ele>1.4</ele>
      </trkpt>
      <trkpt lat="43.448420" lon="3.655430">
        <ele>1.3</ele>
      </trkpt>
      <trkpt lat="43.448190" lon="3.656330">
        <ele>1.9</ele>
      </trkpt>
      <trkpt lat="43.448070" lon="3.656620">
        <ele>1.1</ele>
      </trkpt>
      <trkpt lat="43.447400" lon="3.657420">
        <ele>1.9</ele>
      </trkpt>
      <trkpt lat="43.447090" lon="3.657780">
        <ele>3.1</ele>
      </trkpt>
      <trkpt lat="43.446900" lon="3.658120">
        <ele>1</ele>
      </trkpt>
      <trkpt lat="43.446600" lon="3.658860">
        <ele>1</ele>
      </trkpt>
      <trkpt lat="43.446640" lon="3.659520">
        <ele>1</ele>
      </trkpt>
      <trkpt lat="43.446720" lon="3.660790">
        <ele>1.2</ele>
      </trkpt>
      <trkpt lat="43.446750" lon="3.661970">
        <ele>1.9</ele>
      </trkpt>
      <trkpt lat="43.446970" lon="3.662240">
        <ele>1.1</ele>
      </trkpt>
      <trkpt lat="43.447060" lon="3.662470">
        <ele>1.4</ele>
      </trkpt>
      <trkpt lat="43.447110" lon="3.662770">
        <ele>3</ele>
      </trkpt>
      <trkpt lat="43.447110" lon="3.663170">
        <ele>2.7</ele>
      </trkpt>
      <trkpt lat="43.447030" lon="3.663580">
        <ele>1.9</ele>
      </trkpt>
      <trkpt lat="43.446930" lon="3.663980">
        <ele>2.6</ele>
      </trkpt>
      <trkpt lat="43.446790" lon="3.664370">
        <ele>3.1</ele>
      </trkpt>
      <trkpt lat="43.446810" lon="3.664480">
        <ele>2.8</ele>
      </trkpt>
      <trkpt lat="43.447370" lon="3.664940">
        <ele>4.2</ele>
      </trkpt>
      <trkpt lat="43.447450" lon="3.665030">
        <ele>4</ele>
      </trkpt>
      <trkpt lat="43.447920" lon="3.665350">
        <ele>3.2</ele>
      </trkpt>
      <trkpt lat="43.448070" lon="3.665450">
        <ele>3</ele>
      </trkpt>
      <trkpt lat="43.448180" lon="3.665550">
        <ele>3.4</ele>
      </trkpt>
      <trkpt lat="43.448290" lon="3.665660">
        <ele>5.26</ele>
      </trkpt>
      <trkpt lat="43.448400" lon="3.665680">
        <ele>4</ele>
      </trkpt>
      <trkpt lat="43.448470" lon="3.665760">
        <ele>2.8</ele>
      </trkpt>
      <trkpt lat="43.448890" lon="3.666140">
        <ele>1</ele>
      </trkpt>
      <trkpt lat="43.449290" lon="3.666420">
        <ele>1</ele>
      </trkpt>
      <trkpt lat="43.449720" lon="3.666600">
        <ele>1.2</ele>
      </trkpt>
      <trkpt lat="43.449790" lon="3.666650">
        <ele>1.1</ele>
      </trkpt>
      <trkpt lat="43.449910" lon="3.666600">
        <ele>1.2</ele>
      </trkpt>
      <trkpt lat="43.450010" lon="3.666630">
        <ele>1.1</ele>
      </trkpt>
      <trkpt lat="43.450050" lon="3.666630">
        <ele>1.3</ele>
      </trkpt>
      <trkpt lat="43.450160" lon="3.666670">
        <ele>1.57</ele>
      </trkpt>
      <trkpt lat="43.450340" lon="3.666730">
        <ele>1.6</ele>
      </trkpt>
      <trkpt lat="43.450410" lon="3.666770">
        <ele>1.3</ele>
      </trkpt>
      <trkpt lat="43.451650" lon="3.667230">
        <ele>2</ele>
      </trkpt>
      <trkpt lat="43.452090" lon="3.667380">
        <ele>2.51</ele>
      </trkpt>
      <trkpt lat="43.452310" lon="3.667410">
        <ele>2.68</ele>
      </trkpt>
      <trkpt lat="43.452580" lon="3.667140">
        <ele>2</ele>
      </trkpt>
      <trkpt lat="43.452700" lon="3.666640">
        <ele>2.1</ele>
      </trkpt>
      <trkpt lat="43.452720" lon="3.666590">
        <ele>2.2</ele>
      </trkpt>
      <trkpt lat="43.452760" lon="3.666550">
        <ele>2.4</ele>
      </trkpt>
      <trkpt lat="43.452780" lon="3.666480">
        <ele>2.7</ele>
      </trkpt>
      <trkpt lat="43.452830" lon="3.666460">
        <ele>3</ele>
      </trkpt>
      <trkpt lat="43.452880" lon="3.666390">
        <ele>3</ele>
      </trkpt>
      <trkpt lat="43.452870" lon="3.666270">
        <ele>3.1</ele>
      </trkpt>
      <trkpt lat="43.452900" lon="3.666220">
        <ele>3.3</ele>
      </trkpt>
      <trkpt lat="43.453010" lon="3.666240">
        <ele>3.4</ele>
      </trkpt>
      <trkpt lat="43.453110" lon="3.666250">
        <ele>4.39</ele>
      </trkpt>
      <trkpt lat="43.453160" lon="3.666190">
        <ele>4.72</ele>
      </trkpt>
      <trkpt lat="43.453200" lon="3.666190">
        <ele>5.06</ele>
      </trkpt>
      <trkpt lat="43.453220" lon="3.666220">
        <ele>5.2</ele>
      </trkpt>
      <trkpt lat="43.453340" lon="3.666250">
        <ele>4.1</ele>
      </trkpt>
      <trkpt lat="43.453370" lon="3.666230">
        <ele>4.4</ele>
      </trkpt>
      <trkpt lat="43.453410" lon="3.666260">
        <ele>4.1</ele>
      </trkpt>
      <trkpt lat="43.453460" lon="3.666250">
        <ele>4.4</ele>
      </trkpt>
      <trkpt lat="43.453490" lon="3.666220">
        <ele>5.1</ele>
      </trkpt>
      <trkpt lat="43.453520" lon="3.666240">
        <ele>4.8</ele>
      </trkpt>
      <trkpt lat="43.453560" lon="3.666330">
        <ele>3.3</ele>
      </trkpt>
      <trkpt lat="43.453660" lon="3.666350">
        <ele>3.6</ele>
      </trkpt>
      <trkpt lat="43.453740" lon="3.666350">
        <ele>4.9</ele>
      </trkpt>
      <trkpt lat="43.453770" lon="3.666360">
        <ele>5.1</ele>
      </trkpt>
      <trkpt lat="43.453830" lon="3.666430">
        <ele>5.89</ele>
      </trkpt>
      <trkpt lat="43.453880" lon="3.666420">
        <ele>6.8</ele>
      </trkpt>
      <trkpt lat="43.453950" lon="3.666460">
        <ele>7</ele>
      </trkpt>
      <trkpt lat="43.454030" lon="3.666490">
        <ele>7</ele>
      </trkpt>
      <trkpt lat="43.454140" lon="3.666460">
        <ele>7</ele>
      </trkpt>
      <trkpt lat="43.454360" lon="3.666380">
        <ele>6.3</ele>
      </trkpt>
      <trkpt lat="43.454420" lon="3.666290">
        <ele>6.4</ele>
      </trkpt>
      <trkpt lat="43.454470" lon="3.666290">
        <ele>6.2</ele>
      </trkpt>
      <trkpt lat="43.454540" lon="3.666330">
        <ele>5.6</ele>
      </trkpt>
      <trkpt lat="43.454680" lon="3.666310">
        <ele>4.8</ele>
      </trkpt>
      <trkpt lat="43.454750" lon="3.666210">
        <ele>5.2</ele>
      </trkpt>
      <trkpt lat="43.454880" lon="3.666120">
        <ele>5.4</ele>
      </trkpt>
      <trkpt lat="43.454970" lon="3.665960">
        <ele>7.3</ele>
      </trkpt>
      <trkpt lat="43.455540" lon="3.666210">
        <ele>7.8</ele>
      </trkpt>
      <trkpt lat="43.455860" lon="3.666590">
        <ele>2.6</ele>
      </trkpt>
      <trkpt lat="43.456650" lon="3.666640">
        <ele>2.2</ele>
      </trkpt>
      <trkpt lat="43.457200" lon="3.666400">
        <ele>4.9</ele>
      </trkpt>
      <trkpt lat="43.458560" lon="3.667250">
        <ele>14</ele>
      </trkpt>
      <trkpt lat="43.459370" lon="3.667920">
        <ele>1</ele>
      </trkpt>
      <trkpt lat="43.460280" lon="3.668850">
        <ele>14.6</ele>
      </trkpt>
      <trkpt lat="43.463840" lon="3.673500">
        <ele>1.5</ele>
      </trkpt>
      <trkpt lat="43.463930" lon="3.673380">
        <ele>1.2</ele>
      </trkpt>
      <trkpt lat="43.465190" lon="3.672620">
        <ele>1</ele>
      </trkpt>
      <trkpt lat="43.465250" lon="3.672630">
        <ele>1</ele>
      </trkpt>
      <trkpt lat="43.465350" lon="3.672740">
        <ele>1</ele>
      </trkpt>
      <trkpt lat="43.466010" lon="3.673790">
        <ele>1</ele>
      </trkpt>
      <trkpt lat="43.466580" lon="3.674670">
        <ele>1</ele>
      </trkpt>
      <trkpt lat="43.466640" lon="3.674760">
        <ele>1</ele>
      </trkpt>
      <trkpt lat="43.466840" lon="3.674860">
        <ele>1</ele>
      </trkpt>
      <trkpt lat="43.467180" lon="3.674820">
        <ele>1.3</ele>
      </trkpt>
      <trkpt lat="43.467360" lon="3.674850">
        <ele>1.5</ele>
      </trkpt>
      <trkpt lat="43.467660" lon="3.674970">
        <ele>1.4</ele>
      </trkpt>
      <trkpt lat="43.467770" lon="3.675080">
        <ele>1.6</ele>
      </trkpt>
      <trkpt lat="43.467960" lon="3.675370">
        <ele>2.2</ele>
      </trkpt>
      <trkpt lat="43.468210" lon="3.675570">
        <ele>2</ele>
      </trkpt>
      <trkpt lat="43.468310" lon="3.675760">
        <ele>2.1</ele>
      </trkpt>
      <trkpt lat="43.468430" lon="3.676000">
        <ele>2</ele>
      </trkpt>
      <trkpt lat="43.468510" lon="3.676010">
        <ele>2</ele>
      </trkpt>
      <trkpt lat="43.468640" lon="3.675990">
        <ele>2</ele>
      </trkpt>
      <trkpt lat="43.469440" lon="3.675520">
        <ele>3</ele>
      </trkpt>
      <trkpt lat="43.469540" lon="3.675580">
        <ele>2.9</ele>
      </trkpt>
      <trkpt lat="43.469650" lon="3.675740">
        <ele>2.3</ele>
      </trkpt>
      <trkpt lat="43.470250" lon="3.676830">
        <ele>3</ele>
      </trkpt>
      <trkpt lat="43.470550" lon="3.677440">
        <ele>3.2</ele>
      </trkpt>
      <trkpt lat="43.470810" lon="3.678130">
        <ele>3</ele>
      </trkpt>
      <trkpt lat="43.470940" lon="3.678620">
        <ele>3.4</ele>
      </trkpt>
      <trkpt lat="43.471000" lon="3.678990">
        <ele>3.6</ele>
      </trkpt>
      <trkpt lat="43.471030" lon="3.679350">
        <ele>3.7</ele>
      </trkpt>
      <trkpt lat="43.471040" lon="3.679740">
        <ele>3.9</ele>
      </trkpt>
      <trkpt lat="43.471080" lon="3.679740">
        <ele>4</ele>
      </trkpt>
      <trkpt lat="43.471110" lon="3.679500">
        <ele>4</ele>
      </trkpt>
      <trkpt lat="43.471170" lon="3.679530">
        <ele>4.2</ele>
      </trkpt>
      <trkpt lat="43.471100" lon="3.680010">
        <ele>6.9</ele>
      </trkpt>
      <trkpt lat="43.471140" lon="3.680030">
        <ele>7.3</ele>
      </trkpt>
      <trkpt lat="43.471210" lon="3.679900">
        <ele>6.2</ele>
      </trkpt>
      <trkpt lat="43.471330" lon="3.679870">
        <ele>6.3</ele>
      </trkpt>
      <trkpt lat="43.471760" lon="3.679610">
        <ele>8.4</ele>
      </trkpt>
      <trkpt lat="43.471730" lon="3.679480">
        <ele>7.3</ele>
      </trkpt>
      <trkpt lat="43.471420" lon="3.679010">
        <ele>4.9</ele>
      </trkpt>
      <trkpt lat="43.471010" lon="3.677890">
        <ele>3.8</ele>
      </trkpt>
      <trkpt lat="43.471020" lon="3.677630">
        <ele>4</ele>
      </trkpt>
      <trkpt lat="43.470610" lon="3.676670">
        <ele>3</ele>
      </trkpt>
      <trkpt lat="43.469970" lon="3.675490">
        <ele>3</ele>
      </trkpt>
      <trkpt lat="43.470070" lon="3.675290">
        <ele>3.2</ele>
      </trkpt>
      <trkpt lat="43.470570" lon="3.675090">
        <ele>4</ele>
      </trkpt>
      <trkpt lat="43.470840" lon="3.675210">
        <ele>4</ele>
      </trkpt>
      <trkpt lat="43.471140" lon="3.675530">
        <ele>4</ele>
      </trkpt>
      <trkpt lat="43.471320" lon="3.675560">
        <ele>4</ele>
      </trkpt>
      <trkpt lat="43.472320" lon="3.675260">
        <ele>5.4</ele>
      </trkpt>
      <trkpt lat="43.472580" lon="3.675310">
        <ele>6</ele>
      </trkpt>
      <trkpt lat="43.473000" lon="3.675170">
        <ele>6.8</ele>
      </trkpt>
      <trkpt lat="43.473570" lon="3.675290">
        <ele>7.8</ele>
      </trkpt>
      <trkpt lat="43.474480" lon="3.675810">
        <ele>8.1</ele>
      </trkpt>
      <trkpt lat="43.474870" lon="3.673760">
        <ele>11.3</ele>
      </trkpt>
      <trkpt lat="43.475670" lon="3.672150">
        <ele>17</ele>
      </trkpt>
      <trkpt lat="43.476540" lon="3.671020">
        <ele>31.9</ele>
      </trkpt>
      <trkpt lat="43.478850" lon="3.669640">
        <ele>45.6</ele>
      </trkpt>
      <trkpt lat="43.479310" lon="3.669320">
        <ele>42</ele>
      </trkpt>
      <trkpt lat="43.479390" lon="3.668970">
        <ele>41.4</ele>
      </trkpt>
      <trkpt lat="43.479390" lon="3.667060">
        <ele>33.1</ele>
      </trkpt>
      <trkpt lat="43.479290" lon="3.666010">
        <ele>33</ele>
      </trkpt>
      <trkpt lat="43.480080" lon="3.665930">
        <ele>33.3</ele>
      </trkpt>
      <trkpt lat="43.480530" lon="3.667080">
        <ele>38.9</ele>
      </trkpt>
      <trkpt lat="43.480830" lon="3.667670">
        <ele>42</ele>
      </trkpt>
      <trkpt lat="43.481640" lon="3.668100">
        <ele>43</ele>
      </trkpt>
      <trkpt lat="43.481860" lon="3.668510">
        <ele>42.4</ele>
      </trkpt>
      <trkpt lat="43.482400" lon="3.668830">
        <ele>39.4</ele>
      </trkpt>
      <trkpt lat="43.484030" lon="3.670730">
        <ele>36.1</ele>
      </trkpt>
      <trkpt lat="43.484170" lon="3.670960">
        <ele>34.6</ele>
      </trkpt>
      <trkpt lat="43.484160" lon="3.671100">
        <ele>34.1</ele>
      </trkpt>
      <trkpt lat="43.484260" lon="3.671050">
        <ele>33.9</ele>
      </trkpt>
      <trkpt lat="43.484430" lon="3.671120">
        <ele>33</ele>
      </trkpt>
      <trkpt lat="43.485200" lon="3.671010">
        <ele>31.4</ele>
      </trkpt>
      <trkpt lat="43.485520" lon="3.671030">
        <ele>30.4</ele>
      </trkpt>
      <trkpt lat="43.485840" lon="3.671130">
        <ele>28.8</ele>
      </trkpt>
      <trkpt lat="43.486110" lon="3.671170">
        <ele>29.2</ele>
      </trkpt>
      <trkpt lat="43.486500" lon="3.670840">
        <ele>30.2</ele>
      </trkpt>
      <trkpt lat="43.487500" lon="3.670250">
        <ele>32.9</ele>
      </trkpt>
      <trkpt lat="43.487620" lon="3.670310">
        <ele>33.1</ele>
      </trkpt>
      <trkpt lat="43.487800" lon="3.670280">
        <ele>33.2</ele>
      </trkpt>
      <trkpt lat="43.487960" lon="3.669950">
        <ele>33.5</ele>
      </trkpt>
    </trkseg>
  </trk>
</gpx>