<?xml version="1.0" encoding="UTF-8" standalone="no" ?>
<gpx xmlns="http://www.topografix.com/GPX/1/1" xmlns:xsi="http://www.w3.org/2001/XMLSchema-instance" xsi:schemaLocation="http://www.topografix.com/GPX/1/1 http://www.topografix.com/GPX/1/1/gpx.xsd" version="1.1" creator="EditGPX">
  <metadata>
    <name>g727 2026</name>
    <desc>https://727bikepacking.fr/g727/</desc>
  </metadata>
  <wpt lat="42.455080" lon="2.844570">
    <ele>318.6</ele>
    <name><![CDATA[Montées rudes]]></name>
    <type><![CDATA[danger]]></type>
  </wpt>
  <wpt lat="42.450060" lon="3.054150">
    <ele>355.7</ele>
    <name><![CDATA[FRance]]></name>
    <type><![CDATA[__]]></type>
  </wpt>
  <wpt lat="42.109070" lon="2.956260">
    <ele>67.5</ele>
    <name><![CDATA[Bois ornières]]></name>
    <type><![CDATA[danger]]></type>
  </wpt>
  <wpt lat="41.983180" lon="2.866170">
    <ele>346.3</ele>
    <name><![CDATA[Point de vue]]></name>
    <type><![CDATA[star]]></type>
  </wpt>
  <wpt lat="41.984280" lon="2.864660">
    <ele>327.2</ele>
    <name><![CDATA[Fort pourcentage]]></name>
    <type><![CDATA[danger]]></type>
  </wpt>
  <wpt lat="41.986010" lon="2.823400">
    <ele>68</ele>
    <name><![CDATA[Eau]]></name>
    <type><![CDATA[drink]]></type>
  </wpt>
  <wpt lat="42.264330" lon="3.151060">
    <ele>1</ele>
    <name><![CDATA[Siklistam]]></name>
    <desc><![CDATA[Par un ancien 727ter]]></desc>
    <type><![CDATA[velo]]></type>
  </wpt>
  <wpt lat="42.859240" lon="2.943590">
    <ele>85.7</ele>
    <name><![CDATA[Descente rugueuse, prudence]]></name>
    <type><![CDATA[danger]]></type>
  </wpt>
  <wpt lat="42.791260" lon="2.905850">
    <ele>17</ele>
    <name><![CDATA[Traveaux lors de la reco]]></name>
    <type><![CDATA[danger]]></type>
  </wpt>
  <wpt lat="42.772400" lon="2.841880">
    <ele>30.3</ele>
    <name><![CDATA[Eau]]></name>
    <type><![CDATA[drink]]></type>
  </wpt>
  <wpt lat="43.330630" lon="3.199480">
    <ele>24.1</ele>
    <name><![CDATA[Les 7 écluses]]></name>
    <type><![CDATA[star]]></type>
  </wpt>
  <wpt lat="43.460980" lon="3.422890">
    <ele>21.9</ele>
    <name><![CDATA[Pézenas]]></name>
    <type><![CDATA[star]]></type>
  </wpt>
  <wpt lat="43.280840" lon="3.129440">
    <ele>70</ele>
    <name><![CDATA[Moulin]]></name>
    <type><![CDATA[star]]></type>
  </wpt>
  <wpt lat="43.184780" lon="3.003800">
    <ele>12.1</ele>
    <name><![CDATA[Cathédrale]]></name>
    <type><![CDATA[star]]></type>
  </wpt>
  <wpt lat="42.458550" lon="2.859280">
    <ele>424</ele>
    <name><![CDATA[Fort de Bellegarde]]></name>
    <type><![CDATA[star]]></type>
  </wpt>
  <wpt lat="42.115120" lon="3.143630">
    <ele>3.5</ele>
    <name><![CDATA[L'Escala]]></name>
    <type><![CDATA[star]]></type>
  </wpt>
  <wpt lat="41.984520" lon="2.824430">
    <ele>66.9</ele>
    <name><![CDATA[Girona]]></name>
    <type><![CDATA[star]]></type>
  </wpt>
  <wpt lat="42.259910" lon="3.177820">
    <ele>1</ele>
    <name><![CDATA[Roses]]></name>
    <type><![CDATA[star]]></type>
  </wpt>
  <wpt lat="42.236510" lon="3.218290">
    <ele>56</ele>
    <name><![CDATA[Parc sublime]]></name>
    <type><![CDATA[star]]></type>
  </wpt>
  <wpt lat="42.287250" lon="3.276270">
    <ele>1.6</ele>
    <name><![CDATA[Casaqués]]></name>
    <type><![CDATA[star]]></type>
  </wpt>
  <wpt lat="43.059030" lon="3.001630">
    <ele>6.5</ele>
    <name><![CDATA[Golfe antique]]></name>
    <type><![CDATA[star]]></type>
  </wpt>
  <wpt lat="42.954380" lon="3.039560">
    <name><![CDATA[Plage immense]]></name>
    <type><![CDATA[star]]></type>
  </wpt>
  <wpt lat="43.047470" lon="3.055740">
    <ele>1.6</ele>
    <name><![CDATA[La roubine]]></name>
    <type><![CDATA[star]]></type>
  </wpt>
  <wpt lat="42.916210" lon="3.058560">
    <ele>39.1</ele>
    <name><![CDATA[Falaises]]></name>
    <type><![CDATA[star]]></type>
  </wpt>
  <wpt lat="42.377820" lon="3.069600">
    <ele>194</ele>
    <name><![CDATA[Eau]]></name>
    <type><![CDATA[drink]]></type>
  </wpt>
  <wpt lat="42.391050" lon="2.999950">
    <ele>111.3</ele>
    <name><![CDATA[Eau]]></name>
    <type><![CDATA[drink]]></type>
  </wpt>
  <wpt lat="42.391620" lon="3.000940">
    <ele>119.9</ele>
    <name><![CDATA[Eau]]></name>
    <type><![CDATA[drink]]></type>
  </wpt>
  <wpt lat="42.527140" lon="3.082950">
    <ele>9.3</ele>
    <name><![CDATA[Gâteaux fous]]></name>
    <type><![CDATA[boulangerie]]></type>
  </wpt>
  <wpt lat="42.527550" lon="3.083800">
    <ele>8.6</ele>
    <name><![CDATA[Glaces top]]></name>
    <type><![CDATA[restaurant]]></type>
  </wpt>
  <wpt lat="42.535160" lon="3.059730">
    <ele>28.1</ele>
    <name><![CDATA[Escaliers]]></name>
    <type><![CDATA[danger]]></type>
  </wpt>
  <wpt lat="42.526710" lon="3.085320">
    <ele>1.1</ele>
    <name><![CDATA[Colioure]]></name>
    <type><![CDATA[star]]></type>
  </wpt>
  <wpt lat="42.687550" lon="2.982420">
    <ele>19.9</ele>
    <name><![CDATA[Banc géant]]></name>
    <type><![CDATA[star]]></type>
  </wpt>
  <wpt lat="43.234750" lon="3.058660">
    <ele>5.1</ele>
    <name><![CDATA[Eau-Fontaine Wallace]]></name>
    <type><![CDATA[drink]]></type>
  </wpt>
  <wpt lat="41.995060" lon="2.820780">
    <ele>67.2</ele>
    <name><![CDATA[Eau]]></name>
    <type><![CDATA[drink]]></type>
  </wpt>
  <wpt lat="41.981610" lon="2.823750">
    <ele>69</ele>
    <name><![CDATA[Eau]]></name>
    <type><![CDATA[drink]]></type>
  </wpt>
  <wpt lat="42.559450" lon="3.046450">
    <ele>3</ele>
    <name><![CDATA[Eau]]></name>
    <type><![CDATA[drink]]></type>
  </wpt>
  <wpt lat="42.536070" lon="3.056580">
    <ele>4.1</ele>
    <name><![CDATA[Eau]]></name>
    <type><![CDATA[drink]]></type>
  </wpt>
  <wpt lat="42.543030" lon="3.052050">
    <ele>3</ele>
    <name><![CDATA[Eau]]></name>
    <type><![CDATA[drink]]></type>
  </wpt>
  <wpt lat="42.621930" lon="3.035480">
    <ele>1.3</ele>
    <name><![CDATA[Eau-Fontaine marine]]></name>
    <type><![CDATA[drink]]></type>
  </wpt>
  <wpt lat="42.259570" lon="3.075350">
    <ele>16.3</ele>
    <name><![CDATA[Eau]]></name>
    <type><![CDATA[drink]]></type>
  </wpt>
  <wpt lat="42.259850" lon="3.073810">
    <ele>12.7</ele>
    <name><![CDATA[Eau]]></name>
    <type><![CDATA[drink]]></type>
  </wpt>
  <wpt lat="42.009130" lon="2.815440">
    <ele>66.9</ele>
    <name><![CDATA[Eau]]></name>
    <type><![CDATA[drink]]></type>
  </wpt>
  <wpt lat="42.524250" lon="3.084880">
    <ele>4.7</ele>
    <name><![CDATA[Eau]]></name>
    <type><![CDATA[drink]]></type>
  </wpt>
  <wpt lat="43.011240" lon="3.061330">
    <ele>2</ele>
    <name><![CDATA[Eau]]></name>
    <type><![CDATA[drink]]></type>
  </wpt>
  <wpt lat="43.351220" lon="3.531640">
    <ele>1</ele>
    <name><![CDATA[Eau]]></name>
    <type><![CDATA[drink]]></type>
  </wpt>
  <wpt lat="42.067960" lon="2.914250">
    <ele>41.8</ele>
    <name><![CDATA[Eau]]></name>
    <type><![CDATA[drink]]></type>
  </wpt>
  <wpt lat="42.786940" lon="3.038770">
    <ele>3</ele>
    <name><![CDATA[Eau]]></name>
    <type><![CDATA[drink]]></type>
  </wpt>
  <wpt lat="42.766540" lon="2.989470">
    <ele>5</ele>
    <name><![CDATA[Eau]]></name>
    <type><![CDATA[drink]]></type>
  </wpt>
  <wpt lat="43.184290" lon="3.003750">
    <ele>8.7</ele>
    <name><![CDATA[Eau]]></name>
    <type><![CDATA[drink]]></type>
  </wpt>
  <wpt lat="43.313810" lon="3.143500">
    <ele>32.9</ele>
    <name><![CDATA[Eau]]></name>
    <type><![CDATA[drink]]></type>
  </wpt>
  <wpt lat="43.047870" lon="3.056530">
    <ele>1.7</ele>
    <name><![CDATA[Eau]]></name>
    <type><![CDATA[drink]]></type>
  </wpt>
  <wpt lat="42.018480" lon="2.825530">
    <ele>64</ele>
    <name><![CDATA[Eau]]></name>
    <type><![CDATA[drink]]></type>
  </wpt>
  <wpt lat="42.017600" lon="2.823090">
    <ele>65</ele>
    <name><![CDATA[Eau]]></name>
    <type><![CDATA[drink]]></type>
  </wpt>
  <wpt lat="43.181570" lon="3.007090">
    <ele>5.6</ele>
    <name><![CDATA[Eau]]></name>
    <type><![CDATA[drink]]></type>
  </wpt>
  <wpt lat="42.289400" lon="3.275350">
    <ele>3.8</ele>
    <name><![CDATA[Eau]]></name>
    <type><![CDATA[drink]]></type>
  </wpt>
  <wpt lat="42.391620" lon="3.000950">
    <ele>119.8</ele>
    <name><![CDATA[Eau]]></name>
    <type><![CDATA[drink]]></type>
  </wpt>
  <wpt lat="42.990080" lon="2.952800">
    <ele>56.7</ele>
    <name><![CDATA[Eau]]></name>
    <type><![CDATA[drink]]></type>
  </wpt>
  <wpt lat="42.992080" lon="2.956020">
    <ele>50.9</ele>
    <name><![CDATA[Eau]]></name>
    <type><![CDATA[drink]]></type>
  </wpt>
  <wpt lat="43.183060" lon="3.004310">
    <ele>4</ele>
    <name><![CDATA[Eau]]></name>
    <type><![CDATA[drink]]></type>
  </wpt>
  <wpt lat="42.375490" lon="3.066240">
    <ele>152.2</ele>
    <name><![CDATA[Eau-Font de l'Ou]]></name>
    <type><![CDATA[drink]]></type>
  </wpt>
  <wpt lat="42.313920" lon="2.928650">
    <ele>40.8</ele>
    <name><![CDATA[Eau]]></name>
    <type><![CDATA[drink]]></type>
  </wpt>
  <wpt lat="42.391050" lon="2.999950">
    <ele>111.3</ele>
    <name><![CDATA[Eau-Font del Còrrec]]></name>
    <type><![CDATA[drink]]></type>
  </wpt>
  <wpt lat="42.375680" lon="3.067900">
    <ele>158.8</ele>
    <name><![CDATA[Eau]]></name>
    <type><![CDATA[drink]]></type>
  </wpt>
  <wpt lat="43.332570" lon="3.224510">
    <ele>10.7</ele>
    <name><![CDATA[Eau]]></name>
    <type><![CDATA[drink]]></type>
  </wpt>
  <wpt lat="42.509410" lon="2.792230">
    <ele>102.9</ele>
    <name><![CDATA[Eau-Fontaine du Docteur Basman]]></name>
    <type><![CDATA[drink]]></type>
  </wpt>
  <wpt lat="42.487700" lon="2.807310">
    <ele>134.8</ele>
    <name><![CDATA[Eau]]></name>
    <type><![CDATA[drink]]></type>
  </wpt>
  <wpt lat="42.264680" lon="3.161970">
    <ele>1.1</ele>
    <name><![CDATA[Eau]]></name>
    <type><![CDATA[drink]]></type>
  </wpt>
  <wpt lat="42.694950" lon="2.770040">
    <ele>67.8</ele>
    <name><![CDATA[Eau]]></name>
    <type><![CDATA[drink]]></type>
  </wpt>
  <wpt lat="42.125750" lon="3.132640">
    <ele>6.4</ele>
    <name><![CDATA[Eau]]></name>
    <type><![CDATA[drink]]></type>
  </wpt>
  <wpt lat="41.987800" lon="2.822580">
    <ele>67.9</ele>
    <name><![CDATA[Eau]]></name>
    <type><![CDATA[drink]]></type>
  </wpt>
  <wpt lat="42.057620" lon="3.045080">
    <ele>15.4</ele>
    <name><![CDATA[Eau]]></name>
    <type><![CDATA[drink]]></type>
  </wpt>
  <wpt lat="42.018220" lon="2.906830">
    <ele>86.2</ele>
    <name><![CDATA[Eau]]></name>
    <type><![CDATA[drink]]></type>
  </wpt>
  <wpt lat="42.019520" lon="2.930870">
    <ele>82.8</ele>
    <name><![CDATA[Eau]]></name>
    <type><![CDATA[drink]]></type>
  </wpt>
  <wpt lat="42.775650" lon="2.836150">
    <ele>33</ele>
    <name><![CDATA[Eau]]></name>
    <type><![CDATA[drink]]></type>
  </wpt>
  <wpt lat="42.338970" lon="3.204310">
    <ele>2.5</ele>
    <name><![CDATA[Eau]]></name>
    <type><![CDATA[drink]]></type>
  </wpt>
  <wpt lat="43.184390" lon="3.003330">
    <ele>11</ele>
    <name><![CDATA[Eau]]></name>
    <type><![CDATA[drink]]></type>
  </wpt>
  <wpt lat="42.135120" lon="3.121590">
    <ele>7.2</ele>
    <name><![CDATA[Eau]]></name>
    <type><![CDATA[drink]]></type>
  </wpt>
  <wpt lat="41.985000" lon="2.824670">
    <ele>66.6</ele>
    <name><![CDATA[Eau-Font del pou de la Cadena]]></name>
    <type><![CDATA[drink]]></type>
  </wpt>
  <wpt lat="43.459790" lon="3.423030">
    <ele>20.1</ele>
    <name><![CDATA[Eau]]></name>
    <type><![CDATA[drink]]></type>
  </wpt>
  <wpt lat="43.356110" lon="3.533840">
    <ele>1</ele>
    <name><![CDATA[Eau]]></name>
    <type><![CDATA[drink]]></type>
  </wpt>
  <wpt lat="42.551900" lon="3.048220">
    <ele>4</ele>
    <name><![CDATA[Eau]]></name>
    <type><![CDATA[drink]]></type>
  </wpt>
  <wpt lat="42.139140" lon="3.117180">
    <ele>4.8</ele>
    <name><![CDATA[Eau]]></name>
    <type><![CDATA[drink]]></type>
  </wpt>
  <wpt lat="42.511290" lon="2.790770">
    <ele>106.7</ele>
    <name><![CDATA[Eau]]></name>
    <type><![CDATA[drink]]></type>
  </wpt>
  <wpt lat="42.123100" lon="2.963720">
    <ele>84.4</ele>
    <name><![CDATA[Eau]]></name>
    <type><![CDATA[drink]]></type>
  </wpt>
  <wpt lat="42.039500" lon="2.996980">
    <ele>83.5</ele>
    <name><![CDATA[Eau]]></name>
    <type><![CDATA[drink]]></type>
  </wpt>
  <wpt lat="42.046930" lon="2.957640">
    <ele>38</ele>
    <name><![CDATA[Eau]]></name>
    <type><![CDATA[drink]]></type>
  </wpt>
  <wpt lat="42.287450" lon="3.275870">
    <ele>2.8</ele>
    <name><![CDATA[Eau-Font de la Plaça Dr. Pont]]></name>
    <type><![CDATA[drink]]></type>
  </wpt>
  <wpt lat="43.087510" lon="2.960240">
    <ele>1</ele>
    <name><![CDATA[Eau]]></name>
    <type><![CDATA[drink]]></type>
  </wpt>
  <wpt lat="41.980790" lon="2.824470">
    <ele>70.4</ele>
    <name><![CDATA[Eau]]></name>
    <type><![CDATA[drink]]></type>
  </wpt>
  <wpt lat="42.905170" lon="3.056070">
    <ele>2.5</ele>
    <name><![CDATA[Eau]]></name>
    <type><![CDATA[drink]]></type>
  </wpt>
  <wpt lat="42.377800" lon="3.069620">
    <ele>193.5</ele>
    <name><![CDATA[Eau-Font del Suro]]></name>
    <type><![CDATA[drink]]></type>
  </wpt>
  <wpt lat="42.372660" lon="2.920690">
    <ele>104.7</ele>
    <name><![CDATA[Eau-Agua]]></name>
    <type><![CDATA[drink]]></type>
  </wpt>
  <wpt lat="43.182230" lon="3.005690">
    <ele>4</ele>
    <name><![CDATA[Eau]]></name>
    <type><![CDATA[drink]]></type>
  </wpt>
  <wpt lat="42.336250" lon="3.202940">
    <ele>1.3</ele>
    <name><![CDATA[Eau]]></name>
    <type><![CDATA[drink]]></type>
  </wpt>
  <wpt lat="41.986120" lon="2.829360">
    <ele>123.5</ele>
    <name><![CDATA[Eau]]></name>
    <type><![CDATA[drink]]></type>
  </wpt>
  <wpt lat="42.362300" lon="3.147590">
    <ele>8</ele>
    <name><![CDATA[Eau]]></name>
    <type><![CDATA[drink]]></type>
  </wpt>
  <wpt lat="43.283040" lon="3.281790">
    <ele>5</ele>
    <name><![CDATA[Eau]]></name>
    <type><![CDATA[drink]]></type>
  </wpt>
  <wpt lat="43.446920" lon="3.662290">
    <ele>1</ele>
    <name><![CDATA[Eau]]></name>
    <type><![CDATA[drink]]></type>
  </wpt>
  <wpt lat="42.791990" lon="3.037920">
    <ele>3</ele>
    <name><![CDATA[Eau]]></name>
    <type><![CDATA[drink]]></type>
  </wpt>
  <wpt lat="42.851680" lon="3.037180">
    <ele>1.2</ele>
    <name><![CDATA[Eau]]></name>
    <type><![CDATA[drink]]></type>
  </wpt>
  <wpt lat="42.537390" lon="3.055230">
    <ele>2.1</ele>
    <name><![CDATA[Eau]]></name>
    <type><![CDATA[drink]]></type>
  </wpt>
  <wpt lat="43.331190" lon="3.200570">
    <ele>18.8</ele>
    <name><![CDATA[Eau]]></name>
    <type><![CDATA[drink]]></type>
  </wpt>
  <wpt lat="43.448510" lon="3.651540">
    <ele>2.9</ele>
    <name><![CDATA[Eau]]></name>
    <type><![CDATA[drink]]></type>
  </wpt>
  <wpt lat="43.420250" lon="3.602370">
    <ele>2</ele>
    <name><![CDATA[Eau]]></name>
    <type><![CDATA[drink]]></type>
  </wpt>
  <wpt lat="43.446690" lon="3.659430">
    <ele>1</ele>
    <name><![CDATA[Eau]]></name>
    <type><![CDATA[drink]]></type>
  </wpt>
  <wpt lat="42.264340" lon="3.172570">
    <ele>1.6</ele>
    <name><![CDATA[Eau]]></name>
    <type><![CDATA[drink]]></type>
  </wpt>
  <wpt lat="42.258660" lon="3.078600">
    <ele>6.8</ele>
    <name><![CDATA[Eau]]></name>
    <type><![CDATA[drink]]></type>
  </wpt>
  <wpt lat="42.514710" lon="2.787000">
    <ele>115.8</ele>
    <name><![CDATA[Eau]]></name>
    <type><![CDATA[drink]]></type>
  </wpt>
  <wpt lat="42.639910" lon="2.981100">
    <ele>7</ele>
    <name><![CDATA[Eau]]></name>
    <type><![CDATA[drink]]></type>
  </wpt>
  <wpt lat="42.639640" lon="2.980340">
    <ele>7.8</ele>
    <name><![CDATA[Eau]]></name>
    <type><![CDATA[drink]]></type>
  </wpt>
  <wpt lat="41.993120" lon="2.820680">
    <ele>66.9</ele>
    <name><![CDATA[Eau]]></name>
    <type><![CDATA[drink]]></type>
  </wpt>
  <wpt lat="43.220620" lon="3.234670">
    <ele>2</ele>
    <name><![CDATA[Eau]]></name>
    <type><![CDATA[drink]]></type>
  </wpt>
  <wpt lat="42.839080" lon="2.917680">
    <ele>8.6</ele>
    <name><![CDATA[Eau]]></name>
    <type><![CDATA[drink]]></type>
  </wpt>
  <wpt lat="42.342450" lon="3.202060">
    <ele>4.3</ele>
    <name><![CDATA[Eau]]></name>
    <type><![CDATA[drink]]></type>
  </wpt>
  <wpt lat="43.330190" lon="3.197790">
    <ele>32.3</ele>
    <name><![CDATA[Eau]]></name>
    <type><![CDATA[drink]]></type>
  </wpt>
  <wpt lat="42.338000" lon="3.203430">
    <ele>1.8</ele>
    <name><![CDATA[Eau]]></name>
    <type><![CDATA[drink]]></type>
  </wpt>
  <wpt lat="42.581610" lon="2.778720">
    <ele>137.8</ele>
    <name><![CDATA[Eau]]></name>
    <type><![CDATA[drink]]></type>
  </wpt>
  <wpt lat="43.315540" lon="3.471530">
    <ele>2.6</ele>
    <name><![CDATA[Eau]]></name>
    <type><![CDATA[drink]]></type>
  </wpt>
  <wpt lat="42.047740" lon="2.962490">
    <ele>63.8</ele>
    <name><![CDATA[Eau]]></name>
    <type><![CDATA[drink]]></type>
  </wpt>
  <wpt lat="42.316260" lon="2.930970">
    <ele>50</ele>
    <name><![CDATA[Eau]]></name>
    <type><![CDATA[drink]]></type>
  </wpt>
  <wpt lat="43.317360" lon="3.280900">
    <ele>5.1</ele>
    <name><![CDATA[Eau]]></name>
    <type><![CDATA[drink]]></type>
  </wpt>
  <wpt lat="42.934970" lon="3.031850">
    <ele>2</ele>
    <name><![CDATA[Eau]]></name>
    <type><![CDATA[drink]]></type>
  </wpt>
  <wpt lat="42.116710" lon="3.136610">
    <ele>2.5</ele>
    <name><![CDATA[Eau]]></name>
    <type><![CDATA[drink]]></type>
  </wpt>
  <wpt lat="42.624960" lon="3.036370">
    <ele>3</ele>
    <name><![CDATA[Eau]]></name>
    <type><![CDATA[drink]]></type>
  </wpt>
  <wpt lat="42.626030" lon="3.036190">
    <ele>2.8</ele>
    <name><![CDATA[Eau]]></name>
    <type><![CDATA[drink]]></type>
  </wpt>
  <wpt lat="43.420340" lon="3.367620">
    <ele>46.9</ele>
    <name><![CDATA[Eau]]></name>
    <type><![CDATA[drink]]></type>
  </wpt>
  <wpt lat="42.263100" lon="3.174980">
    <ele>2</ele>
    <name><![CDATA[Eau]]></name>
    <type><![CDATA[drink]]></type>
  </wpt>
  <wpt lat="42.256420" lon="3.181320">
    <ele>2.4</ele>
    <name><![CDATA[Eau]]></name>
    <type><![CDATA[drink]]></type>
  </wpt>
  <wpt lat="42.639850" lon="2.979630">
    <ele>7.7</ele>
    <name><![CDATA[Eau]]></name>
    <type><![CDATA[drink]]></type>
  </wpt>
  <wpt lat="42.258840" lon="3.076500">
    <ele>11</ele>
    <name><![CDATA[Eau]]></name>
    <type><![CDATA[drink]]></type>
  </wpt>
  <wpt lat="42.257910" lon="3.179790">
    <ele>1</ele>
    <name><![CDATA[Eau]]></name>
    <type><![CDATA[drink]]></type>
  </wpt>
  <wpt lat="42.800880" lon="3.034450">
    <ele>2</ele>
    <name><![CDATA[Eau]]></name>
    <type><![CDATA[drink]]></type>
  </wpt>
  <wpt lat="42.363210" lon="3.152240">
    <ele>6</ele>
    <name><![CDATA[Eau]]></name>
    <type><![CDATA[drink]]></type>
  </wpt>
  <wpt lat="42.637890" lon="3.034440">
    <ele>2</ele>
    <name><![CDATA[Eau]]></name>
    <type><![CDATA[drink]]></type>
  </wpt>
  <wpt lat="42.561530" lon="3.046220">
    <ele>3</ele>
    <name><![CDATA[Eau]]></name>
    <type><![CDATA[drink]]></type>
  </wpt>
  <wpt lat="42.772410" lon="2.841870">
    <ele>30.2</ele>
    <name><![CDATA[Eau]]></name>
    <type><![CDATA[drink]]></type>
  </wpt>
  <wpt lat="42.990380" lon="2.952390">
    <ele>54.4</ele>
    <name><![CDATA[Eau]]></name>
    <type><![CDATA[drink]]></type>
  </wpt>
  <wpt lat="42.894440" lon="2.984330">
    <ele>33.1</ele>
    <name><![CDATA[Eau]]></name>
    <type><![CDATA[drink]]></type>
  </wpt>
  <wpt lat="42.753860" lon="2.814130">
    <ele>75</ele>
    <name><![CDATA[Eau]]></name>
    <type><![CDATA[drink]]></type>
  </wpt>
  <wpt lat="42.259540" lon="3.179430">
    <ele>1.3</ele>
    <name><![CDATA[Eau]]></name>
    <type><![CDATA[drink]]></type>
  </wpt>
  <wpt lat="42.365060" lon="2.923800">
    <ele>99.9</ele>
    <name><![CDATA[Eau]]></name>
    <type><![CDATA[drink]]></type>
  </wpt>
  <wpt lat="42.258790" lon="3.077180">
    <ele>7.3</ele>
    <name><![CDATA[Eau]]></name>
    <type><![CDATA[drink]]></type>
  </wpt>
  <wpt lat="42.270990" lon="3.144180">
    <ele>2.6</ele>
    <name><![CDATA[Eau]]></name>
    <type><![CDATA[drink]]></type>
  </wpt>
  <wpt lat="43.029000" lon="2.979450">
    <ele>17.4</ele>
    <name><![CDATA[Eau]]></name>
    <type><![CDATA[drink]]></type>
  </wpt>
  <wpt lat="42.079390" lon="3.095740">
    <ele>16.6</ele>
    <name><![CDATA[Eau]]></name>
    <type><![CDATA[drink]]></type>
  </wpt>
  <wpt lat="42.640160" lon="3.033730">
    <ele>2</ele>
    <name><![CDATA[Eau]]></name>
    <type><![CDATA[drink]]></type>
  </wpt>
  <wpt lat="42.368670" lon="3.158330">
    <ele>2.8</ele>
    <name><![CDATA[Eau]]></name>
    <type><![CDATA[drink]]></type>
  </wpt>
  <wpt lat="43.215440" lon="3.232690">
    <ele>1.9</ele>
    <name><![CDATA[Eau]]></name>
    <type><![CDATA[drink]]></type>
  </wpt>
  <wpt lat="42.540480" lon="3.047550">
    <ele>2.2</ele>
    <name><![CDATA[Eau]]></name>
    <type><![CDATA[drink]]></type>
  </wpt>
  <wpt lat="42.188160" lon="3.081910">
    <ele>5</ele>
    <name><![CDATA[Eau]]></name>
    <type><![CDATA[drink]]></type>
  </wpt>
  <wpt lat="41.987430" lon="2.867260">
    <ele>336.2</ele>
  </wpt>
  <wpt lat="42.455080" lon="2.844570">
    <ele>318.6</ele>
    <name><![CDATA[Montées rudes]]></name>
    <type><![CDATA[danger]]></type>
  </wpt>
  <wpt lat="42.450060" lon="3.054150">
    <ele>355.7</ele>
    <name><![CDATA[FRance]]></name>
    <type><![CDATA[__]]></type>
  </wpt>
  <wpt lat="42.109070" lon="2.956260">
    <ele>67.5</ele>
    <name><![CDATA[Bois ornières]]></name>
    <type><![CDATA[danger]]></type>
  </wpt>
  <wpt lat="41.983180" lon="2.866170">
    <ele>346.3</ele>
    <name><![CDATA[Point de vue]]></name>
    <type><![CDATA[star]]></type>
  </wpt>
  <wpt lat="41.984280" lon="2.864660">
    <ele>327.2</ele>
    <name><![CDATA[Fort pourcentage]]></name>
    <type><![CDATA[danger]]></type>
  </wpt>
  <wpt lat="41.985850" lon="2.824950">
    <ele>68.4</ele>
    <name><![CDATA[Eau]]></name>
    <type><![CDATA[drink]]></type>
  </wpt>
  <wpt lat="41.986010" lon="2.823400">
    <ele>68</ele>
    <name><![CDATA[Eau]]></name>
    <type><![CDATA[drink]]></type>
  </wpt>
  <wpt lat="42.264330" lon="3.151060">
    <ele>1</ele>
    <name><![CDATA[Siklistam]]></name>
    <desc><![CDATA[Par un ancien 727ter]]></desc>
    <type><![CDATA[velo]]></type>
  </wpt>
  <wpt lat="42.859240" lon="2.943590">
    <ele>85.7</ele>
    <name><![CDATA[Descente rugueuse, prudence]]></name>
    <type><![CDATA[danger]]></type>
  </wpt>
  <wpt lat="42.791260" lon="2.905850">
    <ele>17</ele>
    <name><![CDATA[Traveaux lors de la reco]]></name>
    <type><![CDATA[danger]]></type>
  </wpt>
  <wpt lat="42.772400" lon="2.841880">
    <ele>30.3</ele>
    <name><![CDATA[Eau]]></name>
    <type><![CDATA[drink]]></type>
  </wpt>
  <wpt lat="43.330630" lon="3.199480">
    <ele>24.1</ele>
    <name><![CDATA[Les 7 écluses]]></name>
    <type><![CDATA[star]]></type>
  </wpt>
  <wpt lat="43.460980" lon="3.422890">
    <ele>21.9</ele>
    <name><![CDATA[Pézenas]]></name>
    <type><![CDATA[star]]></type>
  </wpt>
  <wpt lat="43.280840" lon="3.129440">
    <ele>70</ele>
    <name><![CDATA[Moulin]]></name>
    <type><![CDATA[star]]></type>
  </wpt>
  <wpt lat="43.184780" lon="3.003800">
    <ele>12.1</ele>
    <name><![CDATA[Cathédrale]]></name>
    <type><![CDATA[star]]></type>
  </wpt>
  <wpt lat="42.458550" lon="2.859280">
    <ele>424</ele>
    <name><![CDATA[Fort de Bellegarde]]></name>
    <type><![CDATA[star]]></type>
  </wpt>
  <wpt lat="42.115120" lon="3.143630">
    <ele>3.5</ele>
    <name><![CDATA[L'Escala]]></name>
    <type><![CDATA[star]]></type>
  </wpt>
  <wpt lat="41.984520" lon="2.824430">
    <ele>66.9</ele>
    <name><![CDATA[Girona]]></name>
    <type><![CDATA[star]]></type>
  </wpt>
  <wpt lat="42.259910" lon="3.177820">
    <ele>1</ele>
    <name><![CDATA[Roses]]></name>
    <type><![CDATA[star]]></type>
  </wpt>
  <wpt lat="42.236510" lon="3.218290">
    <ele>56</ele>
    <name><![CDATA[Parc sublime]]></name>
    <type><![CDATA[star]]></type>
  </wpt>
  <wpt lat="42.287250" lon="3.276270">
    <ele>1.6</ele>
    <name><![CDATA[Casaqués]]></name>
    <type><![CDATA[star]]></type>
  </wpt>
  <wpt lat="43.059030" lon="3.001630">
    <ele>6.5</ele>
    <name><![CDATA[Golfe antique]]></name>
    <type><![CDATA[star]]></type>
  </wpt>
  <wpt lat="42.954660" lon="3.036000">
    <ele>1</ele>
    <name><![CDATA[Plage immense]]></name>
    <type><![CDATA[star]]></type>
  </wpt>
  <wpt lat="43.047470" lon="3.055740">
    <ele>1.6</ele>
    <name><![CDATA[La roubine]]></name>
    <type><![CDATA[star]]></type>
  </wpt>
  <wpt lat="42.916210" lon="3.058560">
    <ele>39.1</ele>
    <name><![CDATA[Falaises]]></name>
    <type><![CDATA[star]]></type>
  </wpt>
  <wpt lat="42.377820" lon="3.069600">
    <ele>194</ele>
    <name><![CDATA[Eau]]></name>
    <type><![CDATA[drink]]></type>
  </wpt>
  <wpt lat="42.391050" lon="2.999950">
    <ele>111.3</ele>
    <name><![CDATA[Eau]]></name>
    <type><![CDATA[drink]]></type>
  </wpt>
  <wpt lat="42.391620" lon="3.000940">
    <ele>119.9</ele>
    <name><![CDATA[Eau]]></name>
    <type><![CDATA[drink]]></type>
  </wpt>
  <wpt lat="42.490110" lon="3.129730">
    <ele>8.6</ele>
    <name><![CDATA[Montée rude, mais très beau]]></name>
    <type><![CDATA[danger]]></type>
  </wpt>
  <wpt lat="42.527140" lon="3.082950">
    <ele>9.3</ele>
    <name><![CDATA[Gâteaux fous]]></name>
    <type><![CDATA[boulangerie]]></type>
  </wpt>
  <wpt lat="42.527550" lon="3.083800">
    <ele>8.6</ele>
    <name><![CDATA[Glaces top]]></name>
    <type><![CDATA[restaurant]]></type>
  </wpt>
  <wpt lat="42.535160" lon="3.059730">
    <ele>28.1</ele>
    <name><![CDATA[Escaliers]]></name>
    <type><![CDATA[danger]]></type>
  </wpt>
  <wpt lat="42.503050" lon="3.123230">
    <ele>6.9</ele>
    <name><![CDATA[Débur marche]]></name>
    <type><![CDATA[danger]]></type>
  </wpt>
  <wpt lat="42.506940" lon="3.123730">
    <ele>22.7</ele>
    <name><![CDATA[Fin marche]]></name>
    <type><![CDATA[danger]]></type>
  </wpt>
  <wpt lat="42.526710" lon="3.085320">
    <ele>1.1</ele>
    <name><![CDATA[Colioure]]></name>
    <type><![CDATA[star]]></type>
  </wpt>
  <wpt lat="42.687550" lon="2.982420">
    <ele>19.9</ele>
    <name><![CDATA[Banc géant]]></name>
    <type><![CDATA[star]]></type>
  </wpt>
  <trk>
    <name><![CDATA[g727 2026 1]]></name>
    <extensions>
      <line xmlns="http://www.topografix.com/GPX/gpx_style/0/2">
        <color>FF0000</color>
        <opacity>1</opacity>
        <width>4</width>
          <extensions>
            <sens>1</sens>
          </extensions>
      </line>
    </extensions>
    <trkseg>
      <trkpt lat="43.488060" lon="3.669630">
        <ele>32.7</ele>
      </trkpt>
      <trkpt lat="43.488440" lon="3.669360">
        <ele>33</ele>
      </trkpt>
      <trkpt lat="43.488820" lon="3.669350">
        <ele>33.5</ele>
      </trkpt>
      <trkpt lat="43.488980" lon="3.669120">
        <ele>33.6</ele>
      </trkpt>
      <trkpt lat="43.489090" lon="3.669040">
        <ele>34.5</ele>
      </trkpt>
      <trkpt lat="43.489170" lon="3.668930">
        <ele>35</ele>
      </trkpt>
      <trkpt lat="43.489270" lon="3.668810">
        <ele>35.3</ele>
      </trkpt>
      <trkpt lat="43.489310" lon="3.668610">
        <ele>35.5</ele>
      </trkpt>
      <trkpt lat="43.489740" lon="3.667630">
        <ele>38</ele>
      </trkpt>
      <trkpt lat="43.489860" lon="3.667480">
        <ele>38.3</ele>
      </trkpt>
      <trkpt lat="43.490190" lon="3.667190">
        <ele>39.5</ele>
      </trkpt>
      <trkpt lat="43.490360" lon="3.667110">
        <ele>40.5</ele>
      </trkpt>
      <trkpt lat="43.490820" lon="3.666980">
        <ele>41.1</ele>
      </trkpt>
      <trkpt lat="43.491360" lon="3.666310">
        <ele>41.2</ele>
      </trkpt>
      <trkpt lat="43.491710" lon="3.666050">
        <ele>43</ele>
      </trkpt>
      <trkpt lat="43.492320" lon="3.665740">
        <ele>42.8</ele>
      </trkpt>
      <trkpt lat="43.492710" lon="3.665600">
        <ele>43.9</ele>
      </trkpt>
      <trkpt lat="43.493270" lon="3.665750">
        <ele>46.9</ele>
      </trkpt>
      <trkpt lat="43.493930" lon="3.665750">
        <ele>48</ele>
      </trkpt>
      <trkpt lat="43.494300" lon="3.665800">
        <ele>47.8</ele>
      </trkpt>
      <trkpt lat="43.494420" lon="3.665940">
        <ele>48</ele>
      </trkpt>
      <trkpt lat="43.494890" lon="3.665960">
        <ele>47.5</ele>
      </trkpt>
      <trkpt lat="43.495530" lon="3.665920">
        <ele>44.5</ele>
      </trkpt>
      <trkpt lat="43.495720" lon="3.665620">
        <ele>44.8</ele>
      </trkpt>
      <trkpt lat="43.495910" lon="3.665420">
        <ele>44</ele>
      </trkpt>
      <trkpt lat="43.496090" lon="3.665300">
        <ele>44</ele>
      </trkpt>
      <trkpt lat="43.496480" lon="3.665120">
        <ele>44.1</ele>
      </trkpt>
      <trkpt lat="43.496860" lon="3.664620">
        <ele>44.4</ele>
      </trkpt>
      <trkpt lat="43.497240" lon="3.664240">
        <ele>44.3</ele>
      </trkpt>
      <trkpt lat="43.497450" lon="3.664090">
        <ele>44.8</ele>
      </trkpt>
      <trkpt lat="43.498050" lon="3.663780">
        <ele>45.6</ele>
      </trkpt>
      <trkpt lat="43.498240" lon="3.663660">
        <ele>45.9</ele>
      </trkpt>
      <trkpt lat="43.498510" lon="3.663590">
        <ele>46.6</ele>
      </trkpt>
      <trkpt lat="43.498690" lon="3.663560">
        <ele>47.1</ele>
      </trkpt>
      <trkpt lat="43.499330" lon="3.663480">
        <ele>48</ele>
      </trkpt>
      <trkpt lat="43.499820" lon="3.663520">
        <ele>49.1</ele>
      </trkpt>
      <trkpt lat="43.500030" lon="3.663460">
        <ele>49.5</ele>
      </trkpt>
      <trkpt lat="43.500800" lon="3.662890">
        <ele>52.5</ele>
      </trkpt>
      <trkpt lat="43.501080" lon="3.662800">
        <ele>53</ele>
      </trkpt>
      <trkpt lat="43.501270" lon="3.662710">
        <ele>53.9</ele>
      </trkpt>
      <trkpt lat="43.501480" lon="3.662590">
        <ele>54.7</ele>
      </trkpt>
      <trkpt lat="43.502210" lon="3.662140">
        <ele>57.5</ele>
      </trkpt>
      <trkpt lat="43.503030" lon="3.661610">
        <ele>61.4</ele>
      </trkpt>
      <trkpt lat="43.503380" lon="3.661430">
        <ele>63</ele>
      </trkpt>
      <trkpt lat="43.503940" lon="3.661280">
        <ele>66.3</ele>
      </trkpt>
      <trkpt lat="43.504430" lon="3.661070">
        <ele>69.3</ele>
      </trkpt>
      <trkpt lat="43.504620" lon="3.660800">
        <ele>71.9</ele>
      </trkpt>
      <trkpt lat="43.504760" lon="3.660730">
        <ele>72.9</ele>
      </trkpt>
      <trkpt lat="43.505290" lon="3.660790">
        <ele>75.4</ele>
      </trkpt>
      <trkpt lat="43.505610" lon="3.660760">
        <ele>76.7</ele>
      </trkpt>
      <trkpt lat="43.505920" lon="3.660660">
        <ele>77.9</ele>
      </trkpt>
      <trkpt lat="43.506410" lon="3.659930">
        <ele>81.4</ele>
      </trkpt>
      <trkpt lat="43.506580" lon="3.659740">
        <ele>82.1</ele>
      </trkpt>
      <trkpt lat="43.506910" lon="3.659520">
        <ele>83.5</ele>
      </trkpt>
      <trkpt lat="43.506920" lon="3.659390">
        <ele>84.7</ele>
      </trkpt>
      <trkpt lat="43.507090" lon="3.659140">
        <ele>86.1</ele>
      </trkpt>
      <trkpt lat="43.507470" lon="3.658410">
        <ele>90.2</ele>
      </trkpt>
      <trkpt lat="43.507790" lon="3.657950">
        <ele>95.5</ele>
      </trkpt>
      <trkpt lat="43.508110" lon="3.657690">
        <ele>98.8</ele>
      </trkpt>
      <trkpt lat="43.508790" lon="3.656900">
        <ele>105.7</ele>
      </trkpt>
      <trkpt lat="43.508900" lon="3.656740">
        <ele>106.5</ele>
      </trkpt>
      <trkpt lat="43.509000" lon="3.656530">
        <ele>108.3</ele>
      </trkpt>
      <trkpt lat="43.509130" lon="3.656390">
        <ele>109.1</ele>
      </trkpt>
      <trkpt lat="43.509760" lon="3.655840">
        <ele>109.8</ele>
      </trkpt>
      <trkpt lat="43.509860" lon="3.655560">
        <ele>110.5</ele>
      </trkpt>
      <trkpt lat="43.509860" lon="3.655330">
        <ele>112.1</ele>
      </trkpt>
      <trkpt lat="43.509800" lon="3.655090">
        <ele>113.2</ele>
      </trkpt>
      <trkpt lat="43.509740" lon="3.654930">
        <ele>114.1</ele>
      </trkpt>
      <trkpt lat="43.508940" lon="3.654560">
        <ele>119</ele>
      </trkpt>
      <trkpt lat="43.508470" lon="3.654240">
        <ele>122.2</ele>
      </trkpt>
      <trkpt lat="43.507810" lon="3.653840">
        <ele>125.6</ele>
      </trkpt>
      <trkpt lat="43.507330" lon="3.653620">
        <ele>129.3</ele>
      </trkpt>
      <trkpt lat="43.506810" lon="3.653550">
        <ele>132.3</ele>
      </trkpt>
      <trkpt lat="43.506560" lon="3.653480">
        <ele>133.7</ele>
      </trkpt>
      <trkpt lat="43.506390" lon="3.653370">
        <ele>134.4</ele>
      </trkpt>
      <trkpt lat="43.506260" lon="3.653240">
        <ele>135.3</ele>
      </trkpt>
      <trkpt lat="43.506180" lon="3.653050">
        <ele>135.9</ele>
      </trkpt>
      <trkpt lat="43.506040" lon="3.652350">
        <ele>138.1</ele>
      </trkpt>
      <trkpt lat="43.505890" lon="3.652040">
        <ele>139.7</ele>
      </trkpt>
      <trkpt lat="43.505660" lon="3.651890">
        <ele>141.4</ele>
      </trkpt>
      <trkpt lat="43.504930" lon="3.651640">
        <ele>146.5</ele>
      </trkpt>
      <trkpt lat="43.504210" lon="3.651230">
        <ele>151.7</ele>
      </trkpt>
      <trkpt lat="43.503820" lon="3.650900">
        <ele>154.2</ele>
      </trkpt>
      <trkpt lat="43.503660" lon="3.650830">
        <ele>155.5</ele>
      </trkpt>
      <trkpt lat="43.503570" lon="3.650750">
        <ele>155.9</ele>
      </trkpt>
      <trkpt lat="43.503070" lon="3.650140">
        <ele>157.6</ele>
      </trkpt>
      <trkpt lat="43.502990" lon="3.650010">
        <ele>157.2</ele>
      </trkpt>
      <trkpt lat="43.502820" lon="3.649420">
        <ele>158.6</ele>
      </trkpt>
      <trkpt lat="43.502720" lon="3.649130">
        <ele>159.5</ele>
      </trkpt>
      <trkpt lat="43.502180" lon="3.648110">
        <ele>163.2</ele>
      </trkpt>
      <trkpt lat="43.501900" lon="3.647450">
        <ele>164.2</ele>
      </trkpt>
      <trkpt lat="43.501690" lon="3.647200">
        <ele>166</ele>
      </trkpt>
      <trkpt lat="43.501400" lon="3.647090">
        <ele>167.4</ele>
      </trkpt>
      <trkpt lat="43.500910" lon="3.647030">
        <ele>170</ele>
      </trkpt>
      <trkpt lat="43.500660" lon="3.647060">
        <ele>172</ele>
      </trkpt>
      <trkpt lat="43.500450" lon="3.647170">
        <ele>173.4</ele>
      </trkpt>
      <trkpt lat="43.499820" lon="3.647590">
        <ele>179.2</ele>
      </trkpt>
      <trkpt lat="43.499700" lon="3.647600">
        <ele>180.6</ele>
      </trkpt>
      <trkpt lat="43.499610" lon="3.647570">
        <ele>181.4</ele>
      </trkpt>
      <trkpt lat="43.499090" lon="3.647140">
        <ele>185.8</ele>
      </trkpt>
      <trkpt lat="43.498400" lon="3.646600">
        <ele>189.3</ele>
      </trkpt>
      <trkpt lat="43.498000" lon="3.646370">
        <ele>188.3</ele>
      </trkpt>
      <trkpt lat="43.497920" lon="3.646180">
        <ele>187.1</ele>
      </trkpt>
      <trkpt lat="43.497840" lon="3.645670">
        <ele>185.9</ele>
      </trkpt>
      <trkpt lat="43.497810" lon="3.645430">
        <ele>185.3</ele>
      </trkpt>
      <trkpt lat="43.497800" lon="3.645260">
        <ele>185.1</ele>
      </trkpt>
      <trkpt lat="43.497940" lon="3.644570">
        <ele>181.3</ele>
      </trkpt>
      <trkpt lat="43.497970" lon="3.644330">
        <ele>180.3</ele>
      </trkpt>
      <trkpt lat="43.497910" lon="3.644130">
        <ele>179.3</ele>
      </trkpt>
      <trkpt lat="43.497710" lon="3.643920">
        <ele>178</ele>
      </trkpt>
      <trkpt lat="43.497740" lon="3.643830">
        <ele>178.3</ele>
      </trkpt>
      <trkpt lat="43.497810" lon="3.643770">
        <ele>178.3</ele>
      </trkpt>
      <trkpt lat="43.498120" lon="3.643590">
        <ele>176.6</ele>
      </trkpt>
      <trkpt lat="43.498280" lon="3.643400">
        <ele>174.9</ele>
      </trkpt>
      <trkpt lat="43.498550" lon="3.643290">
        <ele>170.9</ele>
      </trkpt>
      <trkpt lat="43.498690" lon="3.643090">
        <ele>168.5</ele>
      </trkpt>
      <trkpt lat="43.498960" lon="3.642210">
        <ele>164.7</ele>
      </trkpt>
      <trkpt lat="43.498980" lon="3.642050">
        <ele>164.3</ele>
      </trkpt>
      <trkpt lat="43.498970" lon="3.641710">
        <ele>163.8</ele>
      </trkpt>
      <trkpt lat="43.499050" lon="3.641480">
        <ele>162.3</ele>
      </trkpt>
      <trkpt lat="43.499110" lon="3.641270">
        <ele>160.9</ele>
      </trkpt>
      <trkpt lat="43.499230" lon="3.640870">
        <ele>157.2</ele>
      </trkpt>
      <trkpt lat="43.499320" lon="3.640560">
        <ele>154.9</ele>
      </trkpt>
      <trkpt lat="43.499480" lon="3.640100">
        <ele>151.5</ele>
      </trkpt>
      <trkpt lat="43.499610" lon="3.639630">
        <ele>149.6</ele>
      </trkpt>
      <trkpt lat="43.499840" lon="3.638890">
        <ele>146.8</ele>
      </trkpt>
      <trkpt lat="43.500180" lon="3.638050">
        <ele>145.7</ele>
      </trkpt>
      <trkpt lat="43.500180" lon="3.637950">
        <ele>146.1</ele>
      </trkpt>
      <trkpt lat="43.500130" lon="3.637890">
        <ele>146.6</ele>
      </trkpt>
      <trkpt lat="43.499590" lon="3.637610">
        <ele>150.7</ele>
      </trkpt>
      <trkpt lat="43.499370" lon="3.637540">
        <ele>152.6</ele>
      </trkpt>
      <trkpt lat="43.499150" lon="3.637530">
        <ele>154.1</ele>
      </trkpt>
      <trkpt lat="43.498960" lon="3.637560">
        <ele>155.6</ele>
      </trkpt>
      <trkpt lat="43.498870" lon="3.637540">
        <ele>156.2</ele>
      </trkpt>
      <trkpt lat="43.498780" lon="3.637500">
        <ele>156.4</ele>
      </trkpt>
      <trkpt lat="43.498170" lon="3.637160">
        <ele>155</ele>
      </trkpt>
      <trkpt lat="43.497310" lon="3.636600">
        <ele>149.3</ele>
      </trkpt>
      <trkpt lat="43.496420" lon="3.636010">
        <ele>143.2</ele>
      </trkpt>
      <trkpt lat="43.495940" lon="3.635670">
        <ele>141</ele>
      </trkpt>
      <trkpt lat="43.495680" lon="3.635530">
        <ele>142</ele>
      </trkpt>
      <trkpt lat="43.495340" lon="3.635310">
        <ele>145.3</ele>
      </trkpt>
      <trkpt lat="43.495120" lon="3.635150">
        <ele>147.6</ele>
      </trkpt>
      <trkpt lat="43.495120" lon="3.635150">
        <ele>147.6</ele>
      </trkpt>
      <trkpt lat="43.492900" lon="3.633540">
        <ele>143.5</ele>
      </trkpt>
      <trkpt lat="43.491650" lon="3.632590">
        <ele>147.4</ele>
      </trkpt>
      <trkpt lat="43.491270" lon="3.632110">
        <ele>146.5</ele>
      </trkpt>
      <trkpt lat="43.488500" lon="3.629260">
        <ele>122.3</ele>
      </trkpt>
      <trkpt lat="43.488460" lon="3.629180">
        <ele>122.2</ele>
      </trkpt>
      <trkpt lat="43.488440" lon="3.629080">
        <ele>121.6</ele>
      </trkpt>
      <trkpt lat="43.488490" lon="3.628740">
        <ele>120.9</ele>
      </trkpt>
      <trkpt lat="43.488780" lon="3.628110">
        <ele>125.9</ele>
      </trkpt>
      <trkpt lat="43.488960" lon="3.627740">
        <ele>126.9</ele>
      </trkpt>
      <trkpt lat="43.489110" lon="3.627500">
        <ele>126</ele>
      </trkpt>
      <trkpt lat="43.489120" lon="3.627370">
        <ele>125.4</ele>
      </trkpt>
      <trkpt lat="43.488740" lon="3.627000">
        <ele>121.9</ele>
      </trkpt>
      <trkpt lat="43.488610" lon="3.626930">
        <ele>120.9</ele>
      </trkpt>
      <trkpt lat="43.488340" lon="3.626840">
        <ele>119</ele>
      </trkpt>
      <trkpt lat="43.488290" lon="3.626700">
        <ele>119.2</ele>
      </trkpt>
      <trkpt lat="43.488350" lon="3.626330">
        <ele>116.9</ele>
      </trkpt>
      <trkpt lat="43.488370" lon="3.625640">
        <ele>113.6</ele>
      </trkpt>
      <trkpt lat="43.488430" lon="3.625230">
        <ele>110.8</ele>
      </trkpt>
      <trkpt lat="43.488510" lon="3.624910">
        <ele>108.7</ele>
      </trkpt>
      <trkpt lat="43.488600" lon="3.624710">
        <ele>107</ele>
      </trkpt>
      <trkpt lat="43.489160" lon="3.624050">
        <ele>103.1</ele>
      </trkpt>
      <trkpt lat="43.489450" lon="3.623810">
        <ele>101.7</ele>
      </trkpt>
      <trkpt lat="43.489550" lon="3.623670">
        <ele>101.3</ele>
      </trkpt>
      <trkpt lat="43.489700" lon="3.623290">
        <ele>98.7</ele>
      </trkpt>
      <trkpt lat="43.489900" lon="3.622910">
        <ele>96</ele>
      </trkpt>
      <trkpt lat="43.490000" lon="3.622800">
        <ele>95.2</ele>
      </trkpt>
      <trkpt lat="43.490150" lon="3.622760">
        <ele>94.4</ele>
      </trkpt>
      <trkpt lat="43.490330" lon="3.622770">
        <ele>94</ele>
      </trkpt>
      <trkpt lat="43.490510" lon="3.622850">
        <ele>94.3</ele>
      </trkpt>
      <trkpt lat="43.490610" lon="3.622920">
        <ele>94.1</ele>
      </trkpt>
      <trkpt lat="43.490670" lon="3.623030">
        <ele>94.1</ele>
      </trkpt>
      <trkpt lat="43.490750" lon="3.623320">
        <ele>94.8</ele>
      </trkpt>
      <trkpt lat="43.490830" lon="3.623370">
        <ele>94.6</ele>
      </trkpt>
      <trkpt lat="43.490930" lon="3.623350">
        <ele>94.6</ele>
      </trkpt>
      <trkpt lat="43.491090" lon="3.623280">
        <ele>94.4</ele>
      </trkpt>
      <trkpt lat="43.491430" lon="3.623290">
        <ele>94.6</ele>
      </trkpt>
      <trkpt lat="43.491520" lon="3.623260">
        <ele>94.5</ele>
      </trkpt>
      <trkpt lat="43.491570" lon="3.623190">
        <ele>94.1</ele>
      </trkpt>
      <trkpt lat="43.491660" lon="3.622740">
        <ele>91.5</ele>
      </trkpt>
      <trkpt lat="43.491790" lon="3.622530">
        <ele>90.2</ele>
      </trkpt>
      <trkpt lat="43.491910" lon="3.622450">
        <ele>90.4</ele>
      </trkpt>
      <trkpt lat="43.492060" lon="3.622400">
        <ele>91</ele>
      </trkpt>
      <trkpt lat="43.492220" lon="3.622420">
        <ele>92.1</ele>
      </trkpt>
      <trkpt lat="43.492310" lon="3.622380">
        <ele>91.7</ele>
      </trkpt>
      <trkpt lat="43.492330" lon="3.622290">
        <ele>90.7</ele>
      </trkpt>
      <trkpt lat="43.492320" lon="3.622210">
        <ele>90</ele>
      </trkpt>
      <trkpt lat="43.491800" lon="3.621270">
        <ele>81.1</ele>
      </trkpt>
      <trkpt lat="43.491700" lon="3.620910">
        <ele>78.8</ele>
      </trkpt>
      <trkpt lat="43.491620" lon="3.620400">
        <ele>75.5</ele>
      </trkpt>
      <trkpt lat="43.491600" lon="3.620140">
        <ele>74.1</ele>
      </trkpt>
      <trkpt lat="43.491610" lon="3.619870">
        <ele>72.7</ele>
      </trkpt>
      <trkpt lat="43.491720" lon="3.619270">
        <ele>69.6</ele>
      </trkpt>
      <trkpt lat="43.491830" lon="3.619000">
        <ele>67.7</ele>
      </trkpt>
      <trkpt lat="43.492060" lon="3.618760">
        <ele>66.6</ele>
      </trkpt>
      <trkpt lat="43.492010" lon="3.618660">
        <ele>64.5</ele>
      </trkpt>
      <trkpt lat="43.491210" lon="3.618790">
        <ele>59.3</ele>
      </trkpt>
      <trkpt lat="43.491030" lon="3.618760">
        <ele>59.9</ele>
      </trkpt>
      <trkpt lat="43.490910" lon="3.618650">
        <ele>61.2</ele>
      </trkpt>
      <trkpt lat="43.490760" lon="3.618410">
        <ele>62.1</ele>
      </trkpt>
      <trkpt lat="43.490390" lon="3.618030">
        <ele>63.6</ele>
      </trkpt>
      <trkpt lat="43.490130" lon="3.617860">
        <ele>64.2</ele>
      </trkpt>
      <trkpt lat="43.489670" lon="3.617640">
        <ele>64.8</ele>
      </trkpt>
      <trkpt lat="43.488700" lon="3.617050">
        <ele>63.5</ele>
      </trkpt>
      <trkpt lat="43.488350" lon="3.616790">
        <ele>63.1</ele>
      </trkpt>
      <trkpt lat="43.487900" lon="3.616570">
        <ele>64.4</ele>
      </trkpt>
      <trkpt lat="43.487720" lon="3.616370">
        <ele>64.7</ele>
      </trkpt>
      <trkpt lat="43.487570" lon="3.616020">
        <ele>64.1</ele>
      </trkpt>
      <trkpt lat="43.487490" lon="3.615380">
        <ele>61.5</ele>
      </trkpt>
      <trkpt lat="43.487380" lon="3.615070">
        <ele>61.3</ele>
      </trkpt>
      <trkpt lat="43.487190" lon="3.614800">
        <ele>60.7</ele>
      </trkpt>
      <trkpt lat="43.487120" lon="3.614630">
        <ele>60.2</ele>
      </trkpt>
      <trkpt lat="43.487030" lon="3.614160">
        <ele>57.4</ele>
      </trkpt>
      <trkpt lat="43.486790" lon="3.613280">
        <ele>55</ele>
      </trkpt>
      <trkpt lat="43.486690" lon="3.613050">
        <ele>53.6</ele>
      </trkpt>
      <trkpt lat="43.486530" lon="3.612930">
        <ele>53.4</ele>
      </trkpt>
      <trkpt lat="43.486190" lon="3.612880">
        <ele>53.9</ele>
      </trkpt>
      <trkpt lat="43.486040" lon="3.612780">
        <ele>53.6</ele>
      </trkpt>
      <trkpt lat="43.485650" lon="3.612250">
        <ele>51.2</ele>
      </trkpt>
      <trkpt lat="43.485150" lon="3.611630">
        <ele>50</ele>
      </trkpt>
      <trkpt lat="43.484890" lon="3.611340">
        <ele>49.1</ele>
      </trkpt>
      <trkpt lat="43.484560" lon="3.611120">
        <ele>49.6</ele>
      </trkpt>
      <trkpt lat="43.484400" lon="3.611010">
        <ele>49.1</ele>
      </trkpt>
      <trkpt lat="43.484340" lon="3.610880">
        <ele>47.9</ele>
      </trkpt>
      <trkpt lat="43.485040" lon="3.609590">
        <ele>41.5</ele>
      </trkpt>
      <trkpt lat="43.484410" lon="3.609090">
        <ele>39.5</ele>
      </trkpt>
      <trkpt lat="43.484290" lon="3.609010">
        <ele>39.2</ele>
      </trkpt>
      <trkpt lat="43.484080" lon="3.608950">
        <ele>39.5</ele>
      </trkpt>
      <trkpt lat="43.483510" lon="3.608890">
        <ele>40</ele>
      </trkpt>
      <trkpt lat="43.482880" lon="3.608280">
        <ele>40.4</ele>
      </trkpt>
      <trkpt lat="43.482350" lon="3.607940">
        <ele>41.4</ele>
      </trkpt>
      <trkpt lat="43.481990" lon="3.607480">
        <ele>39.9</ele>
      </trkpt>
      <trkpt lat="43.479380" lon="3.605140">
        <ele>34.8</ele>
      </trkpt>
      <trkpt lat="43.478840" lon="3.604610">
        <ele>33.6</ele>
      </trkpt>
      <trkpt lat="43.478620" lon="3.604250">
        <ele>32.3</ele>
      </trkpt>
      <trkpt lat="43.477560" lon="3.601860">
        <ele>24.8</ele>
      </trkpt>
      <trkpt lat="43.477380" lon="3.601560">
        <ele>24.6</ele>
      </trkpt>
      <trkpt lat="43.477320" lon="3.601400">
        <ele>24.3</ele>
      </trkpt>
      <trkpt lat="43.477110" lon="3.600860">
        <ele>24.9</ele>
      </trkpt>
      <trkpt lat="43.476950" lon="3.600620">
        <ele>23.7</ele>
      </trkpt>
      <trkpt lat="43.475980" lon="3.599730">
        <ele>19.5</ele>
      </trkpt>
      <trkpt lat="43.475070" lon="3.598830">
        <ele>20.2</ele>
      </trkpt>
      <trkpt lat="43.474630" lon="3.598460">
        <ele>20.6</ele>
      </trkpt>
      <trkpt lat="43.474470" lon="3.598400">
        <ele>20.4</ele>
      </trkpt>
      <trkpt lat="43.473570" lon="3.598430">
        <ele>20.8</ele>
      </trkpt>
      <trkpt lat="43.473510" lon="3.598410">
        <ele>20.6</ele>
      </trkpt>
      <trkpt lat="43.473440" lon="3.598290">
        <ele>19.8</ele>
      </trkpt>
      <trkpt lat="43.473180" lon="3.597200">
        <ele>16.4</ele>
      </trkpt>
      <trkpt lat="43.473160" lon="3.595610">
        <ele>17.2</ele>
      </trkpt>
      <trkpt lat="43.473140" lon="3.595150">
        <ele>17</ele>
      </trkpt>
      <trkpt lat="43.473120" lon="3.594930">
        <ele>17</ele>
      </trkpt>
      <trkpt lat="43.473010" lon="3.594830">
        <ele>17</ele>
      </trkpt>
      <trkpt lat="43.471390" lon="3.594190">
        <ele>17</ele>
      </trkpt>
      <trkpt lat="43.470280" lon="3.593010">
        <ele>18.3</ele>
      </trkpt>
      <trkpt lat="43.470140" lon="3.593020">
        <ele>18.7</ele>
      </trkpt>
      <trkpt lat="43.469850" lon="3.593240">
        <ele>18.9</ele>
      </trkpt>
      <trkpt lat="43.469740" lon="3.593290">
        <ele>19.1</ele>
      </trkpt>
      <trkpt lat="43.469500" lon="3.593240">
        <ele>19.4</ele>
      </trkpt>
      <trkpt lat="43.468960" lon="3.592940">
        <ele>20.4</ele>
      </trkpt>
      <trkpt lat="43.468870" lon="3.592900">
        <ele>20.5</ele>
      </trkpt>
      <trkpt lat="43.468880" lon="3.593040">
        <ele>20.1</ele>
      </trkpt>
      <trkpt lat="43.468860" lon="3.593310">
        <ele>19.9</ele>
      </trkpt>
      <trkpt lat="43.468370" lon="3.594350">
        <ele>15.6</ele>
      </trkpt>
      <trkpt lat="43.468330" lon="3.594550">
        <ele>15</ele>
      </trkpt>
      <trkpt lat="43.468330" lon="3.594800">
        <ele>15</ele>
      </trkpt>
      <trkpt lat="43.468280" lon="3.594880">
        <ele>14.8</ele>
      </trkpt>
      <trkpt lat="43.466760" lon="3.594760">
        <ele>13.9</ele>
      </trkpt>
      <trkpt lat="43.466710" lon="3.594720">
        <ele>14</ele>
      </trkpt>
      <trkpt lat="43.466340" lon="3.594700">
        <ele>14.3</ele>
      </trkpt>
      <trkpt lat="43.465730" lon="3.594640">
        <ele>14.3</ele>
      </trkpt>
      <trkpt lat="43.464450" lon="3.594480">
        <ele>13</ele>
      </trkpt>
      <trkpt lat="43.464140" lon="3.594440">
        <ele>13.1</ele>
      </trkpt>
      <trkpt lat="43.463830" lon="3.594450">
        <ele>14.2</ele>
      </trkpt>
      <trkpt lat="43.463630" lon="3.594470">
        <ele>14.9</ele>
      </trkpt>
      <trkpt lat="43.463520" lon="3.594380">
        <ele>19</ele>
        <time>2026-09-17T07:20:26Z</time>
      </trkpt>
      <trkpt lat="43.463490" lon="3.594180">
        <ele>16.9</ele>
        <time>2026-09-17T07:20:30Z</time>
      </trkpt>
      <trkpt lat="43.463340" lon="3.593450">
        <ele>19.6</ele>
        <time>2026-09-17T07:20:42Z</time>
      </trkpt>
      <trkpt lat="43.463370" lon="3.593350">
        <ele>16.2</ele>
        <time>2026-09-17T07:20:46Z</time>
      </trkpt>
      <trkpt lat="43.463460" lon="3.593270">
        <ele>16</ele>
        <time>2026-09-17T07:20:54Z</time>
      </trkpt>
      <trkpt lat="43.463550" lon="3.593100">
        <ele>15.1</ele>
        <time>2026-09-17T07:21:55Z</time>
      </trkpt>
      <trkpt lat="43.464460" lon="3.590480">
        <ele>12.9</ele>
        <time>2026-09-17T07:22:43Z</time>
      </trkpt>
      <trkpt lat="43.464950" lon="3.588740">
        <ele>17.4</ele>
        <time>2026-09-17T07:23:11Z</time>
      </trkpt>
      <trkpt lat="43.464940" lon="3.588540">
        <ele>13</ele>
        <time>2026-09-17T07:23:15Z</time>
      </trkpt>
      <trkpt lat="43.464830" lon="3.588560">
        <ele>17.8</ele>
        <time>2026-09-17T07:23:19Z</time>
      </trkpt>
      <trkpt lat="43.463910" lon="3.588680">
        <ele>17.8</ele>
        <time>2026-09-17T07:23:39Z</time>
      </trkpt>
      <trkpt lat="43.463910" lon="3.588620">
        <ele>17.6</ele>
        <time>2026-09-17T07:23:43Z</time>
      </trkpt>
      <trkpt lat="43.464210" lon="3.588530">
        <ele>15.8</ele>
        <time>2026-09-17T07:23:51Z</time>
      </trkpt>
      <trkpt lat="43.464780" lon="3.588420">
        <ele>13</ele>
        <time>2026-09-17T07:24:03Z</time>
      </trkpt>
      <trkpt lat="43.464960" lon="3.588320">
        <ele>13</ele>
        <time>2026-09-17T07:24:07Z</time>
      </trkpt>
      <trkpt lat="43.466300" lon="3.585970">
        <ele>13</ele>
      </trkpt>
      <trkpt lat="43.467400" lon="3.584020">
        <ele>15.5</ele>
      </trkpt>
      <trkpt lat="43.468470" lon="3.582200">
        <ele>26.8</ele>
      </trkpt>
      <trkpt lat="43.468870" lon="3.581570">
        <ele>35</ele>
        <time>2026-09-17T07:26:35Z</time>
      </trkpt>
      <trkpt lat="43.468870" lon="3.581230">
        <ele>36.8</ele>
        <time>2026-09-17T07:26:43Z</time>
      </trkpt>
      <trkpt lat="43.468780" lon="3.581120">
        <ele>34</ele>
        <time>2026-09-17T07:26:47Z</time>
      </trkpt>
      <trkpt lat="43.468750" lon="3.581010">
        <ele>33.8</ele>
      </trkpt>
      <trkpt lat="43.469140" lon="3.580030">
        <ele>34.1</ele>
        <time>2026-09-17T07:27:07Z</time>
      </trkpt>
      <trkpt lat="43.469770" lon="3.578740">
        <ele>34.7</ele>
        <time>2026-09-17T07:27:31Z</time>
      </trkpt>
      <trkpt lat="43.470030" lon="3.578480">
        <ele>36.8</ele>
        <time>2026-09-17T07:27:39Z</time>
      </trkpt>
      <trkpt lat="43.470230" lon="3.578130">
        <ele>37.7</ele>
        <time>2026-09-17T07:27:47Z</time>
      </trkpt>
      <trkpt lat="43.470270" lon="3.578000">
        <ele>38.4</ele>
        <time>2026-09-17T07:27:51Z</time>
      </trkpt>
      <trkpt lat="43.470190" lon="3.577880">
        <ele>40.2</ele>
        <time>2026-09-17T07:27:55Z</time>
      </trkpt>
      <trkpt lat="43.469790" lon="3.577650">
        <ele>41.8</ele>
        <time>2026-09-17T07:28:07Z</time>
      </trkpt>
      <trkpt lat="43.469730" lon="3.577670">
        <ele>41.8</ele>
        <time>2026-09-17T07:28:09Z</time>
      </trkpt>
      <trkpt lat="43.469680" lon="3.577910">
        <ele>39.9</ele>
        <time>2026-09-17T07:28:13Z</time>
      </trkpt>
      <trkpt lat="43.469610" lon="3.577940">
        <ele>41.6</ele>
        <time>2026-09-17T07:28:15Z</time>
      </trkpt>
      <trkpt lat="43.469420" lon="3.577850">
        <ele>41.8</ele>
      </trkpt>
      <trkpt lat="43.469060" lon="3.577740">
        <ele>43.4</ele>
      </trkpt>
      <trkpt lat="43.468860" lon="3.577660">
        <ele>44.5</ele>
        <time>2026-09-17T07:28:39Z</time>
      </trkpt>
      <trkpt lat="43.468790" lon="3.577550">
        <ele>45.1</ele>
        <time>2026-09-17T07:28:43Z</time>
      </trkpt>
      <trkpt lat="43.468780" lon="3.577440">
        <ele>45.8</ele>
      </trkpt>
      <trkpt lat="43.468970" lon="3.577060">
        <ele>47.6</ele>
        <time>2026-09-17T07:28:55Z</time>
      </trkpt>
      <trkpt lat="43.468940" lon="3.576940">
        <ele>48.7</ele>
      </trkpt>
      <trkpt lat="43.468940" lon="3.576730">
        <ele>50.2</ele>
        <time>2026-09-17T07:29:03Z</time>
      </trkpt>
      <trkpt lat="43.468890" lon="3.576690">
        <ele>50.8</ele>
      </trkpt>
      <trkpt lat="43.468830" lon="3.576660">
        <ele>51</ele>
        <time>2026-09-17T07:29:07Z</time>
      </trkpt>
      <trkpt lat="43.468590" lon="3.576680">
        <ele>52.6</ele>
        <time>2026-09-17T07:29:15Z</time>
      </trkpt>
      <trkpt lat="43.468170" lon="3.576930">
        <ele>54</ele>
        <time>2026-09-17T07:29:27Z</time>
      </trkpt>
      <trkpt lat="43.468020" lon="3.576940">
        <ele>54.2</ele>
        <time>2026-09-17T07:29:31Z</time>
      </trkpt>
      <trkpt lat="43.467780" lon="3.576770">
        <ele>55.6</ele>
        <time>2026-09-17T07:29:39Z</time>
      </trkpt>
      <trkpt lat="43.467110" lon="3.575990">
        <ele>54.8</ele>
        <time>2026-09-17T07:29:59Z</time>
      </trkpt>
      <trkpt lat="43.467080" lon="3.575900">
        <ele>54.6</ele>
        <time>2026-09-17T07:30:01Z</time>
      </trkpt>
      <trkpt lat="43.467160" lon="3.575720">
        <ele>51.9</ele>
      </trkpt>
      <trkpt lat="43.467970" lon="3.574370">
        <ele>55.6</ele>
        <time>2026-09-17T07:30:33Z</time>
      </trkpt>
      <trkpt lat="43.468070" lon="3.574140">
        <ele>56</ele>
        <time>2026-09-17T07:30:41Z</time>
      </trkpt>
      <trkpt lat="43.468040" lon="3.573890">
        <ele>54.9</ele>
        <time>2026-09-17T07:30:45Z</time>
      </trkpt>
      <trkpt lat="43.467850" lon="3.573260">
        <ele>51.5</ele>
        <time>2026-09-17T07:30:53Z</time>
      </trkpt>
      <trkpt lat="43.467800" lon="3.572900">
        <ele>49.5</ele>
      </trkpt>
      <trkpt lat="43.467750" lon="3.572390">
        <ele>47.6</ele>
        <time>2026-09-17T07:31:01Z</time>
      </trkpt>
      <trkpt lat="43.467810" lon="3.572020">
        <ele>46.3</ele>
        <time>2026-09-17T07:31:05Z</time>
      </trkpt>
      <trkpt lat="43.467910" lon="3.571850">
        <ele>47.6</ele>
        <time>2026-09-17T07:31:09Z</time>
      </trkpt>
      <trkpt lat="43.468010" lon="3.571760">
        <ele>47</ele>
        <time>2026-09-17T07:31:11Z</time>
      </trkpt>
      <trkpt lat="43.472110" lon="3.569560">
        <ele>41.4</ele>
      </trkpt>
      <trkpt lat="43.472000" lon="3.569360">
        <ele>41</ele>
      </trkpt>
      <trkpt lat="43.468610" lon="3.564520">
        <ele>36</ele>
      </trkpt>
      <trkpt lat="43.466390" lon="3.561350">
        <ele>39.1</ele>
      </trkpt>
      <trkpt lat="43.466010" lon="3.560940">
        <ele>40.9</ele>
      </trkpt>
      <trkpt lat="43.465440" lon="3.560540">
        <ele>44</ele>
      </trkpt>
      <trkpt lat="43.465060" lon="3.560430">
        <ele>44.9</ele>
      </trkpt>
      <trkpt lat="43.464860" lon="3.560200">
        <ele>46.6</ele>
      </trkpt>
      <trkpt lat="43.464770" lon="3.560130">
        <ele>47.1</ele>
      </trkpt>
      <trkpt lat="43.463840" lon="3.559680">
        <ele>47.7</ele>
      </trkpt>
      <trkpt lat="43.463480" lon="3.559360">
        <ele>45.8</ele>
      </trkpt>
      <trkpt lat="43.463180" lon="3.558990">
        <ele>44</ele>
      </trkpt>
      <trkpt lat="43.463500" lon="3.557800">
        <ele>51</ele>
      </trkpt>
      <trkpt lat="43.463490" lon="3.557630">
        <ele>52.2</ele>
      </trkpt>
      <trkpt lat="43.463370" lon="3.557330">
        <ele>54</ele>
      </trkpt>
      <trkpt lat="43.463510" lon="3.556140">
        <ele>59.5</ele>
      </trkpt>
      <trkpt lat="43.463610" lon="3.554140">
        <ele>67.1</ele>
      </trkpt>
      <trkpt lat="43.463890" lon="3.553090">
        <ele>71</ele>
      </trkpt>
      <trkpt lat="43.464000" lon="3.552370">
        <ele>67.2</ele>
      </trkpt>
      <trkpt lat="43.464270" lon="3.552080">
        <ele>63.7</ele>
      </trkpt>
      <trkpt lat="43.464650" lon="3.551410">
        <ele>60.4</ele>
      </trkpt>
      <trkpt lat="43.465190" lon="3.550880">
        <ele>55.6</ele>
      </trkpt>
      <trkpt lat="43.465760" lon="3.550260">
        <ele>52.7</ele>
      </trkpt>
      <trkpt lat="43.466200" lon="3.549610">
        <ele>53</ele>
      </trkpt>
      <trkpt lat="43.467060" lon="3.548010">
        <ele>57.1</ele>
      </trkpt>
      <trkpt lat="43.467220" lon="3.547600">
        <ele>58</ele>
      </trkpt>
      <trkpt lat="43.467400" lon="3.546970">
        <ele>59</ele>
      </trkpt>
      <trkpt lat="43.467710" lon="3.546220">
        <ele>61.5</ele>
      </trkpt>
      <trkpt lat="43.468080" lon="3.545600">
        <ele>63.1</ele>
      </trkpt>
      <trkpt lat="43.468230" lon="3.545430">
        <ele>63.3</ele>
      </trkpt>
      <trkpt lat="43.468320" lon="3.545340">
        <ele>63.2</ele>
      </trkpt>
      <trkpt lat="43.468340" lon="3.545310">
        <ele>63.1</ele>
      </trkpt>
      <trkpt lat="43.468500" lon="3.545030">
        <ele>62</ele>
        <time>2026-09-17T07:40:52Z</time>
      </trkpt>
      <trkpt lat="43.468860" lon="3.544190">
        <ele>61.8</ele>
        <time>2026-09-17T07:41:06Z</time>
      </trkpt>
      <trkpt lat="43.468630" lon="3.543410">
        <ele>61.4</ele>
      </trkpt>
      <trkpt lat="43.468370" lon="3.542650">
        <ele>60.1</ele>
      </trkpt>
      <trkpt lat="43.468150" lon="3.541910">
        <ele>59.8</ele>
        <time>2026-09-17T07:41:38Z</time>
      </trkpt>
      <trkpt lat="43.467800" lon="3.541080">
        <ele>58.1</ele>
      </trkpt>
      <trkpt lat="43.467670" lon="3.540850">
        <ele>57.6</ele>
        <time>2026-09-17T07:41:54Z</time>
      </trkpt>
      <trkpt lat="43.467590" lon="3.540740">
        <ele>57.6</ele>
      </trkpt>
      <trkpt lat="43.467530" lon="3.540570">
        <ele>57.9</ele>
        <time>2026-09-17T07:41:58Z</time>
      </trkpt>
      <trkpt lat="43.467390" lon="3.539620">
        <ele>59.6</ele>
        <time>2026-09-17T07:42:14Z</time>
      </trkpt>
      <trkpt lat="43.467360" lon="3.539500">
        <ele>59.5</ele>
      </trkpt>
      <trkpt lat="43.467290" lon="3.539390">
        <ele>58.8</ele>
        <time>2026-09-17T07:42:18Z</time>
      </trkpt>
      <trkpt lat="43.466650" lon="3.539010">
        <ele>57.4</ele>
        <time>2026-09-17T07:42:26Z</time>
      </trkpt>
      <trkpt lat="43.466490" lon="3.538820">
        <ele>56.8</ele>
        <time>2026-09-17T07:42:34Z</time>
      </trkpt>
      <trkpt lat="43.466360" lon="3.538610">
        <ele>56</ele>
        <time>2026-09-17T07:42:38Z</time>
      </trkpt>
      <trkpt lat="43.466370" lon="3.538490">
        <ele>56</ele>
        <time>2026-09-17T07:42:40Z</time>
      </trkpt>
      <trkpt lat="43.466550" lon="3.538220">
        <ele>56.3</ele>
      </trkpt>
      <trkpt lat="43.466680" lon="3.537970">
        <ele>54.6</ele>
        <time>2026-09-17T07:42:52Z</time>
      </trkpt>
      <trkpt lat="43.466720" lon="3.537800">
        <ele>55.1</ele>
        <time>2026-09-17T07:42:56Z</time>
      </trkpt>
      <trkpt lat="43.466660" lon="3.537060">
        <ele>53</ele>
      </trkpt>
      <trkpt lat="43.466670" lon="3.536820">
        <ele>53.5</ele>
      </trkpt>
      <trkpt lat="43.466650" lon="3.536570">
        <ele>51.8</ele>
        <time>2026-09-17T07:43:12Z</time>
      </trkpt>
      <trkpt lat="43.466720" lon="3.536180">
        <ele>52.8</ele>
        <time>2026-09-17T07:43:20Z</time>
      </trkpt>
      <trkpt lat="43.466740" lon="3.535160">
        <ele>54</ele>
        <time>2026-09-17T07:43:36Z</time>
      </trkpt>
      <trkpt lat="43.466760" lon="3.534720">
        <ele>55.3</ele>
      </trkpt>
      <trkpt lat="43.466820" lon="3.534220">
        <ele>57</ele>
      </trkpt>
      <trkpt lat="43.466890" lon="3.533050">
        <ele>59</ele>
        <time>2026-09-17T07:44:16Z</time>
      </trkpt>
      <trkpt lat="43.466860" lon="3.532710">
        <ele>59.5</ele>
      </trkpt>
      <trkpt lat="43.466820" lon="3.532530">
        <ele>59.5</ele>
      </trkpt>
      <trkpt lat="43.466810" lon="3.532370">
        <ele>58.2</ele>
        <time>2026-09-17T07:44:32Z</time>
      </trkpt>
      <trkpt lat="43.466850" lon="3.531380">
        <ele>59.8</ele>
        <time>2026-09-17T07:44:56Z</time>
      </trkpt>
      <trkpt lat="43.466810" lon="3.531210">
        <ele>60.8</ele>
        <time>2026-09-17T07:45:00Z</time>
      </trkpt>
      <trkpt lat="43.466720" lon="3.531080">
        <ele>62.7</ele>
      </trkpt>
      <trkpt lat="43.466590" lon="3.530970">
        <ele>61.2</ele>
        <time>2026-09-17T07:45:08Z</time>
      </trkpt>
      <trkpt lat="43.466500" lon="3.530800">
        <ele>61.2</ele>
        <time>2026-09-17T07:45:12Z</time>
      </trkpt>
      <trkpt lat="43.466450" lon="3.530590">
        <ele>63.4</ele>
      </trkpt>
      <trkpt lat="43.466040" lon="3.529280">
        <ele>63.2</ele>
        <time>2026-09-17T07:45:48Z</time>
      </trkpt>
      <trkpt lat="43.465240" lon="3.528680">
        <ele>58.8</ele>
        <time>2026-09-17T07:46:08Z</time>
      </trkpt>
      <trkpt lat="43.462880" lon="3.526800">
        <ele>51.8</ele>
        <time>2026-09-17T07:46:48Z</time>
      </trkpt>
      <trkpt lat="43.461030" lon="3.525590">
        <ele>52.2</ele>
        <time>2026-09-17T07:47:20Z</time>
      </trkpt>
      <trkpt lat="43.460940" lon="3.525560">
        <ele>52.6</ele>
        <time>2026-09-17T07:47:22Z</time>
      </trkpt>
      <trkpt lat="43.460850" lon="3.525580">
        <ele>53</ele>
        <time>2026-09-17T07:47:24Z</time>
      </trkpt>
      <trkpt lat="43.460640" lon="3.525920">
        <ele>52.9</ele>
      </trkpt>
      <trkpt lat="43.460570" lon="3.525960">
        <ele>54</ele>
        <time>2026-09-17T07:47:32Z</time>
      </trkpt>
      <trkpt lat="43.460440" lon="3.525950">
        <ele>52.6</ele>
        <time>2026-09-17T07:47:34Z</time>
      </trkpt>
      <trkpt lat="43.460210" lon="3.525890">
        <ele>54.2</ele>
        <time>2026-09-17T07:47:38Z</time>
      </trkpt>
      <trkpt lat="43.459790" lon="3.525530">
        <ele>53.6</ele>
        <time>2026-09-17T07:47:46Z</time>
      </trkpt>
      <trkpt lat="43.459710" lon="3.525300">
        <ele>53</ele>
        <time>2026-09-17T07:47:50Z</time>
      </trkpt>
      <trkpt lat="43.459740" lon="3.524480">
        <ele>51</ele>
        <time>2026-09-17T07:47:58Z</time>
      </trkpt>
      <trkpt lat="43.459710" lon="3.524300">
        <ele>50.6</ele>
        <time>2026-09-17T07:48:00Z</time>
      </trkpt>
      <trkpt lat="43.459610" lon="3.524180">
        <ele>50</ele>
        <time>2026-09-17T07:48:02Z</time>
      </trkpt>
      <trkpt lat="43.459350" lon="3.524070">
        <ele>49.2</ele>
        <time>2026-09-17T07:48:06Z</time>
      </trkpt>
      <trkpt lat="43.459220" lon="3.524090">
        <ele>48.8</ele>
        <time>2026-09-17T07:48:08Z</time>
      </trkpt>
      <trkpt lat="43.458700" lon="3.524500">
        <ele>51</ele>
        <time>2026-09-17T07:48:20Z</time>
      </trkpt>
      <trkpt lat="43.458560" lon="3.524560">
        <ele>50.6</ele>
        <time>2026-09-17T07:48:24Z</time>
      </trkpt>
      <trkpt lat="43.458380" lon="3.524490">
        <ele>50.1</ele>
        <time>2026-09-17T07:48:32Z</time>
      </trkpt>
      <trkpt lat="43.458350" lon="3.524280">
        <ele>50.1</ele>
        <time>2026-09-17T07:48:36Z</time>
      </trkpt>
      <trkpt lat="43.458390" lon="3.523920">
        <ele>49.3</ele>
      </trkpt>
      <trkpt lat="43.458390" lon="3.523660">
        <ele>48.5</ele>
      </trkpt>
      <trkpt lat="43.458450" lon="3.523210">
        <ele>47.6</ele>
        <time>2026-09-17T07:48:52Z</time>
      </trkpt>
      <trkpt lat="43.458440" lon="3.523000">
        <ele>47</ele>
        <time>2026-09-17T07:48:54Z</time>
      </trkpt>
      <trkpt lat="43.457130" lon="3.521150">
        <ele>43.8</ele>
        <time>2026-09-17T07:49:26Z</time>
      </trkpt>
      <trkpt lat="43.456990" lon="3.520830">
        <ele>42.2</ele>
        <time>2026-09-17T07:49:30Z</time>
      </trkpt>
      <trkpt lat="43.456540" lon="3.520340">
        <ele>39</ele>
        <time>2026-09-17T07:49:38Z</time>
      </trkpt>
      <trkpt lat="43.456230" lon="3.519900">
        <ele>38.4</ele>
        <time>2026-09-17T07:49:46Z</time>
      </trkpt>
      <trkpt lat="43.456050" lon="3.519720">
        <ele>38.8</ele>
        <time>2026-09-17T07:49:50Z</time>
      </trkpt>
      <trkpt lat="43.455790" lon="3.519680">
        <ele>38</ele>
        <time>2026-09-17T07:49:54Z</time>
      </trkpt>
      <trkpt lat="43.454630" lon="3.519730">
        <ele>37</ele>
        <time>2026-09-17T07:50:12Z</time>
      </trkpt>
      <trkpt lat="43.454560" lon="3.519660">
        <ele>37</ele>
        <time>2026-09-17T07:50:14Z</time>
      </trkpt>
      <trkpt lat="43.454640" lon="3.519150">
        <ele>36.6</ele>
        <time>2026-09-17T07:50:22Z</time>
      </trkpt>
      <trkpt lat="43.454640" lon="3.518920">
        <ele>36.8</ele>
        <time>2026-09-17T07:50:26Z</time>
      </trkpt>
      <trkpt lat="43.454530" lon="3.518900">
        <ele>37</ele>
        <time>2026-09-17T07:50:30Z</time>
      </trkpt>
      <trkpt lat="43.453740" lon="3.519040">
        <ele>39.8</ele>
        <time>2026-09-17T07:50:46Z</time>
      </trkpt>
      <trkpt lat="43.453340" lon="3.519030">
        <ele>38.8</ele>
        <time>2026-09-17T07:50:55Z</time>
      </trkpt>
      <trkpt lat="43.453360" lon="3.518790">
        <ele>39.2</ele>
      </trkpt>
      <trkpt lat="43.453560" lon="3.517510">
        <ele>41.8</ele>
      </trkpt>
      <trkpt lat="43.453720" lon="3.516730">
        <ele>35.6</ele>
        <time>2026-01-15T09:26:16Z</time>
      </trkpt>
      <trkpt lat="43.454880" lon="3.513050">
        <ele>41.4</ele>
        <time>2026-01-15T09:27:08Z</time>
      </trkpt>
      <trkpt lat="43.454910" lon="3.512780">
        <ele>42</ele>
        <time>2026-01-15T09:27:12Z</time>
      </trkpt>
      <trkpt lat="43.454900" lon="3.512600">
        <ele>50.3</ele>
      </trkpt>
      <trkpt lat="43.455050" lon="3.512100">
        <ele>51.6</ele>
        <time>2026-01-15T09:27:16Z</time>
      </trkpt>
      <trkpt lat="43.455300" lon="3.511210">
        <ele>55.6</ele>
        <time>2026-01-15T09:27:36Z</time>
      </trkpt>
      <trkpt lat="43.455670" lon="3.510360">
        <ele>56</ele>
        <time>2026-01-15T09:27:40Z</time>
      </trkpt>
      <trkpt lat="43.456160" lon="3.509240">
        <ele>58.7</ele>
        <time>2026-01-15T09:27:52Z</time>
      </trkpt>
      <trkpt lat="43.456340" lon="3.508860">
        <ele>59.4</ele>
      </trkpt>
      <trkpt lat="43.456520" lon="3.508710">
        <ele>60.4</ele>
        <time>2026-01-15T09:28:04Z</time>
      </trkpt>
      <trkpt lat="43.456760" lon="3.508470">
        <ele>60.2</ele>
      </trkpt>
      <trkpt lat="43.456950" lon="3.508390">
        <ele>60</ele>
        <time>2026-01-15T09:28:08Z</time>
      </trkpt>
      <trkpt lat="43.456890" lon="3.508120">
        <ele>50.2</ele>
        <time>2026-01-15T09:28:26Z</time>
      </trkpt>
      <trkpt lat="43.456800" lon="3.507870">
        <ele>58.5</ele>
        <time>2026-01-15T09:28:30Z</time>
      </trkpt>
      <trkpt lat="43.455830" lon="3.507170">
        <ele>55</ele>
        <time>2026-01-15T09:28:54Z</time>
      </trkpt>
      <trkpt lat="43.455790" lon="3.507060">
        <ele>55.6</ele>
        <time>2026-01-15T09:28:56Z</time>
      </trkpt>
      <trkpt lat="43.455870" lon="3.506100">
        <ele>58.6</ele>
        <time>2026-01-15T09:29:16Z</time>
      </trkpt>
      <trkpt lat="43.456120" lon="3.504160">
        <ele>72</ele>
      </trkpt>
      <trkpt lat="43.456690" lon="3.502330">
        <ele>80.2</ele>
      </trkpt>
      <trkpt lat="43.456690" lon="3.502210">
        <ele>80.9</ele>
      </trkpt>
      <trkpt lat="43.456500" lon="3.501840">
        <ele>82.4</ele>
      </trkpt>
      <trkpt lat="43.456550" lon="3.499430">
        <ele>89</ele>
      </trkpt>
      <trkpt lat="43.456400" lon="3.498810">
        <ele>89</ele>
      </trkpt>
      <trkpt lat="43.456390" lon="3.498480">
        <ele>89</ele>
      </trkpt>
      <trkpt lat="43.456550" lon="3.497020">
        <ele>89</ele>
      </trkpt>
      <trkpt lat="43.456850" lon="3.495410">
        <ele>92.7</ele>
      </trkpt>
      <trkpt lat="43.457300" lon="3.493890">
        <ele>95.3</ele>
      </trkpt>
      <trkpt lat="43.457460" lon="3.493420">
        <ele>96.8</ele>
      </trkpt>
      <trkpt lat="43.457750" lon="3.493710">
        <ele>97.5</ele>
      </trkpt>
      <trkpt lat="43.458390" lon="3.493800">
        <ele>97.8</ele>
      </trkpt>
      <trkpt lat="43.458790" lon="3.493690">
        <ele>96.4</ele>
      </trkpt>
      <trkpt lat="43.458890" lon="3.493530">
        <ele>96</ele>
      </trkpt>
      <trkpt lat="43.458950" lon="3.493240">
        <ele>95.8</ele>
      </trkpt>
      <trkpt lat="43.458920" lon="3.493000">
        <ele>96.1</ele>
      </trkpt>
      <trkpt lat="43.458970" lon="3.492760">
        <ele>96.7</ele>
      </trkpt>
      <trkpt lat="43.459060" lon="3.492610">
        <ele>96.8</ele>
      </trkpt>
      <trkpt lat="43.458780" lon="3.491360">
        <ele>97.9</ele>
      </trkpt>
      <trkpt lat="43.458550" lon="3.490900">
        <ele>98</ele>
      </trkpt>
      <trkpt lat="43.458300" lon="3.490510">
        <ele>97.1</ele>
      </trkpt>
      <trkpt lat="43.458210" lon="3.490230">
        <ele>97</ele>
      </trkpt>
      <trkpt lat="43.458180" lon="3.489980">
        <ele>97</ele>
      </trkpt>
      <trkpt lat="43.458010" lon="3.489230">
        <ele>96.2</ele>
      </trkpt>
      <trkpt lat="43.457830" lon="3.487930">
        <ele>96.3</ele>
      </trkpt>
      <trkpt lat="43.457750" lon="3.487190">
        <ele>95.9</ele>
      </trkpt>
      <trkpt lat="43.457650" lon="3.486560">
        <ele>95.3</ele>
      </trkpt>
      <trkpt lat="43.457550" lon="3.486120">
        <ele>95</ele>
      </trkpt>
      <trkpt lat="43.457410" lon="3.485630">
        <ele>94.6</ele>
      </trkpt>
      <trkpt lat="43.457180" lon="3.485230">
        <ele>94</ele>
      </trkpt>
      <trkpt lat="43.456920" lon="3.484370">
        <ele>93.1</ele>
      </trkpt>
      <trkpt lat="43.456940" lon="3.483700">
        <ele>92.3</ele>
      </trkpt>
      <trkpt lat="43.456990" lon="3.483030">
        <ele>91.7</ele>
      </trkpt>
      <trkpt lat="43.456980" lon="3.482890">
        <ele>91.8</ele>
      </trkpt>
      <trkpt lat="43.456950" lon="3.482770">
        <ele>91.9</ele>
      </trkpt>
      <trkpt lat="43.456630" lon="3.482310">
        <ele>90.8</ele>
      </trkpt>
      <trkpt lat="43.456300" lon="3.481900">
        <ele>90.5</ele>
      </trkpt>
      <trkpt lat="43.455980" lon="3.481810">
        <ele>92</ele>
      </trkpt>
      <trkpt lat="43.455980" lon="3.481520">
        <ele>91.5</ele>
      </trkpt>
      <trkpt lat="43.455900" lon="3.481180">
        <ele>91.8</ele>
      </trkpt>
      <trkpt lat="43.455880" lon="3.480910">
        <ele>91.1</ele>
      </trkpt>
      <trkpt lat="43.455850" lon="3.480770">
        <ele>90.9</ele>
      </trkpt>
      <trkpt lat="43.455860" lon="3.480420">
        <ele>90.4</ele>
      </trkpt>
      <trkpt lat="43.455710" lon="3.480030">
        <ele>89.5</ele>
      </trkpt>
      <trkpt lat="43.455700" lon="3.479760">
        <ele>88.6</ele>
      </trkpt>
      <trkpt lat="43.455640" lon="3.479510">
        <ele>87.9</ele>
      </trkpt>
      <trkpt lat="43.455620" lon="3.479100">
        <ele>87.5</ele>
      </trkpt>
      <trkpt lat="43.455590" lon="3.478810">
        <ele>86.6</ele>
      </trkpt>
      <trkpt lat="43.455670" lon="3.478350">
        <ele>86</ele>
      </trkpt>
      <trkpt lat="43.455730" lon="3.478010">
        <ele>85.9</ele>
      </trkpt>
      <trkpt lat="43.455660" lon="3.477950">
        <ele>85.9</ele>
      </trkpt>
      <trkpt lat="43.455530" lon="3.477950">
        <ele>86</ele>
      </trkpt>
      <trkpt lat="43.455460" lon="3.477900">
        <ele>86.2</ele>
      </trkpt>
      <trkpt lat="43.455350" lon="3.477590">
        <ele>86.5</ele>
      </trkpt>
      <trkpt lat="43.455340" lon="3.477380">
        <ele>86.6</ele>
      </trkpt>
      <trkpt lat="43.455400" lon="3.477100">
        <ele>86.1</ele>
      </trkpt>
      <trkpt lat="43.455400" lon="3.476630">
        <ele>86.5</ele>
      </trkpt>
      <trkpt lat="43.455510" lon="3.476140">
        <ele>85.4</ele>
      </trkpt>
      <trkpt lat="43.455550" lon="3.475010">
        <ele>85</ele>
      </trkpt>
      <trkpt lat="43.455650" lon="3.474750">
        <ele>83.7</ele>
      </trkpt>
      <trkpt lat="43.455660" lon="3.473900">
        <ele>84.2</ele>
      </trkpt>
      <trkpt lat="43.455650" lon="3.472650">
        <ele>84.5</ele>
      </trkpt>
      <trkpt lat="43.455570" lon="3.471930">
        <ele>83.9</ele>
      </trkpt>
      <trkpt lat="43.455440" lon="3.471180">
        <ele>83.3</ele>
      </trkpt>
      <trkpt lat="43.455140" lon="3.470040">
        <ele>80.3</ele>
      </trkpt>
      <trkpt lat="43.454850" lon="3.469050">
        <ele>79.7</ele>
      </trkpt>
      <trkpt lat="43.454930" lon="3.468930">
        <ele>79.9</ele>
      </trkpt>
      <trkpt lat="43.455030" lon="3.468770">
        <ele>80.2</ele>
      </trkpt>
      <trkpt lat="43.455130" lon="3.468360">
        <ele>80.9</ele>
      </trkpt>
      <trkpt lat="43.455170" lon="3.467770">
        <ele>82.3</ele>
      </trkpt>
      <trkpt lat="43.455170" lon="3.467280">
        <ele>83.2</ele>
      </trkpt>
      <trkpt lat="43.455370" lon="3.465870">
        <ele>85.9</ele>
      </trkpt>
      <trkpt lat="43.455390" lon="3.465470">
        <ele>86.4</ele>
      </trkpt>
      <trkpt lat="43.455330" lon="3.464780">
        <ele>85.8</ele>
      </trkpt>
      <trkpt lat="43.455260" lon="3.464230">
        <ele>87.6</ele>
      </trkpt>
      <trkpt lat="43.455270" lon="3.463500">
        <ele>88.7</ele>
      </trkpt>
      <trkpt lat="43.455190" lon="3.462370">
        <ele>92</ele>
      </trkpt>
      <trkpt lat="43.455240" lon="3.461490">
        <ele>92</ele>
      </trkpt>
      <trkpt lat="43.455230" lon="3.460950">
        <ele>90.6</ele>
      </trkpt>
      <trkpt lat="43.455260" lon="3.460280">
        <ele>89.1</ele>
      </trkpt>
      <trkpt lat="43.455240" lon="3.460000">
        <ele>88</ele>
      </trkpt>
      <trkpt lat="43.456440" lon="3.458110">
        <ele>79.8</ele>
      </trkpt>
      <trkpt lat="43.456530" lon="3.457670">
        <ele>78.2</ele>
      </trkpt>
      <trkpt lat="43.456580" lon="3.457220">
        <ele>75</ele>
      </trkpt>
      <trkpt lat="43.456470" lon="3.456760">
        <ele>71.2</ele>
      </trkpt>
      <trkpt lat="43.456230" lon="3.456400">
        <ele>69.5</ele>
      </trkpt>
      <trkpt lat="43.456230" lon="3.456270">
        <ele>68.6</ele>
      </trkpt>
      <trkpt lat="43.456300" lon="3.455880">
        <ele>66.8</ele>
      </trkpt>
      <trkpt lat="43.456230" lon="3.455520">
        <ele>64.3</ele>
      </trkpt>
      <trkpt lat="43.456320" lon="3.455250">
        <ele>63.3</ele>
      </trkpt>
      <trkpt lat="43.456390" lon="3.455150">
        <ele>63.4</ele>
      </trkpt>
      <trkpt lat="43.456820" lon="3.455100">
        <ele>59.2</ele>
      </trkpt>
      <trkpt lat="43.457120" lon="3.455100">
        <ele>56</ele>
      </trkpt>
      <trkpt lat="43.457490" lon="3.455240">
        <ele>53.8</ele>
      </trkpt>
      <trkpt lat="43.457770" lon="3.455290">
        <ele>53.1</ele>
      </trkpt>
      <trkpt lat="43.458140" lon="3.455210">
        <ele>51.8</ele>
      </trkpt>
      <trkpt lat="43.458750" lon="3.455210">
        <ele>52.2</ele>
      </trkpt>
      <trkpt lat="43.459310" lon="3.455320">
        <ele>53.2</ele>
      </trkpt>
      <trkpt lat="43.459820" lon="3.454720">
        <ele>46.3</ele>
      </trkpt>
      <trkpt lat="43.460110" lon="3.454290">
        <ele>43.2</ele>
      </trkpt>
      <trkpt lat="43.460370" lon="3.453880">
        <ele>40.2</ele>
      </trkpt>
      <trkpt lat="43.460600" lon="3.453590">
        <ele>37.2</ele>
      </trkpt>
      <trkpt lat="43.460960" lon="3.453330">
        <ele>34.5</ele>
      </trkpt>
      <trkpt lat="43.461010" lon="3.453240">
        <ele>33.9</ele>
      </trkpt>
      <trkpt lat="43.460910" lon="3.452750">
        <ele>33.1</ele>
      </trkpt>
      <trkpt lat="43.461010" lon="3.452740">
        <ele>32</ele>
      </trkpt>
      <trkpt lat="43.461780" lon="3.451650">
        <ele>24.3</ele>
      </trkpt>
      <trkpt lat="43.462030" lon="3.451170">
        <ele>21.5</ele>
      </trkpt>
      <trkpt lat="43.462890" lon="3.451430">
        <ele>20.3</ele>
      </trkpt>
      <trkpt lat="43.463220" lon="3.451770">
        <ele>21</ele>
      </trkpt>
      <trkpt lat="43.463800" lon="3.452450">
        <ele>21.2</ele>
      </trkpt>
      <trkpt lat="43.464340" lon="3.453700">
        <ele>21.3</ele>
      </trkpt>
      <trkpt lat="43.464650" lon="3.453660">
        <ele>18.7</ele>
      </trkpt>
      <trkpt lat="43.465300" lon="3.453900">
        <ele>19.1</ele>
      </trkpt>
      <trkpt lat="43.465630" lon="3.453540">
        <ele>18.9</ele>
      </trkpt>
      <trkpt lat="43.466410" lon="3.452890">
        <ele>18</ele>
      </trkpt>
      <trkpt lat="43.466860" lon="3.452520">
        <ele>17.4</ele>
      </trkpt>
      <trkpt lat="43.467100" lon="3.452270">
        <ele>16.7</ele>
      </trkpt>
      <trkpt lat="43.467290" lon="3.452140">
        <ele>16.8</ele>
      </trkpt>
      <trkpt lat="43.467770" lon="3.452310">
        <ele>16.3</ele>
      </trkpt>
      <trkpt lat="43.468660" lon="3.452420">
        <ele>17.5</ele>
      </trkpt>
      <trkpt lat="43.469330" lon="3.452290">
        <ele>17</ele>
      </trkpt>
      <trkpt lat="43.469500" lon="3.452250">
        <ele>17</ele>
      </trkpt>
      <trkpt lat="43.470790" lon="3.451620">
        <ele>16.7</ele>
      </trkpt>
      <trkpt lat="43.471010" lon="3.451520">
        <ele>16.5</ele>
      </trkpt>
      <trkpt lat="43.471210" lon="3.451500">
        <ele>16.4</ele>
      </trkpt>
      <trkpt lat="43.471670" lon="3.451550">
        <ele>15.6</ele>
      </trkpt>
      <trkpt lat="43.471890" lon="3.451610">
        <ele>15.8</ele>
      </trkpt>
      <trkpt lat="43.472260" lon="3.451830">
        <ele>15.6</ele>
      </trkpt>
      <trkpt lat="43.472750" lon="3.452210">
        <ele>16</ele>
      </trkpt>
      <trkpt lat="43.472870" lon="3.451270">
        <ele>15.7</ele>
      </trkpt>
      <trkpt lat="43.473040" lon="3.450330">
        <ele>16</ele>
      </trkpt>
      <trkpt lat="43.473480" lon="3.447770">
        <ele>16</ele>
      </trkpt>
      <trkpt lat="43.473720" lon="3.446470">
        <ele>17</ele>
      </trkpt>
      <trkpt lat="43.473860" lon="3.446560">
        <ele>17</ele>
      </trkpt>
      <trkpt lat="43.474310" lon="3.446930">
        <ele>18.5</ele>
      </trkpt>
      <trkpt lat="43.474460" lon="3.446740">
        <ele>19.9</ele>
      </trkpt>
      <trkpt lat="43.474910" lon="3.444270">
        <ele>19.3</ele>
      </trkpt>
      <trkpt lat="43.473580" lon="3.443680">
        <ele>16.3</ele>
      </trkpt>
      <trkpt lat="43.473400" lon="3.443560">
        <ele>16.8</ele>
      </trkpt>
      <trkpt lat="43.472940" lon="3.443220">
        <ele>16.6</ele>
      </trkpt>
      <trkpt lat="43.473310" lon="3.439220">
        <ele>15.2</ele>
      </trkpt>
      <trkpt lat="43.473330" lon="3.438800">
        <ele>15</ele>
      </trkpt>
      <trkpt lat="43.473300" lon="3.438050">
        <ele>15</ele>
      </trkpt>
      <trkpt lat="43.473260" lon="3.437750">
        <ele>15</ele>
      </trkpt>
      <trkpt lat="43.473430" lon="3.436430">
        <ele>15.8</ele>
      </trkpt>
      <trkpt lat="43.473370" lon="3.436340">
        <ele>16.6</ele>
      </trkpt>
      <trkpt lat="43.472480" lon="3.435880">
        <ele>15</ele>
      </trkpt>
      <trkpt lat="43.469900" lon="3.434710">
        <ele>15.1</ele>
      </trkpt>
      <trkpt lat="43.469830" lon="3.434800">
        <ele>15</ele>
      </trkpt>
      <trkpt lat="43.469670" lon="3.434880">
        <ele>15</ele>
      </trkpt>
      <trkpt lat="43.469470" lon="3.434830">
        <ele>15</ele>
      </trkpt>
      <trkpt lat="43.466590" lon="3.433580">
        <ele>15</ele>
      </trkpt>
      <trkpt lat="43.465900" lon="3.433340">
        <ele>15</ele>
      </trkpt>
      <trkpt lat="43.465770" lon="3.433250">
        <ele>15</ele>
      </trkpt>
      <trkpt lat="43.465520" lon="3.432840">
        <ele>15.7</ele>
      </trkpt>
      <trkpt lat="43.464920" lon="3.432650">
        <ele>16.6</ele>
      </trkpt>
      <trkpt lat="43.464680" lon="3.432790">
        <ele>15</ele>
      </trkpt>
      <trkpt lat="43.464500" lon="3.432850">
        <ele>15</ele>
      </trkpt>
      <trkpt lat="43.463330" lon="3.432640">
        <ele>15</ele>
      </trkpt>
      <trkpt lat="43.461680" lon="3.432670">
        <ele>15</ele>
      </trkpt>
      <trkpt lat="43.461030" lon="3.432650">
        <ele>15</ele>
      </trkpt>
      <trkpt lat="43.460360" lon="3.432590">
        <ele>15</ele>
      </trkpt>
      <trkpt lat="43.459900" lon="3.432280">
        <ele>16.1</ele>
      </trkpt>
      <trkpt lat="43.460420" lon="3.430320">
        <ele>15.9</ele>
      </trkpt>
      <trkpt lat="43.460670" lon="3.428940">
        <ele>15.9</ele>
      </trkpt>
      <trkpt lat="43.460720" lon="3.428870">
        <ele>16</ele>
      </trkpt>
      <trkpt lat="43.460830" lon="3.428870">
        <ele>16</ele>
      </trkpt>
      <trkpt lat="43.460870" lon="3.428830">
        <ele>16</ele>
      </trkpt>
      <trkpt lat="43.461050" lon="3.428090">
        <ele>16.8</ele>
      </trkpt>
      <trkpt lat="43.461200" lon="3.427290">
        <ele>16.7</ele>
      </trkpt>
      <trkpt lat="43.461590" lon="3.426360">
        <ele>17.4</ele>
      </trkpt>
      <trkpt lat="43.461860" lon="3.425970">
        <ele>18</ele>
      </trkpt>
      <trkpt lat="43.461670" lon="3.425640">
        <ele>18</ele>
      </trkpt>
      <trkpt lat="43.462050" lon="3.425330">
        <ele>18.9</ele>
      </trkpt>
      <trkpt lat="43.462140" lon="3.425110">
        <ele>18.9</ele>
      </trkpt>
      <trkpt lat="43.462460" lon="3.424840">
        <ele>20</ele>
      </trkpt>
      <trkpt lat="43.462330" lon="3.424470">
        <ele>17.9</ele>
      </trkpt>
      <trkpt lat="43.462220" lon="3.424270">
        <ele>20.2</ele>
      </trkpt>
      <trkpt lat="43.462090" lon="3.424160">
        <ele>20.5</ele>
      </trkpt>
      <trkpt lat="43.461870" lon="3.423660">
        <ele>19.7</ele>
      </trkpt>
      <trkpt lat="43.461520" lon="3.423290">
        <ele>21.8</ele>
      </trkpt>
      <trkpt lat="43.461270" lon="3.423140">
        <ele>22.1</ele>
      </trkpt>
      <trkpt lat="43.461050" lon="3.423110">
        <ele>20.8</ele>
      </trkpt>
      <trkpt lat="43.460830" lon="3.422920">
        <ele>21.5</ele>
      </trkpt>
      <trkpt lat="43.460620" lon="3.423050">
        <ele>21</ele>
      </trkpt>
      <trkpt lat="43.460490" lon="3.423040">
        <ele>20.8</ele>
      </trkpt>
      <trkpt lat="43.460310" lon="3.422870">
        <ele>20.1</ele>
      </trkpt>
      <trkpt lat="43.460110" lon="3.423210">
        <ele>19.8</ele>
      </trkpt>
      <trkpt lat="43.459920" lon="3.422980">
        <ele>20.3</ele>
      </trkpt>
      <trkpt lat="43.459810" lon="3.422890">
        <ele>20.6</ele>
      </trkpt>
      <trkpt lat="43.459990" lon="3.422550">
        <ele>21</ele>
      </trkpt>
      <trkpt lat="43.459680" lon="3.422210">
        <ele>21</ele>
      </trkpt>
      <trkpt lat="43.459460" lon="3.422050">
        <ele>21.6</ele>
      </trkpt>
      <trkpt lat="43.459610" lon="3.421800">
        <ele>22</ele>
      </trkpt>
      <trkpt lat="43.459870" lon="3.421400">
        <ele>22</ele>
      </trkpt>
      <trkpt lat="43.460090" lon="3.421160">
        <ele>22.3</ele>
      </trkpt>
      <trkpt lat="43.460260" lon="3.420960">
        <ele>23</ele>
      </trkpt>
      <trkpt lat="43.460620" lon="3.420590">
        <ele>23.7</ele>
      </trkpt>
      <trkpt lat="43.460580" lon="3.420520">
        <ele>23.9</ele>
      </trkpt>
      <trkpt lat="43.460380" lon="3.420020">
        <ele>25</ele>
      </trkpt>
      <trkpt lat="43.459870" lon="3.418820">
        <ele>30.2</ele>
      </trkpt>
      <trkpt lat="43.459540" lon="3.418630">
        <ele>31.5</ele>
      </trkpt>
      <trkpt lat="43.459730" lon="3.418090">
        <ele>32.9</ele>
      </trkpt>
      <trkpt lat="43.459960" lon="3.417680">
        <ele>33.2</ele>
      </trkpt>
      <trkpt lat="43.460050" lon="3.417390">
        <ele>33</ele>
      </trkpt>
      <trkpt lat="43.460380" lon="3.415240">
        <ele>32.6</ele>
      </trkpt>
      <trkpt lat="43.460470" lon="3.413270">
        <ele>32</ele>
      </trkpt>
      <trkpt lat="43.460460" lon="3.413110">
        <ele>32</ele>
      </trkpt>
      <trkpt lat="43.460510" lon="3.412840">
        <ele>32</ele>
      </trkpt>
      <trkpt lat="43.460470" lon="3.412520">
        <ele>32.3</ele>
      </trkpt>
      <trkpt lat="43.460440" lon="3.411330">
        <ele>32.8</ele>
      </trkpt>
      <trkpt lat="43.460510" lon="3.411080">
        <ele>34.2</ele>
      </trkpt>
      <trkpt lat="43.460660" lon="3.411000">
        <ele>34.7</ele>
      </trkpt>
      <trkpt lat="43.460740" lon="3.410860">
        <ele>35.2</ele>
      </trkpt>
      <trkpt lat="43.460720" lon="3.410640">
        <ele>35.4</ele>
      </trkpt>
      <trkpt lat="43.460640" lon="3.410500">
        <ele>35.8</ele>
      </trkpt>
      <trkpt lat="43.460580" lon="3.410450">
        <ele>36</ele>
      </trkpt>
      <trkpt lat="43.460560" lon="3.410290">
        <ele>36</ele>
      </trkpt>
      <trkpt lat="43.460560" lon="3.409900">
        <ele>36</ele>
      </trkpt>
      <trkpt lat="43.460700" lon="3.409760">
        <ele>36</ele>
      </trkpt>
      <trkpt lat="43.460860" lon="3.409720">
        <ele>36.3</ele>
      </trkpt>
      <trkpt lat="43.460980" lon="3.409580">
        <ele>38.1</ele>
      </trkpt>
      <trkpt lat="43.461570" lon="3.408390">
        <ele>46</ele>
      </trkpt>
      <trkpt lat="43.461650" lon="3.407890">
        <ele>48</ele>
      </trkpt>
      <trkpt lat="43.461710" lon="3.407500">
        <ele>53.1</ele>
      </trkpt>
      <trkpt lat="43.461720" lon="3.406990">
        <ele>54</ele>
      </trkpt>
      <trkpt lat="43.462080" lon="3.405290">
        <ele>47.5</ele>
      </trkpt>
      <trkpt lat="43.462430" lon="3.403860">
        <ele>42.4</ele>
      </trkpt>
      <trkpt lat="43.462530" lon="3.402580">
        <ele>39.8</ele>
      </trkpt>
      <trkpt lat="43.462600" lon="3.402100">
        <ele>38.3</ele>
      </trkpt>
      <trkpt lat="43.462790" lon="3.401240">
        <ele>36.9</ele>
      </trkpt>
      <trkpt lat="43.462770" lon="3.401100">
        <ele>37</ele>
      </trkpt>
      <trkpt lat="43.462120" lon="3.400750">
        <ele>37.6</ele>
      </trkpt>
      <trkpt lat="43.462540" lon="3.398660">
        <ele>33.9</ele>
      </trkpt>
      <trkpt lat="43.462710" lon="3.398360">
        <ele>35.3</ele>
      </trkpt>
      <trkpt lat="43.462800" lon="3.397080">
        <ele>36.6</ele>
      </trkpt>
      <trkpt lat="43.462500" lon="3.396540">
        <ele>38.5</ele>
      </trkpt>
      <trkpt lat="43.462220" lon="3.396340">
        <ele>38</ele>
      </trkpt>
      <trkpt lat="43.461570" lon="3.395970">
        <ele>39</ele>
      </trkpt>
      <trkpt lat="43.460640" lon="3.395090">
        <ele>40</ele>
      </trkpt>
      <trkpt lat="43.460430" lon="3.394800">
        <ele>38.6</ele>
      </trkpt>
      <trkpt lat="43.460110" lon="3.394450">
        <ele>38.7</ele>
      </trkpt>
      <trkpt lat="43.459410" lon="3.394140">
        <ele>39.9</ele>
      </trkpt>
      <trkpt lat="43.458860" lon="3.394220">
        <ele>43.7</ele>
      </trkpt>
      <trkpt lat="43.458350" lon="3.394060">
        <ele>45.9</ele>
      </trkpt>
      <trkpt lat="43.458210" lon="3.393990">
        <ele>46.5</ele>
      </trkpt>
      <trkpt lat="43.457780" lon="3.394440">
        <ele>41.1</ele>
      </trkpt>
      <trkpt lat="43.457660" lon="3.394500">
        <ele>39.7</ele>
      </trkpt>
      <trkpt lat="43.457620" lon="3.394360">
        <ele>40.3</ele>
      </trkpt>
      <trkpt lat="43.457490" lon="3.393550">
        <ele>45.9</ele>
      </trkpt>
      <trkpt lat="43.457360" lon="3.393050">
        <ele>46.5</ele>
      </trkpt>
      <trkpt lat="43.457040" lon="3.392030">
        <ele>45.9</ele>
      </trkpt>
      <trkpt lat="43.456960" lon="3.391830">
        <ele>45.6</ele>
      </trkpt>
      <trkpt lat="43.456900" lon="3.391700">
        <ele>45.9</ele>
      </trkpt>
      <trkpt lat="43.456790" lon="3.391570">
        <ele>45.2</ele>
      </trkpt>
      <trkpt lat="43.456680" lon="3.391400">
        <ele>45</ele>
      </trkpt>
      <trkpt lat="43.456540" lon="3.391100">
        <ele>47.3</ele>
      </trkpt>
      <trkpt lat="43.456400" lon="3.390630">
        <ele>45.7</ele>
      </trkpt>
      <trkpt lat="43.456310" lon="3.390240">
        <ele>46.8</ele>
      </trkpt>
      <trkpt lat="43.456260" lon="3.389270">
        <ele>46.4</ele>
      </trkpt>
      <trkpt lat="43.456250" lon="3.388510">
        <ele>45.9</ele>
      </trkpt>
      <trkpt lat="43.456230" lon="3.387930">
        <ele>45.3</ele>
      </trkpt>
      <trkpt lat="43.456190" lon="3.387260">
        <ele>45</ele>
      </trkpt>
      <trkpt lat="43.456110" lon="3.386740">
        <ele>43.7</ele>
      </trkpt>
      <trkpt lat="43.456040" lon="3.386110">
        <ele>45.7</ele>
      </trkpt>
      <trkpt lat="43.456030" lon="3.385900">
        <ele>46.5</ele>
      </trkpt>
      <trkpt lat="43.456050" lon="3.385630">
        <ele>47.5</ele>
      </trkpt>
      <trkpt lat="43.456160" lon="3.385310">
        <ele>49.8</ele>
      </trkpt>
      <trkpt lat="43.456380" lon="3.384760">
        <ele>53.8</ele>
      </trkpt>
      <trkpt lat="43.456430" lon="3.384340">
        <ele>57.7</ele>
      </trkpt>
      <trkpt lat="43.456420" lon="3.383920">
        <ele>60</ele>
      </trkpt>
      <trkpt lat="43.456380" lon="3.383670">
        <ele>60.8</ele>
      </trkpt>
      <trkpt lat="43.456280" lon="3.383440">
        <ele>62.9</ele>
      </trkpt>
      <trkpt lat="43.456210" lon="3.383170">
        <ele>64.8</ele>
      </trkpt>
      <trkpt lat="43.456160" lon="3.382900">
        <ele>65.7</ele>
      </trkpt>
      <trkpt lat="43.456140" lon="3.382310">
        <ele>68.5</ele>
      </trkpt>
      <trkpt lat="43.456050" lon="3.381650">
        <ele>72.4</ele>
      </trkpt>
      <trkpt lat="43.455780" lon="3.381610">
        <ele>73.4</ele>
      </trkpt>
      <trkpt lat="43.454330" lon="3.381540">
        <ele>76.7</ele>
      </trkpt>
      <trkpt lat="43.454070" lon="3.381510">
        <ele>77.2</ele>
      </trkpt>
      <trkpt lat="43.453830" lon="3.381440">
        <ele>77.3</ele>
      </trkpt>
      <trkpt lat="43.452690" lon="3.381060">
        <ele>80.7</ele>
      </trkpt>
      <trkpt lat="43.452480" lon="3.380960">
        <ele>82.1</ele>
      </trkpt>
      <trkpt lat="43.451720" lon="3.380520">
        <ele>84.1</ele>
      </trkpt>
      <trkpt lat="43.451170" lon="3.380120">
        <ele>85.9</ele>
      </trkpt>
      <trkpt lat="43.450730" lon="3.379750">
        <ele>87</ele>
      </trkpt>
      <trkpt lat="43.450620" lon="3.379700">
        <ele>87.1</ele>
      </trkpt>
      <trkpt lat="43.450550" lon="3.379710">
        <ele>87.1</ele>
      </trkpt>
      <trkpt lat="43.450410" lon="3.379690">
        <ele>87.1</ele>
      </trkpt>
      <trkpt lat="43.450280" lon="3.379630">
        <ele>87</ele>
      </trkpt>
      <trkpt lat="43.450050" lon="3.379430">
        <ele>85.3</ele>
      </trkpt>
      <trkpt lat="43.449520" lon="3.378730">
        <ele>79.2</ele>
      </trkpt>
      <trkpt lat="43.449020" lon="3.378160">
        <ele>74.2</ele>
      </trkpt>
      <trkpt lat="43.448780" lon="3.377920">
        <ele>71.2</ele>
      </trkpt>
      <trkpt lat="43.448670" lon="3.377870">
        <ele>70.4</ele>
      </trkpt>
      <trkpt lat="43.448600" lon="3.377820">
        <ele>69.9</ele>
      </trkpt>
      <trkpt lat="43.447820" lon="3.377580">
        <ele>66</ele>
      </trkpt>
      <trkpt lat="43.447700" lon="3.377580">
        <ele>65.6</ele>
      </trkpt>
      <trkpt lat="43.447640" lon="3.377520">
        <ele>65.9</ele>
      </trkpt>
      <trkpt lat="43.447750" lon="3.377160">
        <ele>68.3</ele>
      </trkpt>
      <trkpt lat="43.447720" lon="3.377020">
        <ele>68.9</ele>
      </trkpt>
      <trkpt lat="43.447430" lon="3.376480">
        <ele>72.4</ele>
      </trkpt>
      <trkpt lat="43.447350" lon="3.376230">
        <ele>73.6</ele>
      </trkpt>
      <trkpt lat="43.446680" lon="3.375880">
        <ele>75.9</ele>
      </trkpt>
      <trkpt lat="43.446330" lon="3.375790">
        <ele>76.7</ele>
      </trkpt>
      <trkpt lat="43.445350" lon="3.375760">
        <ele>75.7</ele>
      </trkpt>
      <trkpt lat="43.445210" lon="3.375540">
        <ele>75.8</ele>
      </trkpt>
      <trkpt lat="43.445170" lon="3.375430">
        <ele>76.3</ele>
      </trkpt>
      <trkpt lat="43.444640" lon="3.374810">
        <ele>78.2</ele>
      </trkpt>
      <trkpt lat="43.443960" lon="3.374270">
        <ele>81.3</ele>
      </trkpt>
      <trkpt lat="43.443460" lon="3.373790">
        <ele>85.7</ele>
      </trkpt>
      <trkpt lat="43.442820" lon="3.373120">
        <ele>96.5</ele>
      </trkpt>
      <trkpt lat="43.442630" lon="3.372970">
        <ele>100.4</ele>
      </trkpt>
      <trkpt lat="43.442570" lon="3.372980">
        <ele>100.9</ele>
      </trkpt>
      <trkpt lat="43.442490" lon="3.373030">
        <ele>101.3</ele>
      </trkpt>
      <trkpt lat="43.442370" lon="3.373110">
        <ele>101.5</ele>
      </trkpt>
      <trkpt lat="43.442240" lon="3.373100">
        <ele>102.6</ele>
      </trkpt>
      <trkpt lat="43.442130" lon="3.373050">
        <ele>103</ele>
      </trkpt>
      <trkpt lat="43.442050" lon="3.373010">
        <ele>103.2</ele>
      </trkpt>
      <trkpt lat="43.441850" lon="3.372860">
        <ele>103.1</ele>
      </trkpt>
      <trkpt lat="43.441470" lon="3.372550">
        <ele>101.3</ele>
      </trkpt>
      <trkpt lat="43.440750" lon="3.372160">
        <ele>97.7</ele>
      </trkpt>
      <trkpt lat="43.439730" lon="3.371570">
        <ele>94.6</ele>
      </trkpt>
      <trkpt lat="43.439270" lon="3.371350">
        <ele>93.8</ele>
      </trkpt>
      <trkpt lat="43.438530" lon="3.370890">
        <ele>93.2</ele>
      </trkpt>
      <trkpt lat="43.438100" lon="3.370710">
        <ele>91.7</ele>
      </trkpt>
      <trkpt lat="43.437790" lon="3.370570">
        <ele>92</ele>
      </trkpt>
      <trkpt lat="43.437050" lon="3.370170">
        <ele>90.6</ele>
      </trkpt>
      <trkpt lat="43.436490" lon="3.369800">
        <ele>87.6</ele>
      </trkpt>
      <trkpt lat="43.436330" lon="3.369660">
        <ele>86.8</ele>
      </trkpt>
      <trkpt lat="43.435530" lon="3.368600">
        <ele>81.9</ele>
      </trkpt>
      <trkpt lat="43.434790" lon="3.367680">
        <ele>77.5</ele>
      </trkpt>
      <trkpt lat="43.433490" lon="3.366510">
        <ele>79.3</ele>
      </trkpt>
      <trkpt lat="43.433150" lon="3.366130">
        <ele>79.3</ele>
      </trkpt>
      <trkpt lat="43.432580" lon="3.365230">
        <ele>78.3</ele>
      </trkpt>
      <trkpt lat="43.432080" lon="3.363900">
        <ele>78</ele>
      </trkpt>
      <trkpt lat="43.431920" lon="3.363580">
        <ele>78</ele>
      </trkpt>
      <trkpt lat="43.431380" lon="3.362720">
        <ele>78.8</ele>
      </trkpt>
      <trkpt lat="43.431180" lon="3.362320">
        <ele>77.9</ele>
      </trkpt>
      <trkpt lat="43.431040" lon="3.361970">
        <ele>77.3</ele>
      </trkpt>
      <trkpt lat="43.430990" lon="3.362020">
        <ele>77.6</ele>
      </trkpt>
      <trkpt lat="43.430820" lon="3.362060">
        <ele>78.4</ele>
      </trkpt>
      <trkpt lat="43.430540" lon="3.362220">
        <ele>79</ele>
      </trkpt>
      <trkpt lat="43.430580" lon="3.362420">
        <ele>80.4</ele>
      </trkpt>
      <trkpt lat="43.430540" lon="3.362490">
        <ele>80.9</ele>
      </trkpt>
      <trkpt lat="43.430440" lon="3.362560">
        <ele>81.7</ele>
      </trkpt>
      <trkpt lat="43.429950" lon="3.362740">
        <ele>83.3</ele>
      </trkpt>
      <trkpt lat="43.429910" lon="3.362700">
        <ele>82.7</ele>
      </trkpt>
      <trkpt lat="43.429760" lon="3.362750">
        <ele>82.1</ele>
      </trkpt>
      <trkpt lat="43.429610" lon="3.362830">
        <ele>83</ele>
      </trkpt>
      <trkpt lat="43.429520" lon="3.362920">
        <ele>84</ele>
      </trkpt>
      <trkpt lat="43.429490" lon="3.362980">
        <ele>84.5</ele>
      </trkpt>
      <trkpt lat="43.429530" lon="3.363120">
        <ele>85.4</ele>
      </trkpt>
      <trkpt lat="43.429380" lon="3.363150">
        <ele>85.8</ele>
      </trkpt>
      <trkpt lat="43.429200" lon="3.363050">
        <ele>86.7</ele>
      </trkpt>
      <trkpt lat="43.429060" lon="3.363020">
        <ele>87.9</ele>
      </trkpt>
      <trkpt lat="43.428900" lon="3.362900">
        <ele>88.8</ele>
      </trkpt>
      <trkpt lat="43.428870" lon="3.362810">
        <ele>88.4</ele>
      </trkpt>
      <trkpt lat="43.428610" lon="3.362520">
        <ele>90.9</ele>
      </trkpt>
      <trkpt lat="43.428580" lon="3.362370">
        <ele>92.5</ele>
      </trkpt>
      <trkpt lat="43.428700" lon="3.361680">
        <ele>97.7</ele>
      </trkpt>
      <trkpt lat="43.428670" lon="3.361570">
        <ele>98.7</ele>
      </trkpt>
      <trkpt lat="43.427820" lon="3.360810">
        <ele>103.1</ele>
      </trkpt>
      <trkpt lat="43.427580" lon="3.360660">
        <ele>102.9</ele>
      </trkpt>
      <trkpt lat="43.427460" lon="3.360540">
        <ele>103</ele>
      </trkpt>
      <trkpt lat="43.427210" lon="3.360490">
        <ele>103</ele>
      </trkpt>
      <trkpt lat="43.427050" lon="3.360380">
        <ele>103.2</ele>
      </trkpt>
      <trkpt lat="43.426870" lon="3.360310">
        <ele>103.5</ele>
      </trkpt>
      <trkpt lat="43.426950" lon="3.359910">
        <ele>102.7</ele>
      </trkpt>
      <trkpt lat="43.426800" lon="3.360700">
        <ele>99.9</ele>
      </trkpt>
      <trkpt lat="43.426680" lon="3.360850">
        <ele>97</ele>
      </trkpt>
      <trkpt lat="43.426600" lon="3.360870">
        <ele>95.6</ele>
      </trkpt>
      <trkpt lat="43.426420" lon="3.360780">
        <ele>94</ele>
      </trkpt>
      <trkpt lat="43.426280" lon="3.360630">
        <ele>92.5</ele>
      </trkpt>
      <trkpt lat="43.426210" lon="3.360620">
        <ele>90.8</ele>
      </trkpt>
      <trkpt lat="43.425860" lon="3.361150">
        <ele>82.1</ele>
      </trkpt>
      <trkpt lat="43.425730" lon="3.361340">
        <ele>79.1</ele>
      </trkpt>
      <trkpt lat="43.425670" lon="3.361480">
        <ele>77</ele>
      </trkpt>
      <trkpt lat="43.425210" lon="3.362040">
        <ele>70.5</ele>
      </trkpt>
      <trkpt lat="43.424800" lon="3.361370">
        <ele>68.8</ele>
      </trkpt>
      <trkpt lat="43.424160" lon="3.360360">
        <ele>68</ele>
      </trkpt>
      <trkpt lat="43.424040" lon="3.360380">
        <ele>68</ele>
      </trkpt>
      <trkpt lat="43.422750" lon="3.362780">
        <ele>63.3</ele>
      </trkpt>
      <trkpt lat="43.421110" lon="3.365340">
        <ele>55</ele>
      </trkpt>
      <trkpt lat="43.420880" lon="3.365780">
        <ele>53.5</ele>
      </trkpt>
      <trkpt lat="43.420620" lon="3.366660">
        <ele>50.6</ele>
      </trkpt>
      <trkpt lat="43.420540" lon="3.366860">
        <ele>49.4</ele>
      </trkpt>
      <trkpt lat="43.420120" lon="3.367590">
        <ele>46.7</ele>
      </trkpt>
      <trkpt lat="43.420060" lon="3.367690">
        <ele>46.3</ele>
      </trkpt>
      <trkpt lat="43.419680" lon="3.367330">
        <ele>47.6</ele>
      </trkpt>
      <trkpt lat="43.418960" lon="3.368280">
        <ele>44</ele>
      </trkpt>
      <trkpt lat="43.418820" lon="3.368070">
        <ele>44</ele>
      </trkpt>
      <trkpt lat="43.418690" lon="3.368070">
        <ele>44</ele>
      </trkpt>
      <trkpt lat="43.417800" lon="3.369090">
        <ele>41.3</ele>
      </trkpt>
      <trkpt lat="43.417630" lon="3.369150">
        <ele>41.1</ele>
      </trkpt>
      <trkpt lat="43.417470" lon="3.369160">
        <ele>40.9</ele>
      </trkpt>
      <trkpt lat="43.417100" lon="3.369650">
        <ele>39.3</ele>
      </trkpt>
      <trkpt lat="43.416610" lon="3.370360">
        <ele>38</ele>
      </trkpt>
      <trkpt lat="43.416490" lon="3.370430">
        <ele>38</ele>
      </trkpt>
      <trkpt lat="43.416100" lon="3.370380">
        <ele>37.6</ele>
      </trkpt>
      <trkpt lat="43.415820" lon="3.370380">
        <ele>37.6</ele>
      </trkpt>
      <trkpt lat="43.415350" lon="3.370520">
        <ele>37</ele>
      </trkpt>
      <trkpt lat="43.414780" lon="3.370610">
        <ele>35.8</ele>
      </trkpt>
      <trkpt lat="43.414570" lon="3.370620">
        <ele>35.8</ele>
      </trkpt>
      <trkpt lat="43.414330" lon="3.370590">
        <ele>35.5</ele>
      </trkpt>
      <trkpt lat="43.414150" lon="3.371350">
        <ele>34</ele>
      </trkpt>
      <trkpt lat="43.413830" lon="3.372080">
        <ele>37.2</ele>
      </trkpt>
      <trkpt lat="43.413900" lon="3.372460">
        <ele>37.8</ele>
      </trkpt>
      <trkpt lat="43.413880" lon="3.372580">
        <ele>38.4</ele>
      </trkpt>
      <trkpt lat="43.413430" lon="3.373720">
        <ele>41.7</ele>
      </trkpt>
      <trkpt lat="43.410510" lon="3.372260">
        <ele>37.7</ele>
      </trkpt>
      <trkpt lat="43.410100" lon="3.372130">
        <ele>36.9</ele>
      </trkpt>
      <trkpt lat="43.409650" lon="3.372050">
        <ele>35.2</ele>
      </trkpt>
      <trkpt lat="43.409220" lon="3.372060">
        <ele>31.9</ele>
      </trkpt>
      <trkpt lat="43.409020" lon="3.372000">
        <ele>30.7</ele>
      </trkpt>
      <trkpt lat="43.407040" lon="3.370800">
        <ele>23.3</ele>
      </trkpt>
      <trkpt lat="43.407010" lon="3.370890">
        <ele>23.3</ele>
      </trkpt>
      <trkpt lat="43.406980" lon="3.371540">
        <ele>24.2</ele>
      </trkpt>
      <trkpt lat="43.407040" lon="3.371930">
        <ele>24.7</ele>
      </trkpt>
      <trkpt lat="43.407160" lon="3.372380">
        <ele>25.7</ele>
      </trkpt>
      <trkpt lat="43.407270" lon="3.373130">
        <ele>25.6</ele>
      </trkpt>
      <trkpt lat="43.407610" lon="3.375740">
        <ele>27.8</ele>
      </trkpt>
      <trkpt lat="43.407570" lon="3.376010">
        <ele>27.5</ele>
      </trkpt>
      <trkpt lat="43.407200" lon="3.377390">
        <ele>27.4</ele>
      </trkpt>
      <trkpt lat="43.407000" lon="3.378290">
        <ele>26.4</ele>
      </trkpt>
      <trkpt lat="43.406340" lon="3.378230">
        <ele>24.5</ele>
      </trkpt>
      <trkpt lat="43.406160" lon="3.378130">
        <ele>24</ele>
      </trkpt>
      <trkpt lat="43.405290" lon="3.377540">
        <ele>22</ele>
      </trkpt>
      <trkpt lat="43.404830" lon="3.377290">
        <ele>21</ele>
      </trkpt>
      <trkpt lat="43.404460" lon="3.378760">
        <ele>20.6</ele>
      </trkpt>
      <trkpt lat="43.404190" lon="3.379340">
        <ele>20.7</ele>
      </trkpt>
      <trkpt lat="43.403700" lon="3.379980">
        <ele>20</ele>
      </trkpt>
      <trkpt lat="43.403500" lon="3.380460">
        <ele>20</ele>
      </trkpt>
      <trkpt lat="43.403200" lon="3.381330">
        <ele>19.1</ele>
      </trkpt>
      <trkpt lat="43.403130" lon="3.381470">
        <ele>19</ele>
      </trkpt>
      <trkpt lat="43.402680" lon="3.381460">
        <ele>18.5</ele>
      </trkpt>
      <trkpt lat="43.402270" lon="3.381530">
        <ele>17.2</ele>
      </trkpt>
      <trkpt lat="43.401910" lon="3.381580">
        <ele>17</ele>
      </trkpt>
      <trkpt lat="43.401670" lon="3.381530">
        <ele>17</ele>
      </trkpt>
      <trkpt lat="43.400800" lon="3.381030">
        <ele>18</ele>
      </trkpt>
      <trkpt lat="43.400410" lon="3.380880">
        <ele>17.8</ele>
      </trkpt>
      <trkpt lat="43.400080" lon="3.380790">
        <ele>18</ele>
      </trkpt>
      <trkpt lat="43.399970" lon="3.380700">
        <ele>18</ele>
      </trkpt>
      <trkpt lat="43.399950" lon="3.380570">
        <ele>17.8</ele>
      </trkpt>
      <trkpt lat="43.400000" lon="3.380390">
        <ele>18</ele>
      </trkpt>
      <trkpt lat="43.400040" lon="3.380220">
        <ele>18</ele>
      </trkpt>
      <trkpt lat="43.400040" lon="3.380150">
        <ele>18</ele>
      </trkpt>
      <trkpt lat="43.399990" lon="3.380070">
        <ele>18</ele>
      </trkpt>
      <trkpt lat="43.397950" lon="3.378940">
        <ele>17.9</ele>
      </trkpt>
      <trkpt lat="43.396870" lon="3.378350">
        <ele>17.3</ele>
      </trkpt>
      <trkpt lat="43.396810" lon="3.378610">
        <ele>17.5</ele>
      </trkpt>
      <trkpt lat="43.396710" lon="3.378920">
        <ele>17.1</ele>
      </trkpt>
      <trkpt lat="43.396620" lon="3.379250">
        <ele>17</ele>
      </trkpt>
      <trkpt lat="43.396590" lon="3.379540">
        <ele>17</ele>
      </trkpt>
      <trkpt lat="43.396700" lon="3.380660">
        <ele>17</ele>
      </trkpt>
      <trkpt lat="43.396910" lon="3.381760">
        <ele>17</ele>
      </trkpt>
      <trkpt lat="43.396930" lon="3.381900">
        <ele>16.9</ele>
      </trkpt>
      <trkpt lat="43.396940" lon="3.382080">
        <ele>17</ele>
      </trkpt>
      <trkpt lat="43.396930" lon="3.382280">
        <ele>16.7</ele>
      </trkpt>
      <trkpt lat="43.396740" lon="3.382940">
        <ele>16</ele>
      </trkpt>
      <trkpt lat="43.396540" lon="3.383590">
        <ele>16</ele>
      </trkpt>
      <trkpt lat="43.396360" lon="3.385130">
        <ele>16</ele>
      </trkpt>
      <trkpt lat="43.396290" lon="3.385470">
        <ele>15.8</ele>
      </trkpt>
      <trkpt lat="43.396060" lon="3.386420">
        <ele>15</ele>
      </trkpt>
      <trkpt lat="43.395950" lon="3.386800">
        <ele>15</ele>
      </trkpt>
      <trkpt lat="43.395850" lon="3.387120">
        <ele>15</ele>
      </trkpt>
      <trkpt lat="43.395730" lon="3.387440">
        <ele>15</ele>
      </trkpt>
      <trkpt lat="43.395510" lon="3.388030">
        <ele>14.3</ele>
      </trkpt>
      <trkpt lat="43.395430" lon="3.388230">
        <ele>14.5</ele>
      </trkpt>
      <trkpt lat="43.395050" lon="3.388980">
        <ele>14</ele>
      </trkpt>
      <trkpt lat="43.394900" lon="3.389330">
        <ele>14</ele>
      </trkpt>
      <trkpt lat="43.394820" lon="3.389640">
        <ele>14</ele>
      </trkpt>
      <trkpt lat="43.394820" lon="3.389840">
        <ele>14</ele>
      </trkpt>
      <trkpt lat="43.395030" lon="3.390440">
        <ele>14</ele>
      </trkpt>
      <trkpt lat="43.395030" lon="3.390500">
        <ele>14</ele>
      </trkpt>
      <trkpt lat="43.395010" lon="3.390600">
        <ele>14</ele>
      </trkpt>
      <trkpt lat="43.394900" lon="3.390730">
        <ele>14</ele>
      </trkpt>
      <trkpt lat="43.394100" lon="3.391450">
        <ele>14</ele>
      </trkpt>
      <trkpt lat="43.393860" lon="3.391690">
        <ele>14</ele>
      </trkpt>
      <trkpt lat="43.393780" lon="3.391740">
        <ele>14</ele>
      </trkpt>
      <trkpt lat="43.393730" lon="3.391700">
        <ele>14</ele>
      </trkpt>
      <trkpt lat="43.393710" lon="3.391600">
        <ele>13.9</ele>
      </trkpt>
      <trkpt lat="43.393820" lon="3.391230">
        <ele>13.9</ele>
      </trkpt>
      <trkpt lat="43.393830" lon="3.391150">
        <ele>14</ele>
      </trkpt>
      <trkpt lat="43.393760" lon="3.390760">
        <ele>14</ele>
      </trkpt>
      <trkpt lat="43.393620" lon="3.390290">
        <ele>14.9</ele>
      </trkpt>
      <trkpt lat="43.393440" lon="3.390130">
        <ele>15</ele>
      </trkpt>
      <trkpt lat="43.393090" lon="3.389990">
        <ele>16.8</ele>
      </trkpt>
      <trkpt lat="43.392870" lon="3.389860">
        <ele>17</ele>
      </trkpt>
      <trkpt lat="43.392510" lon="3.389460">
        <ele>17</ele>
      </trkpt>
      <trkpt lat="43.392250" lon="3.389290">
        <ele>17.6</ele>
      </trkpt>
      <trkpt lat="43.391650" lon="3.389070">
        <ele>18.4</ele>
      </trkpt>
      <trkpt lat="43.391350" lon="3.388940">
        <ele>19</ele>
      </trkpt>
      <trkpt lat="43.390940" lon="3.388710">
        <ele>20.5</ele>
      </trkpt>
      <trkpt lat="43.390230" lon="3.388220">
        <ele>24.5</ele>
      </trkpt>
      <trkpt lat="43.389910" lon="3.387950">
        <ele>25.4</ele>
      </trkpt>
      <trkpt lat="43.389800" lon="3.387790">
        <ele>26</ele>
      </trkpt>
      <trkpt lat="43.389690" lon="3.387640">
        <ele>25.9</ele>
      </trkpt>
      <trkpt lat="43.389480" lon="3.387480">
        <ele>26</ele>
      </trkpt>
      <trkpt lat="43.388910" lon="3.387150">
        <ele>26</ele>
      </trkpt>
      <trkpt lat="43.388040" lon="3.386710">
        <ele>25.8</ele>
      </trkpt>
      <trkpt lat="43.387700" lon="3.386510">
        <ele>25.6</ele>
      </trkpt>
      <trkpt lat="43.386340" lon="3.385640">
        <ele>27.7</ele>
      </trkpt>
      <trkpt lat="43.386300" lon="3.385400">
        <ele>28.2</ele>
      </trkpt>
      <trkpt lat="43.386050" lon="3.385450">
        <ele>28.5</ele>
      </trkpt>
      <trkpt lat="43.385640" lon="3.384960">
        <ele>29.1</ele>
      </trkpt>
      <trkpt lat="43.385290" lon="3.384490">
        <ele>29.8</ele>
      </trkpt>
      <trkpt lat="43.384980" lon="3.384150">
        <ele>30.2</ele>
      </trkpt>
      <trkpt lat="43.384230" lon="3.383470">
        <ele>32.5</ele>
      </trkpt>
      <trkpt lat="43.383770" lon="3.383060">
        <ele>34</ele>
      </trkpt>
      <trkpt lat="43.383020" lon="3.382280">
        <ele>37.8</ele>
      </trkpt>
      <trkpt lat="43.382410" lon="3.381510">
        <ele>41.1</ele>
      </trkpt>
      <trkpt lat="43.382240" lon="3.381240">
        <ele>41.6</ele>
      </trkpt>
      <trkpt lat="43.381900" lon="3.380470">
        <ele>44.8</ele>
      </trkpt>
      <trkpt lat="43.381680" lon="3.380100">
        <ele>45</ele>
      </trkpt>
      <trkpt lat="43.381510" lon="3.379870">
        <ele>44</ele>
      </trkpt>
      <trkpt lat="43.381230" lon="3.379600">
        <ele>42.4</ele>
      </trkpt>
      <trkpt lat="43.380940" lon="3.379400">
        <ele>40.9</ele>
      </trkpt>
      <trkpt lat="43.380740" lon="3.379380">
        <ele>40.1</ele>
      </trkpt>
      <trkpt lat="43.380560" lon="3.379350">
        <ele>39.7</ele>
      </trkpt>
      <trkpt lat="43.380360" lon="3.379290">
        <ele>38.6</ele>
      </trkpt>
      <trkpt lat="43.379890" lon="3.379300">
        <ele>38.3</ele>
      </trkpt>
      <trkpt lat="43.379550" lon="3.379360">
        <ele>37.9</ele>
      </trkpt>
      <trkpt lat="43.379180" lon="3.379490">
        <ele>37.4</ele>
      </trkpt>
      <trkpt lat="43.379050" lon="3.379500">
        <ele>37.8</ele>
      </trkpt>
      <trkpt lat="43.378940" lon="3.379460">
        <ele>37.9</ele>
      </trkpt>
      <trkpt lat="43.378740" lon="3.379350">
        <ele>37.8</ele>
      </trkpt>
      <trkpt lat="43.378300" lon="3.379170">
        <ele>38.1</ele>
      </trkpt>
      <trkpt lat="43.378090" lon="3.379110">
        <ele>38.9</ele>
      </trkpt>
      <trkpt lat="43.376980" lon="3.378940">
        <ele>37.8</ele>
      </trkpt>
      <trkpt lat="43.376910" lon="3.378960">
        <ele>37.7</ele>
      </trkpt>
      <trkpt lat="43.376840" lon="3.379050">
        <ele>37.4</ele>
      </trkpt>
      <trkpt lat="43.376480" lon="3.379770">
        <ele>33.8</ele>
      </trkpt>
      <trkpt lat="43.376300" lon="3.380100">
        <ele>32.6</ele>
      </trkpt>
      <trkpt lat="43.376240" lon="3.380290">
        <ele>32</ele>
      </trkpt>
      <trkpt lat="43.376220" lon="3.380400">
        <ele>31.7</ele>
      </trkpt>
      <trkpt lat="43.376230" lon="3.380570">
        <ele>31.4</ele>
      </trkpt>
      <trkpt lat="43.376220" lon="3.380910">
        <ele>31.6</ele>
      </trkpt>
      <trkpt lat="43.376170" lon="3.381550">
        <ele>33.8</ele>
      </trkpt>
      <trkpt lat="43.376130" lon="3.381980">
        <ele>34.2</ele>
      </trkpt>
      <trkpt lat="43.376130" lon="3.382140">
        <ele>34.8</ele>
      </trkpt>
      <trkpt lat="43.376160" lon="3.382280">
        <ele>35.6</ele>
      </trkpt>
      <trkpt lat="43.376120" lon="3.382350">
        <ele>35.5</ele>
      </trkpt>
      <trkpt lat="43.376090" lon="3.382530">
        <ele>36</ele>
      </trkpt>
      <trkpt lat="43.376070" lon="3.382720">
        <ele>36.5</ele>
      </trkpt>
      <trkpt lat="43.376060" lon="3.383000">
        <ele>37.4</ele>
      </trkpt>
      <trkpt lat="43.376040" lon="3.383270">
        <ele>38.1</ele>
      </trkpt>
      <trkpt lat="43.375980" lon="3.383600">
        <ele>38</ele>
      </trkpt>
      <trkpt lat="43.375920" lon="3.383900">
        <ele>37.3</ele>
      </trkpt>
      <trkpt lat="43.375880" lon="3.384050">
        <ele>37.1</ele>
      </trkpt>
      <trkpt lat="43.375840" lon="3.384150">
        <ele>37</ele>
      </trkpt>
      <trkpt lat="43.375670" lon="3.384500">
        <ele>35.3</ele>
      </trkpt>
      <trkpt lat="43.375600" lon="3.384720">
        <ele>35</ele>
      </trkpt>
      <trkpt lat="43.375590" lon="3.385050">
        <ele>33.8</ele>
      </trkpt>
      <trkpt lat="43.375620" lon="3.385570">
        <ele>31.7</ele>
      </trkpt>
      <trkpt lat="43.375610" lon="3.385780">
        <ele>30.5</ele>
      </trkpt>
      <trkpt lat="43.375530" lon="3.385890">
        <ele>30.2</ele>
      </trkpt>
      <trkpt lat="43.375450" lon="3.385950">
        <ele>30.3</ele>
      </trkpt>
      <trkpt lat="43.375330" lon="3.386010">
        <ele>30.1</ele>
      </trkpt>
      <trkpt lat="43.375310" lon="3.386070">
        <ele>30.1</ele>
      </trkpt>
      <trkpt lat="43.375310" lon="3.386320">
        <ele>30.8</ele>
      </trkpt>
      <trkpt lat="43.375330" lon="3.386630">
        <ele>31.9</ele>
      </trkpt>
      <trkpt lat="43.375360" lon="3.386980">
        <ele>33.1</ele>
      </trkpt>
      <trkpt lat="43.375360" lon="3.387240">
        <ele>34</ele>
      </trkpt>
      <trkpt lat="43.375370" lon="3.387420">
        <ele>34.2</ele>
      </trkpt>
      <trkpt lat="43.375510" lon="3.388030">
        <ele>36.7</ele>
      </trkpt>
      <trkpt lat="43.375650" lon="3.388570">
        <ele>36.7</ele>
      </trkpt>
      <trkpt lat="43.375340" lon="3.388540">
        <ele>36.4</ele>
      </trkpt>
      <trkpt lat="43.374890" lon="3.388450">
        <ele>36</ele>
      </trkpt>
      <trkpt lat="43.374560" lon="3.388400">
        <ele>36</ele>
      </trkpt>
      <trkpt lat="43.374460" lon="3.388360">
        <ele>36</ele>
      </trkpt>
      <trkpt lat="43.374380" lon="3.388380">
        <ele>35.8</ele>
      </trkpt>
      <trkpt lat="43.374310" lon="3.388700">
        <ele>35.4</ele>
      </trkpt>
      <trkpt lat="43.374250" lon="3.389110">
        <ele>35</ele>
      </trkpt>
      <trkpt lat="43.374210" lon="3.389130">
        <ele>35</ele>
      </trkpt>
      <trkpt lat="43.373630" lon="3.388100">
        <ele>35</ele>
      </trkpt>
      <trkpt lat="43.373540" lon="3.387970">
        <ele>34.4</ele>
      </trkpt>
      <trkpt lat="43.373370" lon="3.387820">
        <ele>33.3</ele>
      </trkpt>
      <trkpt lat="43.373290" lon="3.387740">
        <ele>32.6</ele>
      </trkpt>
      <trkpt lat="43.373120" lon="3.387560">
        <ele>30.7</ele>
      </trkpt>
      <trkpt lat="43.372850" lon="3.387200">
        <ele>28.9</ele>
      </trkpt>
      <trkpt lat="43.372630" lon="3.386930">
        <ele>27</ele>
      </trkpt>
      <trkpt lat="43.372320" lon="3.386570">
        <ele>25.5</ele>
      </trkpt>
      <trkpt lat="43.372100" lon="3.386200">
        <ele>24.3</ele>
      </trkpt>
      <trkpt lat="43.371510" lon="3.385350">
        <ele>20.9</ele>
      </trkpt>
      <trkpt lat="43.371150" lon="3.384780">
        <ele>19.3</ele>
      </trkpt>
      <trkpt lat="43.370750" lon="3.384360">
        <ele>19.2</ele>
      </trkpt>
      <trkpt lat="43.370070" lon="3.383730">
        <ele>18.6</ele>
      </trkpt>
      <trkpt lat="43.369850" lon="3.383560">
        <ele>19</ele>
      </trkpt>
      <trkpt lat="43.369700" lon="3.383370">
        <ele>19</ele>
      </trkpt>
      <trkpt lat="43.369450" lon="3.383100">
        <ele>19</ele>
      </trkpt>
      <trkpt lat="43.369340" lon="3.383040">
        <ele>19</ele>
      </trkpt>
      <trkpt lat="43.369220" lon="3.383000">
        <ele>19</ele>
      </trkpt>
      <trkpt lat="43.369090" lon="3.382930">
        <ele>19</ele>
      </trkpt>
      <trkpt lat="43.368770" lon="3.382850">
        <ele>19.3</ele>
      </trkpt>
      <trkpt lat="43.368500" lon="3.382840">
        <ele>20.6</ele>
      </trkpt>
      <trkpt lat="43.368410" lon="3.382820">
        <ele>21.3</ele>
      </trkpt>
      <trkpt lat="43.367780" lon="3.383500">
        <ele>22.4</ele>
      </trkpt>
      <trkpt lat="43.367570" lon="3.383780">
        <ele>22.1</ele>
      </trkpt>
      <trkpt lat="43.367360" lon="3.384070">
        <ele>21.9</ele>
      </trkpt>
      <trkpt lat="43.366940" lon="3.384690">
        <ele>21.2</ele>
      </trkpt>
      <trkpt lat="43.366260" lon="3.385810">
        <ele>20.9</ele>
      </trkpt>
      <trkpt lat="43.365710" lon="3.386390">
        <ele>20.5</ele>
      </trkpt>
      <trkpt lat="43.365420" lon="3.386730">
        <ele>19.2</ele>
      </trkpt>
      <trkpt lat="43.365150" lon="3.386940">
        <ele>18.5</ele>
      </trkpt>
      <trkpt lat="43.364910" lon="3.387070">
        <ele>18.9</ele>
      </trkpt>
      <trkpt lat="43.364670" lon="3.387180">
        <ele>19.3</ele>
      </trkpt>
      <trkpt lat="43.364160" lon="3.387350">
        <ele>20.6</ele>
      </trkpt>
      <trkpt lat="43.363990" lon="3.387370">
        <ele>21.1</ele>
      </trkpt>
      <trkpt lat="43.363630" lon="3.387350">
        <ele>22</ele>
      </trkpt>
      <trkpt lat="43.363340" lon="3.387280">
        <ele>22.8</ele>
      </trkpt>
      <trkpt lat="43.363140" lon="3.387270">
        <ele>22.8</ele>
      </trkpt>
      <trkpt lat="43.362640" lon="3.387440">
        <ele>23.2</ele>
      </trkpt>
      <trkpt lat="43.362530" lon="3.387540">
        <ele>23</ele>
      </trkpt>
      <trkpt lat="43.361260" lon="3.387960">
        <ele>22.2</ele>
      </trkpt>
      <trkpt lat="43.360510" lon="3.388220">
        <ele>19.1</ele>
      </trkpt>
      <trkpt lat="43.359640" lon="3.388420">
        <ele>20.8</ele>
      </trkpt>
      <trkpt lat="43.359020" lon="3.388530">
        <ele>21.3</ele>
      </trkpt>
      <trkpt lat="43.358670" lon="3.388770">
        <ele>20.5</ele>
      </trkpt>
      <trkpt lat="43.358330" lon="3.388850">
        <ele>20.1</ele>
      </trkpt>
      <trkpt lat="43.358030" lon="3.388910">
        <ele>20</ele>
      </trkpt>
      <trkpt lat="43.357770" lon="3.388900">
        <ele>20</ele>
      </trkpt>
      <trkpt lat="43.357570" lon="3.388910">
        <ele>20.8</ele>
      </trkpt>
      <trkpt lat="43.357380" lon="3.388980">
        <ele>21.4</ele>
      </trkpt>
      <trkpt lat="43.356680" lon="3.389370">
        <ele>23</ele>
      </trkpt>
      <trkpt lat="43.355890" lon="3.389800">
        <ele>27.1</ele>
      </trkpt>
      <trkpt lat="43.355410" lon="3.390100">
        <ele>29.7</ele>
      </trkpt>
      <trkpt lat="43.354710" lon="3.390340">
        <ele>31</ele>
      </trkpt>
      <trkpt lat="43.354490" lon="3.390440">
        <ele>31.3</ele>
      </trkpt>
      <trkpt lat="43.353800" lon="3.390850">
        <ele>32.3</ele>
      </trkpt>
      <trkpt lat="43.353370" lon="3.391260">
        <ele>32.3</ele>
      </trkpt>
      <trkpt lat="43.352770" lon="3.392000">
        <ele>31.8</ele>
      </trkpt>
      <trkpt lat="43.351700" lon="3.393450">
        <ele>29</ele>
      </trkpt>
      <trkpt lat="43.350630" lon="3.395020">
        <ele>26.9</ele>
      </trkpt>
      <trkpt lat="43.349690" lon="3.396380">
        <ele>24.2</ele>
      </trkpt>
      <trkpt lat="43.349070" lon="3.397030">
        <ele>23.7</ele>
      </trkpt>
      <trkpt lat="43.349450" lon="3.397800">
        <ele>22</ele>
      </trkpt>
      <trkpt lat="43.349880" lon="3.398630">
        <ele>21</ele>
      </trkpt>
      <trkpt lat="43.350470" lon="3.399570">
        <ele>20.4</ele>
      </trkpt>
      <trkpt lat="43.350310" lon="3.399740">
        <ele>20</ele>
      </trkpt>
      <trkpt lat="43.349760" lon="3.401130">
        <ele>19</ele>
      </trkpt>
      <trkpt lat="43.349630" lon="3.401150">
        <ele>19</ele>
      </trkpt>
      <trkpt lat="43.349080" lon="3.401400">
        <ele>19.9</ele>
      </trkpt>
      <trkpt lat="43.348900" lon="3.401430">
        <ele>19.9</ele>
      </trkpt>
      <trkpt lat="43.348810" lon="3.401360">
        <ele>19.7</ele>
      </trkpt>
      <trkpt lat="43.348260" lon="3.400160">
        <ele>20.6</ele>
      </trkpt>
      <trkpt lat="43.347740" lon="3.399160">
        <ele>22.2</ele>
      </trkpt>
      <trkpt lat="43.347610" lon="3.398760">
        <ele>23.3</ele>
      </trkpt>
      <trkpt lat="43.346930" lon="3.399510">
        <ele>22.8</ele>
      </trkpt>
      <trkpt lat="43.345390" lon="3.401210">
        <ele>21</ele>
      </trkpt>
      <trkpt lat="43.345260" lon="3.401440">
        <ele>21.1</ele>
      </trkpt>
      <trkpt lat="43.345100" lon="3.402360">
        <ele>20.2</ele>
      </trkpt>
      <trkpt lat="43.344340" lon="3.402550">
        <ele>20.3</ele>
      </trkpt>
      <trkpt lat="43.342810" lon="3.403090">
        <ele>19</ele>
      </trkpt>
      <trkpt lat="43.342650" lon="3.402800">
        <ele>19</ele>
      </trkpt>
      <trkpt lat="43.342550" lon="3.402510">
        <ele>19</ele>
      </trkpt>
      <trkpt lat="43.342370" lon="3.402170">
        <ele>18.5</ele>
      </trkpt>
      <trkpt lat="43.341960" lon="3.401810">
        <ele>17.6</ele>
      </trkpt>
      <trkpt lat="43.341530" lon="3.401220">
        <ele>14.9</ele>
      </trkpt>
      <trkpt lat="43.341160" lon="3.400820">
        <ele>13.2</ele>
      </trkpt>
      <trkpt lat="43.340850" lon="3.400370">
        <ele>12</ele>
      </trkpt>
      <trkpt lat="43.340740" lon="3.400050">
        <ele>11.3</ele>
      </trkpt>
      <trkpt lat="43.340790" lon="3.397820">
        <ele>10.8</ele>
      </trkpt>
      <trkpt lat="43.340800" lon="3.395640">
        <ele>10</ele>
      </trkpt>
      <trkpt lat="43.340750" lon="3.395130">
        <ele>10</ele>
      </trkpt>
      <trkpt lat="43.333660" lon="3.395460">
        <ele>7</ele>
      </trkpt>
      <trkpt lat="43.330780" lon="3.394400">
        <ele>6.7</ele>
      </trkpt>
      <trkpt lat="43.329010" lon="3.392840">
        <ele>7.4</ele>
      </trkpt>
      <trkpt lat="43.329020" lon="3.392530">
        <ele>7.1</ele>
      </trkpt>
      <trkpt lat="43.328910" lon="3.392200">
        <ele>7.1</ele>
        <time>2025-05-03T07:55:55+00:00</time>
      </trkpt>
      <trkpt lat="43.328950" lon="3.391990">
        <ele>7.7</ele>
      </trkpt>
      <trkpt lat="43.329390" lon="3.391560">
        <ele>7.5</ele>
      </trkpt>
      <trkpt lat="43.329760" lon="3.391280">
        <ele>7</ele>
      </trkpt>
      <trkpt lat="43.330240" lon="3.390330">
        <ele>7.7</ele>
      </trkpt>
      <trkpt lat="43.330400" lon="3.389710">
        <ele>7.6</ele>
      </trkpt>
      <trkpt lat="43.331060" lon="3.388260">
        <ele>8</ele>
        <time>2025-05-03T07:59:11+00:00</time>
      </trkpt>
      <trkpt lat="43.332080" lon="3.386010">
        <ele>8</ele>
        <time>2025-05-03T08:00:30+00:00</time>
      </trkpt>
      <trkpt lat="43.332170" lon="3.385790">
        <ele>8</ele>
      </trkpt>
      <trkpt lat="43.332210" lon="3.385560">
        <ele>8</ele>
        <time>2025-05-03T08:00:45+00:00</time>
      </trkpt>
      <trkpt lat="43.332180" lon="3.385210">
        <ele>8</ele>
        <time>2025-05-03T08:00:56+00:00</time>
      </trkpt>
      <trkpt lat="43.332080" lon="3.384950">
        <ele>8</ele>
        <time>2025-05-03T08:01:05+00:00</time>
      </trkpt>
      <trkpt lat="43.331400" lon="3.383920">
        <ele>9</ele>
        <time>2025-05-03T08:01:47+00:00</time>
      </trkpt>
      <trkpt lat="43.331210" lon="3.383790">
        <ele>9</ele>
        <time>2025-05-03T08:01:56+00:00</time>
      </trkpt>
      <trkpt lat="43.330990" lon="3.383780">
        <ele>9</ele>
        <time>2025-05-03T08:02:06+00:00</time>
      </trkpt>
      <trkpt lat="43.330690" lon="3.384100">
        <ele>9</ele>
        <time>2025-05-03T08:02:22+00:00</time>
      </trkpt>
      <trkpt lat="43.330230" lon="3.384450">
        <ele>10</ele>
        <time>2025-05-03T08:02:44+00:00</time>
      </trkpt>
      <trkpt lat="43.330090" lon="3.384470">
        <ele>9</ele>
        <time>2025-05-03T08:02:50+00:00</time>
      </trkpt>
      <trkpt lat="43.329080" lon="3.383030">
        <ele>9.3</ele>
      </trkpt>
      <trkpt lat="43.327950" lon="3.381560">
        <ele>8.6</ele>
      </trkpt>
      <trkpt lat="43.325130" lon="3.377740">
        <ele>12</ele>
        <time>2025-05-03T08:07:32+00:00</time>
      </trkpt>
      <trkpt lat="43.324710" lon="3.377370">
        <ele>13</ele>
        <time>2025-05-03T08:07:53+00:00</time>
      </trkpt>
      <trkpt lat="43.324480" lon="3.377250">
        <ele>13</ele>
        <time>2025-05-03T08:08:04+00:00</time>
      </trkpt>
      <trkpt lat="43.323830" lon="3.377080">
        <ele>13</ele>
      </trkpt>
      <trkpt lat="43.322720" lon="3.376710">
        <ele>13</ele>
        <time>2025-05-03T08:09:18+00:00</time>
      </trkpt>
      <trkpt lat="43.322720" lon="3.376500">
        <ele>13.2</ele>
      </trkpt>
      <trkpt lat="43.322860" lon="3.375940">
        <ele>13.4</ele>
      </trkpt>
      <trkpt lat="43.323410" lon="3.372850">
        <ele>11</ele>
        <time>2025-05-03T08:10:59+00:00</time>
      </trkpt>
      <trkpt lat="43.323760" lon="3.370170">
        <ele>10.5</ele>
        <time>2025-05-03T08:12:37+00:00</time>
      </trkpt>
      <trkpt lat="43.323880" lon="3.370090">
        <ele>11</ele>
      </trkpt>
      <trkpt lat="43.326490" lon="3.370280">
        <ele>13</ele>
        <time>2025-05-03T08:14:28+00:00</time>
      </trkpt>
      <trkpt lat="43.326470" lon="3.370180">
        <ele>12.9</ele>
      </trkpt>
      <trkpt lat="43.326370" lon="3.370020">
        <ele>12.9</ele>
      </trkpt>
      <trkpt lat="43.326320" lon="3.368830">
        <ele>13</ele>
        <time>2025-05-03T08:15:14+00:00</time>
      </trkpt>
      <trkpt lat="43.326350" lon="3.367880">
        <ele>13.1</ele>
        <time>2025-05-03T08:15:41+00:00</time>
      </trkpt>
      <trkpt lat="43.326430" lon="3.367860">
        <ele>13.1</ele>
        <time>2025-05-03T08:15:45+00:00</time>
      </trkpt>
      <trkpt lat="43.326380" lon="3.366820">
        <ele>14.4</ele>
      </trkpt>
      <trkpt lat="43.326380" lon="3.366130">
        <ele>15</ele>
      </trkpt>
      <trkpt lat="43.326330" lon="3.364270">
        <ele>18.7</ele>
      </trkpt>
      <trkpt lat="43.326300" lon="3.363570">
        <ele>19.1</ele>
        <time>2025-05-03T08:17:52+00:00</time>
      </trkpt>
      <trkpt lat="43.325950" lon="3.363160">
        <ele>19</ele>
      </trkpt>
      <trkpt lat="43.325840" lon="3.363060">
        <ele>19</ele>
      </trkpt>
      <trkpt lat="43.325690" lon="3.362750">
        <ele>19</ele>
      </trkpt>
      <trkpt lat="43.325300" lon="3.362240">
        <ele>19</ele>
      </trkpt>
      <trkpt lat="43.325170" lon="3.362110">
        <ele>18</ele>
        <time>2025-05-03T08:18:58+00:00</time>
      </trkpt>
      <trkpt lat="43.325140" lon="3.361970">
        <ele>17</ele>
        <time>2025-05-03T08:19:03+00:00</time>
      </trkpt>
      <trkpt lat="43.325380" lon="3.361090">
        <ele>17</ele>
        <time>2025-05-03T08:19:31+00:00</time>
      </trkpt>
      <trkpt lat="43.325410" lon="3.360860">
        <ele>17</ele>
        <time>2025-05-03T08:19:39+00:00</time>
      </trkpt>
      <trkpt lat="43.325290" lon="3.360590">
        <ele>17</ele>
        <time>2025-05-03T08:19:47+00:00</time>
      </trkpt>
      <trkpt lat="43.326660" lon="3.356700">
        <ele>19</ele>
      </trkpt>
      <trkpt lat="43.326940" lon="3.355830">
        <ele>19</ele>
        <time>2025-05-03T08:22:25+00:00</time>
      </trkpt>
      <trkpt lat="43.327170" lon="3.355120">
        <ele>19</ele>
        <time>2025-05-03T08:22:50+00:00</time>
      </trkpt>
      <trkpt lat="43.327340" lon="3.354030">
        <ele>20</ele>
        <time>2025-05-03T08:23:24+00:00</time>
      </trkpt>
      <trkpt lat="43.327480" lon="3.353780">
        <ele>20</ele>
      </trkpt>
      <trkpt lat="43.327560" lon="3.353400">
        <ele>20.8</ele>
      </trkpt>
      <trkpt lat="43.327930" lon="3.352550">
        <ele>22.6</ele>
      </trkpt>
      <trkpt lat="43.328000" lon="3.352320">
        <ele>23</ele>
        <time>2025-05-03T08:24:22+00:00</time>
      </trkpt>
      <trkpt lat="43.328000" lon="3.352130">
        <ele>22.8</ele>
      </trkpt>
      <trkpt lat="43.327940" lon="3.351990">
        <ele>23</ele>
        <time>2025-05-03T08:24:33+00:00</time>
      </trkpt>
      <trkpt lat="43.327620" lon="3.351740">
        <ele>22</ele>
        <time>2025-05-03T08:24:48+00:00</time>
      </trkpt>
      <trkpt lat="43.327590" lon="3.351620">
        <ele>21.9</ele>
      </trkpt>
      <trkpt lat="43.327570" lon="3.351440">
        <ele>21</ele>
        <time>2025-05-03T08:24:58+00:00</time>
      </trkpt>
      <trkpt lat="43.327700" lon="3.350910">
        <ele>21.9</ele>
        <time>2025-05-03T08:25:10+00:00</time>
      </trkpt>
      <trkpt lat="43.327760" lon="3.350310">
        <ele>21</ele>
        <time>2025-05-03T08:25:36+00:00</time>
      </trkpt>
      <trkpt lat="43.327760" lon="3.349550">
        <ele>20.9</ele>
      </trkpt>
      <trkpt lat="43.327720" lon="3.348840">
        <ele>20</ele>
        <time>2025-05-03T08:26:20+00:00</time>
      </trkpt>
      <trkpt lat="43.327780" lon="3.348140">
        <ele>19.3</ele>
      </trkpt>
      <trkpt lat="43.328020" lon="3.346290">
        <ele>19</ele>
      </trkpt>
      <trkpt lat="43.328240" lon="3.343620">
        <ele>20</ele>
      </trkpt>
      <trkpt lat="43.328300" lon="3.343430">
        <ele>19</ele>
        <time>2025-05-03T08:29:02+00:00</time>
      </trkpt>
      <trkpt lat="43.328220" lon="3.343110">
        <ele>20</ele>
        <time>2025-05-03T08:29:13+00:00</time>
      </trkpt>
      <trkpt lat="43.327850" lon="3.342370">
        <ele>19</ele>
        <time>2025-05-03T08:29:40+00:00</time>
      </trkpt>
      <trkpt lat="43.327720" lon="3.342100">
        <ele>19.4</ele>
      </trkpt>
      <trkpt lat="43.327470" lon="3.341500">
        <ele>19</ele>
      </trkpt>
      <trkpt lat="43.327340" lon="3.341020">
        <ele>18</ele>
        <time>2025-05-03T08:30:26+00:00</time>
      </trkpt>
      <trkpt lat="43.327190" lon="3.340190">
        <ele>17.9</ele>
      </trkpt>
      <trkpt lat="43.326940" lon="3.339300">
        <ele>16.5</ele>
      </trkpt>
      <trkpt lat="43.326760" lon="3.338230">
        <ele>16.3</ele>
      </trkpt>
      <trkpt lat="43.326500" lon="3.337120">
        <ele>16</ele>
        <time>2025-05-03T08:32:26+00:00</time>
      </trkpt>
      <trkpt lat="43.326450" lon="3.336540">
        <ele>16</ele>
        <time>2025-05-03T08:32:44+00:00</time>
      </trkpt>
      <trkpt lat="43.326170" lon="3.335620">
        <ele>16</ele>
        <time>2025-05-03T08:33:14+00:00</time>
      </trkpt>
      <trkpt lat="43.326000" lon="3.334360">
        <ele>16.7</ele>
      </trkpt>
      <trkpt lat="43.325850" lon="3.333590">
        <ele>17</ele>
        <time>2025-05-03T08:34:16+00:00</time>
      </trkpt>
      <trkpt lat="43.325790" lon="3.332550">
        <ele>17.8</ele>
      </trkpt>
      <trkpt lat="43.325780" lon="3.331350">
        <ele>17.1</ele>
        <time>2025-05-03T08:35:22+00:00</time>
      </trkpt>
      <trkpt lat="43.325630" lon="3.330730">
        <ele>17</ele>
        <time>2025-05-03T08:35:42+00:00</time>
      </trkpt>
      <trkpt lat="43.325420" lon="3.330030">
        <ele>17</ele>
        <time>2025-05-03T08:36:06+00:00</time>
      </trkpt>
      <trkpt lat="43.325360" lon="3.329710">
        <ele>17</ele>
      </trkpt>
      <trkpt lat="43.325340" lon="3.329360">
        <ele>17</ele>
        <time>2025-05-03T08:36:26+00:00</time>
      </trkpt>
      <trkpt lat="43.324780" lon="3.327780">
        <ele>17</ele>
        <time>2025-05-03T08:37:19+00:00</time>
      </trkpt>
      <trkpt lat="43.324430" lon="3.327000">
        <ele>17.1</ele>
      </trkpt>
      <trkpt lat="43.324120" lon="3.326220">
        <ele>19</ele>
        <time>2025-05-03T08:38:13+00:00</time>
      </trkpt>
      <trkpt lat="43.324020" lon="3.326300">
        <ele>19</ele>
      </trkpt>
      <trkpt lat="43.323350" lon="3.326590">
        <ele>19</ele>
        <time>2025-05-03T08:38:47+00:00</time>
      </trkpt>
      <trkpt lat="43.322310" lon="3.326670">
        <ele>19</ele>
        <time>2025-05-03T08:39:30+00:00</time>
      </trkpt>
      <trkpt lat="43.322350" lon="3.328160">
        <ele>17.6</ele>
        <time>2025-05-03T08:40:16+00:00</time>
      </trkpt>
      <trkpt lat="43.322300" lon="3.328260">
        <ele>17</ele>
      </trkpt>
      <trkpt lat="43.322020" lon="3.328240">
        <ele>17.1</ele>
        <time>2025-05-03T08:40:30+00:00</time>
      </trkpt>
      <trkpt lat="43.321920" lon="3.328000">
        <ele>18</ele>
      </trkpt>
      <trkpt lat="43.321760" lon="3.327810">
        <ele>18</ele>
        <time>2025-05-03T08:40:45+00:00</time>
      </trkpt>
      <trkpt lat="43.321370" lon="3.327480">
        <ele>18.1</ele>
        <time>2025-05-03T08:41:07+00:00</time>
      </trkpt>
      <trkpt lat="43.321560" lon="3.323840">
        <ele>20</ele>
      </trkpt>
      <trkpt lat="43.321940" lon="3.317640">
        <ele>24</ele>
      </trkpt>
      <trkpt lat="43.322000" lon="3.316590">
        <ele>24</ele>
      </trkpt>
      <trkpt lat="43.322080" lon="3.315650">
        <ele>24</ele>
        <time>2025-05-03T08:46:58+00:00</time>
      </trkpt>
      <trkpt lat="43.321800" lon="3.315610">
        <ele>25</ele>
        <time>2025-05-03T08:47:10+00:00</time>
      </trkpt>
      <trkpt lat="43.321760" lon="3.315550">
        <ele>26</ele>
        <time>2025-05-03T08:47:13+00:00</time>
      </trkpt>
      <trkpt lat="43.321830" lon="3.314250">
        <ele>26</ele>
        <time>2025-05-03T08:47:52+00:00</time>
      </trkpt>
      <trkpt lat="43.322030" lon="3.313220">
        <ele>25.7</ele>
      </trkpt>
      <trkpt lat="43.322230" lon="3.311790">
        <ele>20</ele>
        <time>2025-05-03T08:49:07+00:00</time>
      </trkpt>
      <trkpt lat="43.321390" lon="3.310660">
        <ele>14</ele>
        <time>2025-05-03T08:49:55+00:00</time>
      </trkpt>
      <trkpt lat="43.321940" lon="3.309640">
        <ele>12.7</ele>
      </trkpt>
      <trkpt lat="43.321930" lon="3.309540">
        <ele>12.3</ele>
        <time>2025-05-03T08:50:34+00:00</time>
      </trkpt>
      <trkpt lat="43.321620" lon="3.309190">
        <ele>10.7</ele>
        <time>2025-05-03T08:50:52+00:00</time>
      </trkpt>
      <trkpt lat="43.321920" lon="3.308630">
        <ele>11</ele>
        <time>2025-05-03T08:51:14+00:00</time>
      </trkpt>
      <trkpt lat="43.320540" lon="3.306870">
        <ele>6</ele>
        <time>2025-05-03T08:52:31+00:00</time>
      </trkpt>
      <trkpt lat="43.320360" lon="3.306840">
        <ele>6</ele>
        <time>2025-05-03T08:52:39+00:00</time>
      </trkpt>
      <trkpt lat="43.320150" lon="3.305770">
        <ele>5</ele>
        <time>2025-05-03T08:53:14+00:00</time>
      </trkpt>
      <trkpt lat="43.320430" lon="3.305100">
        <ele>5</ele>
        <time>2025-05-03T08:53:37+00:00</time>
      </trkpt>
      <trkpt lat="43.320360" lon="3.304650">
        <ele>5</ele>
        <time>2025-05-03T08:53:51+00:00</time>
      </trkpt>
      <trkpt lat="43.320000" lon="3.304310">
        <ele>5</ele>
        <time>2025-05-03T08:54:09+00:00</time>
      </trkpt>
      <trkpt lat="43.319960" lon="3.304090">
        <ele>5</ele>
      </trkpt>
      <trkpt lat="43.319990" lon="3.303870">
        <ele>4.9</ele>
        <time>2025-05-03T08:54:23+00:00</time>
      </trkpt>
      <trkpt lat="43.320060" lon="3.303530">
        <ele>4.5</ele>
        <time>2025-05-03T08:54:38+00:00</time>
      </trkpt>
      <trkpt lat="43.319950" lon="3.303410">
        <ele>4.8</ele>
        <time>2025-05-03T08:54:46+00:00</time>
      </trkpt>
      <trkpt lat="43.319630" lon="3.303040">
        <ele>5</ele>
        <time>2025-05-03T08:54:57+00:00</time>
      </trkpt>
      <trkpt lat="43.319270" lon="3.303030">
        <ele>5</ele>
        <time>2025-05-03T08:55:12+00:00</time>
      </trkpt>
      <trkpt lat="43.319170" lon="3.302990">
        <ele>5</ele>
      </trkpt>
      <trkpt lat="43.319110" lon="3.303170">
        <ele>4.1</ele>
        <time>2025-05-03T08:55:20+00:00</time>
      </trkpt>
      <trkpt lat="43.318950" lon="3.303250">
        <ele>4</ele>
        <time>2025-05-03T08:55:28+00:00</time>
      </trkpt>
      <trkpt lat="43.317600" lon="3.302820">
        <ele>7.7</ele>
        <time>2025-05-03T08:56:24+00:00</time>
      </trkpt>
      <trkpt lat="43.317440" lon="3.302570">
        <ele>6.2</ele>
        <time>2025-05-03T08:56:36+00:00</time>
      </trkpt>
      <trkpt lat="43.317400" lon="3.302390">
        <ele>4.7</ele>
        <time>2025-05-03T08:56:43+00:00</time>
      </trkpt>
      <trkpt lat="43.317450" lon="3.302050">
        <ele>4.9</ele>
        <time>2025-05-03T08:56:53+00:00</time>
      </trkpt>
      <trkpt lat="43.317490" lon="3.301840">
        <ele>6</ele>
        <time>2025-05-03T08:57:04+00:00</time>
      </trkpt>
      <trkpt lat="43.317370" lon="3.301460">
        <ele>4</ele>
        <time>2025-05-03T08:57:17+00:00</time>
      </trkpt>
      <trkpt lat="43.317260" lon="3.301370">
        <ele>4</ele>
        <time>2025-05-03T08:57:23+00:00</time>
      </trkpt>
      <trkpt lat="43.317260" lon="3.301230">
        <ele>3.3</ele>
        <time>2025-05-03T08:57:28+00:00</time>
      </trkpt>
      <trkpt lat="43.317030" lon="3.301060">
        <ele>4</ele>
        <time>2025-05-03T08:57:40+00:00</time>
      </trkpt>
      <trkpt lat="43.316920" lon="3.300890">
        <ele>3</ele>
        <time>2025-05-03T08:57:47+00:00</time>
      </trkpt>
      <trkpt lat="43.316890" lon="3.300610">
        <ele>3</ele>
        <time>2025-05-03T08:57:56+00:00</time>
      </trkpt>
      <trkpt lat="43.316640" lon="3.300070">
        <ele>4</ele>
        <time>2025-05-03T08:58:15+00:00</time>
      </trkpt>
      <trkpt lat="43.315570" lon="3.293790">
        <ele>3.9</ele>
      </trkpt>
      <trkpt lat="43.315490" lon="3.293480">
        <ele>6</ele>
        <time>2025-05-03T09:01:35+00:00</time>
      </trkpt>
      <trkpt lat="43.315460" lon="3.292280">
        <ele>4</ele>
        <time>2025-05-03T09:02:11+00:00</time>
      </trkpt>
      <trkpt lat="43.315490" lon="3.291000">
        <ele>4</ele>
        <time>2025-05-03T09:02:49+00:00</time>
      </trkpt>
      <trkpt lat="43.315680" lon="3.289090">
        <ele>4</ele>
        <time>2025-05-03T09:03:46+00:00</time>
      </trkpt>
      <trkpt lat="43.315810" lon="3.288220">
        <ele>4</ele>
        <time>2025-05-03T09:04:13+00:00</time>
      </trkpt>
      <trkpt lat="43.315910" lon="3.288050">
        <ele>4</ele>
        <time>2025-05-03T09:04:20+00:00</time>
      </trkpt>
      <trkpt lat="43.315880" lon="3.287820">
        <ele>4</ele>
        <time>2025-05-03T09:04:27+00:00</time>
      </trkpt>
      <trkpt lat="43.316240" lon="3.286040">
        <ele>4</ele>
        <time>2025-05-03T09:05:22+00:00</time>
      </trkpt>
      <trkpt lat="43.317090" lon="3.282900">
        <ele>4</ele>
        <time>2025-05-03T09:07:01+00:00</time>
      </trkpt>
      <trkpt lat="43.317620" lon="3.281170">
        <ele>4</ele>
        <time>2025-05-03T09:07:57+00:00</time>
      </trkpt>
      <trkpt lat="43.317720" lon="3.280960">
        <ele>6</ele>
        <time>2025-05-03T09:08:05+00:00</time>
      </trkpt>
      <trkpt lat="43.317420" lon="3.280770">
        <ele>5</ele>
        <time>2025-05-03T09:08:19+00:00</time>
      </trkpt>
      <trkpt lat="43.317770" lon="3.279450">
        <ele>6</ele>
        <time>2025-05-03T09:09:01+00:00</time>
      </trkpt>
      <trkpt lat="43.318650" lon="3.276870">
        <ele>6</ele>
        <time>2025-05-03T09:10:25+00:00</time>
      </trkpt>
      <trkpt lat="43.321710" lon="3.268340">
        <ele>7</ele>
        <time>2025-05-03T09:15:05+00:00</time>
      </trkpt>
      <trkpt lat="43.321910" lon="3.267980">
        <ele>7</ele>
        <time>2025-05-03T09:15:19+00:00</time>
      </trkpt>
      <trkpt lat="43.322240" lon="3.266540">
        <ele>7</ele>
        <time>2025-05-03T09:16:04+00:00</time>
      </trkpt>
      <trkpt lat="43.322450" lon="3.265210">
        <ele>8</ele>
        <time>2025-05-03T09:16:45+00:00</time>
      </trkpt>
      <trkpt lat="43.322690" lon="3.263240">
        <ele>7.7</ele>
      </trkpt>
      <trkpt lat="43.323070" lon="3.260280">
        <ele>9</ele>
      </trkpt>
      <trkpt lat="43.323270" lon="3.258820">
        <ele>8.6</ele>
        <time>2025-05-03T09:19:56+00:00</time>
      </trkpt>
      <trkpt lat="43.323370" lon="3.258070">
        <ele>9</ele>
      </trkpt>
      <trkpt lat="43.323410" lon="3.257470">
        <ele>9</ele>
        <time>2025-05-03T09:20:37+00:00</time>
      </trkpt>
      <trkpt lat="43.323430" lon="3.256370">
        <ele>8</ele>
        <time>2025-05-03T09:21:10+00:00</time>
      </trkpt>
      <trkpt lat="43.323250" lon="3.250070">
        <ele>8</ele>
        <time>2025-05-03T09:24:16+00:00</time>
      </trkpt>
      <trkpt lat="43.323250" lon="3.249040">
        <ele>8</ele>
        <time>2025-05-03T09:24:47+00:00</time>
      </trkpt>
      <trkpt lat="43.323300" lon="3.248640">
        <ele>8</ele>
        <time>2025-05-03T09:24:59+00:00</time>
      </trkpt>
      <trkpt lat="43.323530" lon="3.247600">
        <ele>8</ele>
        <time>2025-05-03T09:25:31+00:00</time>
      </trkpt>
      <trkpt lat="43.323970" lon="3.246640">
        <ele>9</ele>
        <time>2025-05-03T09:26:05+00:00</time>
      </trkpt>
      <trkpt lat="43.324300" lon="3.246220">
        <ele>8.5</ele>
      </trkpt>
      <trkpt lat="43.324570" lon="3.245920">
        <ele>9</ele>
        <time>2025-05-03T09:26:30+00:00</time>
      </trkpt>
      <trkpt lat="43.325940" lon="3.244640">
        <ele>9</ele>
        <time>2025-05-03T09:27:45+00:00</time>
      </trkpt>
      <trkpt lat="43.326500" lon="3.243990">
        <ele>10</ele>
        <time>2025-05-03T09:28:15+00:00</time>
      </trkpt>
      <trkpt lat="43.327040" lon="3.243210">
        <ele>9</ele>
        <time>2025-05-03T09:28:47+00:00</time>
      </trkpt>
      <trkpt lat="43.327200" lon="3.242860">
        <ele>9.1</ele>
      </trkpt>
      <trkpt lat="43.327520" lon="3.241970">
        <ele>8.9</ele>
        <time>2025-05-03T09:29:28+00:00</time>
      </trkpt>
      <trkpt lat="43.327750" lon="3.241120">
        <ele>8.9</ele>
      </trkpt>
      <trkpt lat="43.327930" lon="3.240210">
        <ele>8.9</ele>
        <time>2025-05-03T09:30:21+00:00</time>
      </trkpt>
      <trkpt lat="43.328230" lon="3.238320">
        <ele>8.4</ele>
        <time>2025-05-03T09:31:21+00:00</time>
      </trkpt>
      <trkpt lat="43.328350" lon="3.237220">
        <ele>9.1</ele>
      </trkpt>
      <trkpt lat="43.328400" lon="3.236300">
        <ele>9</ele>
        <time>2025-05-03T09:32:21+00:00</time>
      </trkpt>
      <trkpt lat="43.328340" lon="3.234330">
        <ele>9</ele>
        <time>2025-05-03T09:33:20+00:00</time>
      </trkpt>
      <trkpt lat="43.328410" lon="3.233760">
        <ele>10</ele>
        <time>2025-05-03T09:33:38+00:00</time>
      </trkpt>
      <trkpt lat="43.329080" lon="3.231920">
        <ele>11</ele>
        <time>2025-05-03T09:34:39+00:00</time>
      </trkpt>
      <trkpt lat="43.329740" lon="3.230770">
        <ele>10.1</ele>
      </trkpt>
      <trkpt lat="43.330070" lon="3.230250">
        <ele>10</ele>
        <time>2025-05-03T09:35:43+00:00</time>
      </trkpt>
      <trkpt lat="43.331260" lon="3.228490">
        <ele>10</ele>
        <time>2025-05-03T09:36:54+00:00</time>
      </trkpt>
      <trkpt lat="43.331730" lon="3.227610">
        <ele>10</ele>
        <time>2025-05-03T09:37:27+00:00</time>
      </trkpt>
      <trkpt lat="43.332130" lon="3.226530">
        <ele>9.2</ele>
        <time>2025-05-03T09:38:07+00:00</time>
      </trkpt>
      <trkpt lat="43.332410" lon="3.225370">
        <ele>9.8</ele>
      </trkpt>
      <trkpt lat="43.332630" lon="3.224230">
        <ele>11</ele>
        <time>2025-05-03T09:39:14+00:00</time>
      </trkpt>
      <trkpt lat="43.333010" lon="3.224340">
        <ele>11</ele>
        <time>2025-05-03T09:39:30+00:00</time>
      </trkpt>
      <trkpt lat="43.333130" lon="3.224050">
        <ele>10.8</ele>
        <time>2025-05-03T09:39:46+00:00</time>
      </trkpt>
      <trkpt lat="43.333140" lon="3.223700">
        <ele>10.6</ele>
        <time>2025-05-03T09:39:49+00:00</time>
      </trkpt>
      <trkpt lat="43.333270" lon="3.222650">
        <ele>11</ele>
        <time>2025-05-03T09:40:24+00:00</time>
      </trkpt>
      <trkpt lat="43.333380" lon="3.222170">
        <ele>11</ele>
        <time>2025-05-03T09:40:39+00:00</time>
      </trkpt>
      <trkpt lat="43.333510" lon="3.221740">
        <ele>12</ele>
        <time>2025-05-03T09:40:52+00:00</time>
      </trkpt>
      <trkpt lat="43.333500" lon="3.221330">
        <ele>13</ele>
        <time>2025-05-03T09:41:07+00:00</time>
      </trkpt>
      <trkpt lat="43.333660" lon="3.220780">
        <ele>12</ele>
        <time>2025-05-03T09:41:25+00:00</time>
      </trkpt>
      <trkpt lat="43.333830" lon="3.220660">
        <ele>13</ele>
        <time>2025-05-03T09:41:33+00:00</time>
      </trkpt>
      <trkpt lat="43.334660" lon="3.217880">
        <ele>13</ele>
        <time>2025-05-03T09:43:02+00:00</time>
      </trkpt>
      <trkpt lat="43.335140" lon="3.216350">
        <ele>12.7</ele>
        <time>2025-05-03T09:43:50+00:00</time>
      </trkpt>
      <trkpt lat="43.335190" lon="3.216330">
        <ele>13</ele>
      </trkpt>
      <trkpt lat="43.335210" lon="3.216100">
        <ele>14.1</ele>
      </trkpt>
      <trkpt lat="43.335410" lon="3.215140">
        <ele>17.6</ele>
        <time>2025-05-03T09:44:27+00:00</time>
      </trkpt>
      <trkpt lat="43.335520" lon="3.215050">
        <ele>17</ele>
        <time>2025-05-03T09:44:34+00:00</time>
      </trkpt>
      <trkpt lat="43.335580" lon="3.214340">
        <ele>18</ele>
        <time>2025-05-03T09:44:57+00:00</time>
      </trkpt>
      <trkpt lat="43.335490" lon="3.213970">
        <ele>17</ele>
        <time>2025-05-03T09:45:09+00:00</time>
      </trkpt>
      <trkpt lat="43.335350" lon="3.213670">
        <ele>17</ele>
        <time>2025-05-03T09:45:20+00:00</time>
      </trkpt>
      <trkpt lat="43.335190" lon="3.213450">
        <ele>13</ele>
        <time>2025-05-03T09:45:30+00:00</time>
      </trkpt>
      <trkpt lat="43.335080" lon="3.213360">
        <ele>9.3</ele>
        <time>2025-05-03T09:45:36+00:00</time>
      </trkpt>
      <trkpt lat="43.334200" lon="3.212060">
        <ele>11.1</ele>
        <time>2025-05-03T09:46:29+00:00</time>
      </trkpt>
      <trkpt lat="43.334190" lon="3.211950">
        <ele>13</ele>
        <time>2025-05-03T09:46:34+00:00</time>
      </trkpt>
      <trkpt lat="43.332760" lon="3.209850">
        <ele>17</ele>
        <time>2025-05-03T09:47:59+00:00</time>
      </trkpt>
      <trkpt lat="43.332210" lon="3.208920">
        <ele>18</ele>
        <time>2025-05-03T09:48:35+00:00</time>
      </trkpt>
      <trkpt lat="43.331490" lon="3.207280">
        <ele>16</ele>
        <time>2025-05-03T09:49:32+00:00</time>
      </trkpt>
      <trkpt lat="43.331110" lon="3.206120">
        <ele>18</ele>
      </trkpt>
      <trkpt lat="43.330840" lon="3.205180">
        <ele>18</ele>
        <time>2025-05-03T09:50:40+00:00</time>
      </trkpt>
      <trkpt lat="43.330710" lon="3.204450">
        <ele>15</ele>
        <time>2025-05-03T09:51:03+00:00</time>
      </trkpt>
      <trkpt lat="43.330650" lon="3.203730">
        <ele>16</ele>
        <time>2025-05-03T09:51:25+00:00</time>
      </trkpt>
      <trkpt lat="43.330670" lon="3.202960">
        <ele>16</ele>
        <time>2025-05-03T09:51:48+00:00</time>
      </trkpt>
      <trkpt lat="43.330770" lon="3.202260">
        <ele>17</ele>
        <time>2025-05-03T09:52:10+00:00</time>
      </trkpt>
      <trkpt lat="43.330990" lon="3.201310">
        <ele>17</ele>
        <time>2025-05-03T09:52:40+00:00</time>
      </trkpt>
      <trkpt lat="43.331080" lon="3.201110">
        <ele>16</ele>
        <time>2025-05-03T09:52:48+00:00</time>
      </trkpt>
      <trkpt lat="43.331240" lon="3.201020">
        <ele>16</ele>
        <time>2025-05-03T09:52:56+00:00</time>
      </trkpt>
      <trkpt lat="43.330190" lon="3.198180">
        <ele>32</ele>
        <time>2025-05-03T09:54:30+00:00</time>
      </trkpt>
      <trkpt lat="43.330130" lon="3.197880">
        <ele>32</ele>
        <time>2025-05-03T09:54:40+00:00</time>
      </trkpt>
      <trkpt lat="43.330130" lon="3.197580">
        <ele>32</ele>
        <time>2025-05-03T09:54:50+00:00</time>
      </trkpt>
      <trkpt lat="43.330210" lon="3.197200">
        <ele>33</ele>
        <time>2025-05-03T09:55:02+00:00</time>
      </trkpt>
      <trkpt lat="43.330440" lon="3.196680">
        <ele>32</ele>
        <time>2025-05-03T09:55:21+00:00</time>
      </trkpt>
      <trkpt lat="43.330490" lon="3.196510">
        <ele>32</ele>
        <time>2025-05-03T09:55:27+00:00</time>
      </trkpt>
      <trkpt lat="43.330530" lon="3.196120">
        <ele>33</ele>
        <time>2025-05-03T09:55:39+00:00</time>
      </trkpt>
      <trkpt lat="43.330480" lon="3.195540">
        <ele>32.5</ele>
      </trkpt>
      <trkpt lat="43.330460" lon="3.194930">
        <ele>32</ele>
        <time>2025-05-03T09:56:15+00:00</time>
      </trkpt>
      <trkpt lat="43.330600" lon="3.193990">
        <ele>32.6</ele>
      </trkpt>
      <trkpt lat="43.330670" lon="3.193560">
        <ele>32.5</ele>
      </trkpt>
      <trkpt lat="43.330700" lon="3.193070">
        <ele>33</ele>
        <time>2025-05-03T09:57:11+00:00</time>
      </trkpt>
      <trkpt lat="43.330670" lon="3.192610">
        <ele>32</ele>
        <time>2025-05-03T09:57:25+00:00</time>
      </trkpt>
      <trkpt lat="43.330580" lon="3.192250">
        <ele>33</ele>
        <time>2025-05-03T09:57:37+00:00</time>
      </trkpt>
      <trkpt lat="43.330500" lon="3.192110">
        <ele>34</ele>
        <time>2025-05-03T09:57:43+00:00</time>
      </trkpt>
      <trkpt lat="43.330180" lon="3.191930">
        <ele>33</ele>
        <time>2025-05-03T09:57:58+00:00</time>
      </trkpt>
      <trkpt lat="43.329270" lon="3.191560">
        <ele>32</ele>
        <time>2025-05-03T09:58:37+00:00</time>
      </trkpt>
      <trkpt lat="43.328990" lon="3.191330">
        <ele>32</ele>
        <time>2025-05-03T09:58:51+00:00</time>
      </trkpt>
      <trkpt lat="43.328320" lon="3.190250">
        <ele>33</ele>
        <time>2025-05-03T09:59:33+00:00</time>
      </trkpt>
      <trkpt lat="43.327710" lon="3.189480">
        <ele>36.1</ele>
        <time>2025-05-03T10:00:09+00:00</time>
      </trkpt>
      <trkpt lat="43.327640" lon="3.189310">
        <ele>34.5</ele>
        <time>2025-05-03T10:00:13+00:00</time>
      </trkpt>
      <trkpt lat="43.327230" lon="3.188650">
        <ele>34</ele>
        <time>2025-05-03T10:00:40+00:00</time>
      </trkpt>
      <trkpt lat="43.327080" lon="3.188400">
        <ele>33.6</ele>
      </trkpt>
      <trkpt lat="43.326950" lon="3.188010">
        <ele>33.8</ele>
        <time>2025-05-03T10:00:58+00:00</time>
      </trkpt>
      <trkpt lat="43.326910" lon="3.187770">
        <ele>32.8</ele>
      </trkpt>
      <trkpt lat="43.326900" lon="3.187540">
        <ele>33</ele>
        <time>2025-05-03T10:01:18+00:00</time>
      </trkpt>
      <trkpt lat="43.326910" lon="3.187230">
        <ele>32.9</ele>
      </trkpt>
      <trkpt lat="43.327050" lon="3.186230">
        <ele>33</ele>
        <time>2025-05-03T10:01:58+00:00</time>
      </trkpt>
      <trkpt lat="43.327210" lon="3.185380">
        <ele>35</ele>
        <time>2025-05-03T10:02:25+00:00</time>
      </trkpt>
      <trkpt lat="43.327140" lon="3.185130">
        <ele>34</ele>
        <time>2025-05-03T10:02:33+00:00</time>
      </trkpt>
      <trkpt lat="43.327230" lon="3.184420">
        <ele>34</ele>
        <time>2025-05-03T10:02:55+00:00</time>
      </trkpt>
      <trkpt lat="43.327240" lon="3.184200">
        <ele>33</ele>
        <time>2025-05-03T10:03:02+00:00</time>
      </trkpt>
      <trkpt lat="43.327200" lon="3.183890">
        <ele>32</ele>
        <time>2025-05-03T10:03:12+00:00</time>
      </trkpt>
      <trkpt lat="43.327360" lon="3.182560">
        <ele>34</ele>
        <time>2025-05-03T10:03:52+00:00</time>
      </trkpt>
      <trkpt lat="43.327500" lon="3.180650">
        <ele>33</ele>
        <time>2025-05-03T10:04:49+00:00</time>
      </trkpt>
      <trkpt lat="43.327560" lon="3.180320">
        <ele>33</ele>
        <time>2025-05-03T10:05:00+00:00</time>
      </trkpt>
      <trkpt lat="43.328120" lon="3.178300">
        <ele>33</ele>
        <time>2025-05-03T10:06:04+00:00</time>
      </trkpt>
      <trkpt lat="43.328240" lon="3.177630">
        <ele>35</ele>
        <time>2025-05-03T10:06:25+00:00</time>
      </trkpt>
      <trkpt lat="43.328260" lon="3.177240">
        <ele>35</ele>
        <time>2025-05-03T10:06:37+00:00</time>
      </trkpt>
      <trkpt lat="43.328180" lon="3.176560">
        <ele>33</ele>
        <time>2025-05-03T10:06:58+00:00</time>
      </trkpt>
      <trkpt lat="43.328200" lon="3.176190">
        <ele>34</ele>
        <time>2025-05-03T10:07:10+00:00</time>
      </trkpt>
      <trkpt lat="43.328170" lon="3.176110">
        <ele>34</ele>
        <time>2025-05-03T10:07:13+00:00</time>
      </trkpt>
      <trkpt lat="43.327810" lon="3.176240">
        <ele>34</ele>
        <time>2025-05-03T10:07:29+00:00</time>
      </trkpt>
      <trkpt lat="43.327320" lon="3.176350">
        <ele>35.1</ele>
        <time>2025-05-03T10:07:35+00:00</time>
      </trkpt>
      <trkpt lat="43.326970" lon="3.176410">
        <ele>36</ele>
      </trkpt>
      <trkpt lat="43.326630" lon="3.176410">
        <ele>37.2</ele>
      </trkpt>
      <trkpt lat="43.326400" lon="3.176250">
        <ele>37.5</ele>
      </trkpt>
      <trkpt lat="43.326160" lon="3.175900">
        <ele>38</ele>
      </trkpt>
      <trkpt lat="43.325950" lon="3.175460">
        <ele>37.9</ele>
      </trkpt>
      <trkpt lat="43.325480" lon="3.174200">
        <ele>36.4</ele>
      </trkpt>
      <trkpt lat="43.325250" lon="3.173690">
        <ele>35.4</ele>
      </trkpt>
      <trkpt lat="43.325040" lon="3.173000">
        <ele>34.8</ele>
      </trkpt>
      <trkpt lat="43.324480" lon="3.171650">
        <ele>33.8</ele>
      </trkpt>
      <trkpt lat="43.324340" lon="3.171290">
        <ele>34</ele>
        <time>2025-05-03T10:12:13+00:00</time>
      </trkpt>
      <trkpt lat="43.324010" lon="3.170660">
        <ele>34</ele>
        <time>2025-05-03T10:12:36+00:00</time>
      </trkpt>
      <trkpt lat="43.323270" lon="3.168570">
        <ele>33</ele>
        <time>2025-05-03T10:13:45+00:00</time>
      </trkpt>
      <trkpt lat="43.322940" lon="3.167310">
        <ele>34</ele>
        <time>2025-05-03T10:14:25+00:00</time>
      </trkpt>
      <trkpt lat="43.323030" lon="3.167160">
        <ele>33</ele>
        <time>2025-05-03T10:14:31+00:00</time>
      </trkpt>
      <trkpt lat="43.323150" lon="3.166120">
        <ele>34</ele>
        <time>2025-05-03T10:15:03+00:00</time>
      </trkpt>
      <trkpt lat="43.323090" lon="3.165660">
        <ele>35</ele>
        <time>2025-05-03T10:15:17+00:00</time>
      </trkpt>
      <trkpt lat="43.323000" lon="3.165350">
        <ele>35</ele>
        <time>2025-05-03T10:15:28+00:00</time>
      </trkpt>
      <trkpt lat="43.322810" lon="3.164950">
        <ele>35</ele>
        <time>2025-05-03T10:15:43+00:00</time>
      </trkpt>
      <trkpt lat="43.322310" lon="3.164210">
        <ele>34</ele>
        <time>2025-05-03T10:16:13+00:00</time>
      </trkpt>
      <trkpt lat="43.322150" lon="3.164070">
        <ele>34</ele>
        <time>2025-05-03T10:16:21+00:00</time>
      </trkpt>
      <trkpt lat="43.322070" lon="3.163800">
        <ele>34</ele>
        <time>2025-05-03T10:16:30+00:00</time>
      </trkpt>
      <trkpt lat="43.321640" lon="3.162750">
        <ele>35</ele>
        <time>2025-05-03T10:17:06+00:00</time>
      </trkpt>
      <trkpt lat="43.321480" lon="3.161900">
        <ele>33</ele>
        <time>2025-05-03T10:17:33+00:00</time>
      </trkpt>
      <trkpt lat="43.321480" lon="3.161810">
        <ele>32</ele>
        <time>2025-05-03T10:17:36+00:00</time>
      </trkpt>
      <trkpt lat="43.321540" lon="3.161700">
        <ele>31</ele>
        <time>2025-05-03T10:17:41+00:00</time>
      </trkpt>
      <trkpt lat="43.321570" lon="3.161250">
        <ele>32</ele>
        <time>2025-05-03T10:17:55+00:00</time>
      </trkpt>
      <trkpt lat="43.321730" lon="3.160570">
        <ele>33</ele>
        <time>2025-05-03T10:18:17+00:00</time>
      </trkpt>
      <trkpt lat="43.322690" lon="3.157830">
        <ele>34</ele>
        <time>2025-05-03T10:19:47+00:00</time>
      </trkpt>
      <trkpt lat="43.322800" lon="3.157330">
        <ele>35</ele>
        <time>2025-05-03T10:20:03+00:00</time>
      </trkpt>
      <trkpt lat="43.322820" lon="3.156990">
        <ele>36</ele>
        <time>2025-05-03T10:20:14+00:00</time>
      </trkpt>
      <trkpt lat="43.322800" lon="3.156620">
        <ele>35</ele>
        <time>2025-05-03T10:20:26+00:00</time>
      </trkpt>
      <trkpt lat="43.322740" lon="3.156320">
        <ele>35</ele>
        <time>2025-05-03T10:20:36+00:00</time>
      </trkpt>
      <trkpt lat="43.322640" lon="3.156060">
        <ele>34</ele>
        <time>2025-05-03T10:20:45+00:00</time>
      </trkpt>
      <trkpt lat="43.322510" lon="3.155880">
        <ele>34</ele>
        <time>2025-05-03T10:20:53+00:00</time>
      </trkpt>
      <trkpt lat="43.321120" lon="3.154370">
        <ele>34</ele>
        <time>2025-05-03T10:22:05+00:00</time>
      </trkpt>
      <trkpt lat="43.320310" lon="3.153630">
        <ele>35</ele>
        <time>2025-05-03T10:22:45+00:00</time>
      </trkpt>
      <trkpt lat="43.320080" lon="3.153340">
        <ele>35</ele>
        <time>2025-05-03T10:22:58+00:00</time>
      </trkpt>
      <trkpt lat="43.319940" lon="3.153100">
        <ele>35.4</ele>
      </trkpt>
      <trkpt lat="43.319840" lon="3.152780">
        <ele>35</ele>
        <time>2025-05-03T10:23:18+00:00</time>
      </trkpt>
      <trkpt lat="43.319680" lon="3.151500">
        <ele>35</ele>
        <time>2025-05-03T10:23:57+00:00</time>
      </trkpt>
      <trkpt lat="43.319600" lon="3.151160">
        <ele>35</ele>
        <time>2025-05-03T10:24:08+00:00</time>
      </trkpt>
      <trkpt lat="43.319530" lon="3.150980">
        <ele>35</ele>
        <time>2025-05-03T10:24:15+00:00</time>
      </trkpt>
      <trkpt lat="43.319360" lon="3.150740">
        <ele>36</ele>
        <time>2025-05-03T10:24:26+00:00</time>
      </trkpt>
      <trkpt lat="43.319210" lon="3.150600">
        <ele>36</ele>
        <time>2025-05-03T10:24:34+00:00</time>
      </trkpt>
      <trkpt lat="43.318600" lon="3.150220">
        <ele>34</ele>
        <time>2025-05-03T10:25:02+00:00</time>
      </trkpt>
      <trkpt lat="43.318380" lon="3.150150">
        <ele>34</ele>
        <time>2025-05-03T10:25:12+00:00</time>
      </trkpt>
      <trkpt lat="43.318070" lon="3.150130">
        <ele>34</ele>
        <time>2025-05-03T10:25:25+00:00</time>
      </trkpt>
      <trkpt lat="43.317050" lon="3.149970">
        <ele>34</ele>
        <time>2025-05-03T10:26:07+00:00</time>
      </trkpt>
      <trkpt lat="43.316710" lon="3.149870">
        <ele>34</ele>
        <time>2025-05-03T10:26:22+00:00</time>
      </trkpt>
      <trkpt lat="43.316450" lon="3.149660">
        <ele>34</ele>
        <time>2025-05-03T10:26:35+00:00</time>
      </trkpt>
      <trkpt lat="43.316140" lon="3.149330">
        <ele>34</ele>
        <time>2025-05-03T10:26:51+00:00</time>
      </trkpt>
      <trkpt lat="43.315420" lon="3.148120">
        <ele>33</ele>
        <time>2025-05-03T10:27:38+00:00</time>
      </trkpt>
      <trkpt lat="43.315290" lon="3.148160">
        <ele>33</ele>
        <time>2025-05-03T10:27:44+00:00</time>
      </trkpt>
      <trkpt lat="43.315170" lon="3.148000">
        <ele>34</ele>
        <time>2025-05-03T10:27:51+00:00</time>
      </trkpt>
      <trkpt lat="43.315120" lon="3.147650">
        <ele>34</ele>
        <time>2025-05-03T10:28:02+00:00</time>
      </trkpt>
      <trkpt lat="43.314540" lon="3.146230">
        <ele>34</ele>
        <time>2025-05-03T10:28:50+00:00</time>
      </trkpt>
      <trkpt lat="43.314290" lon="3.145470">
        <ele>34.1</ele>
      </trkpt>
      <trkpt lat="43.313960" lon="3.144340">
        <ele>34</ele>
        <time>2025-05-03T10:29:51+00:00</time>
      </trkpt>
      <trkpt lat="43.313370" lon="3.142670">
        <ele>36</ele>
        <time>2025-05-03T10:30:46+00:00</time>
      </trkpt>
      <trkpt lat="43.312450" lon="3.141600">
        <ele>42</ele>
        <time>2025-05-03T10:31:36+00:00</time>
      </trkpt>
      <trkpt lat="43.312100" lon="3.142110">
        <ele>42</ele>
        <time>2025-05-03T10:31:57+00:00</time>
      </trkpt>
      <trkpt lat="43.311890" lon="3.142170">
        <ele>42</ele>
        <time>2025-05-03T10:32:06+00:00</time>
      </trkpt>
      <trkpt lat="43.311800" lon="3.142150">
        <ele>42</ele>
        <time>2025-05-03T10:32:10+00:00</time>
      </trkpt>
      <trkpt lat="43.311780" lon="3.142270">
        <ele>42</ele>
        <time>2025-05-03T10:32:14+00:00</time>
      </trkpt>
      <trkpt lat="43.308450" lon="3.141930">
        <ele>46.5</ele>
      </trkpt>
      <trkpt lat="43.307650" lon="3.141880">
        <ele>50.3</ele>
        <time>2025-05-03T10:35:02+00:00</time>
      </trkpt>
      <trkpt lat="43.307490" lon="3.141930">
        <ele>51.1</ele>
      </trkpt>
      <trkpt lat="43.307190" lon="3.141970">
        <ele>52</ele>
        <time>2025-05-03T10:35:22+00:00</time>
      </trkpt>
      <trkpt lat="43.306460" lon="3.141840">
        <ele>53</ele>
      </trkpt>
      <trkpt lat="43.306300" lon="3.141840">
        <ele>53</ele>
        <time>2025-05-03T10:35:59+00:00</time>
      </trkpt>
      <trkpt lat="43.305880" lon="3.141950">
        <ele>54</ele>
        <time>2025-05-03T10:36:17+00:00</time>
      </trkpt>
      <trkpt lat="43.305580" lon="3.141900">
        <ele>54</ele>
        <time>2025-05-03T10:36:30+00:00</time>
      </trkpt>
      <trkpt lat="43.305390" lon="3.141900">
        <ele>55.7</ele>
      </trkpt>
      <trkpt lat="43.305380" lon="3.141960">
        <ele>55.9</ele>
        <time>2025-05-03T10:36:38+00:00</time>
      </trkpt>
      <trkpt lat="43.305370" lon="3.143990">
        <ele>62</ele>
        <time>2025-05-03T10:37:38+00:00</time>
      </trkpt>
      <trkpt lat="43.305180" lon="3.144030">
        <ele>63</ele>
        <time>2025-05-03T10:37:46+00:00</time>
      </trkpt>
      <trkpt lat="43.304950" lon="3.144000">
        <ele>63.7</ele>
      </trkpt>
      <trkpt lat="43.304120" lon="3.144020">
        <ele>63.8</ele>
        <time>2025-05-03T10:38:32+00:00</time>
      </trkpt>
      <trkpt lat="43.304060" lon="3.143980">
        <ele>63.6</ele>
      </trkpt>
      <trkpt lat="43.303930" lon="3.144030">
        <ele>63.1</ele>
      </trkpt>
      <trkpt lat="43.302130" lon="3.144290">
        <ele>55</ele>
        <time>2025-05-03T10:39:51+00:00</time>
      </trkpt>
      <trkpt lat="43.301260" lon="3.144460">
        <ele>55</ele>
        <time>2025-05-03T10:40:27+00:00</time>
      </trkpt>
      <trkpt lat="43.300880" lon="3.144490">
        <ele>55</ele>
        <time>2025-05-03T10:40:43+00:00</time>
      </trkpt>
      <trkpt lat="43.301260" lon="3.146140">
        <ele>56</ele>
        <time>2025-05-03T10:41:35+00:00</time>
      </trkpt>
      <trkpt lat="43.301330" lon="3.146510">
        <ele>56</ele>
        <time>2025-05-03T10:41:47+00:00</time>
      </trkpt>
      <trkpt lat="43.301350" lon="3.146880">
        <ele>56</ele>
        <time>2025-05-03T10:41:59+00:00</time>
      </trkpt>
      <trkpt lat="43.301590" lon="3.147890">
        <ele>57</ele>
        <time>2025-05-03T10:42:31+00:00</time>
      </trkpt>
      <trkpt lat="43.301750" lon="3.148740">
        <ele>57</ele>
        <time>2025-05-03T10:42:58+00:00</time>
      </trkpt>
      <trkpt lat="43.302110" lon="3.151030">
        <ele>60</ele>
        <time>2025-05-03T10:44:08+00:00</time>
      </trkpt>
      <trkpt lat="43.302410" lon="3.152340">
        <ele>62</ele>
        <time>2025-05-03T10:44:49+00:00</time>
      </trkpt>
      <trkpt lat="43.300990" lon="3.152480">
        <ele>63.9</ele>
      </trkpt>
      <trkpt lat="43.300560" lon="3.152550">
        <ele>64.2</ele>
        <time>2025-05-03T10:46:03+00:00</time>
      </trkpt>
      <trkpt lat="43.300220" lon="3.152640">
        <ele>65</ele>
        <time>2025-05-03T10:46:19+00:00</time>
      </trkpt>
      <trkpt lat="43.299880" lon="3.152840">
        <ele>66</ele>
        <time>2025-05-03T10:46:35+00:00</time>
      </trkpt>
      <trkpt lat="43.299390" lon="3.153490">
        <ele>67</ele>
        <time>2025-05-03T10:47:03+00:00</time>
      </trkpt>
      <trkpt lat="43.298680" lon="3.154740">
        <ele>64.6</ele>
      </trkpt>
      <trkpt lat="43.298590" lon="3.154930">
        <ele>63.7</ele>
      </trkpt>
      <trkpt lat="43.298380" lon="3.155230">
        <ele>63</ele>
        <time>2025-05-03T10:48:09+00:00</time>
      </trkpt>
      <trkpt lat="43.298040" lon="3.155630">
        <ele>62</ele>
        <time>2025-05-03T10:48:28+00:00</time>
      </trkpt>
      <trkpt lat="43.297800" lon="3.155780">
        <ele>61</ele>
        <time>2025-05-03T10:48:39+00:00</time>
      </trkpt>
      <trkpt lat="43.297400" lon="3.155910">
        <ele>60</ele>
        <time>2025-05-03T10:48:56+00:00</time>
      </trkpt>
      <trkpt lat="43.296920" lon="3.155930">
        <ele>60</ele>
        <time>2025-05-03T10:49:16+00:00</time>
      </trkpt>
      <trkpt lat="43.296200" lon="3.156030">
        <ele>60</ele>
        <time>2025-05-03T10:49:46+00:00</time>
      </trkpt>
      <trkpt lat="43.295920" lon="3.156130">
        <ele>60</ele>
        <time>2025-05-03T10:49:58+00:00</time>
      </trkpt>
      <trkpt lat="43.295440" lon="3.156370">
        <ele>60</ele>
        <time>2025-05-03T10:50:19+00:00</time>
      </trkpt>
      <trkpt lat="43.294900" lon="3.156880">
        <ele>60</ele>
        <time>2025-05-03T10:50:46+00:00</time>
      </trkpt>
      <trkpt lat="43.294750" lon="3.157100">
        <ele>61</ele>
        <time>2025-05-03T10:50:56+00:00</time>
      </trkpt>
      <trkpt lat="43.294590" lon="3.157480">
        <ele>61</ele>
        <time>2025-05-03T10:51:10+00:00</time>
      </trkpt>
      <trkpt lat="43.294480" lon="3.158140">
        <ele>62</ele>
        <time>2025-05-03T10:51:30+00:00</time>
      </trkpt>
      <trkpt lat="43.294410" lon="3.157950">
        <ele>62</ele>
        <time>2025-05-03T10:51:37+00:00</time>
      </trkpt>
      <trkpt lat="43.294360" lon="3.157420">
        <ele>63</ele>
        <time>2025-05-03T10:51:53+00:00</time>
      </trkpt>
      <trkpt lat="43.294340" lon="3.156430">
        <ele>66</ele>
        <time>2025-05-03T10:52:23+00:00</time>
      </trkpt>
      <trkpt lat="43.294370" lon="3.155820">
        <ele>71</ele>
        <time>2025-05-03T10:52:42+00:00</time>
      </trkpt>
      <trkpt lat="43.294760" lon="3.154850">
        <ele>74</ele>
        <time>2025-05-03T10:53:15+00:00</time>
      </trkpt>
      <trkpt lat="43.294850" lon="3.154520">
        <ele>75</ele>
        <time>2025-05-03T10:53:26+00:00</time>
      </trkpt>
      <trkpt lat="43.294940" lon="3.153670">
        <ele>76.5</ele>
      </trkpt>
      <trkpt lat="43.294960" lon="3.152880">
        <ele>77</ele>
        <time>2025-05-03T10:54:15+00:00</time>
      </trkpt>
      <trkpt lat="43.294930" lon="3.152330">
        <ele>77</ele>
        <time>2025-05-03T10:54:32+00:00</time>
      </trkpt>
      <trkpt lat="43.295000" lon="3.150600">
        <ele>74</ele>
        <time>2025-05-03T10:55:24+00:00</time>
      </trkpt>
      <trkpt lat="43.294960" lon="3.150110">
        <ele>73</ele>
        <time>2025-05-03T10:55:39+00:00</time>
      </trkpt>
      <trkpt lat="43.294600" lon="3.150210">
        <ele>74</ele>
        <time>2025-05-03T10:55:54+00:00</time>
      </trkpt>
      <trkpt lat="43.293900" lon="3.150510">
        <ele>75</ele>
        <time>2025-05-03T10:56:24+00:00</time>
      </trkpt>
      <trkpt lat="43.293510" lon="3.150570">
        <ele>75</ele>
        <time>2025-05-03T10:56:40+00:00</time>
      </trkpt>
      <trkpt lat="43.292410" lon="3.150870">
        <ele>75</ele>
        <time>2025-05-03T10:57:26+00:00</time>
      </trkpt>
      <trkpt lat="43.291810" lon="3.150870">
        <ele>74</ele>
        <time>2025-05-03T10:57:51+00:00</time>
      </trkpt>
      <trkpt lat="43.291450" lon="3.150800">
        <ele>75</ele>
        <time>2025-05-03T10:58:06+00:00</time>
      </trkpt>
      <trkpt lat="43.291210" lon="3.150720">
        <ele>74</ele>
        <time>2025-05-03T10:58:17+00:00</time>
      </trkpt>
      <trkpt lat="43.290800" lon="3.150490">
        <ele>75</ele>
        <time>2025-05-03T10:58:36+00:00</time>
      </trkpt>
      <trkpt lat="43.289930" lon="3.149740">
        <ele>73</ele>
        <time>2025-05-03T10:59:18+00:00</time>
      </trkpt>
      <trkpt lat="43.289870" lon="3.149610">
        <ele>74</ele>
        <time>2025-05-03T10:59:23+00:00</time>
      </trkpt>
      <trkpt lat="43.289780" lon="3.149220">
        <ele>74</ele>
        <time>2025-05-03T10:59:36+00:00</time>
      </trkpt>
      <trkpt lat="43.289720" lon="3.149090">
        <ele>74</ele>
        <time>2025-05-03T10:59:41+00:00</time>
      </trkpt>
      <trkpt lat="43.289600" lon="3.148950">
        <ele>75</ele>
        <time>2025-05-03T10:59:48+00:00</time>
      </trkpt>
      <trkpt lat="43.289300" lon="3.148850">
        <ele>77</ele>
        <time>2025-05-03T11:00:01+00:00</time>
      </trkpt>
      <trkpt lat="43.289160" lon="3.148900">
        <ele>77</ele>
        <time>2025-05-03T11:00:08+00:00</time>
      </trkpt>
      <trkpt lat="43.288780" lon="3.148830">
        <ele>78</ele>
        <time>2025-05-03T11:00:24+00:00</time>
      </trkpt>
      <trkpt lat="43.288660" lon="3.148380">
        <ele>79.1</ele>
      </trkpt>
      <trkpt lat="43.288540" lon="3.148080">
        <ele>80</ele>
        <time>2025-05-03T11:00:49+00:00</time>
      </trkpt>
      <trkpt lat="43.288460" lon="3.147940">
        <ele>80</ele>
        <time>2025-05-03T11:00:55+00:00</time>
      </trkpt>
      <trkpt lat="43.288240" lon="3.147800">
        <ele>80.9</ele>
      </trkpt>
      <trkpt lat="43.287980" lon="3.147590">
        <ele>81.5</ele>
      </trkpt>
      <trkpt lat="43.287740" lon="3.147510">
        <ele>81.1</ele>
      </trkpt>
      <trkpt lat="43.287340" lon="3.147360">
        <ele>82.6</ele>
      </trkpt>
      <trkpt lat="43.287150" lon="3.147210">
        <ele>83</ele>
      </trkpt>
      <trkpt lat="43.286840" lon="3.146820">
        <ele>84</ele>
      </trkpt>
      <trkpt lat="43.286510" lon="3.146550">
        <ele>84.2</ele>
      </trkpt>
      <trkpt lat="43.286140" lon="3.146110">
        <ele>84.9</ele>
      </trkpt>
      <trkpt lat="43.285980" lon="3.146060">
        <ele>84.9</ele>
      </trkpt>
      <trkpt lat="43.285780" lon="3.146060">
        <ele>85</ele>
      </trkpt>
      <trkpt lat="43.285470" lon="3.146010">
        <ele>84.8</ele>
      </trkpt>
      <trkpt lat="43.285190" lon="3.146020">
        <ele>83.9</ele>
      </trkpt>
      <trkpt lat="43.285370" lon="3.145370">
        <ele>84.8</ele>
      </trkpt>
      <trkpt lat="43.285440" lon="3.145070">
        <ele>84.7</ele>
      </trkpt>
      <trkpt lat="43.285490" lon="3.144690">
        <ele>82.4</ele>
        <time>2025-05-03T11:04:24+00:00</time>
      </trkpt>
      <trkpt lat="43.285610" lon="3.144290">
        <ele>81</ele>
        <time>2025-05-03T11:04:34+00:00</time>
      </trkpt>
      <trkpt lat="43.285720" lon="3.143820">
        <ele>76.4</ele>
        <time>2025-05-03T11:04:45+00:00</time>
      </trkpt>
      <trkpt lat="43.285500" lon="3.144000">
        <ele>76.9</ele>
        <time>2025-05-03T11:04:59+00:00</time>
      </trkpt>
      <trkpt lat="43.285240" lon="3.144100">
        <ele>73.8</ele>
        <time>2025-05-03T11:05:04+00:00</time>
      </trkpt>
      <trkpt lat="43.284970" lon="3.144090">
        <ele>70</ele>
        <time>2025-05-03T11:05:09+00:00</time>
      </trkpt>
      <trkpt lat="43.284530" lon="3.143880">
        <ele>65</ele>
        <time>2025-05-03T11:05:28+00:00</time>
      </trkpt>
      <trkpt lat="43.284470" lon="3.143680">
        <ele>64</ele>
        <time>2025-05-03T11:05:35+00:00</time>
      </trkpt>
      <trkpt lat="43.284280" lon="3.143400">
        <ele>61</ele>
        <time>2025-05-03T11:05:47+00:00</time>
      </trkpt>
      <trkpt lat="43.283870" lon="3.142660">
        <ele>61</ele>
        <time>2025-05-03T11:06:15+00:00</time>
      </trkpt>
      <trkpt lat="43.283770" lon="3.142540">
        <ele>62</ele>
        <time>2025-05-03T11:06:21+00:00</time>
      </trkpt>
      <trkpt lat="43.283770" lon="3.142540">
        <ele>61.7</ele>
      </trkpt>
      <trkpt lat="43.283710" lon="3.142550">
        <ele>62.1</ele>
      </trkpt>
      <trkpt lat="43.283600" lon="3.142680">
        <ele>62.4</ele>
      </trkpt>
      <trkpt lat="43.283500" lon="3.142670">
        <ele>62.9</ele>
      </trkpt>
      <trkpt lat="43.283440" lon="3.142600">
        <ele>63.7</ele>
      </trkpt>
      <trkpt lat="43.283430" lon="3.142540">
        <ele>64.1</ele>
      </trkpt>
      <trkpt lat="43.283490" lon="3.142420">
        <ele>64.2</ele>
      </trkpt>
      <trkpt lat="43.283510" lon="3.142300">
        <ele>64.4</ele>
      </trkpt>
      <trkpt lat="43.283360" lon="3.141950">
        <ele>65.9</ele>
      </trkpt>
      <trkpt lat="43.283280" lon="3.141730">
        <ele>67.2</ele>
      </trkpt>
      <trkpt lat="43.283260" lon="3.141230">
        <ele>68.1</ele>
      </trkpt>
      <trkpt lat="43.283260" lon="3.141050">
        <ele>68.4</ele>
      </trkpt>
      <trkpt lat="43.283170" lon="3.140710">
        <ele>69.5</ele>
      </trkpt>
      <trkpt lat="43.283130" lon="3.140510">
        <ele>70.2</ele>
      </trkpt>
      <trkpt lat="43.283130" lon="3.140250">
        <ele>70.2</ele>
      </trkpt>
      <trkpt lat="43.283130" lon="3.140030">
        <ele>70.2</ele>
      </trkpt>
      <trkpt lat="43.283060" lon="3.139750">
        <ele>71</ele>
      </trkpt>
      <trkpt lat="43.283040" lon="3.139530">
        <ele>71.2</ele>
      </trkpt>
      <trkpt lat="43.283030" lon="3.139180">
        <ele>69.5</ele>
      </trkpt>
      <trkpt lat="43.282950" lon="3.138810">
        <ele>68.9</ele>
      </trkpt>
      <trkpt lat="43.282770" lon="3.138320">
        <ele>70.1</ele>
      </trkpt>
      <trkpt lat="43.282720" lon="3.138050">
        <ele>70.8</ele>
      </trkpt>
      <trkpt lat="43.282730" lon="3.137180">
        <ele>67.7</ele>
      </trkpt>
      <trkpt lat="43.282720" lon="3.136960">
        <ele>67.9</ele>
      </trkpt>
      <trkpt lat="43.282680" lon="3.136870">
        <ele>68.3</ele>
      </trkpt>
      <trkpt lat="43.282660" lon="3.136710">
        <ele>68.3</ele>
      </trkpt>
      <trkpt lat="43.282660" lon="3.136550">
        <ele>67.9</ele>
      </trkpt>
      <trkpt lat="43.282620" lon="3.136130">
        <ele>66.7</ele>
      </trkpt>
      <trkpt lat="43.282570" lon="3.135660">
        <ele>65.6</ele>
      </trkpt>
      <trkpt lat="43.282510" lon="3.135240">
        <ele>65</ele>
      </trkpt>
      <trkpt lat="43.282500" lon="3.134870">
        <ele>65</ele>
      </trkpt>
      <trkpt lat="43.282480" lon="3.134700">
        <ele>65.2</ele>
      </trkpt>
      <trkpt lat="43.282360" lon="3.134220">
        <ele>66.5</ele>
      </trkpt>
      <trkpt lat="43.282350" lon="3.133830">
        <ele>66.5</ele>
      </trkpt>
      <trkpt lat="43.282260" lon="3.133380">
        <ele>66.6</ele>
      </trkpt>
      <trkpt lat="43.282230" lon="3.133250">
        <ele>66.6</ele>
      </trkpt>
      <trkpt lat="43.282190" lon="3.132960">
        <ele>66.4</ele>
      </trkpt>
      <trkpt lat="43.282190" lon="3.132490">
        <ele>65.3</ele>
      </trkpt>
      <trkpt lat="43.282170" lon="3.132280">
        <ele>64.9</ele>
      </trkpt>
      <trkpt lat="43.282190" lon="3.131830">
        <ele>64.4</ele>
      </trkpt>
      <trkpt lat="43.282220" lon="3.131510">
        <ele>64</ele>
      </trkpt>
      <trkpt lat="43.282270" lon="3.131210">
        <ele>62.3</ele>
      </trkpt>
      <trkpt lat="43.282250" lon="3.131000">
        <ele>61.3</ele>
      </trkpt>
      <trkpt lat="43.282160" lon="3.130700">
        <ele>60.7</ele>
      </trkpt>
      <trkpt lat="43.282110" lon="3.130460">
        <ele>60.2</ele>
      </trkpt>
      <trkpt lat="43.281980" lon="3.130300">
        <ele>61.6</ele>
      </trkpt>
      <trkpt lat="43.281830" lon="3.130100">
        <ele>63.3</ele>
      </trkpt>
      <trkpt lat="43.281740" lon="3.129940">
        <ele>64</ele>
      </trkpt>
      <trkpt lat="43.281620" lon="3.129620">
        <ele>64.2</ele>
      </trkpt>
      <trkpt lat="43.281550" lon="3.129540">
        <ele>64.6</ele>
      </trkpt>
      <trkpt lat="43.281470" lon="3.129250">
        <ele>64.9</ele>
      </trkpt>
      <trkpt lat="43.281380" lon="3.129170">
        <ele>66.1</ele>
      </trkpt>
      <trkpt lat="43.280960" lon="3.129380">
        <ele>69.3</ele>
      </trkpt>
      <trkpt lat="43.280960" lon="3.129210">
        <ele>68.7</ele>
      </trkpt>
      <trkpt lat="43.281000" lon="3.129090">
        <ele>67.8</ele>
      </trkpt>
      <trkpt lat="43.281050" lon="3.129030">
        <ele>67.2</ele>
      </trkpt>
      <trkpt lat="43.281120" lon="3.128850">
        <ele>65.8</ele>
      </trkpt>
      <trkpt lat="43.281130" lon="3.128750">
        <ele>65.3</ele>
      </trkpt>
      <trkpt lat="43.281010" lon="3.128800">
        <ele>66.1</ele>
      </trkpt>
      <trkpt lat="43.280590" lon="3.129050">
        <ele>64.3</ele>
      </trkpt>
      <trkpt lat="43.280280" lon="3.129470">
        <ele>57</ele>
      </trkpt>
      <trkpt lat="43.280130" lon="3.129670">
        <ele>55.7</ele>
      </trkpt>
      <trkpt lat="43.279860" lon="3.129970">
        <ele>50.8</ele>
      </trkpt>
      <trkpt lat="43.279450" lon="3.130370">
        <ele>44.8</ele>
      </trkpt>
      <trkpt lat="43.279130" lon="3.130810">
        <ele>38.8</ele>
      </trkpt>
      <trkpt lat="43.278990" lon="3.130970">
        <ele>37.2</ele>
      </trkpt>
      <trkpt lat="43.278850" lon="3.131060">
        <ele>35.6</ele>
      </trkpt>
      <trkpt lat="43.278220" lon="3.131040">
        <ele>28.6</ele>
      </trkpt>
      <trkpt lat="43.277910" lon="3.130890">
        <ele>24</ele>
      </trkpt>
      <trkpt lat="43.277660" lon="3.130830">
        <ele>21.2</ele>
      </trkpt>
      <trkpt lat="43.277380" lon="3.130840">
        <ele>19.1</ele>
      </trkpt>
      <trkpt lat="43.276790" lon="3.131020">
        <ele>14.7</ele>
      </trkpt>
      <trkpt lat="43.276690" lon="3.131050">
        <ele>14.1</ele>
      </trkpt>
      <trkpt lat="43.276580" lon="3.131050">
        <ele>13.6</ele>
      </trkpt>
      <trkpt lat="43.276470" lon="3.131040">
        <ele>13.1</ele>
      </trkpt>
      <trkpt lat="43.276220" lon="3.130970">
        <ele>11.2</ele>
      </trkpt>
      <trkpt lat="43.275150" lon="3.130670">
        <ele>7</ele>
      </trkpt>
      <trkpt lat="43.275140" lon="3.130900">
        <ele>7</ele>
      </trkpt>
      <trkpt lat="43.274870" lon="3.132180">
        <ele>6.4</ele>
      </trkpt>
      <trkpt lat="43.274910" lon="3.132480">
        <ele>6.4</ele>
      </trkpt>
      <trkpt lat="43.274980" lon="3.132690">
        <ele>6.3</ele>
        <time>2024-12-27T08:48:09Z</time>
      </trkpt>
      <trkpt lat="43.274970" lon="3.132920">
        <ele>6</ele>
      </trkpt>
      <trkpt lat="43.274960" lon="3.133080">
        <ele>5.9</ele>
      </trkpt>
      <trkpt lat="43.274960" lon="3.133790">
        <ele>5.8</ele>
        <time>2024-12-27T08:47:58Z</time>
      </trkpt>
      <trkpt lat="43.274920" lon="3.134370">
        <ele>6.1</ele>
      </trkpt>
      <trkpt lat="43.274850" lon="3.134590">
        <ele>5.6</ele>
        <time>2024-12-27T08:47:41Z</time>
      </trkpt>
      <trkpt lat="43.274620" lon="3.135130">
        <ele>5.8</ele>
        <time>2024-12-27T08:47:29Z</time>
      </trkpt>
      <trkpt lat="43.274540" lon="3.135350">
        <ele>6</ele>
      </trkpt>
      <trkpt lat="43.274460" lon="3.135680">
        <ele>4.8</ele>
        <time>2024-12-27T08:47:19Z</time>
      </trkpt>
      <trkpt lat="43.274320" lon="3.135790">
        <ele>4.4</ele>
        <time>2024-12-27T08:47:15Z</time>
      </trkpt>
      <trkpt lat="43.273920" lon="3.135950">
        <ele>3.1</ele>
        <time>2024-12-27T08:47:02Z</time>
      </trkpt>
      <trkpt lat="43.273700" lon="3.136100">
        <ele>3</ele>
        <time>2024-12-27T08:46:55Z</time>
      </trkpt>
      <trkpt lat="43.273550" lon="3.136170">
        <ele>3</ele>
      </trkpt>
      <trkpt lat="43.273190" lon="3.136280">
        <ele>2.5</ele>
      </trkpt>
      <trkpt lat="43.272710" lon="3.136450">
        <ele>2</ele>
        <time>2024-12-27T08:46:37Z</time>
      </trkpt>
      <trkpt lat="43.271320" lon="3.137060">
        <ele>-1.4</ele>
        <time>2024-12-27T08:45:53Z</time>
      </trkpt>
      <trkpt lat="43.270860" lon="3.137480">
        <ele>-1.4</ele>
        <time>2024-12-27T08:45:40Z</time>
      </trkpt>
      <trkpt lat="43.270790" lon="3.137600">
        <ele>-1.6</ele>
        <time>2024-12-27T08:45:37Z</time>
      </trkpt>
      <trkpt lat="43.270790" lon="3.137750">
        <ele>2</ele>
      </trkpt>
      <trkpt lat="43.270810" lon="3.137900">
        <ele>-1.6</ele>
        <time>2024-12-27T08:45:31Z</time>
      </trkpt>
      <trkpt lat="43.270810" lon="3.138050">
        <ele>2</ele>
        <time>2024-12-27T08:44:42Z</time>
      </trkpt>
      <trkpt lat="43.270740" lon="3.138110">
        <ele>-1.6</ele>
        <time>2024-12-27T08:44:37Z</time>
      </trkpt>
      <trkpt lat="43.270530" lon="3.138010">
        <ele>-1.6</ele>
        <time>2024-12-27T08:44:31Z</time>
      </trkpt>
      <trkpt lat="43.270430" lon="3.138020">
        <ele>2</ele>
      </trkpt>
      <trkpt lat="43.270060" lon="3.138180">
        <ele>2</ele>
        <time>2024-12-27T08:44:25Z</time>
      </trkpt>
      <trkpt lat="43.269730" lon="3.138300">
        <ele>2</ele>
      </trkpt>
      <trkpt lat="43.269430" lon="3.138400">
        <ele>-2</ele>
        <time>2024-12-27T08:44:03Z</time>
      </trkpt>
      <trkpt lat="43.269230" lon="3.138550">
        <ele>-2</ele>
        <time>2024-12-27T08:43:57Z</time>
      </trkpt>
      <trkpt lat="43.269140" lon="3.138770">
        <ele>-2</ele>
        <time>2024-12-27T08:43:52Z</time>
      </trkpt>
      <trkpt lat="43.269030" lon="3.139840">
        <ele>2</ele>
        <time>2024-12-27T08:43:33Z</time>
      </trkpt>
      <trkpt lat="43.268880" lon="3.140390">
        <ele>2</ele>
        <time>2024-12-27T08:43:25Z</time>
      </trkpt>
      <trkpt lat="43.268840" lon="3.140780">
        <ele>2</ele>
        <time>2024-12-27T08:43:19Z</time>
      </trkpt>
      <trkpt lat="43.268870" lon="3.141310">
        <ele>2</ele>
        <time>2024-12-27T08:43:09Z</time>
      </trkpt>
      <trkpt lat="43.268840" lon="3.141930">
        <ele>2</ele>
        <time>2024-12-27T08:41:53Z</time>
      </trkpt>
      <trkpt lat="43.268740" lon="3.142300">
        <ele>2</ele>
        <time>2024-12-27T08:41:44Z</time>
      </trkpt>
      <trkpt lat="43.268680" lon="3.142520">
        <ele>2</ele>
        <time>2024-12-27T08:41:41Z</time>
      </trkpt>
      <trkpt lat="43.268700" lon="3.142790">
        <ele>2</ele>
      </trkpt>
      <trkpt lat="43.268810" lon="3.143230">
        <ele>2</ele>
        <time>2024-12-27T08:41:35Z</time>
      </trkpt>
      <trkpt lat="43.268830" lon="3.143500">
        <ele>2</ele>
        <time>2024-12-27T08:41:27Z</time>
      </trkpt>
      <trkpt lat="43.268800" lon="3.143610">
        <ele>2</ele>
        <time>2024-12-27T08:41:23Z</time>
      </trkpt>
      <trkpt lat="43.268720" lon="3.143670">
        <ele>2</ele>
      </trkpt>
      <trkpt lat="43.268540" lon="3.143730">
        <ele>2</ele>
        <time>2024-12-27T08:41:16Z</time>
      </trkpt>
      <trkpt lat="43.268210" lon="3.143740">
        <ele>-1.6</ele>
        <time>2024-12-27T08:41:08Z</time>
      </trkpt>
      <trkpt lat="43.267030" lon="3.143470">
        <ele>2</ele>
        <time>2024-12-27T08:40:37Z</time>
      </trkpt>
      <trkpt lat="43.266430" lon="3.143320">
        <ele>2</ele>
        <time>2024-12-27T08:37:46Z</time>
      </trkpt>
      <trkpt lat="43.266330" lon="3.143300">
        <ele>2</ele>
        <time>2024-12-27T08:37:42Z</time>
      </trkpt>
      <trkpt lat="43.266220" lon="3.143390">
        <ele>2</ele>
        <time>2024-12-27T08:37:41Z</time>
      </trkpt>
      <trkpt lat="43.266180" lon="3.143680">
        <ele>2</ele>
      </trkpt>
      <trkpt lat="43.266130" lon="3.143950">
        <ele>2.2</ele>
        <time>2024-12-27T08:37:30Z</time>
      </trkpt>
      <trkpt lat="43.266080" lon="3.144040">
        <ele>2.6</ele>
        <time>2024-12-27T08:37:26Z</time>
      </trkpt>
      <trkpt lat="43.265980" lon="3.144060">
        <ele>2.8</ele>
        <time>2024-12-27T08:37:22Z</time>
      </trkpt>
      <trkpt lat="43.265760" lon="3.143830">
        <ele>2.8</ele>
        <time>2024-12-27T08:37:14Z</time>
      </trkpt>
      <trkpt lat="43.265160" lon="3.143570">
        <ele>2.4</ele>
        <time>2024-12-27T08:36:56Z</time>
      </trkpt>
      <trkpt lat="43.265050" lon="3.143550">
        <ele>2.6</ele>
      </trkpt>
      <trkpt lat="43.264940" lon="3.143600">
        <ele>3</ele>
        <time>2024-12-27T08:36:52Z</time>
      </trkpt>
      <trkpt lat="43.264800" lon="3.143490">
        <ele>2.6</ele>
      </trkpt>
      <trkpt lat="43.264670" lon="3.143400">
        <ele>2.4</ele>
        <time>2024-12-27T08:36:39Z</time>
      </trkpt>
      <trkpt lat="43.264280" lon="3.143230">
        <ele>0.4</ele>
        <time>2024-12-27T08:36:31Z</time>
      </trkpt>
      <trkpt lat="43.264010" lon="3.143150">
        <ele>0.4</ele>
        <time>2024-12-27T08:36:23Z</time>
      </trkpt>
      <trkpt lat="43.263800" lon="3.143020">
        <ele>0.6</ele>
        <time>2024-12-27T08:36:16Z</time>
      </trkpt>
      <trkpt lat="43.263420" lon="3.142830">
        <ele>0.4</ele>
        <time>2024-12-27T08:36:04Z</time>
      </trkpt>
      <trkpt lat="43.262940" lon="3.142700">
        <ele>0.2</ele>
        <time>2024-12-27T08:35:49Z</time>
      </trkpt>
      <trkpt lat="43.262740" lon="3.142670">
        <ele>2.9</ele>
        <time>2024-12-27T08:35:42Z</time>
      </trkpt>
      <trkpt lat="43.262550" lon="3.142600">
        <ele>2.7</ele>
      </trkpt>
      <trkpt lat="43.262350" lon="3.142560">
        <ele>2.8</ele>
        <time>2024-12-27T08:35:29Z</time>
      </trkpt>
      <trkpt lat="43.262190" lon="3.142460">
        <ele>0.4</ele>
        <time>2024-12-27T08:35:24Z</time>
      </trkpt>
      <trkpt lat="43.262140" lon="3.142310">
        <ele>0.4</ele>
        <time>2024-12-27T08:35:21Z</time>
      </trkpt>
      <trkpt lat="43.262090" lon="3.140870">
        <ele>2.1</ele>
        <time>2024-12-27T08:34:56Z</time>
      </trkpt>
      <trkpt lat="43.262060" lon="3.140670">
        <ele>2.6</ele>
      </trkpt>
      <trkpt lat="43.261990" lon="3.140590">
        <ele>0.4</ele>
        <time>2024-12-27T08:34:49Z</time>
      </trkpt>
      <trkpt lat="43.261840" lon="3.140490">
        <ele>0.6</ele>
        <time>2024-12-27T08:34:44Z</time>
      </trkpt>
      <trkpt lat="43.261260" lon="3.140330">
        <ele>3</ele>
        <time>2024-12-27T08:34:31Z</time>
      </trkpt>
      <trkpt lat="43.260920" lon="3.140330">
        <ele>3</ele>
        <time>2024-12-27T08:34:23Z</time>
      </trkpt>
      <trkpt lat="43.260630" lon="3.140220">
        <ele>3</ele>
        <time>2024-12-27T08:34:14Z</time>
      </trkpt>
      <trkpt lat="43.260540" lon="3.140190">
        <ele>3</ele>
      </trkpt>
      <trkpt lat="43.260400" lon="3.140300">
        <ele>3</ele>
        <time>2024-12-27T08:34:10Z</time>
      </trkpt>
      <trkpt lat="43.259590" lon="3.141390">
        <ele>2.5</ele>
        <time>2024-12-27T08:33:44Z</time>
      </trkpt>
      <trkpt lat="43.259250" lon="3.141270">
        <ele>1.4</ele>
        <time>2024-12-27T08:33:31Z</time>
      </trkpt>
      <trkpt lat="43.257470" lon="3.140910">
        <ele>3.7</ele>
        <time>2024-12-27T08:32:50Z</time>
      </trkpt>
      <trkpt lat="43.255640" lon="3.140530">
        <ele>4</ele>
        <time>2024-12-27T08:31:24Z</time>
      </trkpt>
      <trkpt lat="43.251730" lon="3.139780">
        <ele>4</ele>
      </trkpt>
      <trkpt lat="43.250840" lon="3.139580">
        <ele>4</ele>
      </trkpt>
      <trkpt lat="43.248150" lon="3.139000">
        <ele>5</ele>
      </trkpt>
      <trkpt lat="43.247980" lon="3.139000">
        <ele>4.2</ele>
        <time>2024-12-27T08:31:21Z</time>
      </trkpt>
      <trkpt lat="43.247970" lon="3.138250">
        <ele>3.5</ele>
      </trkpt>
      <trkpt lat="43.248010" lon="3.137220">
        <ele>5</ele>
      </trkpt>
      <trkpt lat="43.248080" lon="3.136580">
        <ele>5</ele>
      </trkpt>
      <trkpt lat="43.248100" lon="3.135840">
        <ele>5</ele>
      </trkpt>
      <trkpt lat="43.248070" lon="3.135030">
        <ele>5</ele>
      </trkpt>
      <trkpt lat="43.248120" lon="3.133860">
        <ele>3.4</ele>
      </trkpt>
      <trkpt lat="43.248270" lon="3.132750">
        <ele>5</ele>
      </trkpt>
      <trkpt lat="43.248280" lon="3.132210">
        <ele>4.3</ele>
      </trkpt>
      <trkpt lat="43.248410" lon="3.131600">
        <ele>5.5</ele>
      </trkpt>
      <trkpt lat="43.248510" lon="3.130680">
        <ele>4.8</ele>
      </trkpt>
      <trkpt lat="43.248520" lon="3.129880">
        <ele>3.3</ele>
      </trkpt>
      <trkpt lat="43.248600" lon="3.128490">
        <ele>4.9</ele>
      </trkpt>
      <trkpt lat="43.248630" lon="3.127410">
        <ele>5.3</ele>
      </trkpt>
      <trkpt lat="43.248670" lon="3.126750">
        <ele>4.4</ele>
      </trkpt>
      <trkpt lat="43.248870" lon="3.125190">
        <ele>5.4</ele>
      </trkpt>
      <trkpt lat="43.248520" lon="3.125130">
        <ele>5.4</ele>
        <time>2024-12-27T08:25:29Z</time>
      </trkpt>
      <trkpt lat="43.248490" lon="3.125140">
        <ele>5.6</ele>
        <time>2024-12-27T08:24:52Z</time>
      </trkpt>
      <trkpt lat="43.248130" lon="3.125060">
        <ele>4.6</ele>
        <time>2024-12-27T08:24:38Z</time>
      </trkpt>
      <trkpt lat="43.247870" lon="3.124610">
        <ele>4</ele>
        <time>2024-12-27T08:24:22Z</time>
      </trkpt>
      <trkpt lat="43.246620" lon="3.124210">
        <ele>5.8</ele>
        <time>2024-12-27T08:23:57Z</time>
      </trkpt>
      <trkpt lat="43.246480" lon="3.124030">
        <ele>7</ele>
      </trkpt>
      <trkpt lat="43.246280" lon="3.123540">
        <ele>7.9</ele>
      </trkpt>
      <trkpt lat="43.245980" lon="3.123210">
        <ele>7.1</ele>
        <time>2024-12-27T08:23:43Z</time>
      </trkpt>
      <trkpt lat="43.245600" lon="3.122870">
        <ele>6.2</ele>
      </trkpt>
      <trkpt lat="43.245220" lon="3.122490">
        <ele>6.2</ele>
      </trkpt>
      <trkpt lat="43.244680" lon="3.121890">
        <ele>5.2</ele>
        <time>2024-12-27T08:23:13Z</time>
      </trkpt>
      <trkpt lat="43.243980" lon="3.120030">
        <ele>5.5</ele>
        <time>2024-12-27T08:22:42Z</time>
      </trkpt>
      <trkpt lat="43.243870" lon="3.119810">
        <ele>6.1</ele>
      </trkpt>
      <trkpt lat="43.243540" lon="3.119530">
        <ele>7.2</ele>
      </trkpt>
      <trkpt lat="43.243260" lon="3.118680">
        <ele>8.4</ele>
      </trkpt>
      <trkpt lat="43.243170" lon="3.118370">
        <ele>8.4</ele>
      </trkpt>
      <trkpt lat="43.243020" lon="3.116690">
        <ele>7.9</ele>
        <time>2024-12-27T08:22:13Z</time>
      </trkpt>
      <trkpt lat="43.243020" lon="3.116470">
        <ele>8</ele>
      </trkpt>
      <trkpt lat="43.243090" lon="3.116270">
        <ele>8.2</ele>
      </trkpt>
      <trkpt lat="43.243460" lon="3.115590">
        <ele>6</ele>
      </trkpt>
      <trkpt lat="43.243350" lon="3.115240">
        <ele>6</ele>
      </trkpt>
      <trkpt lat="43.243310" lon="3.114800">
        <ele>5.5</ele>
      </trkpt>
      <trkpt lat="43.243290" lon="3.113850">
        <ele>6.2</ele>
      </trkpt>
      <trkpt lat="43.242810" lon="3.113010">
        <ele>6.6</ele>
      </trkpt>
      <trkpt lat="43.242470" lon="3.112150">
        <ele>6</ele>
      </trkpt>
      <trkpt lat="43.242400" lon="3.112210">
        <ele>6</ele>
      </trkpt>
      <trkpt lat="43.241950" lon="3.112940">
        <ele>6</ele>
      </trkpt>
      <trkpt lat="43.241520" lon="3.110910">
        <ele>7</ele>
      </trkpt>
      <trkpt lat="43.241030" lon="3.110250">
        <ele>9.7</ele>
      </trkpt>
      <trkpt lat="43.240600" lon="3.109400">
        <ele>13.3</ele>
      </trkpt>
      <trkpt lat="43.240330" lon="3.108930">
        <ele>14.3</ele>
      </trkpt>
      <trkpt lat="43.240080" lon="3.108690">
        <ele>14.9</ele>
      </trkpt>
      <trkpt lat="43.241040" lon="3.107300">
        <ele>15</ele>
      </trkpt>
      <trkpt lat="43.241100" lon="3.107030">
        <ele>15</ele>
      </trkpt>
      <trkpt lat="43.241380" lon="3.104360">
        <ele>15</ele>
      </trkpt>
      <trkpt lat="43.241740" lon="3.103010">
        <ele>14</ele>
      </trkpt>
      <trkpt lat="43.241720" lon="3.102890">
        <ele>14</ele>
      </trkpt>
      <trkpt lat="43.241640" lon="3.102610">
        <ele>13.9</ele>
      </trkpt>
      <trkpt lat="43.241640" lon="3.102500">
        <ele>13.9</ele>
      </trkpt>
      <trkpt lat="43.241760" lon="3.101880">
        <ele>12.9</ele>
      </trkpt>
      <trkpt lat="43.241750" lon="3.101300">
        <ele>11.8</ele>
      </trkpt>
      <trkpt lat="43.241590" lon="3.100160">
        <ele>8.4</ele>
      </trkpt>
      <trkpt lat="43.241340" lon="3.099000">
        <ele>6.3</ele>
      </trkpt>
      <trkpt lat="43.240970" lon="3.098550">
        <ele>6</ele>
        <time>2024-12-27T08:11:25Z</time>
      </trkpt>
      <trkpt lat="43.240620" lon="3.098280">
        <ele>6.6</ele>
      </trkpt>
      <trkpt lat="43.240070" lon="3.098040">
        <ele>7</ele>
        <time>2024-12-27T08:11:18Z</time>
      </trkpt>
      <trkpt lat="43.238790" lon="3.096360">
        <ele>7.7</ele>
      </trkpt>
      <trkpt lat="43.238650" lon="3.096220">
        <ele>8.7</ele>
        <time>2024-12-27T08:10:43Z</time>
      </trkpt>
      <trkpt lat="43.238520" lon="3.095650">
        <ele>4.6</ele>
        <time>2024-12-27T08:10:33Z</time>
      </trkpt>
      <trkpt lat="43.238500" lon="3.095080">
        <ele>4</ele>
        <time>2024-12-27T08:10:25Z</time>
      </trkpt>
      <trkpt lat="43.238740" lon="3.093430">
        <ele>7.4</ele>
        <time>2024-12-27T08:10:03Z</time>
      </trkpt>
      <trkpt lat="43.238950" lon="3.092120">
        <ele>7.2</ele>
        <time>2024-12-27T08:09:42Z</time>
      </trkpt>
      <trkpt lat="43.238960" lon="3.091730">
        <ele>4</ele>
        <time>2024-12-27T08:09:35Z</time>
      </trkpt>
      <trkpt lat="43.239060" lon="3.091290">
        <ele>3.4</ele>
        <time>2024-12-27T08:09:28Z</time>
      </trkpt>
      <trkpt lat="43.239470" lon="3.088530">
        <ele>3.4</ele>
        <time>2024-12-27T08:08:49Z</time>
      </trkpt>
      <trkpt lat="43.239520" lon="3.087300">
        <ele>3.6</ele>
        <time>2024-12-27T08:08:32Z</time>
      </trkpt>
      <trkpt lat="43.239310" lon="3.085080">
        <ele>6.6</ele>
      </trkpt>
      <trkpt lat="43.239160" lon="3.083300">
        <ele>4.8</ele>
        <time>2024-12-27T08:07:36Z</time>
      </trkpt>
      <trkpt lat="43.239190" lon="3.082660">
        <ele>5</ele>
        <time>2024-12-27T08:07:27Z</time>
      </trkpt>
      <trkpt lat="43.239120" lon="3.081450">
        <ele>5.6</ele>
        <time>2024-12-27T08:07:11Z</time>
      </trkpt>
      <trkpt lat="43.239180" lon="3.080000">
        <ele>4.8</ele>
        <time>2024-12-27T08:06:50Z</time>
      </trkpt>
      <trkpt lat="43.239110" lon="3.079850">
        <ele>6.3</ele>
        <time>2024-12-27T08:06:48Z</time>
      </trkpt>
      <trkpt lat="43.237800" lon="3.078470">
        <ele>4.6</ele>
        <time>2024-12-27T08:06:16Z</time>
      </trkpt>
      <trkpt lat="43.237350" lon="3.077650">
        <ele>4.2</ele>
        <time>2024-12-27T08:06:01Z</time>
      </trkpt>
      <trkpt lat="43.237050" lon="3.077200">
        <ele>5.9</ele>
        <time>2024-12-27T08:05:53Z</time>
      </trkpt>
      <trkpt lat="43.236610" lon="3.076900">
        <ele>6.7</ele>
        <time>2024-12-27T08:05:42Z</time>
      </trkpt>
      <trkpt lat="43.236670" lon="3.076780">
        <ele>6.4</ele>
      </trkpt>
      <trkpt lat="43.236800" lon="3.076710">
        <ele>3.4</ele>
        <time>2024-12-27T08:05:35Z</time>
      </trkpt>
      <trkpt lat="43.238210" lon="3.076830">
        <ele>3.4</ele>
        <time>2024-12-27T08:05:07Z</time>
      </trkpt>
      <trkpt lat="43.239290" lon="3.076840">
        <ele>3.2</ele>
        <time>2024-12-27T08:04:46Z</time>
      </trkpt>
      <trkpt lat="43.239380" lon="3.076800">
        <ele>3.4</ele>
        <time>2024-12-27T08:04:44Z</time>
      </trkpt>
      <trkpt lat="43.239440" lon="3.076680">
        <ele>3.6</ele>
        <time>2024-12-27T08:04:42Z</time>
      </trkpt>
      <trkpt lat="43.239980" lon="3.074160">
        <ele>6.9</ele>
      </trkpt>
      <trkpt lat="43.240030" lon="3.073830">
        <ele>7</ele>
        <time>2024-12-27T08:04:06Z</time>
      </trkpt>
      <trkpt lat="43.239730" lon="3.072570">
        <ele>5</ele>
        <time>2024-12-27T08:03:42Z</time>
      </trkpt>
      <trkpt lat="43.239510" lon="3.071790">
        <ele>5</ele>
        <time>2024-12-27T08:03:30Z</time>
      </trkpt>
      <trkpt lat="43.238350" lon="3.068320">
        <ele>5.8</ele>
        <time>2024-12-27T08:02:35Z</time>
      </trkpt>
      <trkpt lat="43.238150" lon="3.067160">
        <ele>5.8</ele>
        <time>2024-12-27T08:02:18Z</time>
      </trkpt>
      <trkpt lat="43.238130" lon="3.065520">
        <ele>6</ele>
        <time>2024-12-27T08:01:53Z</time>
      </trkpt>
      <trkpt lat="43.238270" lon="3.064620">
        <ele>6</ele>
        <time>2024-12-27T08:01:39Z</time>
      </trkpt>
      <trkpt lat="43.238300" lon="3.064230">
        <ele>6</ele>
        <time>2024-12-27T08:01:33Z</time>
      </trkpt>
      <trkpt lat="43.238260" lon="3.063660">
        <ele>6</ele>
        <time>2024-12-27T08:01:25Z</time>
      </trkpt>
      <trkpt lat="43.238130" lon="3.063070">
        <ele>6.4</ele>
        <time>2024-12-27T08:01:16Z</time>
      </trkpt>
      <trkpt lat="43.237910" lon="3.062450">
        <ele>6.8</ele>
        <time>2024-12-27T08:01:06Z</time>
      </trkpt>
      <trkpt lat="43.237760" lon="3.062130">
        <ele>6.8</ele>
        <time>2024-12-27T08:01:00Z</time>
      </trkpt>
      <trkpt lat="43.236800" lon="3.060370">
        <ele>6.6</ele>
        <time>2024-12-27T08:00:25Z</time>
      </trkpt>
      <trkpt lat="43.236400" lon="3.059770">
        <ele>6</ele>
        <time>2024-12-27T08:00:11Z</time>
      </trkpt>
      <trkpt lat="43.236280" lon="3.059450">
        <ele>4.8</ele>
      </trkpt>
      <trkpt lat="43.236000" lon="3.059280">
        <ele>6.3</ele>
      </trkpt>
      <trkpt lat="43.235800" lon="3.059250">
        <ele>6</ele>
      </trkpt>
      <trkpt lat="43.235510" lon="3.058410">
        <ele>6.6</ele>
      </trkpt>
      <trkpt lat="43.235400" lon="3.058340">
        <ele>6.4</ele>
      </trkpt>
      <trkpt lat="43.235550" lon="3.058010">
        <ele>5.5</ele>
      </trkpt>
      <trkpt lat="43.235490" lon="3.057790">
        <ele>3.8</ele>
      </trkpt>
      <trkpt lat="43.235370" lon="3.057610">
        <ele>5.6</ele>
      </trkpt>
      <trkpt lat="43.235090" lon="3.057400">
        <ele>6.8</ele>
      </trkpt>
      <trkpt lat="43.235090" lon="3.056910">
        <ele>5.3</ele>
      </trkpt>
      <trkpt lat="43.235040" lon="3.056420">
        <ele>6.9</ele>
      </trkpt>
      <trkpt lat="43.235030" lon="3.055790">
        <ele>7.3</ele>
      </trkpt>
      <trkpt lat="43.235090" lon="3.054970">
        <ele>6.2</ele>
      </trkpt>
      <trkpt lat="43.235100" lon="3.054860">
        <ele>5.4</ele>
      </trkpt>
      <trkpt lat="43.235120" lon="3.054890">
        <ele>5.4</ele>
      </trkpt>
      <trkpt lat="43.235120" lon="3.054950">
        <ele>5.7</ele>
      </trkpt>
      <trkpt lat="43.235150" lon="3.054960">
        <ele>5.1</ele>
      </trkpt>
      <trkpt lat="43.235180" lon="3.054680">
        <ele>4.5</ele>
      </trkpt>
      <trkpt lat="43.235200" lon="3.054650">
        <ele>4.6</ele>
      </trkpt>
      <trkpt lat="43.235310" lon="3.054130">
        <ele>6.4</ele>
      </trkpt>
      <trkpt lat="43.235170" lon="3.054040">
        <ele>7.3</ele>
      </trkpt>
      <trkpt lat="43.235170" lon="3.053960">
        <ele>7.4</ele>
      </trkpt>
      <trkpt lat="43.235300" lon="3.053090">
        <ele>7.1</ele>
      </trkpt>
      <trkpt lat="43.235550" lon="3.052530">
        <ele>7.4</ele>
      </trkpt>
      <trkpt lat="43.233980" lon="3.050810">
        <ele>7.6</ele>
      </trkpt>
      <trkpt lat="43.233760" lon="3.050470">
        <ele>8</ele>
      </trkpt>
      <trkpt lat="43.232970" lon="3.048630">
        <ele>7</ele>
      </trkpt>
      <trkpt lat="43.232800" lon="3.048010">
        <ele>7</ele>
      </trkpt>
      <trkpt lat="43.232680" lon="3.047270">
        <ele>6.6</ele>
      </trkpt>
      <trkpt lat="43.232600" lon="3.045370">
        <ele>6.9</ele>
      </trkpt>
      <trkpt lat="43.232580" lon="3.044910">
        <ele>6.8</ele>
      </trkpt>
      <trkpt lat="43.232620" lon="3.044340">
        <ele>6.6</ele>
      </trkpt>
      <trkpt lat="43.233150" lon="3.041790">
        <ele>7</ele>
      </trkpt>
      <trkpt lat="43.233480" lon="3.040540">
        <ele>7</ele>
      </trkpt>
      <trkpt lat="43.234330" lon="3.035070">
        <ele>7.6</ele>
      </trkpt>
      <trkpt lat="43.234340" lon="3.034720">
        <ele>7.6</ele>
      </trkpt>
      <trkpt lat="43.234300" lon="3.034340">
        <ele>7.8</ele>
      </trkpt>
      <trkpt lat="43.234040" lon="3.032640">
        <ele>7.6</ele>
      </trkpt>
      <trkpt lat="43.233970" lon="3.031740">
        <ele>8</ele>
      </trkpt>
      <trkpt lat="43.234270" lon="3.030470">
        <ele>8</ele>
      </trkpt>
      <trkpt lat="43.233440" lon="3.030200">
        <ele>7.6</ele>
      </trkpt>
      <trkpt lat="43.233050" lon="3.030000">
        <ele>8</ele>
      </trkpt>
      <trkpt lat="43.232020" lon="3.028360">
        <ele>7.7</ele>
      </trkpt>
      <trkpt lat="43.231680" lon="3.028020">
        <ele>8</ele>
      </trkpt>
      <trkpt lat="43.231070" lon="3.027580">
        <ele>7.9</ele>
      </trkpt>
      <trkpt lat="43.230840" lon="3.027230">
        <ele>8</ele>
      </trkpt>
      <trkpt lat="43.230670" lon="3.026850">
        <ele>7.5</ele>
      </trkpt>
      <trkpt lat="43.228810" lon="3.026040">
        <ele>7.5</ele>
      </trkpt>
      <trkpt lat="43.228280" lon="3.028680">
        <ele>7</ele>
      </trkpt>
      <trkpt lat="43.228200" lon="3.028770">
        <ele>7</ele>
      </trkpt>
      <trkpt lat="43.228120" lon="3.028750">
        <ele>7</ele>
      </trkpt>
      <trkpt lat="43.225940" lon="3.027900">
        <ele>7</ele>
      </trkpt>
      <trkpt lat="43.223130" lon="3.026870">
        <ele>6.4</ele>
      </trkpt>
      <trkpt lat="43.222270" lon="3.026660">
        <ele>6.2</ele>
      </trkpt>
      <trkpt lat="43.222130" lon="3.026710">
        <ele>6</ele>
      </trkpt>
      <trkpt lat="43.220100" lon="3.025840">
        <ele>6.4</ele>
      </trkpt>
      <trkpt lat="43.219260" lon="3.025580">
        <ele>6</ele>
      </trkpt>
      <trkpt lat="43.218030" lon="3.025120">
        <ele>6</ele>
      </trkpt>
      <trkpt lat="43.216340" lon="3.024230">
        <ele>6</ele>
      </trkpt>
      <trkpt lat="43.215390" lon="3.023760">
        <ele>6</ele>
      </trkpt>
      <trkpt lat="43.212480" lon="3.022600">
        <ele>5.9</ele>
      </trkpt>
      <trkpt lat="43.211120" lon="3.021960">
        <ele>5</ele>
      </trkpt>
      <trkpt lat="43.210380" lon="3.021500">
        <ele>5.7</ele>
      </trkpt>
      <trkpt lat="43.208800" lon="3.020690">
        <ele>5.4</ele>
      </trkpt>
      <trkpt lat="43.207030" lon="3.019920">
        <ele>5.3</ele>
      </trkpt>
      <trkpt lat="43.205650" lon="3.019410">
        <ele>5.1</ele>
      </trkpt>
      <trkpt lat="43.204510" lon="3.019110">
        <ele>5</ele>
      </trkpt>
      <trkpt lat="43.204040" lon="3.018770">
        <ele>5.5</ele>
      </trkpt>
      <trkpt lat="43.203310" lon="3.018110">
        <ele>5.8</ele>
      </trkpt>
      <trkpt lat="43.202480" lon="3.017130">
        <ele>5.1</ele>
      </trkpt>
      <trkpt lat="43.201490" lon="3.015990">
        <ele>5.2</ele>
      </trkpt>
      <trkpt lat="43.201310" lon="3.015980">
        <ele>5.3</ele>
      </trkpt>
      <trkpt lat="43.201020" lon="3.016140">
        <ele>6.4</ele>
      </trkpt>
      <trkpt lat="43.200910" lon="3.016090">
        <ele>7.1</ele>
      </trkpt>
      <trkpt lat="43.200500" lon="3.015760">
        <ele>7.1</ele>
      </trkpt>
      <trkpt lat="43.200450" lon="3.015600">
        <ele>6.9</ele>
      </trkpt>
      <trkpt lat="43.200400" lon="3.014890">
        <ele>7.8</ele>
      </trkpt>
      <trkpt lat="43.200340" lon="3.014810">
        <ele>6.8</ele>
      </trkpt>
      <trkpt lat="43.198150" lon="3.013310">
        <ele>7.1</ele>
      </trkpt>
      <trkpt lat="43.197230" lon="3.012900">
        <ele>8.9</ele>
      </trkpt>
      <trkpt lat="43.195160" lon="3.010490">
        <ele>10.2</ele>
      </trkpt>
      <trkpt lat="43.195170" lon="3.010280">
        <ele>9.4</ele>
      </trkpt>
      <trkpt lat="43.195110" lon="3.010180">
        <ele>9.8</ele>
      </trkpt>
      <trkpt lat="43.194990" lon="3.010240">
        <ele>10</ele>
      </trkpt>
      <trkpt lat="43.194870" lon="3.010140">
        <ele>10.5</ele>
      </trkpt>
      <trkpt lat="43.193730" lon="3.008170">
        <ele>10.6</ele>
      </trkpt>
      <trkpt lat="43.193380" lon="3.007260">
        <ele>10.1</ele>
      </trkpt>
      <trkpt lat="43.193000" lon="3.005860">
        <ele>10.2</ele>
      </trkpt>
      <trkpt lat="43.192660" lon="3.004810">
        <ele>8</ele>
      </trkpt>
      <trkpt lat="43.192280" lon="3.004280">
        <ele>8.3</ele>
      </trkpt>
      <trkpt lat="43.190490" lon="3.002160">
        <ele>7.7</ele>
      </trkpt>
      <trkpt lat="43.190230" lon="3.002020">
        <ele>8.2</ele>
      </trkpt>
      <trkpt lat="43.189740" lon="3.001830">
        <ele>9.1</ele>
      </trkpt>
      <trkpt lat="43.189280" lon="3.001420">
        <ele>9.3</ele>
      </trkpt>
      <trkpt lat="43.188430" lon="3.000510">
        <ele>9.5</ele>
      </trkpt>
      <trkpt lat="43.187890" lon="3.000200">
        <ele>9.3</ele>
      </trkpt>
      <trkpt lat="43.187380" lon="2.999690">
        <ele>8.8</ele>
      </trkpt>
      <trkpt lat="43.186490" lon="2.998510">
        <ele>6</ele>
      </trkpt>
      <trkpt lat="43.186520" lon="2.998410">
        <ele>5.7</ele>
      </trkpt>
      <trkpt lat="43.186500" lon="2.998380">
        <ele>5.5</ele>
      </trkpt>
      <trkpt lat="43.186430" lon="2.998390">
        <ele>5.4</ele>
      </trkpt>
      <trkpt lat="43.186050" lon="2.998810">
        <ele>5.6</ele>
      </trkpt>
      <trkpt lat="43.185890" lon="2.998930">
        <ele>5.3</ele>
      </trkpt>
      <trkpt lat="43.185750" lon="2.999020">
        <ele>5.5</ele>
      </trkpt>
      <trkpt lat="43.185610" lon="2.999160">
        <ele>5.2</ele>
      </trkpt>
      <trkpt lat="43.185370" lon="2.999420">
        <ele>6.4</ele>
      </trkpt>
      <trkpt lat="43.185130" lon="2.999750">
        <ele>7.4</ele>
      </trkpt>
      <trkpt lat="43.185000" lon="3.000060">
        <ele>5.7</ele>
      </trkpt>
      <trkpt lat="43.185160" lon="3.000210">
        <ele>8.9</ele>
      </trkpt>
      <trkpt lat="43.185030" lon="3.000530">
        <ele>9.8</ele>
      </trkpt>
      <trkpt lat="43.185710" lon="3.001430">
        <ele>10.1</ele>
      </trkpt>
      <trkpt lat="43.185320" lon="3.001990">
        <ele>12</ele>
      </trkpt>
      <trkpt lat="43.185390" lon="3.002480">
        <ele>12.4</ele>
      </trkpt>
      <trkpt lat="43.185440" lon="3.002900">
        <ele>13.2</ele>
      </trkpt>
      <trkpt lat="43.185320" lon="3.003400">
        <ele>13.5</ele>
      </trkpt>
      <trkpt lat="43.185140" lon="3.003220">
        <ele>12.5</ele>
      </trkpt>
      <trkpt lat="43.184720" lon="3.003030">
        <ele>10.1</ele>
      </trkpt>
      <trkpt lat="43.184120" lon="3.002810">
        <ele>6.6</ele>
      </trkpt>
      <trkpt lat="43.183620" lon="3.003980">
        <ele>6</ele>
      </trkpt>
      <trkpt lat="43.183430" lon="3.004290">
        <ele>5.3</ele>
      </trkpt>
      <trkpt lat="43.183270" lon="3.004500">
        <ele>5.1</ele>
      </trkpt>
      <trkpt lat="43.183040" lon="3.004250">
        <ele>3.6</ele>
      </trkpt>
      <trkpt lat="43.182140" lon="3.005840">
        <ele>4.4</ele>
      </trkpt>
      <trkpt lat="43.181400" lon="3.007260">
        <ele>4.4</ele>
      </trkpt>
      <trkpt lat="43.181330" lon="3.007500">
        <ele>5.4</ele>
      </trkpt>
      <trkpt lat="43.181090" lon="3.007830">
        <ele>4.4</ele>
      </trkpt>
      <trkpt lat="43.180820" lon="3.008530">
        <ele>4</ele>
      </trkpt>
      <trkpt lat="43.180490" lon="3.009870">
        <ele>5.2</ele>
      </trkpt>
      <trkpt lat="43.180240" lon="3.011370">
        <ele>4</ele>
      </trkpt>
      <trkpt lat="43.180190" lon="3.012640">
        <ele>4</ele>
      </trkpt>
      <trkpt lat="43.180060" lon="3.013280">
        <ele>4</ele>
      </trkpt>
      <trkpt lat="43.179810" lon="3.013850">
        <ele>3.8</ele>
      </trkpt>
      <trkpt lat="43.179250" lon="3.014590">
        <ele>3.6</ele>
      </trkpt>
      <trkpt lat="43.179000" lon="3.015040">
        <ele>3.8</ele>
      </trkpt>
      <trkpt lat="43.178640" lon="3.016250">
        <ele>3.6</ele>
      </trkpt>
      <trkpt lat="43.176620" lon="3.021790">
        <ele>4.1</ele>
      </trkpt>
      <trkpt lat="43.175140" lon="3.025820">
        <ele>3.5</ele>
      </trkpt>
      <trkpt lat="43.174730" lon="3.026910">
        <ele>3</ele>
      </trkpt>
      <trkpt lat="43.174180" lon="3.027980">
        <ele>3.2</ele>
      </trkpt>
      <trkpt lat="43.173910" lon="3.028340">
        <ele>3.1</ele>
      </trkpt>
      <trkpt lat="43.173250" lon="3.028950">
        <ele>3.1</ele>
      </trkpt>
      <trkpt lat="43.166820" lon="3.034830">
        <ele>3</ele>
      </trkpt>
      <trkpt lat="43.166340" lon="3.035340">
        <ele>3</ele>
      </trkpt>
      <trkpt lat="43.165890" lon="3.035870">
        <ele>3</ele>
      </trkpt>
      <trkpt lat="43.165560" lon="3.036340">
        <ele>3</ele>
      </trkpt>
      <trkpt lat="43.165050" lon="3.036970">
        <ele>1.5</ele>
      </trkpt>
      <trkpt lat="43.163990" lon="3.038550">
        <ele>1.7</ele>
      </trkpt>
      <trkpt lat="43.163740" lon="3.038810">
        <ele>2.1</ele>
      </trkpt>
      <trkpt lat="43.163540" lon="3.038900">
        <ele>2.5</ele>
      </trkpt>
      <trkpt lat="43.162500" lon="3.039060">
        <ele>2.6</ele>
      </trkpt>
      <trkpt lat="43.162250" lon="3.039050">
        <ele>2.2</ele>
      </trkpt>
      <trkpt lat="43.161990" lon="3.038980">
        <ele>2.2</ele>
      </trkpt>
      <trkpt lat="43.161220" lon="3.038550">
        <ele>2.7</ele>
      </trkpt>
      <trkpt lat="43.160100" lon="3.037810">
        <ele>2.4</ele>
      </trkpt>
      <trkpt lat="43.159510" lon="3.037470">
        <ele>3.4</ele>
      </trkpt>
      <trkpt lat="43.159310" lon="3.037390">
        <ele>3.51</ele>
      </trkpt>
      <trkpt lat="43.158480" lon="3.037230">
        <ele>3</ele>
      </trkpt>
      <trkpt lat="43.156970" lon="3.036760">
        <ele>2.3</ele>
      </trkpt>
      <trkpt lat="43.155710" lon="3.035440">
        <ele>2.7</ele>
      </trkpt>
      <trkpt lat="43.155480" lon="3.035230">
        <ele>2.6</ele>
      </trkpt>
      <trkpt lat="43.155240" lon="3.035050">
        <ele>2.1</ele>
      </trkpt>
      <trkpt lat="43.154760" lon="3.034740">
        <ele>2.7</ele>
      </trkpt>
      <trkpt lat="43.153230" lon="3.034050">
        <ele>1.7</ele>
      </trkpt>
      <trkpt lat="43.152910" lon="3.033830">
        <ele>2.1</ele>
      </trkpt>
      <trkpt lat="43.152630" lon="3.033560">
        <ele>2</ele>
      </trkpt>
      <trkpt lat="43.151890" lon="3.032500">
        <ele>1.2</ele>
      </trkpt>
      <trkpt lat="43.151520" lon="3.032000">
        <ele>2.5</ele>
      </trkpt>
      <trkpt lat="43.151150" lon="3.031580">
        <ele>2.3</ele>
      </trkpt>
      <trkpt lat="43.150780" lon="3.031260">
        <ele>2.4</ele>
      </trkpt>
      <trkpt lat="43.150170" lon="3.030970">
        <ele>2.2</ele>
      </trkpt>
      <trkpt lat="43.149860" lon="3.030680">
        <ele>2.2</ele>
      </trkpt>
      <trkpt lat="43.148470" lon="3.029410">
        <ele>2.1</ele>
      </trkpt>
      <trkpt lat="43.147920" lon="3.028820">
        <ele>1.6</ele>
      </trkpt>
      <trkpt lat="43.147470" lon="3.028410">
        <ele>2.1</ele>
      </trkpt>
      <trkpt lat="43.147210" lon="3.028240">
        <ele>2.6</ele>
      </trkpt>
      <trkpt lat="43.146980" lon="3.028240">
        <ele>2.7</ele>
      </trkpt>
      <trkpt lat="43.146450" lon="3.028370">
        <ele>2.2</ele>
      </trkpt>
      <trkpt lat="43.145670" lon="3.028430">
        <ele>1.6</ele>
      </trkpt>
      <trkpt lat="43.145280" lon="3.028560">
        <ele>2.8</ele>
      </trkpt>
      <trkpt lat="43.144990" lon="3.028710">
        <ele>1.4</ele>
      </trkpt>
      <trkpt lat="43.144210" lon="3.029360">
        <ele>2.6</ele>
      </trkpt>
      <trkpt lat="43.143880" lon="3.029560">
        <ele>1.4</ele>
      </trkpt>
      <trkpt lat="43.143360" lon="3.029750">
        <ele>2</ele>
      </trkpt>
      <trkpt lat="43.142820" lon="3.030070">
        <ele>1.5</ele>
      </trkpt>
      <trkpt lat="43.142510" lon="3.030200">
        <ele>2</ele>
      </trkpt>
      <trkpt lat="43.142230" lon="3.030230">
        <ele>2.2</ele>
      </trkpt>
      <trkpt lat="43.141830" lon="3.030160">
        <ele>2.1</ele>
      </trkpt>
      <trkpt lat="43.141400" lon="3.030160">
        <ele>2</ele>
      </trkpt>
      <trkpt lat="43.140610" lon="3.030460">
        <ele>1.7</ele>
      </trkpt>
      <trkpt lat="43.140340" lon="3.030520">
        <ele>2</ele>
      </trkpt>
      <trkpt lat="43.139500" lon="3.030510">
        <ele>2.5</ele>
      </trkpt>
      <trkpt lat="43.138980" lon="3.030610">
        <ele>1.9</ele>
      </trkpt>
      <trkpt lat="43.138820" lon="3.030730">
        <ele>2.1</ele>
      </trkpt>
      <trkpt lat="43.138380" lon="3.031190">
        <ele>1.5</ele>
      </trkpt>
      <trkpt lat="43.138150" lon="3.031340">
        <ele>2.1</ele>
      </trkpt>
      <trkpt lat="43.137970" lon="3.031400">
        <ele>2</ele>
      </trkpt>
      <trkpt lat="43.135130" lon="3.031290">
        <ele>2</ele>
      </trkpt>
      <trkpt lat="43.134260" lon="3.031410">
        <ele>2</ele>
      </trkpt>
      <trkpt lat="43.133600" lon="3.031440">
        <ele>2</ele>
      </trkpt>
      <trkpt lat="43.133300" lon="3.031530">
        <ele>1.6</ele>
      </trkpt>
      <trkpt lat="43.132690" lon="3.031930">
        <ele>2.3</ele>
      </trkpt>
      <trkpt lat="43.132350" lon="3.032080">
        <ele>1.5</ele>
      </trkpt>
      <trkpt lat="43.131860" lon="3.032110">
        <ele>2.5</ele>
      </trkpt>
      <trkpt lat="43.131480" lon="3.032060">
        <ele>1.8</ele>
      </trkpt>
      <trkpt lat="43.130360" lon="3.031810">
        <ele>2.3</ele>
      </trkpt>
      <trkpt lat="43.129820" lon="3.031860">
        <ele>3</ele>
      </trkpt>
      <trkpt lat="43.129320" lon="3.031980">
        <ele>2.9</ele>
      </trkpt>
      <trkpt lat="43.128960" lon="3.031900">
        <ele>2.26</ele>
      </trkpt>
      <trkpt lat="43.128370" lon="3.031640">
        <ele>2</ele>
      </trkpt>
      <trkpt lat="43.121870" lon="3.031070">
        <ele>3.5</ele>
      </trkpt>
      <trkpt lat="43.121890" lon="3.030780">
        <ele>3.7</ele>
      </trkpt>
      <trkpt lat="43.127500" lon="3.031280">
        <ele>1.8</ele>
      </trkpt>
      <trkpt lat="43.129610" lon="3.031340">
        <ele>2.8</ele>
      </trkpt>
      <trkpt lat="43.129890" lon="3.031250">
        <ele>2.5</ele>
      </trkpt>
      <trkpt lat="43.130020" lon="3.031120">
        <ele>2</ele>
      </trkpt>
      <trkpt lat="43.130200" lon="3.030690">
        <ele>2</ele>
      </trkpt>
      <trkpt lat="43.130200" lon="3.029360">
        <ele>1.7</ele>
      </trkpt>
      <trkpt lat="43.130710" lon="3.016660">
        <ele>1</ele>
      </trkpt>
      <trkpt lat="43.133330" lon="3.018520">
        <ele>1</ele>
      </trkpt>
      <trkpt lat="43.134270" lon="3.019340">
        <ele>1</ele>
      </trkpt>
      <trkpt lat="43.134580" lon="3.019660">
        <ele>1</ele>
      </trkpt>
      <trkpt lat="43.134760" lon="3.019550">
        <ele>1</ele>
      </trkpt>
      <trkpt lat="43.135520" lon="3.018340">
        <ele>1</ele>
      </trkpt>
      <trkpt lat="43.135590" lon="3.017860">
        <ele>1</ele>
      </trkpt>
      <trkpt lat="43.135960" lon="3.017250">
        <ele>1</ele>
      </trkpt>
      <trkpt lat="43.136060" lon="3.017270">
        <ele>1</ele>
      </trkpt>
      <trkpt lat="43.136190" lon="3.017370">
        <ele>1</ele>
      </trkpt>
      <trkpt lat="43.136350" lon="3.017410">
        <ele>1</ele>
      </trkpt>
      <trkpt lat="43.136540" lon="3.017260">
        <ele>1</ele>
      </trkpt>
      <trkpt lat="43.136660" lon="3.017260">
        <ele>1</ele>
      </trkpt>
      <trkpt lat="43.136730" lon="3.017360">
        <ele>1</ele>
      </trkpt>
      <trkpt lat="43.136950" lon="3.017390">
        <ele>1</ele>
      </trkpt>
      <trkpt lat="43.136990" lon="3.017260">
        <ele>1</ele>
      </trkpt>
      <trkpt lat="43.137120" lon="3.017190">
        <ele>1</ele>
      </trkpt>
      <trkpt lat="43.138060" lon="3.017450">
        <ele>1</ele>
      </trkpt>
      <trkpt lat="43.138430" lon="3.017630">
        <ele>1</ele>
      </trkpt>
      <trkpt lat="43.138500" lon="3.017800">
        <ele>1</ele>
      </trkpt>
      <trkpt lat="43.138900" lon="3.018020">
        <ele>1.1</ele>
      </trkpt>
      <trkpt lat="43.139100" lon="3.017740">
        <ele>1</ele>
      </trkpt>
      <trkpt lat="43.140000" lon="3.016970">
        <ele>1.1</ele>
      </trkpt>
      <trkpt lat="43.140970" lon="3.016030">
        <ele>1.3</ele>
      </trkpt>
      <trkpt lat="43.141320" lon="3.015450">
        <ele>1.9</ele>
      </trkpt>
      <trkpt lat="43.141960" lon="3.014620">
        <ele>1.4</ele>
      </trkpt>
      <trkpt lat="43.142230" lon="3.013810">
        <ele>1.2</ele>
      </trkpt>
      <trkpt lat="43.142400" lon="3.012710">
        <ele>3.8</ele>
      </trkpt>
      <trkpt lat="43.142490" lon="3.011600">
        <ele>1</ele>
      </trkpt>
      <trkpt lat="43.142460" lon="3.010920">
        <ele>1</ele>
      </trkpt>
      <trkpt lat="43.142340" lon="3.010210">
        <ele>2.6</ele>
      </trkpt>
      <trkpt lat="43.142340" lon="3.008990">
        <ele>1.7</ele>
      </trkpt>
      <trkpt lat="43.142380" lon="3.008770">
        <ele>1.7</ele>
      </trkpt>
      <trkpt lat="43.142740" lon="3.007860">
        <ele>1.8</ele>
      </trkpt>
      <trkpt lat="43.142960" lon="3.007630">
        <ele>1.3</ele>
      </trkpt>
      <trkpt lat="43.143130" lon="3.007200">
        <ele>1.5</ele>
      </trkpt>
      <trkpt lat="43.143170" lon="3.006520">
        <ele>1.7</ele>
      </trkpt>
      <trkpt lat="43.143060" lon="3.005550">
        <ele>1</ele>
      </trkpt>
      <trkpt lat="43.142850" lon="3.005470">
        <ele>1</ele>
      </trkpt>
      <trkpt lat="43.142680" lon="3.005280">
        <ele>1</ele>
      </trkpt>
      <trkpt lat="43.142680" lon="3.005150">
        <ele>1</ele>
      </trkpt>
      <trkpt lat="43.142890" lon="3.004650">
        <ele>1.4</ele>
      </trkpt>
      <trkpt lat="43.143000" lon="3.004050">
        <ele>1.8</ele>
      </trkpt>
      <trkpt lat="43.143040" lon="3.002970">
        <ele>1.7</ele>
      </trkpt>
      <trkpt lat="43.143010" lon="3.002900">
        <ele>1.5</ele>
      </trkpt>
      <trkpt lat="43.142900" lon="3.002290">
        <ele>0.433</ele>
      </trkpt>
      <trkpt lat="43.142890" lon="3.001680">
        <ele>0.966</ele>
      </trkpt>
      <trkpt lat="43.142890" lon="3.001340">
        <ele>0.404</ele>
      </trkpt>
      <trkpt lat="43.142920" lon="3.001010">
        <ele>0.501</ele>
      </trkpt>
      <trkpt lat="43.142900" lon="3.000840">
        <ele>0.44</ele>
      </trkpt>
      <trkpt lat="43.143030" lon="3.000200">
        <ele>1</ele>
      </trkpt>
      <trkpt lat="43.143170" lon="2.999390">
        <ele>1.405</ele>
      </trkpt>
      <trkpt lat="43.143290" lon="2.998960">
        <ele>1.2</ele>
      </trkpt>
      <trkpt lat="43.143480" lon="2.998710">
        <ele>0.811</ele>
      </trkpt>
      <trkpt lat="43.143630" lon="2.998360">
        <ele>0.994</ele>
      </trkpt>
      <trkpt lat="43.143770" lon="2.997870">
        <ele>3.889</ele>
      </trkpt>
      <trkpt lat="43.143760" lon="2.997550">
        <ele>3.371</ele>
      </trkpt>
      <trkpt lat="43.143860" lon="2.997210">
        <ele>0.9</ele>
      </trkpt>
      <trkpt lat="43.143850" lon="2.996550">
        <ele>0.491</ele>
      </trkpt>
      <trkpt lat="43.144090" lon="2.996260">
        <ele>0.387</ele>
      </trkpt>
      <trkpt lat="43.144710" lon="2.996330">
        <ele>0.781</ele>
      </trkpt>
      <trkpt lat="43.145490" lon="2.996770">
      </trkpt>
      <trkpt lat="43.145940" lon="2.997000">
        <ele>0.076</ele>
      </trkpt>
      <trkpt lat="43.147170" lon="2.997560">
        <ele>1.359</ele>
      </trkpt>
      <trkpt lat="43.147810" lon="2.997810">
        <ele>1.225</ele>
      </trkpt>
      <trkpt lat="43.148210" lon="2.997850">
        <ele>1.826</ele>
      </trkpt>
      <trkpt lat="43.148360" lon="2.997820">
        <ele>1.669</ele>
      </trkpt>
      <trkpt lat="43.148550" lon="2.997880">
        <ele>2.78</ele>
      </trkpt>
      <trkpt lat="43.149710" lon="2.998050">
        <ele>1.033</ele>
      </trkpt>
      <trkpt lat="43.150550" lon="2.998180">
        <ele>2.343</ele>
      </trkpt>
      <trkpt lat="43.150720" lon="2.998130">
        <ele>1.976</ele>
      </trkpt>
      <trkpt lat="43.150950" lon="2.998020">
        <ele>1.975</ele>
      </trkpt>
      <trkpt lat="43.151130" lon="2.997840">
        <ele>1.859</ele>
      </trkpt>
      <trkpt lat="43.151350" lon="2.997630">
        <ele>2.933</ele>
      </trkpt>
      <trkpt lat="43.151540" lon="2.997120">
        <ele>2.739</ele>
      </trkpt>
      <trkpt lat="43.151780" lon="2.996880">
        <ele>3.758</ele>
      </trkpt>
      <trkpt lat="43.151850" lon="2.996410">
        <ele>1.441</ele>
      </trkpt>
      <trkpt lat="43.151920" lon="2.995830">
        <ele>1.998</ele>
      </trkpt>
      <trkpt lat="43.152500" lon="2.995130">
        <ele>1.009</ele>
      </trkpt>
      <trkpt lat="43.152580" lon="2.994840">
        <ele>1.295</ele>
      </trkpt>
      <trkpt lat="43.152540" lon="2.994420">
        <ele>1.151</ele>
      </trkpt>
      <trkpt lat="43.152490" lon="2.993680">
        <ele>0.957</ele>
      </trkpt>
      <trkpt lat="43.152400" lon="2.993080">
        <ele>0.636</ele>
      </trkpt>
      <trkpt lat="43.152350" lon="2.993000">
        <ele>0.564</ele>
      </trkpt>
      <trkpt lat="43.152320" lon="2.992360">
        <ele>1</ele>
      </trkpt>
      <trkpt lat="43.151710" lon="2.991360">
        <ele>1</ele>
      </trkpt>
      <trkpt lat="43.150890" lon="2.990140">
        <ele>1</ele>
      </trkpt>
      <trkpt lat="43.150610" lon="2.989710">
        <ele>1.182</ele>
      </trkpt>
      <trkpt lat="43.150440" lon="2.989420">
        <ele>1</ele>
      </trkpt>
      <trkpt lat="43.150250" lon="2.989000">
        <ele>0.955</ele>
      </trkpt>
      <trkpt lat="43.150100" lon="2.988620">
        <ele>1</ele>
      </trkpt>
      <trkpt lat="43.150210" lon="2.988460">
        <ele>1</ele>
      </trkpt>
      <trkpt lat="43.150230" lon="2.988310">
        <ele>1</ele>
      </trkpt>
      <trkpt lat="43.150190" lon="2.988140">
        <ele>1</ele>
      </trkpt>
      <trkpt lat="43.149480" lon="2.987170">
        <ele>1.022</ele>
      </trkpt>
      <trkpt lat="43.149110" lon="2.986840">
        <ele>1.283</ele>
      </trkpt>
      <trkpt lat="43.149040" lon="2.986630">
        <ele>1.821</ele>
      </trkpt>
      <trkpt lat="43.148800" lon="2.986390">
        <ele>1.683</ele>
      </trkpt>
      <trkpt lat="43.148280" lon="2.986060">
        <ele>1.683</ele>
      </trkpt>
      <trkpt lat="43.147850" lon="2.985870">
        <ele>1.218</ele>
      </trkpt>
      <trkpt lat="43.147320" lon="2.985620">
        <ele>3.457</ele>
      </trkpt>
      <trkpt lat="43.146750" lon="2.984120">
        <ele>8.596</ele>
      </trkpt>
      <trkpt lat="43.146580" lon="2.984100">
        <ele>9.476</ele>
      </trkpt>
      <trkpt lat="43.146230" lon="2.984210">
        <ele>10.424</ele>
      </trkpt>
      <trkpt lat="43.145130" lon="2.984120">
        <ele>4.704</ele>
      </trkpt>
      <trkpt lat="43.144750" lon="2.983880">
        <ele>4.12</ele>
      </trkpt>
      <trkpt lat="43.144480" lon="2.983660">
        <ele>4.835</ele>
      </trkpt>
      <trkpt lat="43.144170" lon="2.983600">
        <ele>4.012</ele>
      </trkpt>
      <trkpt lat="43.143860" lon="2.983450">
        <ele>3.957</ele>
      </trkpt>
      <trkpt lat="43.143140" lon="2.983210">
        <ele>4.002</ele>
      </trkpt>
      <trkpt lat="43.142740" lon="2.982870">
        <ele>4.579</ele>
      </trkpt>
      <trkpt lat="43.140730" lon="2.980870">
        <ele>1.537</ele>
      </trkpt>
      <trkpt lat="43.138990" lon="2.979370">
        <ele>2</ele>
      </trkpt>
      <trkpt lat="43.138550" lon="2.979330">
        <ele>2.1</ele>
      </trkpt>
      <trkpt lat="43.138470" lon="2.979260">
        <ele>2.3</ele>
      </trkpt>
      <trkpt lat="43.138110" lon="2.979140">
        <ele>3.9</ele>
      </trkpt>
      <trkpt lat="43.137820" lon="2.978970">
        <ele>5.8</ele>
      </trkpt>
      <trkpt lat="43.137710" lon="2.978810">
        <ele>6.3</ele>
      </trkpt>
      <trkpt lat="43.137540" lon="2.978750">
        <ele>6.5</ele>
      </trkpt>
      <trkpt lat="43.137380" lon="2.978810">
        <ele>5.4</ele>
      </trkpt>
      <trkpt lat="43.137280" lon="2.978810">
        <ele>4.7</ele>
      </trkpt>
      <trkpt lat="43.136900" lon="2.978570">
        <ele>5</ele>
      </trkpt>
      <trkpt lat="43.136670" lon="2.978470">
        <ele>5</ele>
      </trkpt>
      <trkpt lat="43.136450" lon="2.978410">
        <ele>5</ele>
      </trkpt>
      <trkpt lat="43.136220" lon="2.978290">
        <ele>5.1</ele>
      </trkpt>
      <trkpt lat="43.136060" lon="2.978250">
        <ele>5.4</ele>
      </trkpt>
      <trkpt lat="43.136000" lon="2.978300">
        <ele>5.5</ele>
      </trkpt>
      <trkpt lat="43.135930" lon="2.978450">
        <ele>5.1</ele>
      </trkpt>
      <trkpt lat="43.135830" lon="2.978580">
        <ele>4.3</ele>
      </trkpt>
      <trkpt lat="43.135720" lon="2.978630">
        <ele>4.8</ele>
      </trkpt>
      <trkpt lat="43.135130" lon="2.978630">
        <ele>6.5</ele>
      </trkpt>
      <trkpt lat="43.135150" lon="2.978150">
        <ele>7.1</ele>
      </trkpt>
      <trkpt lat="43.135130" lon="2.977670">
        <ele>8.6</ele>
      </trkpt>
      <trkpt lat="43.135080" lon="2.977260">
        <ele>8.3</ele>
      </trkpt>
      <trkpt lat="43.134980" lon="2.977020">
        <ele>7.9</ele>
      </trkpt>
      <trkpt lat="43.134790" lon="2.976730">
        <ele>8.9</ele>
      </trkpt>
      <trkpt lat="43.134110" lon="2.975980">
        <ele>9.7</ele>
      </trkpt>
      <trkpt lat="43.134000" lon="2.975650">
        <ele>9.6</ele>
      </trkpt>
      <trkpt lat="43.133940" lon="2.975080">
        <ele>10.6</ele>
      </trkpt>
      <trkpt lat="43.133840" lon="2.974800">
        <ele>10.4</ele>
      </trkpt>
      <trkpt lat="43.133710" lon="2.974730">
        <ele>10.7</ele>
      </trkpt>
      <trkpt lat="43.133310" lon="2.974690">
        <ele>12</ele>
      </trkpt>
      <trkpt lat="43.132300" lon="2.974940">
        <ele>16.5</ele>
      </trkpt>
      <trkpt lat="43.131870" lon="2.975000">
        <ele>18.6</ele>
      </trkpt>
      <trkpt lat="43.131300" lon="2.975020">
        <ele>25.4</ele>
      </trkpt>
      <trkpt lat="43.131220" lon="2.975110">
        <ele>26.5</ele>
      </trkpt>
      <trkpt lat="43.131020" lon="2.975850">
        <ele>30.2</ele>
      </trkpt>
      <trkpt lat="43.130980" lon="2.975910">
        <ele>30.9</ele>
      </trkpt>
      <trkpt lat="43.130890" lon="2.975830">
        <ele>32.1</ele>
      </trkpt>
      <trkpt lat="43.130880" lon="2.976020">
        <ele>32.7</ele>
      </trkpt>
      <trkpt lat="43.130770" lon="2.976340">
        <ele>35.9</ele>
      </trkpt>
      <trkpt lat="43.130680" lon="2.976740">
        <ele>37.5</ele>
      </trkpt>
      <trkpt lat="43.130560" lon="2.976770">
        <ele>38.2</ele>
      </trkpt>
      <trkpt lat="43.130420" lon="2.976710">
        <ele>38.8</ele>
      </trkpt>
      <trkpt lat="43.129980" lon="2.976020">
        <ele>45.8</ele>
      </trkpt>
      <trkpt lat="43.129760" lon="2.975610">
        <ele>48.7</ele>
      </trkpt>
      <trkpt lat="43.129360" lon="2.975000">
        <ele>55.3</ele>
      </trkpt>
      <trkpt lat="43.129220" lon="2.974480">
        <ele>58.7</ele>
      </trkpt>
      <trkpt lat="43.129100" lon="2.974230">
        <ele>60.7</ele>
      </trkpt>
      <trkpt lat="43.128870" lon="2.973890">
        <ele>63.5</ele>
      </trkpt>
      <trkpt lat="43.128780" lon="2.973630">
        <ele>65.8</ele>
      </trkpt>
      <trkpt lat="43.128720" lon="2.973300">
        <ele>66.5</ele>
      </trkpt>
      <trkpt lat="43.128580" lon="2.973020">
        <ele>68.3</ele>
      </trkpt>
      <trkpt lat="43.128460" lon="2.972830">
        <ele>68.7</ele>
      </trkpt>
      <trkpt lat="43.128370" lon="2.972740">
        <ele>69.8</ele>
      </trkpt>
      <trkpt lat="43.128270" lon="2.972710">
        <ele>70.4</ele>
      </trkpt>
      <trkpt lat="43.127970" lon="2.972760">
        <ele>72.3</ele>
      </trkpt>
      <trkpt lat="43.127840" lon="2.972830">
        <ele>73.2</ele>
      </trkpt>
      <trkpt lat="43.127760" lon="2.972950">
        <ele>75</ele>
      </trkpt>
      <trkpt lat="43.127630" lon="2.973140">
        <ele>76.9</ele>
      </trkpt>
      <trkpt lat="43.127540" lon="2.973590">
        <ele>78.6</ele>
      </trkpt>
      <trkpt lat="43.127450" lon="2.973680">
        <ele>79.9</ele>
      </trkpt>
      <trkpt lat="43.127120" lon="2.973640">
        <ele>81.8</ele>
      </trkpt>
      <trkpt lat="43.126490" lon="2.973720">
        <ele>85.4</ele>
      </trkpt>
      <trkpt lat="43.126490" lon="2.973720">
        <ele>85.4</ele>
      </trkpt>
      <trkpt lat="43.126170" lon="2.973810">
        <ele>88.4</ele>
      </trkpt>
      <trkpt lat="43.124970" lon="2.973940">
        <ele>97.9</ele>
      </trkpt>
      <trkpt lat="43.124840" lon="2.974000">
        <ele>99.5</ele>
      </trkpt>
      <trkpt lat="43.124710" lon="2.974150">
        <ele>101</ele>
      </trkpt>
      <trkpt lat="43.124600" lon="2.974400">
        <ele>101.9</ele>
      </trkpt>
      <trkpt lat="43.124470" lon="2.974800">
        <ele>101.4</ele>
      </trkpt>
      <trkpt lat="43.124310" lon="2.974830">
        <ele>101.2</ele>
      </trkpt>
      <trkpt lat="43.124130" lon="2.974680">
        <ele>100.8</ele>
      </trkpt>
      <trkpt lat="43.123610" lon="2.973930">
        <ele>100.5</ele>
      </trkpt>
      <trkpt lat="43.123380" lon="2.973630">
        <ele>99.4</ele>
      </trkpt>
      <trkpt lat="43.123160" lon="2.973460">
        <ele>99.7</ele>
      </trkpt>
      <trkpt lat="43.123050" lon="2.973430">
        <ele>99.3</ele>
      </trkpt>
      <trkpt lat="43.122800" lon="2.973460">
        <ele>99.6</ele>
      </trkpt>
      <trkpt lat="43.122260" lon="2.973630">
        <ele>98.9</ele>
      </trkpt>
      <trkpt lat="43.121870" lon="2.973670">
        <ele>97.7</ele>
      </trkpt>
      <trkpt lat="43.121380" lon="2.973700">
        <ele>96</ele>
      </trkpt>
      <trkpt lat="43.121180" lon="2.973740">
        <ele>94.5</ele>
      </trkpt>
      <trkpt lat="43.121070" lon="2.973700">
        <ele>93.5</ele>
      </trkpt>
      <trkpt lat="43.120930" lon="2.973510">
        <ele>92.6</ele>
      </trkpt>
      <trkpt lat="43.120670" lon="2.973290">
        <ele>91.1</ele>
      </trkpt>
      <trkpt lat="43.120640" lon="2.973120">
        <ele>90</ele>
      </trkpt>
      <trkpt lat="43.120720" lon="2.972720">
        <ele>88.9</ele>
      </trkpt>
      <trkpt lat="43.120740" lon="2.972460">
        <ele>88.2</ele>
      </trkpt>
      <trkpt lat="43.120680" lon="2.972220">
        <ele>86.8</ele>
      </trkpt>
      <trkpt lat="43.120580" lon="2.972050">
        <ele>85.9</ele>
      </trkpt>
      <trkpt lat="43.120230" lon="2.971770">
        <ele>81.5</ele>
      </trkpt>
      <trkpt lat="43.120130" lon="2.971610">
        <ele>80.4</ele>
      </trkpt>
      <trkpt lat="43.120000" lon="2.971320">
        <ele>78.1</ele>
      </trkpt>
      <trkpt lat="43.119900" lon="2.970950">
        <ele>76.6</ele>
      </trkpt>
      <trkpt lat="43.119800" lon="2.970920">
        <ele>75.1</ele>
      </trkpt>
      <trkpt lat="43.119750" lon="2.970990">
        <ele>74.4</ele>
      </trkpt>
      <trkpt lat="43.119660" lon="2.971430">
        <ele>72.1</ele>
      </trkpt>
      <trkpt lat="43.119570" lon="2.971580">
        <ele>71.2</ele>
      </trkpt>
      <trkpt lat="43.119410" lon="2.971690">
        <ele>69.9</ele>
      </trkpt>
      <trkpt lat="43.119180" lon="2.971750">
        <ele>68</ele>
      </trkpt>
      <trkpt lat="43.118830" lon="2.971790">
        <ele>66.8</ele>
      </trkpt>
      <trkpt lat="43.118740" lon="2.971810">
        <ele>65.9</ele>
      </trkpt>
      <trkpt lat="43.118610" lon="2.971910">
        <ele>65.6</ele>
      </trkpt>
      <trkpt lat="43.118490" lon="2.972040">
        <ele>66.5</ele>
      </trkpt>
      <trkpt lat="43.118370" lon="2.972050">
        <ele>65.9</ele>
      </trkpt>
      <trkpt lat="43.118100" lon="2.971920">
        <ele>63.4</ele>
      </trkpt>
      <trkpt lat="43.117870" lon="2.971680">
        <ele>59.8</ele>
      </trkpt>
      <trkpt lat="43.117720" lon="2.971620">
        <ele>58.7</ele>
      </trkpt>
      <trkpt lat="43.117410" lon="2.971720">
        <ele>57.4</ele>
      </trkpt>
      <trkpt lat="43.117240" lon="2.971860">
        <ele>55.5</ele>
      </trkpt>
      <trkpt lat="43.117150" lon="2.972050">
        <ele>56.6</ele>
      </trkpt>
      <trkpt lat="43.117050" lon="2.972080">
        <ele>56.2</ele>
      </trkpt>
      <trkpt lat="43.116970" lon="2.972010">
        <ele>54.9</ele>
      </trkpt>
      <trkpt lat="43.116970" lon="2.971890">
        <ele>53.9</ele>
      </trkpt>
      <trkpt lat="43.117060" lon="2.971610">
        <ele>52.4</ele>
      </trkpt>
      <trkpt lat="43.117030" lon="2.971480">
        <ele>51</ele>
      </trkpt>
      <trkpt lat="43.116860" lon="2.971350">
        <ele>48.9</ele>
      </trkpt>
      <trkpt lat="43.116280" lon="2.971390">
        <ele>46.6</ele>
      </trkpt>
      <trkpt lat="43.116180" lon="2.971520">
        <ele>46.3</ele>
      </trkpt>
      <trkpt lat="43.116140" lon="2.971910">
        <ele>45.9</ele>
      </trkpt>
      <trkpt lat="43.116130" lon="2.972990">
        <ele>46.4</ele>
      </trkpt>
      <trkpt lat="43.116050" lon="2.973390">
        <ele>45.9</ele>
      </trkpt>
      <trkpt lat="43.115980" lon="2.973410">
        <ele>45.5</ele>
      </trkpt>
      <trkpt lat="43.115400" lon="2.973090">
        <ele>38.7</ele>
      </trkpt>
      <trkpt lat="43.114750" lon="2.972880">
        <ele>33</ele>
      </trkpt>
      <trkpt lat="43.114070" lon="2.972320">
        <ele>26.7</ele>
      </trkpt>
      <trkpt lat="43.113770" lon="2.972160">
        <ele>23.4</ele>
      </trkpt>
      <trkpt lat="43.113440" lon="2.971990">
        <ele>19.7</ele>
      </trkpt>
      <trkpt lat="43.113330" lon="2.971860">
        <ele>18.4</ele>
      </trkpt>
      <trkpt lat="43.113330" lon="2.971650">
        <ele>16.8</ele>
      </trkpt>
      <trkpt lat="43.113580" lon="2.971300">
        <ele>13.5</ele>
      </trkpt>
      <trkpt lat="43.113610" lon="2.971160">
        <ele>11.6</ele>
      </trkpt>
      <trkpt lat="43.113380" lon="2.970860">
        <ele>8.5</ele>
      </trkpt>
      <trkpt lat="43.113260" lon="2.970640">
        <ele>7.7</ele>
      </trkpt>
      <trkpt lat="43.113110" lon="2.970270">
        <ele>6.3</ele>
      </trkpt>
      <trkpt lat="43.112960" lon="2.969940">
        <ele>5.9</ele>
      </trkpt>
      <trkpt lat="43.112800" lon="2.969700">
        <ele>6.1</ele>
      </trkpt>
      <trkpt lat="43.112750" lon="2.969560">
        <ele>5.8</ele>
      </trkpt>
      <trkpt lat="43.112710" lon="2.969330">
        <ele>5.4</ele>
      </trkpt>
      <trkpt lat="43.112610" lon="2.969010">
        <ele>3.9</ele>
      </trkpt>
      <trkpt lat="43.112590" lon="2.968810">
        <ele>3.8</ele>
      </trkpt>
      <trkpt lat="43.112620" lon="2.968590">
        <ele>4.3</ele>
      </trkpt>
      <trkpt lat="43.112510" lon="2.967570">
        <ele>4.2</ele>
      </trkpt>
      <trkpt lat="43.112470" lon="2.967330">
        <ele>3.9</ele>
      </trkpt>
      <trkpt lat="43.112380" lon="2.967040">
        <ele>4</ele>
      </trkpt>
      <trkpt lat="43.112230" lon="2.966620">
        <ele>4.1</ele>
      </trkpt>
      <trkpt lat="43.112150" lon="2.966340">
        <ele>4</ele>
      </trkpt>
      <trkpt lat="43.112080" lon="2.966020">
        <ele>4.2</ele>
      </trkpt>
      <trkpt lat="43.112010" lon="2.965570">
        <ele>5</ele>
      </trkpt>
      <trkpt lat="43.111890" lon="2.965110">
        <ele>5.2</ele>
      </trkpt>
      <trkpt lat="43.111820" lon="2.964870">
        <ele>5.4</ele>
      </trkpt>
      <trkpt lat="43.111740" lon="2.964780">
        <ele>5.7</ele>
      </trkpt>
      <trkpt lat="43.111320" lon="2.964450">
        <ele>9.7</ele>
      </trkpt>
      <trkpt lat="43.110890" lon="2.964100">
        <ele>14.9</ele>
      </trkpt>
      <trkpt lat="43.110800" lon="2.964070">
        <ele>15.2</ele>
      </trkpt>
      <trkpt lat="43.110750" lon="2.964040">
        <ele>15</ele>
      </trkpt>
      <trkpt lat="43.110440" lon="2.963670">
        <ele>14.9</ele>
      </trkpt>
      <trkpt lat="43.110350" lon="2.963610">
        <ele>14.5</ele>
      </trkpt>
      <trkpt lat="43.110100" lon="2.963340">
        <ele>13.3</ele>
      </trkpt>
      <trkpt lat="43.110000" lon="2.963250">
        <ele>13.3</ele>
      </trkpt>
      <trkpt lat="43.109760" lon="2.963080">
        <ele>14.8</ele>
      </trkpt>
      <trkpt lat="43.109530" lon="2.962890">
        <ele>14.9</ele>
      </trkpt>
      <trkpt lat="43.109370" lon="2.962610">
        <ele>15</ele>
      </trkpt>
      <trkpt lat="43.109310" lon="2.962300">
        <ele>15</ele>
      </trkpt>
      <trkpt lat="43.109240" lon="2.962080">
        <ele>14.5</ele>
      </trkpt>
      <trkpt lat="43.109110" lon="2.961920">
        <ele>13.7</ele>
      </trkpt>
      <trkpt lat="43.109030" lon="2.961750">
        <ele>13.7</ele>
      </trkpt>
      <trkpt lat="43.108970" lon="2.961390">
        <ele>14.3</ele>
      </trkpt>
      <trkpt lat="43.108880" lon="2.960960">
        <ele>15</ele>
      </trkpt>
      <trkpt lat="43.108790" lon="2.960270">
        <ele>14.3</ele>
      </trkpt>
      <trkpt lat="43.108740" lon="2.960090">
        <ele>13.9</ele>
      </trkpt>
      <trkpt lat="43.108510" lon="2.959600">
        <ele>12.4</ele>
      </trkpt>
      <trkpt lat="43.108430" lon="2.959460">
        <ele>11.2</ele>
      </trkpt>
      <trkpt lat="43.108340" lon="2.959390">
        <ele>10.6</ele>
      </trkpt>
      <trkpt lat="43.108220" lon="2.959340">
        <ele>9.9</ele>
      </trkpt>
      <trkpt lat="43.108070" lon="2.959350">
        <ele>9.4</ele>
      </trkpt>
      <trkpt lat="43.107980" lon="2.959320">
        <ele>9.3</ele>
      </trkpt>
      <trkpt lat="43.107880" lon="2.959240">
        <ele>9</ele>
      </trkpt>
      <trkpt lat="43.107800" lon="2.959160">
        <ele>8.9</ele>
      </trkpt>
      <trkpt lat="43.107720" lon="2.959030">
        <ele>8.8</ele>
      </trkpt>
      <trkpt lat="43.107650" lon="2.958980">
        <ele>8.9</ele>
      </trkpt>
      <trkpt lat="43.107570" lon="2.958950">
        <ele>9.1</ele>
      </trkpt>
      <trkpt lat="43.107470" lon="2.958960">
        <ele>9.8</ele>
      </trkpt>
      <trkpt lat="43.107380" lon="2.958980">
        <ele>10.4</ele>
      </trkpt>
      <trkpt lat="43.107310" lon="2.959030">
        <ele>10.7</ele>
      </trkpt>
      <trkpt lat="43.107240" lon="2.959110">
        <ele>10.4</ele>
      </trkpt>
      <trkpt lat="43.107190" lon="2.959240">
        <ele>10</ele>
      </trkpt>
      <trkpt lat="43.107010" lon="2.960020">
        <ele>6.3</ele>
      </trkpt>
      <trkpt lat="43.106960" lon="2.960130">
        <ele>5.2</ele>
      </trkpt>
      <trkpt lat="43.106890" lon="2.960240">
        <ele>4.5</ele>
      </trkpt>
      <trkpt lat="43.106820" lon="2.960310">
        <ele>4.2</ele>
      </trkpt>
      <trkpt lat="43.106740" lon="2.960340">
        <ele>4.2</ele>
      </trkpt>
      <trkpt lat="43.106660" lon="2.960350">
        <ele>4.2</ele>
      </trkpt>
      <trkpt lat="43.106560" lon="2.960320">
        <ele>3.9</ele>
      </trkpt>
      <trkpt lat="43.106460" lon="2.960250">
        <ele>4</ele>
      </trkpt>
      <trkpt lat="43.106080" lon="2.959910">
        <ele>3.1</ele>
      </trkpt>
      <trkpt lat="43.105940" lon="2.959780">
        <ele>3.2</ele>
      </trkpt>
      <trkpt lat="43.105670" lon="2.959420">
        <ele>3.4</ele>
      </trkpt>
      <trkpt lat="43.105590" lon="2.959340">
        <ele>2.7</ele>
      </trkpt>
      <trkpt lat="43.104900" lon="2.959010">
        <ele>2.6</ele>
      </trkpt>
      <trkpt lat="43.104780" lon="2.958980">
        <ele>2.7</ele>
      </trkpt>
      <trkpt lat="43.104650" lon="2.958980">
        <ele>2.7</ele>
      </trkpt>
      <trkpt lat="43.104470" lon="2.959020">
        <ele>2.5</ele>
      </trkpt>
      <trkpt lat="43.103580" lon="2.959170">
        <ele>2</ele>
      </trkpt>
      <trkpt lat="43.103420" lon="2.959170">
        <ele>2</ele>
      </trkpt>
      <trkpt lat="43.103340" lon="2.959110">
        <ele>2</ele>
      </trkpt>
      <trkpt lat="43.103260" lon="2.959020">
        <ele>2</ele>
      </trkpt>
      <trkpt lat="43.103140" lon="2.958990">
        <ele>2</ele>
      </trkpt>
      <trkpt lat="43.102820" lon="2.959000">
        <ele>2</ele>
      </trkpt>
      <trkpt lat="43.102700" lon="2.959020">
        <ele>2</ele>
      </trkpt>
      <trkpt lat="43.102530" lon="2.959100">
        <ele>2</ele>
      </trkpt>
      <trkpt lat="43.102100" lon="2.959300">
        <ele>1</ele>
      </trkpt>
      <trkpt lat="43.101910" lon="2.959440">
        <ele>1</ele>
      </trkpt>
      <trkpt lat="43.101630" lon="2.959620">
        <ele>1</ele>
      </trkpt>
      <trkpt lat="43.101280" lon="2.959820">
        <ele>1.2</ele>
      </trkpt>
      <trkpt lat="43.101160" lon="2.959960">
        <ele>1.1</ele>
      </trkpt>
      <trkpt lat="43.101050" lon="2.960000">
        <ele>1</ele>
      </trkpt>
      <trkpt lat="43.100900" lon="2.959990">
        <ele>1</ele>
      </trkpt>
      <trkpt lat="43.100720" lon="2.959900">
        <ele>1</ele>
      </trkpt>
      <trkpt lat="43.100480" lon="2.959800">
        <ele>1</ele>
      </trkpt>
      <trkpt lat="43.099700" lon="2.959400">
        <ele>1</ele>
      </trkpt>
      <trkpt lat="43.099660" lon="2.959280">
        <ele>1</ele>
      </trkpt>
      <trkpt lat="43.099670" lon="2.959160">
        <ele>1</ele>
      </trkpt>
      <trkpt lat="43.099640" lon="2.959010">
        <ele>1</ele>
      </trkpt>
      <trkpt lat="43.099520" lon="2.958850">
        <ele>1</ele>
      </trkpt>
      <trkpt lat="43.098580" lon="2.958350">
        <ele>1</ele>
      </trkpt>
      <trkpt lat="43.098280" lon="2.958090">
        <ele>1</ele>
      </trkpt>
      <trkpt lat="43.098080" lon="2.957980">
        <ele>1</ele>
      </trkpt>
      <trkpt lat="43.097370" lon="2.957680">
        <ele>1</ele>
      </trkpt>
      <trkpt lat="43.097040" lon="2.957560">
        <ele>1.5</ele>
      </trkpt>
      <trkpt lat="43.096550" lon="2.957350">
        <ele>1.5</ele>
      </trkpt>
      <trkpt lat="43.096390" lon="2.957300">
        <ele>1.3</ele>
      </trkpt>
      <trkpt lat="43.095240" lon="2.957310">
        <ele>2</ele>
      </trkpt>
      <trkpt lat="43.095050" lon="2.957200">
        <ele>2</ele>
      </trkpt>
      <trkpt lat="43.094930" lon="2.957180">
        <ele>2</ele>
      </trkpt>
      <trkpt lat="43.094250" lon="2.957350">
        <ele>2.7</ele>
      </trkpt>
      <trkpt lat="43.093730" lon="2.957520">
        <ele>3</ele>
      </trkpt>
      <trkpt lat="43.093440" lon="2.957590">
        <ele>3</ele>
      </trkpt>
      <trkpt lat="43.093320" lon="2.957670">
        <ele>3</ele>
      </trkpt>
      <trkpt lat="43.092500" lon="2.957910">
        <ele>3</ele>
      </trkpt>
      <trkpt lat="43.092390" lon="2.958010">
        <ele>3</ele>
      </trkpt>
      <trkpt lat="43.092170" lon="2.958120">
        <ele>3</ele>
      </trkpt>
      <trkpt lat="43.091800" lon="2.958360">
        <ele>2.4</ele>
      </trkpt>
      <trkpt lat="43.091260" lon="2.958700">
        <ele>2</ele>
      </trkpt>
      <trkpt lat="43.090940" lon="2.958850">
        <ele>2</ele>
      </trkpt>
      <trkpt lat="43.090090" lon="2.959230">
        <ele>2.2</ele>
      </trkpt>
      <trkpt lat="43.089600" lon="2.959410">
        <ele>2.2</ele>
      </trkpt>
      <trkpt lat="43.089460" lon="2.959500">
        <ele>1.8</ele>
      </trkpt>
      <trkpt lat="43.089280" lon="2.959500">
        <ele>1.8</ele>
      </trkpt>
      <trkpt lat="43.089140" lon="2.959450">
        <ele>1.9</ele>
      </trkpt>
      <trkpt lat="43.089030" lon="2.959710">
        <ele>1</ele>
      </trkpt>
      <trkpt lat="43.088500" lon="2.959340">
        <ele>1</ele>
      </trkpt>
      <trkpt lat="43.088190" lon="2.959570">
        <ele>1</ele>
      </trkpt>
      <trkpt lat="43.088000" lon="2.960010">
        <ele>1</ele>
      </trkpt>
      <trkpt lat="43.087990" lon="2.960320">
        <ele>1</ele>
      </trkpt>
      <trkpt lat="43.087910" lon="2.960540">
        <ele>1</ele>
      </trkpt>
      <trkpt lat="43.087570" lon="2.960780">
        <ele>1</ele>
      </trkpt>
      <trkpt lat="43.087490" lon="2.960930">
        <ele>1</ele>
      </trkpt>
      <trkpt lat="43.087430" lon="2.961200">
        <ele>1</ele>
      </trkpt>
      <trkpt lat="43.087290" lon="2.961440">
        <ele>1</ele>
      </trkpt>
      <trkpt lat="43.086920" lon="2.961850">
        <ele>1</ele>
      </trkpt>
      <trkpt lat="43.086070" lon="2.962250">
        <ele>1</ele>
      </trkpt>
      <trkpt lat="43.085700" lon="2.962320">
        <ele>1</ele>
      </trkpt>
      <trkpt lat="43.085530" lon="2.962330">
        <ele>1.1</ele>
      </trkpt>
      <trkpt lat="43.084730" lon="2.963140">
        <ele>1.7</ele>
      </trkpt>
      <trkpt lat="43.084670" lon="2.962920">
        <ele>2.591</ele>
      </trkpt>
      <trkpt lat="43.084490" lon="2.962830">
        <ele>3.475</ele>
      </trkpt>
      <trkpt lat="43.084260" lon="2.962880">
        <ele>6.183</ele>
      </trkpt>
      <trkpt lat="43.083990" lon="2.963100">
        <ele>3.4</ele>
      </trkpt>
      <trkpt lat="43.083430" lon="2.963640">
        <ele>1.6</ele>
      </trkpt>
      <trkpt lat="43.083140" lon="2.963600">
        <ele>1.4</ele>
      </trkpt>
      <trkpt lat="43.082790" lon="2.963490">
        <ele>1.9</ele>
      </trkpt>
      <trkpt lat="43.082320" lon="2.963340">
        <ele>2</ele>
      </trkpt>
      <trkpt lat="43.081460" lon="2.962800">
        <ele>1.9</ele>
      </trkpt>
      <trkpt lat="43.081190" lon="2.962620">
        <ele>2.7</ele>
      </trkpt>
      <trkpt lat="43.080470" lon="2.961790">
        <ele>1.4</ele>
      </trkpt>
      <trkpt lat="43.079480" lon="2.960750">
        <ele>0.41</ele>
      </trkpt>
      <trkpt lat="43.078530" lon="2.959870">
        <ele>1.3</ele>
      </trkpt>
      <trkpt lat="43.078320" lon="2.959570">
        <ele>1</ele>
      </trkpt>
      <trkpt lat="43.078070" lon="2.958710">
        <ele>1.012</ele>
      </trkpt>
      <trkpt lat="43.078020" lon="2.958570">
        <ele>1</ele>
      </trkpt>
      <trkpt lat="43.077710" lon="2.958270">
        <ele>1</ele>
      </trkpt>
      <trkpt lat="43.077580" lon="2.958070">
        <ele>1</ele>
      </trkpt>
      <trkpt lat="43.077290" lon="2.957290">
        <ele>1</ele>
      </trkpt>
      <trkpt lat="43.076070" lon="2.954780">
        <ele>1.8</ele>
      </trkpt>
      <trkpt lat="43.075760" lon="2.954450">
        <ele>2</ele>
      </trkpt>
      <trkpt lat="43.075130" lon="2.953900">
        <ele>1</ele>
      </trkpt>
      <trkpt lat="43.074730" lon="2.953680">
        <ele>1</ele>
      </trkpt>
      <trkpt lat="43.074140" lon="2.953510">
        <ele>0.368</ele>
      </trkpt>
      <trkpt lat="43.073480" lon="2.953370">
        <ele>0.868</ele>
      </trkpt>
      <trkpt lat="43.072390" lon="2.953790">
        <ele>1</ele>
      </trkpt>
      <trkpt lat="43.072240" lon="2.953900">
        <ele>1</ele>
      </trkpt>
      <trkpt lat="43.072150" lon="2.954170">
        <ele>1.248</ele>
      </trkpt>
      <trkpt lat="43.071970" lon="2.955440">
        <ele>2</ele>
      </trkpt>
      <trkpt lat="43.071970" lon="2.955660">
        <ele>2</ele>
      </trkpt>
      <trkpt lat="43.071940" lon="2.955980">
        <ele>2.6</ele>
      </trkpt>
      <trkpt lat="43.071990" lon="2.956250">
        <ele>3</ele>
      </trkpt>
      <trkpt lat="43.072000" lon="2.956370">
        <ele>3</ele>
      </trkpt>
      <trkpt lat="43.072020" lon="2.956470">
        <ele>2.4</ele>
      </trkpt>
      <trkpt lat="43.071920" lon="2.956690">
        <ele>1.6</ele>
      </trkpt>
      <trkpt lat="43.071770" lon="2.957200">
        <ele>2.1</ele>
      </trkpt>
      <trkpt lat="43.071780" lon="2.957540">
        <ele>3.1</ele>
      </trkpt>
      <trkpt lat="43.071750" lon="2.957950">
        <ele>4</ele>
      </trkpt>
      <trkpt lat="43.071810" lon="2.958270">
        <ele>4.8</ele>
      </trkpt>
      <trkpt lat="43.071800" lon="2.958650">
        <ele>6.1</ele>
      </trkpt>
      <trkpt lat="43.071940" lon="2.959140">
        <ele>1.6</ele>
      </trkpt>
      <trkpt lat="43.071940" lon="2.959270">
        <ele>1.1</ele>
      </trkpt>
      <trkpt lat="43.071900" lon="2.959670">
        <ele>2.1</ele>
      </trkpt>
      <trkpt lat="43.071690" lon="2.960540">
        <ele>1</ele>
      </trkpt>
      <trkpt lat="43.071580" lon="2.960860">
        <ele>3.7</ele>
      </trkpt>
      <trkpt lat="43.071510" lon="2.960950">
        <ele>2.7</ele>
      </trkpt>
      <trkpt lat="43.071380" lon="2.961050">
        <ele>1.7</ele>
      </trkpt>
      <trkpt lat="43.071270" lon="2.961090">
        <ele>1.7</ele>
      </trkpt>
      <trkpt lat="43.071070" lon="2.961400">
        <ele>1</ele>
      </trkpt>
      <trkpt lat="43.069920" lon="2.962260">
        <ele>1.2</ele>
      </trkpt>
      <trkpt lat="43.069660" lon="2.962550">
        <ele>1</ele>
      </trkpt>
      <trkpt lat="43.069500" lon="2.962650">
        <ele>1</ele>
      </trkpt>
      <trkpt lat="43.069260" lon="2.962960">
        <ele>2.4</ele>
      </trkpt>
      <trkpt lat="43.068960" lon="2.963250">
        <ele>1.9</ele>
      </trkpt>
      <trkpt lat="43.068890" lon="2.963320">
        <ele>1.2</ele>
      </trkpt>
      <trkpt lat="43.068830" lon="2.963310">
        <ele>1.3</ele>
      </trkpt>
      <trkpt lat="43.068800" lon="2.963290">
        <ele>1.5</ele>
      </trkpt>
      <trkpt lat="43.068660" lon="2.963260">
        <ele>1.6</ele>
      </trkpt>
      <trkpt lat="43.068620" lon="2.963220">
        <ele>1.9</ele>
      </trkpt>
      <trkpt lat="43.068530" lon="2.963180">
        <ele>1.9</ele>
      </trkpt>
      <trkpt lat="43.068470" lon="2.963140">
        <ele>2.1</ele>
      </trkpt>
      <trkpt lat="43.068440" lon="2.963080">
        <ele>2.238</ele>
      </trkpt>
      <trkpt lat="43.067450" lon="2.962620">
        <ele>1.956</ele>
      </trkpt>
      <trkpt lat="43.067390" lon="2.962560">
        <ele>1.9</ele>
      </trkpt>
      <trkpt lat="43.067320" lon="2.962280">
        <ele>1.7</ele>
      </trkpt>
      <trkpt lat="43.067390" lon="2.961910">
        <ele>3</ele>
      </trkpt>
      <trkpt lat="43.067400" lon="2.961550">
        <ele>2.1</ele>
      </trkpt>
      <trkpt lat="43.067630" lon="2.961170">
        <ele>2.1</ele>
      </trkpt>
      <trkpt lat="43.067710" lon="2.961080">
        <ele>1.7</ele>
      </trkpt>
      <trkpt lat="43.067870" lon="2.960990">
        <ele>3.153</ele>
      </trkpt>
      <trkpt lat="43.067930" lon="2.960750">
        <ele>1.4</ele>
      </trkpt>
      <trkpt lat="43.068100" lon="2.960470">
        <ele>1.1</ele>
      </trkpt>
      <trkpt lat="43.068310" lon="2.960120">
        <ele>1</ele>
      </trkpt>
      <trkpt lat="43.068470" lon="2.959430">
        <ele>1.5</ele>
      </trkpt>
      <trkpt lat="43.068540" lon="2.958960">
        <ele>1.7</ele>
      </trkpt>
      <trkpt lat="43.068550" lon="2.958650">
        <ele>1.1</ele>
      </trkpt>
      <trkpt lat="43.068510" lon="2.958480">
        <ele>1.3</ele>
      </trkpt>
      <trkpt lat="43.068340" lon="2.957930">
        <ele>1.6</ele>
      </trkpt>
      <trkpt lat="43.068310" lon="2.957810">
        <ele>1.098</ele>
      </trkpt>
      <trkpt lat="43.068180" lon="2.957160">
        <ele>1.5</ele>
      </trkpt>
      <trkpt lat="43.068080" lon="2.956790">
        <ele>1.6</ele>
      </trkpt>
      <trkpt lat="43.067930" lon="2.956500">
        <ele>1.9</ele>
      </trkpt>
      <trkpt lat="43.067600" lon="2.956030">
        <ele>1.4</ele>
      </trkpt>
      <trkpt lat="43.067330" lon="2.954980">
        <ele>1.7</ele>
      </trkpt>
      <trkpt lat="43.067300" lon="2.954710">
        <ele>3.3</ele>
      </trkpt>
      <trkpt lat="43.067340" lon="2.954400">
        <ele>3.7</ele>
      </trkpt>
      <trkpt lat="43.067940" lon="2.953180">
        <ele>1.252</ele>
      </trkpt>
      <trkpt lat="43.068150" lon="2.952970">
        <ele>1.9</ele>
      </trkpt>
      <trkpt lat="43.068300" lon="2.952860">
        <ele>3</ele>
      </trkpt>
      <trkpt lat="43.068370" lon="2.952740">
        <ele>4</ele>
      </trkpt>
      <trkpt lat="43.068350" lon="2.952480">
        <ele>3.4</ele>
      </trkpt>
      <trkpt lat="43.068430" lon="2.952220">
        <ele>3.7</ele>
      </trkpt>
      <trkpt lat="43.069060" lon="2.951060">
        <ele>6.587</ele>
      </trkpt>
      <trkpt lat="43.069660" lon="2.950560">
        <ele>10.594</ele>
      </trkpt>
      <trkpt lat="43.069920" lon="2.950130">
        <ele>15.6</ele>
      </trkpt>
      <trkpt lat="43.069990" lon="2.949920">
        <ele>17.1</ele>
      </trkpt>
      <trkpt lat="43.070060" lon="2.949830">
        <ele>17.5</ele>
      </trkpt>
      <trkpt lat="43.070220" lon="2.949530">
        <ele>16.8</ele>
      </trkpt>
      <trkpt lat="43.070370" lon="2.948700">
        <ele>13.5</ele>
      </trkpt>
      <trkpt lat="43.070360" lon="2.948430">
        <ele>12.5</ele>
      </trkpt>
      <trkpt lat="43.070390" lon="2.948360">
        <ele>13.1</ele>
      </trkpt>
      <trkpt lat="43.070600" lon="2.948150">
        <ele>14.956</ele>
      </trkpt>
      <trkpt lat="43.071040" lon="2.947210">
        <ele>18.029</ele>
      </trkpt>
      <trkpt lat="43.071200" lon="2.946950">
        <ele>18.7</ele>
      </trkpt>
      <trkpt lat="43.070950" lon="2.946710">
        <ele>17</ele>
      </trkpt>
      <trkpt lat="43.070930" lon="2.946650">
        <ele>17</ele>
      </trkpt>
      <trkpt lat="43.070850" lon="2.946450">
        <ele>17.7</ele>
      </trkpt>
      <trkpt lat="43.070890" lon="2.946220">
        <ele>18.291</ele>
      </trkpt>
      <trkpt lat="43.070880" lon="2.946110">
        <ele>18.7</ele>
      </trkpt>
      <trkpt lat="43.070770" lon="2.946020">
        <ele>18.8</ele>
      </trkpt>
      <trkpt lat="43.070720" lon="2.945940">
        <ele>18.9</ele>
      </trkpt>
      <trkpt lat="43.070740" lon="2.945750">
        <ele>17.9</ele>
      </trkpt>
      <trkpt lat="43.070790" lon="2.945620">
        <ele>16.2</ele>
      </trkpt>
      <trkpt lat="43.070790" lon="2.945520">
        <ele>15.1</ele>
      </trkpt>
      <trkpt lat="43.070730" lon="2.945420">
        <ele>14.4</ele>
      </trkpt>
      <trkpt lat="43.070490" lon="2.945320">
        <ele>12.732</ele>
      </trkpt>
      <trkpt lat="43.070410" lon="2.945390">
        <ele>13.5</ele>
      </trkpt>
      <trkpt lat="43.070330" lon="2.945450">
        <ele>13.5</ele>
      </trkpt>
      <trkpt lat="43.070160" lon="2.945360">
        <ele>11.9</ele>
      </trkpt>
      <trkpt lat="43.069920" lon="2.945300">
        <ele>12</ele>
      </trkpt>
      <trkpt lat="43.069720" lon="2.945170">
        <ele>12.9</ele>
      </trkpt>
      <trkpt lat="43.069650" lon="2.945060">
        <ele>12.3</ele>
      </trkpt>
      <trkpt lat="43.069670" lon="2.944900">
        <ele>11.3</ele>
      </trkpt>
      <trkpt lat="43.070340" lon="2.942580">
        <ele>9.566</ele>
      </trkpt>
      <trkpt lat="43.070210" lon="2.942170">
        <ele>9.574</ele>
      </trkpt>
      <trkpt lat="43.069940" lon="2.941960">
        <ele>7.6</ele>
      </trkpt>
      <trkpt lat="43.069780" lon="2.941900">
        <ele>7.7</ele>
      </trkpt>
      <trkpt lat="43.069340" lon="2.942080">
        <ele>7.7</ele>
      </trkpt>
      <trkpt lat="43.069240" lon="2.942060">
        <ele>6.8</ele>
      </trkpt>
      <trkpt lat="43.069360" lon="2.941240">
        <ele>6.689</ele>
      </trkpt>
      <trkpt lat="43.069470" lon="2.941060">
        <ele>7.2</ele>
      </trkpt>
      <trkpt lat="43.069590" lon="2.940930">
        <ele>8.4</ele>
      </trkpt>
      <trkpt lat="43.069550" lon="2.940760">
        <ele>9</ele>
      </trkpt>
      <trkpt lat="43.068070" lon="2.939500">
        <ele>11.4</ele>
      </trkpt>
      <trkpt lat="43.067950" lon="2.939440">
        <ele>11</ele>
      </trkpt>
      <trkpt lat="43.067340" lon="2.939560">
        <ele>8.7</ele>
      </trkpt>
      <trkpt lat="43.066530" lon="2.940530">
        <ele>7.4</ele>
      </trkpt>
      <trkpt lat="43.066390" lon="2.940620">
        <ele>6.5</ele>
      </trkpt>
      <trkpt lat="43.066180" lon="2.940550">
        <ele>6</ele>
      </trkpt>
      <trkpt lat="43.065830" lon="2.940400">
        <ele>4.6</ele>
      </trkpt>
      <trkpt lat="43.065620" lon="2.940420">
        <ele>4.9</ele>
      </trkpt>
      <trkpt lat="43.065410" lon="2.940600">
        <ele>4.9</ele>
      </trkpt>
      <trkpt lat="43.062400" lon="2.950730">
        <ele>2</ele>
      </trkpt>
      <trkpt lat="43.060200" lon="2.958170">
        <ele>5.5</ele>
      </trkpt>
      <trkpt lat="43.059410" lon="2.960590">
        <ele>5.9</ele>
      </trkpt>
      <trkpt lat="43.058930" lon="2.962220">
        <ele>5.999</ele>
      </trkpt>
      <trkpt lat="43.058900" lon="2.962500">
        <ele>6</ele>
      </trkpt>
      <trkpt lat="43.058960" lon="2.962980">
        <ele>6.8</ele>
      </trkpt>
      <trkpt lat="43.058940" lon="2.963100">
        <ele>6.312</ele>
      </trkpt>
      <trkpt lat="43.058600" lon="2.963430">
        <ele>7.66</ele>
      </trkpt>
      <trkpt lat="43.058290" lon="2.963920">
        <ele>9.983</ele>
      </trkpt>
      <trkpt lat="43.057980" lon="2.964530">
        <ele>7.681</ele>
      </trkpt>
      <trkpt lat="43.057840" lon="2.964720">
        <ele>7.026</ele>
      </trkpt>
      <trkpt lat="43.057680" lon="2.965050">
        <ele>4.874</ele>
      </trkpt>
      <trkpt lat="43.057160" lon="2.964620">
        <ele>6.53</ele>
      </trkpt>
      <trkpt lat="43.056750" lon="2.964330">
        <ele>7.093</ele>
      </trkpt>
      <trkpt lat="43.056460" lon="2.964510">
        <ele>5.778</ele>
      </trkpt>
      <trkpt lat="43.055030" lon="2.963390">
        <ele>6</ele>
      </trkpt>
      <trkpt lat="43.055090" lon="2.964290">
        <ele>5.858</ele>
      </trkpt>
      <trkpt lat="43.055090" lon="2.964820">
        <ele>5.452</ele>
      </trkpt>
      <trkpt lat="43.055070" lon="2.965600">
        <ele>4.8</ele>
      </trkpt>
      <trkpt lat="43.055160" lon="2.965890">
        <ele>4.9</ele>
      </trkpt>
      <trkpt lat="43.055270" lon="2.966030">
        <ele>4.3</ele>
      </trkpt>
      <trkpt lat="43.055570" lon="2.966240">
        <ele>4.5</ele>
      </trkpt>
      <trkpt lat="43.055640" lon="2.966340">
        <ele>4.1</ele>
      </trkpt>
      <trkpt lat="43.056010" lon="2.967370">
        <ele>4</ele>
      </trkpt>
      <trkpt lat="43.056130" lon="2.967910">
        <ele>4</ele>
      </trkpt>
      <trkpt lat="43.056280" lon="2.968370">
        <ele>3.912</ele>
      </trkpt>
      <trkpt lat="43.056360" lon="2.968550">
        <ele>3.3</ele>
      </trkpt>
      <trkpt lat="43.056350" lon="2.968670">
        <ele>3.1</ele>
      </trkpt>
      <trkpt lat="43.056200" lon="2.969400">
        <ele>3.687</ele>
      </trkpt>
      <trkpt lat="43.056080" lon="2.969790">
        <ele>3.3</ele>
      </trkpt>
      <trkpt lat="43.055990" lon="2.969810">
        <ele>3.6</ele>
      </trkpt>
      <trkpt lat="43.055920" lon="2.969840">
        <ele>3.8</ele>
      </trkpt>
      <trkpt lat="43.055720" lon="2.970360">
        <ele>3.4</ele>
      </trkpt>
      <trkpt lat="43.055680" lon="2.970610">
        <ele>3.6</ele>
      </trkpt>
      <trkpt lat="43.055620" lon="2.970700">
        <ele>3.9</ele>
      </trkpt>
      <trkpt lat="43.055430" lon="2.971240">
        <ele>3.7</ele>
      </trkpt>
      <trkpt lat="43.055190" lon="2.972110">
        <ele>3.6</ele>
      </trkpt>
      <trkpt lat="43.054990" lon="2.973160">
        <ele>4</ele>
      </trkpt>
      <trkpt lat="43.055010" lon="2.973570">
        <ele>4</ele>
      </trkpt>
      <trkpt lat="43.055120" lon="2.974080">
        <ele>4</ele>
      </trkpt>
      <trkpt lat="43.055270" lon="2.974860">
        <ele>4</ele>
      </trkpt>
      <trkpt lat="43.055430" lon="2.975160">
        <ele>4.2</ele>
      </trkpt>
      <trkpt lat="43.055910" lon="2.975920">
        <ele>6.4</ele>
      </trkpt>
      <trkpt lat="43.056170" lon="2.976640">
        <ele>6.8</ele>
      </trkpt>
      <trkpt lat="43.056250" lon="2.976780">
        <ele>7.1</ele>
      </trkpt>
      <trkpt lat="43.056330" lon="2.977060">
        <ele>6</ele>
      </trkpt>
      <trkpt lat="43.056580" lon="2.977520">
        <ele>3</ele>
      </trkpt>
      <trkpt lat="43.056490" lon="2.977670">
        <ele>2.6</ele>
      </trkpt>
      <trkpt lat="43.056430" lon="2.977830">
        <ele>2</ele>
      </trkpt>
      <trkpt lat="43.056470" lon="2.978010">
        <ele>1.7</ele>
      </trkpt>
      <trkpt lat="43.056790" lon="2.978500">
        <ele>2.084</ele>
      </trkpt>
      <trkpt lat="43.056850" lon="2.978650">
        <ele>2.225</ele>
      </trkpt>
      <trkpt lat="43.056890" lon="2.978820">
        <ele>2.033</ele>
      </trkpt>
      <trkpt lat="43.056900" lon="2.979050">
        <ele>1.8</ele>
      </trkpt>
      <trkpt lat="43.056910" lon="2.979320">
        <ele>1.9</ele>
      </trkpt>
      <trkpt lat="43.056980" lon="2.979410">
        <ele>2</ele>
      </trkpt>
      <trkpt lat="43.057480" lon="2.979580">
        <ele>2</ele>
      </trkpt>
      <trkpt lat="43.057530" lon="2.979630">
        <ele>2</ele>
      </trkpt>
      <trkpt lat="43.057530" lon="2.979720">
        <ele>2</ele>
      </trkpt>
      <trkpt lat="43.057410" lon="2.980210">
        <ele>1.3</ele>
      </trkpt>
      <trkpt lat="43.057230" lon="2.980830">
        <ele>1</ele>
      </trkpt>
      <trkpt lat="43.056660" lon="2.982430">
        <ele>1</ele>
      </trkpt>
      <trkpt lat="43.056600" lon="2.982450">
        <ele>1</ele>
      </trkpt>
      <trkpt lat="43.056180" lon="2.982170">
        <ele>1.1</ele>
      </trkpt>
      <trkpt lat="43.055940" lon="2.981970">
        <ele>1.4</ele>
      </trkpt>
      <trkpt lat="43.055890" lon="2.981910">
        <ele>1.2</ele>
      </trkpt>
      <trkpt lat="43.055800" lon="2.981880">
        <ele>1</ele>
      </trkpt>
      <trkpt lat="43.055600" lon="2.981770">
        <ele>1</ele>
      </trkpt>
      <trkpt lat="43.055540" lon="2.981760">
        <ele>1.1</ele>
      </trkpt>
      <trkpt lat="43.055490" lon="2.981940">
        <ele>1.5</ele>
      </trkpt>
      <trkpt lat="43.055440" lon="2.982180">
        <ele>1.5</ele>
      </trkpt>
      <trkpt lat="43.055370" lon="2.982410">
        <ele>1.9</ele>
      </trkpt>
      <trkpt lat="43.055230" lon="2.982970">
        <ele>1.2</ele>
      </trkpt>
      <trkpt lat="43.055240" lon="2.983180">
        <ele>1.5</ele>
      </trkpt>
      <trkpt lat="43.055210" lon="2.983360">
        <ele>1.9</ele>
      </trkpt>
      <trkpt lat="43.055210" lon="2.983480">
        <ele>1.5</ele>
      </trkpt>
      <trkpt lat="43.055140" lon="2.983620">
        <ele>1</ele>
      </trkpt>
      <trkpt lat="43.055030" lon="2.983870">
        <ele>1</ele>
      </trkpt>
      <trkpt lat="43.054960" lon="2.984030">
        <ele>1.1</ele>
      </trkpt>
      <trkpt lat="43.054920" lon="2.984220">
        <ele>1.2</ele>
      </trkpt>
      <trkpt lat="43.054850" lon="2.984490">
        <ele>1</ele>
      </trkpt>
      <trkpt lat="43.054780" lon="2.984630">
        <ele>1</ele>
      </trkpt>
      <trkpt lat="43.054300" lon="2.985360">
        <ele>1</ele>
      </trkpt>
      <trkpt lat="43.054210" lon="2.985510">
        <ele>1</ele>
      </trkpt>
      <trkpt lat="43.054070" lon="2.985860">
        <ele>1</ele>
      </trkpt>
      <trkpt lat="43.053970" lon="2.986000">
        <ele>1</ele>
      </trkpt>
      <trkpt lat="43.053770" lon="2.986180">
        <ele>1</ele>
      </trkpt>
      <trkpt lat="43.053580" lon="2.986270">
        <ele>1</ele>
      </trkpt>
      <trkpt lat="43.053420" lon="2.986440">
        <ele>1</ele>
      </trkpt>
      <trkpt lat="43.053330" lon="2.986480">
        <ele>1</ele>
      </trkpt>
      <trkpt lat="43.053170" lon="2.986530">
        <ele>1</ele>
      </trkpt>
      <trkpt lat="43.053080" lon="2.986630">
        <ele>1</ele>
      </trkpt>
      <trkpt lat="43.052370" lon="2.987640">
        <ele>1</ele>
      </trkpt>
      <trkpt lat="43.052330" lon="2.987750">
        <ele>1</ele>
      </trkpt>
      <trkpt lat="43.052260" lon="2.988090">
        <ele>1</ele>
      </trkpt>
      <trkpt lat="43.052160" lon="2.988410">
        <ele>1</ele>
      </trkpt>
      <trkpt lat="43.052070" lon="2.988720">
        <ele>1</ele>
      </trkpt>
      <trkpt lat="43.051830" lon="2.988590">
        <ele>1.852</ele>
      </trkpt>
      <trkpt lat="43.051710" lon="2.988560">
        <ele>2.9</ele>
      </trkpt>
      <trkpt lat="43.051640" lon="2.988600">
        <ele>3.7</ele>
      </trkpt>
      <trkpt lat="43.051410" lon="2.989350">
        <ele>6.6</ele>
      </trkpt>
      <trkpt lat="43.051360" lon="2.989440">
        <ele>6.3</ele>
      </trkpt>
      <trkpt lat="43.050930" lon="2.989780">
        <ele>9.71</ele>
      </trkpt>
      <trkpt lat="43.050850" lon="2.989840">
        <ele>10.4</ele>
      </trkpt>
      <trkpt lat="43.050790" lon="2.990100">
        <ele>10.4</ele>
      </trkpt>
      <trkpt lat="43.050750" lon="2.990410">
        <ele>9.4</ele>
      </trkpt>
      <trkpt lat="43.050450" lon="2.990950">
        <ele>8</ele>
      </trkpt>
      <trkpt lat="43.050300" lon="2.991250">
        <ele>8.5</ele>
      </trkpt>
      <trkpt lat="43.050070" lon="2.991830">
        <ele>7.445</ele>
      </trkpt>
      <trkpt lat="43.050000" lon="2.991810">
        <ele>9.5</ele>
      </trkpt>
      <trkpt lat="43.049810" lon="2.991060">
        <ele>12.5</ele>
      </trkpt>
      <trkpt lat="43.049680" lon="2.990710">
        <ele>13.5</ele>
      </trkpt>
      <trkpt lat="43.049480" lon="2.990290">
        <ele>15.1</ele>
      </trkpt>
      <trkpt lat="43.048660" lon="2.989370">
        <ele>14.2</ele>
      </trkpt>
      <trkpt lat="43.048600" lon="2.989450">
        <ele>13.9</ele>
      </trkpt>
      <trkpt lat="43.048310" lon="2.990390">
        <ele>22.6</ele>
      </trkpt>
      <trkpt lat="43.048250" lon="2.990500">
        <ele>24.6</ele>
      </trkpt>
      <trkpt lat="43.048120" lon="2.990560">
        <ele>26.5</ele>
      </trkpt>
      <trkpt lat="43.048000" lon="2.990650">
        <ele>28.8</ele>
      </trkpt>
      <trkpt lat="43.047890" lon="2.990820">
        <ele>31.9</ele>
      </trkpt>
      <trkpt lat="43.047770" lon="2.990920">
        <ele>32.7</ele>
      </trkpt>
      <trkpt lat="43.047370" lon="2.991200">
        <ele>35.4</ele>
      </trkpt>
      <trkpt lat="43.047330" lon="2.991290">
        <ele>37</ele>
      </trkpt>
      <trkpt lat="43.047430" lon="2.991460">
        <ele>42</ele>
      </trkpt>
      <trkpt lat="43.047360" lon="2.991690">
        <ele>44.8</ele>
      </trkpt>
      <trkpt lat="43.047320" lon="2.992020">
        <ele>47.9</ele>
      </trkpt>
      <trkpt lat="43.047150" lon="2.992370">
        <ele>47.6</ele>
      </trkpt>
      <trkpt lat="43.046790" lon="2.993520">
        <ele>47.1</ele>
      </trkpt>
      <trkpt lat="43.046800" lon="2.993580">
        <ele>47.4</ele>
      </trkpt>
      <trkpt lat="43.047220" lon="2.993930">
        <ele>47</ele>
      </trkpt>
      <trkpt lat="43.047140" lon="2.994610">
        <ele>45.8</ele>
      </trkpt>
      <trkpt lat="43.046990" lon="2.995020">
        <ele>45</ele>
      </trkpt>
      <trkpt lat="43.047080" lon="2.995140">
        <ele>45</ele>
      </trkpt>
      <trkpt lat="43.047120" lon="2.995220">
        <ele>45</ele>
      </trkpt>
      <trkpt lat="43.047350" lon="2.996020">
        <ele>42.339</ele>
      </trkpt>
      <trkpt lat="43.047460" lon="2.996300">
        <ele>40.8</ele>
      </trkpt>
      <trkpt lat="43.047440" lon="2.996510">
        <ele>40.1</ele>
      </trkpt>
      <trkpt lat="43.047470" lon="2.996630">
        <ele>40</ele>
      </trkpt>
      <trkpt lat="43.047530" lon="2.996770">
        <ele>39.6</ele>
      </trkpt>
      <trkpt lat="43.047510" lon="2.996900">
        <ele>39.1</ele>
      </trkpt>
      <trkpt lat="43.047320" lon="2.997550">
        <ele>38.5</ele>
      </trkpt>
      <trkpt lat="43.047200" lon="2.997760">
        <ele>38.1</ele>
      </trkpt>
      <trkpt lat="43.047180" lon="2.997910">
        <ele>38.2</ele>
      </trkpt>
      <trkpt lat="43.047280" lon="2.998050">
        <ele>37.6</ele>
      </trkpt>
      <trkpt lat="43.048130" lon="2.998900">
        <ele>33.515</ele>
      </trkpt>
      <trkpt lat="43.048260" lon="2.998990">
        <ele>32.9</ele>
      </trkpt>
      <trkpt lat="43.048480" lon="2.999270">
        <ele>31.726</ele>
      </trkpt>
      <trkpt lat="43.048830" lon="2.999370">
        <ele>30.1</ele>
      </trkpt>
      <trkpt lat="43.048950" lon="2.999480">
        <ele>29.8</ele>
      </trkpt>
      <trkpt lat="43.048950" lon="2.999630">
        <ele>29.2</ele>
      </trkpt>
      <trkpt lat="43.048980" lon="2.999940">
        <ele>27.9</ele>
      </trkpt>
      <trkpt lat="43.049070" lon="3.000170">
        <ele>26.8</ele>
      </trkpt>
      <trkpt lat="43.049570" lon="3.000810">
        <ele>24.6</ele>
      </trkpt>
      <trkpt lat="43.049940" lon="3.001150">
        <ele>22.7</ele>
      </trkpt>
      <trkpt lat="43.049980" lon="3.001260">
        <ele>21.9</ele>
      </trkpt>
      <trkpt lat="43.049960" lon="3.001420">
        <ele>20.9</ele>
      </trkpt>
      <trkpt lat="43.049830" lon="3.001730">
        <ele>20.4</ele>
      </trkpt>
      <trkpt lat="43.049840" lon="3.001810">
        <ele>20</ele>
      </trkpt>
      <trkpt lat="43.049920" lon="3.001880">
        <ele>19.8</ele>
      </trkpt>
      <trkpt lat="43.050860" lon="3.002100">
        <ele>17</ele>
      </trkpt>
      <trkpt lat="43.051350" lon="3.002300">
        <ele>18.146</ele>
      </trkpt>
      <trkpt lat="43.051500" lon="3.002210">
        <ele>19.1</ele>
      </trkpt>
      <trkpt lat="43.051650" lon="3.002150">
        <ele>19.246</ele>
      </trkpt>
      <trkpt lat="43.051670" lon="3.002050">
        <ele>19.6</ele>
      </trkpt>
      <trkpt lat="43.051790" lon="3.001960">
        <ele>20.4</ele>
      </trkpt>
      <trkpt lat="43.051820" lon="3.001760">
        <ele>21.5</ele>
      </trkpt>
      <trkpt lat="43.051880" lon="3.001500">
        <ele>22.6</ele>
      </trkpt>
      <trkpt lat="43.051950" lon="3.001370">
        <ele>23.137</ele>
      </trkpt>
      <trkpt lat="43.052190" lon="3.000880">
        <ele>26.825</ele>
      </trkpt>
      <trkpt lat="43.052180" lon="3.000500">
        <ele>28.393</ele>
      </trkpt>
      <trkpt lat="43.052290" lon="3.000040">
        <ele>29.4</ele>
      </trkpt>
      <trkpt lat="43.052360" lon="3.000030">
        <ele>29.5</ele>
      </trkpt>
      <trkpt lat="43.052540" lon="3.000050">
        <ele>30</ele>
      </trkpt>
      <trkpt lat="43.052690" lon="2.999950">
        <ele>29.5</ele>
      </trkpt>
      <trkpt lat="43.052930" lon="2.999790">
        <ele>28.9</ele>
      </trkpt>
      <trkpt lat="43.053130" lon="2.999770">
        <ele>29.4</ele>
      </trkpt>
      <trkpt lat="43.053290" lon="2.999710">
        <ele>29.6</ele>
      </trkpt>
      <trkpt lat="43.053430" lon="2.999730">
        <ele>29.976</ele>
      </trkpt>
      <trkpt lat="43.053500" lon="2.999730">
        <ele>30</ele>
      </trkpt>
      <trkpt lat="43.053670" lon="2.999580">
        <ele>29.4</ele>
      </trkpt>
      <trkpt lat="43.053770" lon="2.999600">
        <ele>29.3</ele>
      </trkpt>
      <trkpt lat="43.053790" lon="2.999590">
        <ele>29.2</ele>
      </trkpt>
      <trkpt lat="43.053820" lon="2.999520">
        <ele>29.1</ele>
      </trkpt>
      <trkpt lat="43.053870" lon="2.999490">
        <ele>29</ele>
      </trkpt>
      <trkpt lat="43.053970" lon="2.999630">
        <ele>28.5</ele>
      </trkpt>
      <trkpt lat="43.054040" lon="2.999780">
        <ele>27.8</ele>
      </trkpt>
      <trkpt lat="43.054110" lon="2.999950">
        <ele>27.2</ele>
      </trkpt>
      <trkpt lat="43.054170" lon="3.000060">
        <ele>26.8</ele>
      </trkpt>
      <trkpt lat="43.054200" lon="3.000130">
        <ele>26.4</ele>
      </trkpt>
      <trkpt lat="43.054230" lon="3.000170">
        <ele>26.167</ele>
      </trkpt>
      <trkpt lat="43.054570" lon="3.000320">
        <ele>24.9</ele>
      </trkpt>
      <trkpt lat="43.054640" lon="3.000380">
        <ele>24.6</ele>
      </trkpt>
      <trkpt lat="43.054900" lon="3.000560">
        <ele>23.9</ele>
      </trkpt>
      <trkpt lat="43.055090" lon="3.001030">
        <ele>21</ele>
      </trkpt>
      <trkpt lat="43.055190" lon="3.001170">
        <ele>20</ele>
      </trkpt>
      <trkpt lat="43.055400" lon="3.001310">
        <ele>17.4</ele>
      </trkpt>
      <trkpt lat="43.055500" lon="3.001370">
        <ele>15.8</ele>
      </trkpt>
      <trkpt lat="43.055650" lon="3.001360">
        <ele>14.6</ele>
      </trkpt>
      <trkpt lat="43.055830" lon="3.001360">
        <ele>13.3</ele>
      </trkpt>
      <trkpt lat="43.056050" lon="3.001440">
        <ele>12</ele>
      </trkpt>
      <trkpt lat="43.056570" lon="3.001460">
        <ele>10.27</ele>
      </trkpt>
      <trkpt lat="43.056710" lon="3.001540">
        <ele>11</ele>
      </trkpt>
      <trkpt lat="43.056720" lon="3.001650">
        <ele>11.4</ele>
      </trkpt>
      <trkpt lat="43.056780" lon="3.001910">
        <ele>11.5</ele>
      </trkpt>
      <trkpt lat="43.056940" lon="3.002060">
        <ele>11.586</ele>
      </trkpt>
      <trkpt lat="43.057070" lon="3.002080">
        <ele>12</ele>
      </trkpt>
      <trkpt lat="43.057210" lon="3.002030">
        <ele>12.659</ele>
      </trkpt>
      <trkpt lat="43.057420" lon="3.001880">
        <ele>14.746</ele>
      </trkpt>
      <trkpt lat="43.057460" lon="3.001690">
        <ele>15.8</ele>
      </trkpt>
      <trkpt lat="43.057520" lon="3.001590">
        <ele>16.4</ele>
      </trkpt>
      <trkpt lat="43.057660" lon="3.001600">
        <ele>17.3</ele>
      </trkpt>
      <trkpt lat="43.057770" lon="3.001580">
        <ele>18</ele>
      </trkpt>
      <trkpt lat="43.057960" lon="3.001630">
        <ele>20</ele>
      </trkpt>
      <trkpt lat="43.058090" lon="3.001590">
        <ele>21.3</ele>
      </trkpt>
      <trkpt lat="43.058370" lon="3.001530">
        <ele>23.5</ele>
      </trkpt>
      <trkpt lat="43.058600" lon="3.001470">
        <ele>23.7</ele>
      </trkpt>
      <trkpt lat="43.058610" lon="3.001680">
        <ele>22.94</ele>
      </trkpt>
      <trkpt lat="43.058580" lon="3.001940">
        <ele>21.9</ele>
      </trkpt>
      <trkpt lat="43.058590" lon="3.002100">
        <ele>20.4</ele>
      </trkpt>
      <trkpt lat="43.058560" lon="3.002200">
        <ele>19.4</ele>
      </trkpt>
      <trkpt lat="43.058420" lon="3.002230">
        <ele>19.4</ele>
      </trkpt>
      <trkpt lat="43.058360" lon="3.002300">
        <ele>18.198</ele>
      </trkpt>
      <trkpt lat="43.058250" lon="3.002320">
        <ele>18.2</ele>
      </trkpt>
      <trkpt lat="43.058150" lon="3.002370">
        <ele>17.8</ele>
      </trkpt>
      <trkpt lat="43.058040" lon="3.002510">
        <ele>16.861</ele>
      </trkpt>
      <trkpt lat="43.057950" lon="3.002540">
        <ele>16.1</ele>
      </trkpt>
      <trkpt lat="43.057910" lon="3.002540">
        <ele>16.1</ele>
      </trkpt>
      <trkpt lat="43.057700" lon="3.002690">
        <ele>13.526</ele>
      </trkpt>
      <trkpt lat="43.057590" lon="3.002790">
        <ele>11.5</ele>
      </trkpt>
      <trkpt lat="43.057530" lon="3.002890">
        <ele>9.785</ele>
      </trkpt>
      <trkpt lat="43.057440" lon="3.002910">
        <ele>9.2</ele>
      </trkpt>
      <trkpt lat="43.057420" lon="3.003070">
        <ele>7.2</ele>
      </trkpt>
      <trkpt lat="43.057430" lon="3.003200">
        <ele>5.526</ele>
      </trkpt>
      <trkpt lat="43.057450" lon="3.003320">
        <ele>4.1</ele>
      </trkpt>
      <trkpt lat="43.057520" lon="3.003360">
        <ele>3.671</ele>
      </trkpt>
      <trkpt lat="43.057630" lon="3.003370">
        <ele>2.826</ele>
      </trkpt>
      <trkpt lat="43.057640" lon="3.003520">
        <ele>2</ele>
      </trkpt>
      <trkpt lat="43.057700" lon="3.003700">
        <ele>1.2</ele>
      </trkpt>
      <trkpt lat="43.057660" lon="3.003910">
        <ele>0.968</ele>
      </trkpt>
      <trkpt lat="43.057440" lon="3.004100">
        <ele>1.1</ele>
      </trkpt>
      <trkpt lat="43.057220" lon="3.004410">
        <ele>0.998</ele>
      </trkpt>
      <trkpt lat="43.057040" lon="3.004820">
        <ele>0.649</ele>
      </trkpt>
      <trkpt lat="43.056950" lon="3.004980">
        <ele>0.984</ele>
      </trkpt>
      <trkpt lat="43.056860" lon="3.005080">
        <ele>1</ele>
      </trkpt>
      <trkpt lat="43.056690" lon="3.005200">
        <ele>1</ele>
      </trkpt>
      <trkpt lat="43.056180" lon="3.005510">
        <ele>1.1</ele>
      </trkpt>
      <trkpt lat="43.055960" lon="3.005900">
        <ele>1</ele>
      </trkpt>
      <trkpt lat="43.055830" lon="3.005880">
        <ele>0.843</ele>
      </trkpt>
      <trkpt lat="43.055650" lon="3.005780">
        <ele>1.5</ele>
      </trkpt>
      <trkpt lat="43.054350" lon="3.005470">
        <ele>0.759</ele>
      </trkpt>
      <trkpt lat="43.053920" lon="3.005460">
        <ele>0.351</ele>
      </trkpt>
      <trkpt lat="43.053740" lon="3.005370">
        <ele>1.019</ele>
      </trkpt>
      <trkpt lat="43.053640" lon="3.005410">
        <ele>0.966</ele>
      </trkpt>
      <trkpt lat="43.053380" lon="3.005580">
        <ele>2.266</ele>
      </trkpt>
      <trkpt lat="43.053150" lon="3.005800">
        <ele>1.117</ele>
      </trkpt>
      <trkpt lat="43.052830" lon="3.005930">
        <ele>0.666</ele>
      </trkpt>
      <trkpt lat="43.052740" lon="3.006000">
        <ele>1.1</ele>
      </trkpt>
      <trkpt lat="43.052660" lon="3.006090">
        <ele>1</ele>
      </trkpt>
      <trkpt lat="43.052550" lon="3.006150">
        <ele>0.708</ele>
      </trkpt>
      <trkpt lat="43.052380" lon="3.006270">
        <ele>1</ele>
      </trkpt>
      <trkpt lat="43.052280" lon="3.006410">
        <ele>1</ele>
      </trkpt>
      <trkpt lat="43.052150" lon="3.006540">
        <ele>1.1</ele>
      </trkpt>
      <trkpt lat="43.052090" lon="3.006700">
        <ele>1</ele>
      </trkpt>
      <trkpt lat="43.052070" lon="3.006860">
        <ele>0.671</ele>
      </trkpt>
      <trkpt lat="43.052110" lon="3.007230">
        <ele>0.826</ele>
      </trkpt>
      <trkpt lat="43.052080" lon="3.007310">
        <ele>2</ele>
      </trkpt>
      <trkpt lat="43.052030" lon="3.007330">
        <ele>2</ele>
      </trkpt>
      <trkpt lat="43.051970" lon="3.007400">
        <ele>2</ele>
      </trkpt>
      <trkpt lat="43.051900" lon="3.007420">
        <ele>2.33</ele>
      </trkpt>
      <trkpt lat="43.051810" lon="3.007430">
        <ele>2.94</ele>
      </trkpt>
      <trkpt lat="43.051770" lon="3.007440">
        <ele>3.29</ele>
      </trkpt>
      <trkpt lat="43.051730" lon="3.007400">
        <ele>3.58</ele>
      </trkpt>
      <trkpt lat="43.051670" lon="3.007410">
        <ele>3.96</ele>
      </trkpt>
      <trkpt lat="43.051630" lon="3.007360">
        <ele>3.65</ele>
      </trkpt>
      <trkpt lat="43.051440" lon="3.007290">
        <ele>1.58</ele>
      </trkpt>
      <trkpt lat="43.051360" lon="3.007180">
        <ele>1.5</ele>
      </trkpt>
      <trkpt lat="43.051260" lon="3.007010">
        <ele>3.3</ele>
      </trkpt>
      <trkpt lat="43.051270" lon="3.006890">
        <ele>4</ele>
      </trkpt>
      <trkpt lat="43.051250" lon="3.006840">
        <ele>2.591</ele>
      </trkpt>
      <trkpt lat="43.051180" lon="3.006740">
        <ele>2.7</ele>
      </trkpt>
      <trkpt lat="43.050410" lon="3.006640">
        <ele>1</ele>
      </trkpt>
      <trkpt lat="43.050200" lon="3.006530">
        <ele>2.3</ele>
      </trkpt>
      <trkpt lat="43.050090" lon="3.006540">
        <ele>3.4</ele>
      </trkpt>
      <trkpt lat="43.050020" lon="3.006630">
        <ele>2.6</ele>
      </trkpt>
      <trkpt lat="43.049940" lon="3.006790">
        <ele>2</ele>
      </trkpt>
      <trkpt lat="43.049820" lon="3.006840">
        <ele>2.4</ele>
      </trkpt>
      <trkpt lat="43.049590" lon="3.006890">
        <ele>2.3</ele>
      </trkpt>
      <trkpt lat="43.049360" lon="3.006880">
        <ele>6.82</ele>
      </trkpt>
      <trkpt lat="43.049190" lon="3.006820">
        <ele>4.3</ele>
      </trkpt>
      <trkpt lat="43.049110" lon="3.006750">
        <ele>2.275</ele>
      </trkpt>
      <trkpt lat="43.048900" lon="3.006450">
        <ele>2</ele>
      </trkpt>
      <trkpt lat="43.048700" lon="3.006310">
        <ele>1.8</ele>
      </trkpt>
      <trkpt lat="43.048620" lon="3.006280">
        <ele>1.1</ele>
      </trkpt>
      <trkpt lat="43.048410" lon="3.006100">
        <ele>1.1</ele>
      </trkpt>
      <trkpt lat="43.048230" lon="3.006000">
        <ele>1</ele>
      </trkpt>
      <trkpt lat="43.047830" lon="3.005850">
        <ele>1</ele>
      </trkpt>
      <trkpt lat="43.047670" lon="3.005850">
        <ele>0.936</ele>
      </trkpt>
      <trkpt lat="43.047240" lon="3.005890">
        <ele>1</ele>
      </trkpt>
      <trkpt lat="43.047100" lon="3.005960">
        <ele>1</ele>
      </trkpt>
      <trkpt lat="43.046640" lon="3.006310">
        <ele>1</ele>
      </trkpt>
      <trkpt lat="43.046400" lon="3.006540">
        <ele>1</ele>
      </trkpt>
      <trkpt lat="43.046280" lon="3.006820">
        <ele>1</ele>
      </trkpt>
      <trkpt lat="43.046210" lon="3.006890">
        <ele>0.712</ele>
      </trkpt>
      <trkpt lat="43.045430" lon="3.006970">
        <ele>2.186</ele>
      </trkpt>
      <trkpt lat="43.045360" lon="3.007140">
        <ele>1.88</ele>
      </trkpt>
      <trkpt lat="43.045070" lon="3.008250">
        <ele>1.743</ele>
      </trkpt>
      <trkpt lat="43.044980" lon="3.008430">
        <ele>1.9</ele>
      </trkpt>
      <trkpt lat="43.044820" lon="3.008660">
        <ele>3</ele>
      </trkpt>
      <trkpt lat="43.044730" lon="3.008950">
        <ele>3</ele>
      </trkpt>
      <trkpt lat="43.044710" lon="3.009160">
        <ele>3.088</ele>
      </trkpt>
      <trkpt lat="43.044730" lon="3.009360">
        <ele>2.3</ele>
      </trkpt>
      <trkpt lat="43.044800" lon="3.009790">
        <ele>2</ele>
      </trkpt>
      <trkpt lat="43.044800" lon="3.009980">
        <ele>2</ele>
      </trkpt>
      <trkpt lat="43.044770" lon="3.010090">
        <ele>1.394</ele>
      </trkpt>
      <trkpt lat="43.044420" lon="3.010680">
        <ele>1.1</ele>
      </trkpt>
      <trkpt lat="43.043990" lon="3.011190">
        <ele>0.901</ele>
      </trkpt>
      <trkpt lat="43.043540" lon="3.011640">
        <ele>1.028</ele>
      </trkpt>
      <trkpt lat="43.043230" lon="3.012030">
        <ele>0.703</ele>
      </trkpt>
      <trkpt lat="43.043000" lon="3.012170">
        <ele>1</ele>
      </trkpt>
      <trkpt lat="43.042760" lon="3.012170">
        <ele>1.427</ele>
      </trkpt>
      <trkpt lat="43.042660" lon="3.012210">
        <ele>2.744</ele>
      </trkpt>
      <trkpt lat="43.042520" lon="3.012410">
        <ele>2.2</ele>
      </trkpt>
      <trkpt lat="43.042270" lon="3.012840">
        <ele>3.333</ele>
      </trkpt>
      <trkpt lat="43.042130" lon="3.013200">
        <ele>2.103</ele>
      </trkpt>
      <trkpt lat="43.042100" lon="3.013340">
        <ele>1.714</ele>
      </trkpt>
      <trkpt lat="43.042070" lon="3.013400">
        <ele>3.8</ele>
      </trkpt>
      <trkpt lat="43.042010" lon="3.013350">
        <ele>3.9</ele>
      </trkpt>
      <trkpt lat="43.041720" lon="3.013110">
        <ele>8.1</ele>
      </trkpt>
      <trkpt lat="43.041600" lon="3.013030">
        <ele>9.7</ele>
      </trkpt>
      <trkpt lat="43.041450" lon="3.012970">
        <ele>11</ele>
      </trkpt>
      <trkpt lat="43.041330" lon="3.012900">
        <ele>11.6</ele>
      </trkpt>
      <trkpt lat="43.041240" lon="3.012640">
        <ele>12.5</ele>
      </trkpt>
      <trkpt lat="43.041240" lon="3.012270">
        <ele>11.6</ele>
      </trkpt>
      <trkpt lat="43.041270" lon="3.011880">
        <ele>11.5</ele>
      </trkpt>
      <trkpt lat="43.041430" lon="3.010900">
        <ele>13.1</ele>
      </trkpt>
      <trkpt lat="43.041480" lon="3.009700">
        <ele>13.3</ele>
      </trkpt>
      <trkpt lat="43.041450" lon="3.008580">
        <ele>13.7</ele>
      </trkpt>
      <trkpt lat="43.041300" lon="3.008200">
        <ele>11.8</ele>
      </trkpt>
      <trkpt lat="43.041080" lon="3.007940">
        <ele>9.2</ele>
      </trkpt>
      <trkpt lat="43.040310" lon="3.007560">
        <ele>6.8</ele>
      </trkpt>
      <trkpt lat="43.039840" lon="3.007390">
        <ele>5.7</ele>
      </trkpt>
      <trkpt lat="43.039680" lon="3.007270">
        <ele>5.7</ele>
      </trkpt>
      <trkpt lat="43.038720" lon="3.006600">
        <ele>5.5</ele>
      </trkpt>
      <trkpt lat="43.038470" lon="3.006350">
        <ele>5.6</ele>
      </trkpt>
      <trkpt lat="43.037870" lon="3.005440">
        <ele>5.6</ele>
      </trkpt>
      <trkpt lat="43.038270" lon="3.004180">
        <ele>6</ele>
      </trkpt>
      <trkpt lat="43.038370" lon="3.004120">
        <ele>5.9</ele>
      </trkpt>
      <trkpt lat="43.038460" lon="3.004130">
        <ele>6.4</ele>
      </trkpt>
      <trkpt lat="43.038630" lon="3.003450">
        <ele>7.5</ele>
      </trkpt>
      <trkpt lat="43.038780" lon="3.002930">
        <ele>6.7</ele>
      </trkpt>
      <trkpt lat="43.038810" lon="3.002760">
        <ele>6.8</ele>
      </trkpt>
      <trkpt lat="43.038810" lon="3.002600">
        <ele>6.9</ele>
      </trkpt>
      <trkpt lat="43.038700" lon="3.002070">
        <ele>6</ele>
      </trkpt>
      <trkpt lat="43.038690" lon="3.001820">
        <ele>5.9</ele>
      </trkpt>
      <trkpt lat="43.038720" lon="3.001580">
        <ele>6.4</ele>
      </trkpt>
      <trkpt lat="43.038740" lon="3.001400">
        <ele>6.9</ele>
      </trkpt>
      <trkpt lat="43.038720" lon="3.001230">
        <ele>7.1</ele>
      </trkpt>
      <trkpt lat="43.038630" lon="3.000980">
        <ele>7.5</ele>
      </trkpt>
      <trkpt lat="43.038520" lon="3.000860">
        <ele>6.9</ele>
      </trkpt>
      <trkpt lat="43.038400" lon="3.000770">
        <ele>6.2</ele>
      </trkpt>
      <trkpt lat="43.038290" lon="3.000760">
        <ele>5.6</ele>
      </trkpt>
      <trkpt lat="43.038130" lon="3.000470">
        <ele>6</ele>
      </trkpt>
      <trkpt lat="43.038090" lon="3.000350">
        <ele>6</ele>
      </trkpt>
      <trkpt lat="43.038120" lon="3.000060">
        <ele>6.4</ele>
      </trkpt>
      <trkpt lat="43.038210" lon="2.999710">
        <ele>7.6</ele>
      </trkpt>
      <trkpt lat="43.038310" lon="2.999150">
        <ele>7.9</ele>
      </trkpt>
      <trkpt lat="43.038020" lon="2.998440">
        <ele>7.6</ele>
      </trkpt>
      <trkpt lat="43.037860" lon="2.998000">
        <ele>6.9</ele>
      </trkpt>
      <trkpt lat="43.037620" lon="2.997260">
        <ele>6.8</ele>
      </trkpt>
      <trkpt lat="43.037540" lon="2.996820">
        <ele>5.1</ele>
      </trkpt>
      <trkpt lat="43.037500" lon="2.996350">
        <ele>3</ele>
      </trkpt>
      <trkpt lat="43.037430" lon="2.996160">
        <ele>2.7</ele>
      </trkpt>
      <trkpt lat="43.037320" lon="2.996060">
        <ele>2.8</ele>
      </trkpt>
      <trkpt lat="43.036990" lon="2.996070">
        <ele>1.16</ele>
      </trkpt>
      <trkpt lat="43.036560" lon="2.996150">
        <ele>1.2</ele>
      </trkpt>
      <trkpt lat="43.036020" lon="2.996470">
        <ele>1.8</ele>
      </trkpt>
      <trkpt lat="43.035900" lon="2.996430">
        <ele>2.1</ele>
      </trkpt>
      <trkpt lat="43.035080" lon="2.994780">
        <ele>2.1</ele>
      </trkpt>
      <trkpt lat="43.034970" lon="2.994420">
        <ele>3</ele>
      </trkpt>
      <trkpt lat="43.034910" lon="2.994100">
        <ele>3.4</ele>
      </trkpt>
      <trkpt lat="43.034760" lon="2.993070">
        <ele>3.4</ele>
      </trkpt>
      <trkpt lat="43.034680" lon="2.992340">
        <ele>2.8</ele>
      </trkpt>
      <trkpt lat="43.034660" lon="2.992280">
        <ele>2.8</ele>
      </trkpt>
      <trkpt lat="43.034570" lon="2.992230">
        <ele>2.4</ele>
      </trkpt>
      <trkpt lat="43.034290" lon="2.992250">
        <ele>2</ele>
      </trkpt>
      <trkpt lat="43.034220" lon="2.992180">
        <ele>2</ele>
      </trkpt>
      <trkpt lat="43.034160" lon="2.990350">
        <ele>2</ele>
      </trkpt>
      <trkpt lat="43.034130" lon="2.990230">
        <ele>2.2</ele>
      </trkpt>
      <trkpt lat="43.034020" lon="2.990150">
        <ele>2.2</ele>
      </trkpt>
      <trkpt lat="43.033980" lon="2.990070">
        <ele>2.2</ele>
      </trkpt>
      <trkpt lat="43.033920" lon="2.989390">
        <ele>2.3</ele>
      </trkpt>
      <trkpt lat="43.033930" lon="2.988830">
        <ele>2.3</ele>
      </trkpt>
      <trkpt lat="43.033970" lon="2.987910">
        <ele>3.3</ele>
      </trkpt>
      <trkpt lat="43.033890" lon="2.987380">
        <ele>3</ele>
      </trkpt>
      <trkpt lat="43.034030" lon="2.985780">
        <ele>4.5</ele>
      </trkpt>
      <trkpt lat="43.034110" lon="2.985400">
        <ele>4.8</ele>
      </trkpt>
      <trkpt lat="43.034120" lon="2.985280">
        <ele>4.8</ele>
      </trkpt>
      <trkpt lat="43.034050" lon="2.985160">
        <ele>4.3</ele>
      </trkpt>
      <trkpt lat="43.033590" lon="2.984960">
        <ele>3.1</ele>
      </trkpt>
      <trkpt lat="43.033380" lon="2.984850">
        <ele>3.6</ele>
      </trkpt>
      <trkpt lat="43.033060" lon="2.984730">
        <ele>4</ele>
      </trkpt>
      <trkpt lat="43.032710" lon="2.984540">
        <ele>3.6</ele>
      </trkpt>
      <trkpt lat="43.031940" lon="2.984090">
        <ele>4</ele>
      </trkpt>
      <trkpt lat="43.031450" lon="2.983760">
        <ele>3.1</ele>
      </trkpt>
      <trkpt lat="43.031000" lon="2.983590">
        <ele>3</ele>
      </trkpt>
      <trkpt lat="43.030940" lon="2.983310">
        <ele>3</ele>
      </trkpt>
      <trkpt lat="43.030800" lon="2.983060">
        <ele>3</ele>
      </trkpt>
      <trkpt lat="43.030130" lon="2.982370">
        <ele>3.5</ele>
      </trkpt>
      <trkpt lat="43.029810" lon="2.981750">
        <ele>4.3</ele>
      </trkpt>
      <trkpt lat="43.029460" lon="2.981550">
        <ele>6.3</ele>
      </trkpt>
      <trkpt lat="43.029410" lon="2.981540">
        <ele>7.4</ele>
      </trkpt>
      <trkpt lat="43.029230" lon="2.981700">
        <ele>10.5</ele>
      </trkpt>
      <trkpt lat="43.029170" lon="2.981710">
        <ele>11.7</ele>
      </trkpt>
      <trkpt lat="43.028990" lon="2.981660">
        <ele>12.8</ele>
      </trkpt>
      <trkpt lat="43.029010" lon="2.981620">
        <ele>13</ele>
      </trkpt>
      <trkpt lat="43.029220" lon="2.981620">
        <ele>11.3</ele>
      </trkpt>
      <trkpt lat="43.029250" lon="2.981460">
        <ele>11.9</ele>
      </trkpt>
      <trkpt lat="43.029240" lon="2.981350">
        <ele>13.2</ele>
      </trkpt>
      <trkpt lat="43.029220" lon="2.981190">
        <ele>15.7</ele>
      </trkpt>
      <trkpt lat="43.029290" lon="2.981010">
        <ele>15.1</ele>
      </trkpt>
      <trkpt lat="43.029350" lon="2.980940">
        <ele>14.3</ele>
      </trkpt>
      <trkpt lat="43.029380" lon="2.980850">
        <ele>14.7</ele>
      </trkpt>
      <trkpt lat="43.029480" lon="2.980190">
        <ele>13.8</ele>
      </trkpt>
      <trkpt lat="43.029490" lon="2.979810">
        <ele>13.7</ele>
      </trkpt>
      <trkpt lat="43.029390" lon="2.979700">
        <ele>15.8</ele>
      </trkpt>
      <trkpt lat="43.029180" lon="2.979700">
        <ele>18.8</ele>
      </trkpt>
      <trkpt lat="43.029080" lon="2.979370">
        <ele>17.2</ele>
      </trkpt>
      <trkpt lat="43.028820" lon="2.979140">
        <ele>16</ele>
      </trkpt>
      <trkpt lat="43.028930" lon="2.978860">
        <ele>15.9</ele>
      </trkpt>
      <trkpt lat="43.028750" lon="2.978620">
        <ele>16</ele>
      </trkpt>
      <trkpt lat="43.028550" lon="2.978550">
        <ele>16</ele>
      </trkpt>
      <trkpt lat="43.027880" lon="2.978330">
        <ele>14.4</ele>
      </trkpt>
      <trkpt lat="43.027550" lon="2.980230">
        <ele>12.3</ele>
      </trkpt>
      <trkpt lat="43.027370" lon="2.980170">
        <ele>12.2</ele>
      </trkpt>
      <trkpt lat="43.027160" lon="2.981350">
        <ele>12</ele>
      </trkpt>
      <trkpt lat="43.026830" lon="2.981320">
        <ele>11.7</ele>
      </trkpt>
      <trkpt lat="43.026260" lon="2.981270">
        <ele>12</ele>
      </trkpt>
      <trkpt lat="43.025700" lon="2.981150">
        <ele>12</ele>
      </trkpt>
      <trkpt lat="43.025310" lon="2.981000">
        <ele>12</ele>
      </trkpt>
      <trkpt lat="43.024190" lon="2.980440">
        <ele>12.5</ele>
      </trkpt>
      <trkpt lat="43.023700" lon="2.980020">
        <ele>12</ele>
      </trkpt>
      <trkpt lat="43.023660" lon="2.979790">
        <ele>12</ele>
      </trkpt>
      <trkpt lat="43.023580" lon="2.979740">
        <ele>11.9</ele>
      </trkpt>
      <trkpt lat="43.023510" lon="2.979770">
        <ele>11.7</ele>
      </trkpt>
      <trkpt lat="43.023420" lon="2.979750">
        <ele>11.4</ele>
      </trkpt>
      <trkpt lat="43.022600" lon="2.980680">
        <ele>11.3</ele>
      </trkpt>
      <trkpt lat="43.022090" lon="2.981340">
        <ele>12</ele>
      </trkpt>
      <trkpt lat="43.021830" lon="2.981740">
        <ele>12</ele>
      </trkpt>
      <trkpt lat="43.021320" lon="2.982700">
        <ele>12.2</ele>
      </trkpt>
      <trkpt lat="43.020930" lon="2.983230">
        <ele>14.3</ele>
      </trkpt>
      <trkpt lat="43.020290" lon="2.983660">
        <ele>17.8</ele>
      </trkpt>
      <trkpt lat="43.020090" lon="2.983850">
        <ele>19.6</ele>
      </trkpt>
      <trkpt lat="43.019590" lon="2.984440">
        <ele>20.9</ele>
      </trkpt>
      <trkpt lat="43.019010" lon="2.985170">
        <ele>25.8</ele>
      </trkpt>
      <trkpt lat="43.018340" lon="2.983990">
        <ele>28.3</ele>
      </trkpt>
      <trkpt lat="43.017840" lon="2.982930">
        <ele>28.2</ele>
      </trkpt>
      <trkpt lat="43.017680" lon="2.982650">
        <ele>29</ele>
      </trkpt>
      <trkpt lat="43.017180" lon="2.981940">
        <ele>31.6</ele>
      </trkpt>
      <trkpt lat="43.016840" lon="2.981620">
        <ele>33.9</ele>
      </trkpt>
      <trkpt lat="43.016630" lon="2.981570">
        <ele>35.6</ele>
      </trkpt>
      <trkpt lat="43.016410" lon="2.981600">
        <ele>37.6</ele>
      </trkpt>
      <trkpt lat="43.016240" lon="2.981680">
        <ele>39.1</ele>
      </trkpt>
      <trkpt lat="43.015830" lon="2.981580">
        <ele>42.7</ele>
      </trkpt>
      <trkpt lat="43.015710" lon="2.981440">
        <ele>43</ele>
      </trkpt>
      <trkpt lat="43.015050" lon="2.981500">
        <ele>46.8</ele>
      </trkpt>
      <trkpt lat="43.014840" lon="2.981620">
        <ele>47.7</ele>
      </trkpt>
      <trkpt lat="43.014730" lon="2.981670">
        <ele>48</ele>
      </trkpt>
      <trkpt lat="43.014650" lon="2.981650">
        <ele>48.6</ele>
      </trkpt>
      <trkpt lat="43.014420" lon="2.981020">
        <ele>53.6</ele>
      </trkpt>
      <trkpt lat="43.014440" lon="2.980780">
        <ele>54</ele>
      </trkpt>
      <trkpt lat="43.014540" lon="2.980600">
        <ele>52.9</ele>
      </trkpt>
      <trkpt lat="43.014760" lon="2.980400">
        <ele>50.6</ele>
      </trkpt>
      <trkpt lat="43.014890" lon="2.980190">
        <ele>49.4</ele>
      </trkpt>
      <trkpt lat="43.014920" lon="2.980040">
        <ele>49.5</ele>
      </trkpt>
      <trkpt lat="43.014910" lon="2.979930">
        <ele>49.4</ele>
      </trkpt>
      <trkpt lat="43.014730" lon="2.979380">
        <ele>50.9</ele>
      </trkpt>
      <trkpt lat="43.014620" lon="2.979250">
        <ele>52.3</ele>
      </trkpt>
      <trkpt lat="43.014460" lon="2.978930">
        <ele>53.9</ele>
      </trkpt>
      <trkpt lat="43.014410" lon="2.978780">
        <ele>53.2</ele>
      </trkpt>
      <trkpt lat="43.014270" lon="2.978750">
        <ele>53.8</ele>
      </trkpt>
      <trkpt lat="43.013930" lon="2.978720">
        <ele>52.2</ele>
      </trkpt>
      <trkpt lat="43.013890" lon="2.978620">
        <ele>50.2</ele>
      </trkpt>
      <trkpt lat="43.014020" lon="2.978490">
        <ele>50.1</ele>
      </trkpt>
      <trkpt lat="43.014190" lon="2.978360">
        <ele>48.1</ele>
      </trkpt>
      <trkpt lat="43.015160" lon="2.977990">
        <ele>41.7</ele>
      </trkpt>
      <trkpt lat="43.015300" lon="2.977960">
        <ele>40.8</ele>
      </trkpt>
      <trkpt lat="43.015410" lon="2.977990">
        <ele>40.1</ele>
      </trkpt>
      <trkpt lat="43.015670" lon="2.978200">
        <ele>38.1</ele>
      </trkpt>
      <trkpt lat="43.015820" lon="2.978290">
        <ele>37.2</ele>
      </trkpt>
      <trkpt lat="43.016480" lon="2.978390">
        <ele>36.6</ele>
      </trkpt>
      <trkpt lat="43.016840" lon="2.978390">
        <ele>35.5</ele>
      </trkpt>
      <trkpt lat="43.016930" lon="2.978300">
        <ele>35.2</ele>
      </trkpt>
      <trkpt lat="43.017030" lon="2.978080">
        <ele>34.7</ele>
      </trkpt>
      <trkpt lat="43.017110" lon="2.977240">
        <ele>33.6</ele>
      </trkpt>
      <trkpt lat="43.017240" lon="2.976530">
        <ele>34.4</ele>
      </trkpt>
      <trkpt lat="43.017310" lon="2.975630">
        <ele>33.6</ele>
      </trkpt>
      <trkpt lat="43.017290" lon="2.975450">
        <ele>33.3</ele>
      </trkpt>
      <trkpt lat="43.017220" lon="2.975270">
        <ele>33</ele>
      </trkpt>
      <trkpt lat="43.017070" lon="2.975120">
        <ele>32.9</ele>
      </trkpt>
      <trkpt lat="43.016800" lon="2.974990">
        <ele>32</ele>
      </trkpt>
      <trkpt lat="43.016680" lon="2.974740">
        <ele>31.1</ele>
      </trkpt>
      <trkpt lat="43.016530" lon="2.973870">
        <ele>32.9</ele>
      </trkpt>
      <trkpt lat="43.016520" lon="2.973450">
        <ele>30.6</ele>
      </trkpt>
      <trkpt lat="43.016670" lon="2.972710">
        <ele>28.7</ele>
      </trkpt>
      <trkpt lat="43.016670" lon="2.972250">
        <ele>26.1</ele>
      </trkpt>
      <trkpt lat="43.016010" lon="2.972370">
        <ele>28</ele>
      </trkpt>
      <trkpt lat="43.015490" lon="2.972390">
        <ele>30.8</ele>
      </trkpt>
      <trkpt lat="43.015330" lon="2.972360">
        <ele>31.9</ele>
      </trkpt>
      <trkpt lat="43.014660" lon="2.972060">
        <ele>34.6</ele>
      </trkpt>
      <trkpt lat="43.014600" lon="2.971910">
        <ele>33.9</ele>
      </trkpt>
      <trkpt lat="43.014530" lon="2.970680">
        <ele>34.9</ele>
      </trkpt>
      <trkpt lat="43.014520" lon="2.969940">
        <ele>32.3</ele>
      </trkpt>
      <trkpt lat="43.014510" lon="2.968950">
        <ele>30.5</ele>
      </trkpt>
      <trkpt lat="43.014550" lon="2.968640">
        <ele>30.2</ele>
      </trkpt>
      <trkpt lat="43.014570" lon="2.968160">
        <ele>29.3</ele>
      </trkpt>
      <trkpt lat="43.014560" lon="2.967980">
        <ele>29.5</ele>
      </trkpt>
      <trkpt lat="43.014280" lon="2.967440">
        <ele>31.8</ele>
      </trkpt>
      <trkpt lat="43.014210" lon="2.967260">
        <ele>32.5</ele>
      </trkpt>
      <trkpt lat="43.014210" lon="2.967120">
        <ele>32.2</ele>
      </trkpt>
      <trkpt lat="43.014390" lon="2.966450">
        <ele>30.4</ele>
      </trkpt>
      <trkpt lat="43.014370" lon="2.966300">
        <ele>30.8</ele>
      </trkpt>
      <trkpt lat="43.013650" lon="2.965430">
        <ele>35.3</ele>
      </trkpt>
      <trkpt lat="43.013590" lon="2.965300">
        <ele>35.3</ele>
      </trkpt>
      <trkpt lat="43.014250" lon="2.963570">
        <ele>29.3</ele>
      </trkpt>
      <trkpt lat="43.014330" lon="2.963330">
        <ele>28.4</ele>
      </trkpt>
      <trkpt lat="43.014350" lon="2.963240">
        <ele>28.3</ele>
      </trkpt>
      <trkpt lat="43.014320" lon="2.963150">
        <ele>28.5</ele>
      </trkpt>
      <trkpt lat="43.014090" lon="2.963080">
        <ele>29.6</ele>
      </trkpt>
      <trkpt lat="43.014030" lon="2.963000">
        <ele>30.1</ele>
      </trkpt>
      <trkpt lat="43.013970" lon="2.961860">
        <ele>33</ele>
      </trkpt>
      <trkpt lat="43.014030" lon="2.961520">
        <ele>32.5</ele>
      </trkpt>
      <trkpt lat="43.014180" lon="2.961230">
        <ele>31.9</ele>
      </trkpt>
      <trkpt lat="43.014450" lon="2.960970">
        <ele>29.5</ele>
      </trkpt>
      <trkpt lat="43.014610" lon="2.960890">
        <ele>29.4</ele>
      </trkpt>
      <trkpt lat="43.014940" lon="2.960930">
        <ele>31.2</ele>
      </trkpt>
      <trkpt lat="43.015290" lon="2.960920">
        <ele>29.8</ele>
      </trkpt>
      <trkpt lat="43.015980" lon="2.960800">
        <ele>22.8</ele>
      </trkpt>
      <trkpt lat="43.016090" lon="2.960820">
        <ele>22.1</ele>
      </trkpt>
      <trkpt lat="43.016320" lon="2.961000">
        <ele>19.8</ele>
      </trkpt>
      <trkpt lat="43.016460" lon="2.961040">
        <ele>18.3</ele>
      </trkpt>
      <trkpt lat="43.016710" lon="2.960900">
        <ele>15.5</ele>
      </trkpt>
      <trkpt lat="43.016920" lon="2.960750">
        <ele>13.6</ele>
      </trkpt>
      <trkpt lat="43.017110" lon="2.960460">
        <ele>12.8</ele>
      </trkpt>
      <trkpt lat="43.017260" lon="2.960230">
        <ele>11.9</ele>
      </trkpt>
      <trkpt lat="43.017840" lon="2.959010">
        <ele>11.4</ele>
      </trkpt>
      <trkpt lat="43.017950" lon="2.958910">
        <ele>11.4</ele>
      </trkpt>
      <trkpt lat="43.018090" lon="2.958800">
        <ele>11.5</ele>
      </trkpt>
      <trkpt lat="43.017750" lon="2.958410">
        <ele>12</ele>
      </trkpt>
      <trkpt lat="43.016540" lon="2.957890">
        <ele>13.7</ele>
      </trkpt>
      <trkpt lat="43.016420" lon="2.957750">
        <ele>14</ele>
      </trkpt>
      <trkpt lat="43.016300" lon="2.957350">
        <ele>15.5</ele>
      </trkpt>
      <trkpt lat="43.015960" lon="2.956370">
        <ele>19.6</ele>
      </trkpt>
      <trkpt lat="43.015790" lon="2.956130">
        <ele>20.7</ele>
      </trkpt>
      <trkpt lat="43.015080" lon="2.955500">
        <ele>25.8</ele>
      </trkpt>
      <trkpt lat="43.013940" lon="2.953490">
        <ele>43</ele>
      </trkpt>
      <trkpt lat="43.013850" lon="2.953160">
        <ele>44.3</ele>
      </trkpt>
      <trkpt lat="43.014000" lon="2.951410">
        <ele>47.4</ele>
      </trkpt>
      <trkpt lat="43.013280" lon="2.951630">
        <ele>51.7</ele>
      </trkpt>
      <trkpt lat="43.010140" lon="2.953240">
        <ele>63.3</ele>
      </trkpt>
      <trkpt lat="43.009810" lon="2.953440">
        <ele>65.9</ele>
      </trkpt>
      <trkpt lat="43.009400" lon="2.953780">
        <ele>68.1</ele>
      </trkpt>
      <trkpt lat="43.008400" lon="2.954770">
        <ele>58.9</ele>
      </trkpt>
      <trkpt lat="43.007070" lon="2.956170">
        <ele>48.9</ele>
      </trkpt>
      <trkpt lat="43.006290" lon="2.956720">
        <ele>46.5</ele>
      </trkpt>
      <trkpt lat="43.005460" lon="2.957440">
        <ele>45.2</ele>
      </trkpt>
      <trkpt lat="43.005240" lon="2.957360">
        <ele>44.5</ele>
      </trkpt>
      <trkpt lat="43.004170" lon="2.956790">
        <ele>47</ele>
      </trkpt>
      <trkpt lat="43.003660" lon="2.956370">
        <ele>47</ele>
      </trkpt>
      <trkpt lat="43.002630" lon="2.956260">
        <ele>46.2</ele>
      </trkpt>
      <trkpt lat="43.001230" lon="2.955580">
        <ele>45.5</ele>
      </trkpt>
      <trkpt lat="43.000780" lon="2.955240">
        <ele>45.8</ele>
      </trkpt>
      <trkpt lat="42.999880" lon="2.955150">
        <ele>45.5</ele>
      </trkpt>
      <trkpt lat="42.998070" lon="2.955310">
        <ele>42.1</ele>
      </trkpt>
      <trkpt lat="42.997730" lon="2.955370">
        <ele>44.3</ele>
      </trkpt>
      <trkpt lat="42.997550" lon="2.955470">
        <ele>44.4</ele>
      </trkpt>
      <trkpt lat="42.997420" lon="2.955660">
        <ele>43.9</ele>
      </trkpt>
      <trkpt lat="42.997270" lon="2.956080">
        <ele>44.3</ele>
      </trkpt>
      <trkpt lat="42.997180" lon="2.956150">
        <ele>45</ele>
      </trkpt>
      <trkpt lat="42.995290" lon="2.956160">
        <ele>46</ele>
      </trkpt>
      <trkpt lat="42.993160" lon="2.955820">
        <ele>47</ele>
      </trkpt>
      <trkpt lat="42.992810" lon="2.955870">
        <ele>47.8</ele>
      </trkpt>
      <trkpt lat="42.992170" lon="2.956100">
        <ele>50.3</ele>
      </trkpt>
      <trkpt lat="42.991420" lon="2.955870">
        <ele>58.1</ele>
      </trkpt>
      <trkpt lat="42.991060" lon="2.954730">
        <ele>56.4</ele>
      </trkpt>
      <trkpt lat="42.990590" lon="2.954980">
        <ele>60.8</ele>
      </trkpt>
      <trkpt lat="42.990430" lon="2.954410">
        <ele>60.1</ele>
      </trkpt>
      <trkpt lat="42.990040" lon="2.953730">
        <ele>61</ele>
      </trkpt>
      <trkpt lat="42.990010" lon="2.953260">
        <ele>58.4</ele>
      </trkpt>
      <trkpt lat="42.989550" lon="2.953300">
        <ele>63</ele>
      </trkpt>
      <trkpt lat="42.989120" lon="2.953210">
        <ele>65.1</ele>
      </trkpt>
      <trkpt lat="42.988980" lon="2.953310">
        <ele>65.8</ele>
      </trkpt>
      <trkpt lat="42.988880" lon="2.953500">
        <ele>67.9</ele>
      </trkpt>
      <trkpt lat="42.988690" lon="2.953460">
        <ele>68.4</ele>
      </trkpt>
      <trkpt lat="42.988560" lon="2.953230">
        <ele>68.1</ele>
      </trkpt>
      <trkpt lat="42.988390" lon="2.952020">
        <ele>69.7</ele>
      </trkpt>
      <trkpt lat="42.988320" lon="2.950140">
        <ele>72.9</ele>
      </trkpt>
      <trkpt lat="42.988210" lon="2.949760">
        <ele>73.8</ele>
      </trkpt>
      <trkpt lat="42.988120" lon="2.949530">
        <ele>73.5</ele>
      </trkpt>
      <trkpt lat="42.987950" lon="2.949300">
        <ele>74.2</ele>
      </trkpt>
      <trkpt lat="42.987680" lon="2.949140">
        <ele>77.1</ele>
      </trkpt>
      <trkpt lat="42.987060" lon="2.948970">
        <ele>84.8</ele>
      </trkpt>
      <trkpt lat="42.986690" lon="2.948640">
        <ele>80.7</ele>
      </trkpt>
      <trkpt lat="42.986410" lon="2.948510">
        <ele>77.8</ele>
      </trkpt>
      <trkpt lat="42.985830" lon="2.948520">
        <ele>74.7</ele>
      </trkpt>
      <trkpt lat="42.985620" lon="2.948500">
        <ele>74.9</ele>
      </trkpt>
      <trkpt lat="42.985460" lon="2.948460">
        <ele>74.8</ele>
      </trkpt>
      <trkpt lat="42.985460" lon="2.948460">
        <ele>74.8</ele>
      </trkpt>
      <trkpt lat="42.985080" lon="2.949500">
        <ele>74.9</ele>
      </trkpt>
      <trkpt lat="42.984930" lon="2.949770">
        <ele>74.1</ele>
      </trkpt>
      <trkpt lat="42.984660" lon="2.950600">
        <ele>74</ele>
      </trkpt>
      <trkpt lat="42.984550" lon="2.951050">
        <ele>74.6</ele>
      </trkpt>
      <trkpt lat="42.984470" lon="2.951480">
        <ele>74.9</ele>
      </trkpt>
      <trkpt lat="42.984380" lon="2.952040">
        <ele>75.6</ele>
      </trkpt>
      <trkpt lat="42.984310" lon="2.952110">
        <ele>76.1</ele>
      </trkpt>
      <trkpt lat="42.984190" lon="2.952080">
        <ele>76.4</ele>
      </trkpt>
      <trkpt lat="42.984110" lon="2.952110">
        <ele>77.7</ele>
      </trkpt>
      <trkpt lat="42.983970" lon="2.952400">
        <ele>79.1</ele>
      </trkpt>
      <trkpt lat="42.983890" lon="2.952470">
        <ele>79.3</ele>
      </trkpt>
      <trkpt lat="42.983790" lon="2.952520">
        <ele>79.7</ele>
      </trkpt>
      <trkpt lat="42.983490" lon="2.952580">
        <ele>81.4</ele>
      </trkpt>
      <trkpt lat="42.983300" lon="2.952630">
        <ele>82.1</ele>
      </trkpt>
      <trkpt lat="42.983180" lon="2.952690">
        <ele>82.3</ele>
      </trkpt>
      <trkpt lat="42.983060" lon="2.952780">
        <ele>81</ele>
      </trkpt>
      <trkpt lat="42.982850" lon="2.953030">
        <ele>80.8</ele>
      </trkpt>
      <trkpt lat="42.982700" lon="2.953310">
        <ele>79.1</ele>
      </trkpt>
      <trkpt lat="42.982610" lon="2.953460">
        <ele>79.7</ele>
      </trkpt>
      <trkpt lat="42.982530" lon="2.953750">
        <ele>77.7</ele>
      </trkpt>
      <trkpt lat="42.982510" lon="2.954090">
        <ele>76.2</ele>
      </trkpt>
      <trkpt lat="42.982450" lon="2.954430">
        <ele>77.5</ele>
      </trkpt>
      <trkpt lat="42.982470" lon="2.954680">
        <ele>76.1</ele>
      </trkpt>
      <trkpt lat="42.982640" lon="2.955130">
        <ele>74.9</ele>
      </trkpt>
      <trkpt lat="42.982830" lon="2.955830">
        <ele>74.5</ele>
      </trkpt>
      <trkpt lat="42.982940" lon="2.956060">
        <ele>76.8</ele>
      </trkpt>
      <trkpt lat="42.983070" lon="2.956170">
        <ele>74.9</ele>
      </trkpt>
      <trkpt lat="42.983170" lon="2.956210">
        <ele>75.7</ele>
      </trkpt>
      <trkpt lat="42.983300" lon="2.956210">
        <ele>74.9</ele>
      </trkpt>
      <trkpt lat="42.983450" lon="2.956100">
        <ele>72.4</ele>
      </trkpt>
      <trkpt lat="42.983580" lon="2.956050">
        <ele>72.3</ele>
      </trkpt>
      <trkpt lat="42.984120" lon="2.956070">
        <ele>71.2</ele>
      </trkpt>
      <trkpt lat="42.984330" lon="2.955920">
        <ele>71.3</ele>
      </trkpt>
      <trkpt lat="42.984560" lon="2.955750">
        <ele>69.1</ele>
      </trkpt>
      <trkpt lat="42.984870" lon="2.955770">
        <ele>68.4</ele>
      </trkpt>
      <trkpt lat="42.984970" lon="2.955820">
        <ele>67.5</ele>
      </trkpt>
      <trkpt lat="42.985090" lon="2.956020">
        <ele>68.2</ele>
      </trkpt>
      <trkpt lat="42.985150" lon="2.956190">
        <ele>68</ele>
      </trkpt>
      <trkpt lat="42.985160" lon="2.956360">
        <ele>68</ele>
      </trkpt>
      <trkpt lat="42.985030" lon="2.957040">
        <ele>65.5</ele>
      </trkpt>
      <trkpt lat="42.985000" lon="2.957210">
        <ele>65</ele>
      </trkpt>
      <trkpt lat="42.985000" lon="2.957360">
        <ele>65.5</ele>
      </trkpt>
      <trkpt lat="42.985110" lon="2.957820">
        <ele>67.1</ele>
      </trkpt>
      <trkpt lat="42.985170" lon="2.957940">
        <ele>67.2</ele>
      </trkpt>
      <trkpt lat="42.985260" lon="2.958020">
        <ele>66.1</ele>
      </trkpt>
      <trkpt lat="42.985420" lon="2.958080">
        <ele>64.3</ele>
      </trkpt>
      <trkpt lat="42.985590" lon="2.958330">
        <ele>62.9</ele>
      </trkpt>
      <trkpt lat="42.985610" lon="2.958420">
        <ele>62</ele>
      </trkpt>
      <trkpt lat="42.985600" lon="2.958450">
        <ele>61.7</ele>
      </trkpt>
      <trkpt lat="42.985520" lon="2.958520">
        <ele>61.4</ele>
      </trkpt>
      <trkpt lat="42.985370" lon="2.958600">
        <ele>61.6</ele>
      </trkpt>
      <trkpt lat="42.984940" lon="2.958970">
        <ele>64.1</ele>
      </trkpt>
      <trkpt lat="42.984830" lon="2.959070">
        <ele>66</ele>
      </trkpt>
      <trkpt lat="42.984700" lon="2.959350">
        <ele>65.3</ele>
      </trkpt>
      <trkpt lat="42.984430" lon="2.960110">
        <ele>63.6</ele>
      </trkpt>
      <trkpt lat="42.984360" lon="2.960330">
        <ele>64.2</ele>
      </trkpt>
      <trkpt lat="42.984320" lon="2.960620">
        <ele>63.6</ele>
      </trkpt>
      <trkpt lat="42.984320" lon="2.960870">
        <ele>63.9</ele>
      </trkpt>
      <trkpt lat="42.984230" lon="2.961430">
        <ele>64.5</ele>
      </trkpt>
      <trkpt lat="42.984220" lon="2.961700">
        <ele>63.5</ele>
      </trkpt>
      <trkpt lat="42.984340" lon="2.962570">
        <ele>61.9</ele>
      </trkpt>
      <trkpt lat="42.984600" lon="2.963480">
        <ele>55</ele>
      </trkpt>
      <trkpt lat="42.984630" lon="2.963540">
        <ele>54.2</ele>
      </trkpt>
      <trkpt lat="42.984680" lon="2.963760">
        <ele>53.7</ele>
      </trkpt>
      <trkpt lat="42.984650" lon="2.963920">
        <ele>54.2</ele>
      </trkpt>
      <trkpt lat="42.984580" lon="2.964040">
        <ele>55</ele>
      </trkpt>
      <trkpt lat="42.984300" lon="2.964310">
        <ele>54.4</ele>
      </trkpt>
      <trkpt lat="42.983980" lon="2.964740">
        <ele>53.9</ele>
      </trkpt>
      <trkpt lat="42.983680" lon="2.965080">
        <ele>53.2</ele>
      </trkpt>
      <trkpt lat="42.983590" lon="2.965330">
        <ele>51.2</ele>
      </trkpt>
      <trkpt lat="42.983550" lon="2.965540">
        <ele>51</ele>
      </trkpt>
      <trkpt lat="42.983540" lon="2.966010">
        <ele>51</ele>
      </trkpt>
      <trkpt lat="42.983580" lon="2.966320">
        <ele>49.6</ele>
      </trkpt>
      <trkpt lat="42.983590" lon="2.966400">
        <ele>49.1</ele>
      </trkpt>
      <trkpt lat="42.983650" lon="2.966540">
        <ele>50.3</ele>
      </trkpt>
      <trkpt lat="42.983760" lon="2.967050">
        <ele>48.9</ele>
      </trkpt>
      <trkpt lat="42.983790" lon="2.967170">
        <ele>48</ele>
      </trkpt>
      <trkpt lat="42.983830" lon="2.967280">
        <ele>47.6</ele>
      </trkpt>
      <trkpt lat="42.983840" lon="2.967390">
        <ele>47.3</ele>
      </trkpt>
      <trkpt lat="42.983790" lon="2.967550">
        <ele>46.9</ele>
      </trkpt>
      <trkpt lat="42.983520" lon="2.968020">
        <ele>48.6</ele>
      </trkpt>
      <trkpt lat="42.983480" lon="2.968120">
        <ele>49.1</ele>
      </trkpt>
      <trkpt lat="42.983370" lon="2.968370">
        <ele>50.4</ele>
      </trkpt>
      <trkpt lat="42.983350" lon="2.968500">
        <ele>50.8</ele>
      </trkpt>
      <trkpt lat="42.983350" lon="2.968650">
        <ele>51.3</ele>
      </trkpt>
      <trkpt lat="42.983320" lon="2.968730">
        <ele>52.4</ele>
      </trkpt>
      <trkpt lat="42.983110" lon="2.969020">
        <ele>55.5</ele>
      </trkpt>
      <trkpt lat="42.982950" lon="2.969660">
        <ele>60.7</ele>
      </trkpt>
      <trkpt lat="42.982860" lon="2.969850">
        <ele>61</ele>
      </trkpt>
      <trkpt lat="42.982550" lon="2.970130">
        <ele>59.9</ele>
      </trkpt>
      <trkpt lat="42.982350" lon="2.970420">
        <ele>59.1</ele>
      </trkpt>
      <trkpt lat="42.981810" lon="2.970940">
        <ele>52.7</ele>
      </trkpt>
      <trkpt lat="42.981070" lon="2.972120">
        <ele>45.2</ele>
      </trkpt>
      <trkpt lat="42.980560" lon="2.973120">
        <ele>38.3</ele>
      </trkpt>
      <trkpt lat="42.980400" lon="2.973380">
        <ele>36.9</ele>
      </trkpt>
      <trkpt lat="42.980330" lon="2.973470">
        <ele>36.5</ele>
      </trkpt>
      <trkpt lat="42.979980" lon="2.973790">
        <ele>33.3</ele>
      </trkpt>
      <trkpt lat="42.979680" lon="2.974150">
        <ele>30.9</ele>
      </trkpt>
      <trkpt lat="42.979420" lon="2.975120">
        <ele>35.6</ele>
      </trkpt>
      <trkpt lat="42.979290" lon="2.975400">
        <ele>32.2</ele>
      </trkpt>
      <trkpt lat="42.979240" lon="2.975460">
        <ele>31.7</ele>
      </trkpt>
      <trkpt lat="42.978870" lon="2.975780">
        <ele>29.1</ele>
      </trkpt>
      <trkpt lat="42.978740" lon="2.975920">
        <ele>28.6</ele>
      </trkpt>
      <trkpt lat="42.978630" lon="2.976140">
        <ele>28.1</ele>
      </trkpt>
      <trkpt lat="42.978550" lon="2.976350">
        <ele>27.6</ele>
      </trkpt>
      <trkpt lat="42.978480" lon="2.976640">
        <ele>27.1</ele>
      </trkpt>
      <trkpt lat="42.978470" lon="2.977020">
        <ele>26.5</ele>
      </trkpt>
      <trkpt lat="42.978450" lon="2.977260">
        <ele>26.3</ele>
      </trkpt>
      <trkpt lat="42.978330" lon="2.977610">
        <ele>25</ele>
      </trkpt>
      <trkpt lat="42.978230" lon="2.977780">
        <ele>24.6</ele>
      </trkpt>
      <trkpt lat="42.978090" lon="2.978070">
        <ele>24.1</ele>
      </trkpt>
      <trkpt lat="42.977800" lon="2.978680">
        <ele>23.9</ele>
      </trkpt>
      <trkpt lat="42.977750" lon="2.978740">
        <ele>23.9</ele>
      </trkpt>
      <trkpt lat="42.977730" lon="2.978880">
        <ele>23.8</ele>
      </trkpt>
      <trkpt lat="42.977730" lon="2.979110">
        <ele>22.4</ele>
      </trkpt>
      <trkpt lat="42.977700" lon="2.979180">
        <ele>22</ele>
      </trkpt>
      <trkpt lat="42.977650" lon="2.979240">
        <ele>21.9</ele>
      </trkpt>
      <trkpt lat="42.977640" lon="2.979330">
        <ele>21.7</ele>
      </trkpt>
      <trkpt lat="42.977660" lon="2.979440">
        <ele>21.6</ele>
      </trkpt>
      <trkpt lat="42.977630" lon="2.979560">
        <ele>21.3</ele>
      </trkpt>
      <trkpt lat="42.977590" lon="2.979760">
        <ele>21</ele>
      </trkpt>
      <trkpt lat="42.977550" lon="2.979890">
        <ele>21</ele>
      </trkpt>
      <trkpt lat="42.977540" lon="2.979990">
        <ele>21</ele>
      </trkpt>
      <trkpt lat="42.977480" lon="2.980230">
        <ele>20.9</ele>
      </trkpt>
      <trkpt lat="42.977480" lon="2.980310">
        <ele>20.8</ele>
      </trkpt>
      <trkpt lat="42.977440" lon="2.980420">
        <ele>20.4</ele>
      </trkpt>
      <trkpt lat="42.977350" lon="2.980920">
        <ele>20</ele>
      </trkpt>
      <trkpt lat="42.977290" lon="2.981200">
        <ele>20</ele>
      </trkpt>
      <trkpt lat="42.977200" lon="2.981550">
        <ele>20</ele>
      </trkpt>
      <trkpt lat="42.977180" lon="2.981720">
        <ele>20</ele>
      </trkpt>
      <trkpt lat="42.977010" lon="2.982360">
        <ele>20.4</ele>
      </trkpt>
      <trkpt lat="42.976730" lon="2.983200">
        <ele>24</ele>
      </trkpt>
      <trkpt lat="42.976450" lon="2.984020">
        <ele>32.7</ele>
      </trkpt>
      <trkpt lat="42.976350" lon="2.984330">
        <ele>36.8</ele>
      </trkpt>
      <trkpt lat="42.976340" lon="2.984440">
        <ele>37.8</ele>
      </trkpt>
      <trkpt lat="42.976250" lon="2.984750">
        <ele>40.7</ele>
      </trkpt>
      <trkpt lat="42.976220" lon="2.984990">
        <ele>43</ele>
      </trkpt>
      <trkpt lat="42.976230" lon="2.985160">
        <ele>43.7</ele>
      </trkpt>
      <trkpt lat="42.976300" lon="2.985630">
        <ele>44.4</ele>
      </trkpt>
      <trkpt lat="42.976380" lon="2.985950">
        <ele>45</ele>
      </trkpt>
      <trkpt lat="42.976370" lon="2.986330">
        <ele>45</ele>
      </trkpt>
      <trkpt lat="42.976230" lon="2.987590">
        <ele>43.3</ele>
      </trkpt>
      <trkpt lat="42.976240" lon="2.987750">
        <ele>43.4</ele>
      </trkpt>
      <trkpt lat="42.976120" lon="2.988860">
        <ele>39.4</ele>
      </trkpt>
      <trkpt lat="42.976100" lon="2.989310">
        <ele>32.8</ele>
      </trkpt>
      <trkpt lat="42.975840" lon="2.989610">
        <ele>26.9</ele>
      </trkpt>
      <trkpt lat="42.975830" lon="2.989870">
        <ele>24.4</ele>
      </trkpt>
      <trkpt lat="42.975590" lon="2.989770">
        <ele>22.1</ele>
      </trkpt>
      <trkpt lat="42.975370" lon="2.989850">
        <ele>20.4</ele>
      </trkpt>
      <trkpt lat="42.975180" lon="2.990120">
        <ele>18.4</ele>
      </trkpt>
      <trkpt lat="42.975210" lon="2.990250">
        <ele>17.4</ele>
      </trkpt>
      <trkpt lat="42.975180" lon="2.990460">
        <ele>15.8</ele>
      </trkpt>
      <trkpt lat="42.974610" lon="2.991290">
        <ele>10.5</ele>
      </trkpt>
      <trkpt lat="42.974420" lon="2.991640">
        <ele>9.2</ele>
      </trkpt>
      <trkpt lat="42.974210" lon="2.991960">
        <ele>7.9</ele>
      </trkpt>
      <trkpt lat="42.972960" lon="2.992460">
        <ele>9.2</ele>
      </trkpt>
      <trkpt lat="42.972720" lon="2.992630">
        <ele>10.8</ele>
      </trkpt>
      <trkpt lat="42.972390" lon="2.992760">
        <ele>12.1</ele>
      </trkpt>
      <trkpt lat="42.972260" lon="2.992740">
        <ele>13.4</ele>
      </trkpt>
      <trkpt lat="42.972170" lon="2.992720">
        <ele>14.2</ele>
      </trkpt>
      <trkpt lat="42.971790" lon="2.992450">
        <ele>15.9</ele>
      </trkpt>
      <trkpt lat="42.971600" lon="2.992350">
        <ele>16.7</ele>
      </trkpt>
      <trkpt lat="42.970990" lon="2.992280">
        <ele>17.9</ele>
      </trkpt>
      <trkpt lat="42.969720" lon="2.992250">
        <ele>18.3</ele>
      </trkpt>
      <trkpt lat="42.969060" lon="2.991950">
        <ele>22.3</ele>
      </trkpt>
      <trkpt lat="42.968500" lon="2.991970">
        <ele>24.9</ele>
      </trkpt>
      <trkpt lat="42.968220" lon="2.992040">
        <ele>24.8</ele>
      </trkpt>
      <trkpt lat="42.968090" lon="2.992110">
        <ele>24.9</ele>
      </trkpt>
      <trkpt lat="42.967770" lon="2.992300">
        <ele>25</ele>
      </trkpt>
      <trkpt lat="42.967030" lon="2.992520">
        <ele>21.6</ele>
      </trkpt>
      <trkpt lat="42.966540" lon="2.992570">
        <ele>19.6</ele>
      </trkpt>
      <trkpt lat="42.966220" lon="2.992520">
        <ele>17.3</ele>
      </trkpt>
      <trkpt lat="42.965680" lon="2.992380">
        <ele>13.8</ele>
      </trkpt>
      <trkpt lat="42.965440" lon="2.992330">
        <ele>13.7</ele>
      </trkpt>
      <trkpt lat="42.965200" lon="2.992330">
        <ele>13.2</ele>
      </trkpt>
      <trkpt lat="42.964960" lon="2.992380">
        <ele>12.3</ele>
      </trkpt>
      <trkpt lat="42.964740" lon="2.992500">
        <ele>11</ele>
      </trkpt>
      <trkpt lat="42.964190" lon="2.992960">
        <ele>8.1</ele>
      </trkpt>
      <trkpt lat="42.964030" lon="2.992980">
        <ele>6.6</ele>
      </trkpt>
      <trkpt lat="42.963210" lon="2.992650">
        <ele>2.3</ele>
      </trkpt>
      <trkpt lat="42.963030" lon="2.992600">
        <ele>2</ele>
      </trkpt>
      <trkpt lat="42.962760" lon="2.992610">
        <ele>2</ele>
      </trkpt>
      <trkpt lat="42.962130" lon="2.992920">
        <ele>1.5</ele>
      </trkpt>
      <trkpt lat="42.961870" lon="2.992980">
        <ele>1.2</ele>
      </trkpt>
      <trkpt lat="42.961500" lon="2.992870">
        <ele>1</ele>
      </trkpt>
      <trkpt lat="42.961350" lon="2.992810">
        <ele>1.1</ele>
      </trkpt>
      <trkpt lat="42.960800" lon="2.992900">
        <ele>1.6</ele>
      </trkpt>
      <trkpt lat="42.959720" lon="2.992800">
        <ele>1.9</ele>
      </trkpt>
      <trkpt lat="42.959290" lon="2.992800">
        <ele>2</ele>
      </trkpt>
      <trkpt lat="42.959100" lon="2.992830">
        <ele>2</ele>
      </trkpt>
      <trkpt lat="42.958190" lon="2.993400">
        <ele>2.2</ele>
      </trkpt>
      <trkpt lat="42.957280" lon="2.993890">
        <ele>3.2</ele>
      </trkpt>
      <trkpt lat="42.957090" lon="2.993930">
        <ele>3.6</ele>
      </trkpt>
      <trkpt lat="42.956660" lon="2.993990">
        <ele>4</ele>
      </trkpt>
      <trkpt lat="42.956110" lon="2.994200">
        <ele>4</ele>
      </trkpt>
      <trkpt lat="42.955820" lon="2.994450">
        <ele>4</ele>
      </trkpt>
      <trkpt lat="42.954370" lon="2.996030">
        <ele>4</ele>
      </trkpt>
      <trkpt lat="42.953260" lon="2.997130">
        <ele>4</ele>
      </trkpt>
      <trkpt lat="42.952910" lon="2.997350">
        <ele>4</ele>
      </trkpt>
      <trkpt lat="42.952520" lon="2.997640">
        <ele>4.5</ele>
      </trkpt>
      <trkpt lat="42.951760" lon="2.998230">
        <ele>4</ele>
      </trkpt>
      <trkpt lat="42.950750" lon="2.999070">
        <ele>4.1</ele>
      </trkpt>
      <trkpt lat="42.950190" lon="2.999470">
        <ele>4.3</ele>
      </trkpt>
      <trkpt lat="42.949940" lon="2.999650">
        <ele>4.4</ele>
      </trkpt>
      <trkpt lat="42.949810" lon="2.999800">
        <ele>4.5</ele>
      </trkpt>
      <trkpt lat="42.949990" lon="3.000330">
        <ele>4</ele>
      </trkpt>
      <trkpt lat="42.950220" lon="3.001040">
        <ele>3</ele>
      </trkpt>
      <trkpt lat="42.950230" lon="3.001120">
        <ele>3</ele>
      </trkpt>
      <trkpt lat="42.950200" lon="3.001200">
        <ele>3</ele>
      </trkpt>
      <trkpt lat="42.950030" lon="3.001360">
        <ele>3</ele>
      </trkpt>
      <trkpt lat="42.950010" lon="3.001490">
        <ele>3</ele>
      </trkpt>
      <trkpt lat="42.950540" lon="3.003330">
        <ele>1</ele>
      </trkpt>
      <trkpt lat="42.950550" lon="3.003520">
        <ele>1</ele>
      </trkpt>
      <trkpt lat="42.950480" lon="3.003870">
        <ele>1</ele>
      </trkpt>
      <trkpt lat="42.950460" lon="3.004380">
        <ele>1</ele>
      </trkpt>
      <trkpt lat="42.950390" lon="3.004490">
        <ele>1</ele>
      </trkpt>
      <trkpt lat="42.949780" lon="3.004820">
        <ele>1</ele>
      </trkpt>
      <trkpt lat="42.949670" lon="3.005000">
        <ele>1</ele>
      </trkpt>
      <trkpt lat="42.948880" lon="3.005920">
        <ele>1</ele>
      </trkpt>
      <trkpt lat="42.948370" lon="3.006560">
        <ele>1</ele>
      </trkpt>
      <trkpt lat="42.948190" lon="3.006830">
        <ele>1</ele>
      </trkpt>
      <trkpt lat="42.947890" lon="3.007240">
        <ele>1</ele>
      </trkpt>
      <trkpt lat="42.947660" lon="3.007510">
        <ele>1</ele>
      </trkpt>
      <trkpt lat="42.947590" lon="3.007650">
        <ele>1</ele>
      </trkpt>
      <trkpt lat="42.947410" lon="3.007770">
        <ele>1</ele>
      </trkpt>
      <trkpt lat="42.946860" lon="3.007940">
        <ele>1</ele>
      </trkpt>
      <trkpt lat="42.946250" lon="3.008050">
        <ele>1</ele>
      </trkpt>
      <trkpt lat="42.945850" lon="3.008160">
        <ele>1</ele>
      </trkpt>
      <trkpt lat="42.945660" lon="3.008310">
        <ele>1</ele>
      </trkpt>
      <trkpt lat="42.945410" lon="3.008440">
        <ele>1</ele>
      </trkpt>
      <trkpt lat="42.945200" lon="3.008520">
        <ele>1</ele>
      </trkpt>
      <trkpt lat="42.944750" lon="3.008590">
        <ele>1</ele>
      </trkpt>
      <trkpt lat="42.944390" lon="3.008750">
        <ele>1</ele>
      </trkpt>
      <trkpt lat="42.944010" lon="3.009030">
        <ele>1</ele>
      </trkpt>
      <trkpt lat="42.943880" lon="3.009140">
        <ele>1</ele>
      </trkpt>
      <trkpt lat="42.943770" lon="3.009400">
        <ele>1</ele>
      </trkpt>
      <trkpt lat="42.943650" lon="3.009830">
        <ele>1</ele>
      </trkpt>
      <trkpt lat="42.943520" lon="3.010220">
        <ele>1</ele>
      </trkpt>
      <trkpt lat="42.943510" lon="3.010350">
        <ele>1</ele>
      </trkpt>
      <trkpt lat="42.943530" lon="3.011420">
        <ele>1</ele>
      </trkpt>
      <trkpt lat="42.943510" lon="3.011560">
        <ele>1</ele>
      </trkpt>
      <trkpt lat="42.942810" lon="3.012620">
        <ele>1</ele>
      </trkpt>
      <trkpt lat="42.942730" lon="3.012680">
        <ele>1</ele>
      </trkpt>
      <trkpt lat="42.942250" lon="3.012910">
        <ele>1</ele>
      </trkpt>
      <trkpt lat="42.942220" lon="3.012870">
        <ele>1</ele>
      </trkpt>
      <trkpt lat="42.942020" lon="3.011310">
        <ele>1.2</ele>
      </trkpt>
      <trkpt lat="42.941960" lon="3.011210">
        <ele>1.6</ele>
      </trkpt>
      <trkpt lat="42.941850" lon="3.011160">
        <ele>1.5</ele>
      </trkpt>
      <trkpt lat="42.941780" lon="3.011080">
        <ele>1.4</ele>
      </trkpt>
      <trkpt lat="42.941730" lon="3.010870">
        <ele>1.2</ele>
      </trkpt>
      <trkpt lat="42.941670" lon="3.010430">
        <ele>1.5</ele>
      </trkpt>
      <trkpt lat="42.941600" lon="3.010240">
        <ele>2</ele>
      </trkpt>
      <trkpt lat="42.941350" lon="3.009960">
        <ele>2</ele>
      </trkpt>
      <trkpt lat="42.941280" lon="3.009920">
        <ele>2</ele>
      </trkpt>
      <trkpt lat="42.941130" lon="3.009950">
        <ele>2</ele>
      </trkpt>
      <trkpt lat="42.940850" lon="3.010150">
        <ele>2</ele>
      </trkpt>
      <trkpt lat="42.940230" lon="3.010440">
        <ele>2</ele>
      </trkpt>
      <trkpt lat="42.940070" lon="3.010670">
        <ele>2</ele>
      </trkpt>
      <trkpt lat="42.939760" lon="3.010860">
        <ele>2</ele>
      </trkpt>
      <trkpt lat="42.939280" lon="3.011340">
        <ele>2.6</ele>
      </trkpt>
      <trkpt lat="42.938220" lon="3.012220">
        <ele>2.4</ele>
      </trkpt>
      <trkpt lat="42.937850" lon="3.012270">
        <ele>3</ele>
      </trkpt>
      <trkpt lat="42.937520" lon="3.012620">
        <ele>3</ele>
      </trkpt>
      <trkpt lat="42.936670" lon="3.013350">
        <ele>3.9</ele>
      </trkpt>
      <trkpt lat="42.936630" lon="3.013500">
        <ele>3.2</ele>
      </trkpt>
      <trkpt lat="42.936640" lon="3.013710">
        <ele>2.9</ele>
      </trkpt>
      <trkpt lat="42.936490" lon="3.014050">
        <ele>2.8</ele>
      </trkpt>
      <trkpt lat="42.935880" lon="3.014560">
        <ele>3.5</ele>
      </trkpt>
      <trkpt lat="42.935790" lon="3.014640">
        <ele>3.2</ele>
      </trkpt>
      <trkpt lat="42.935360" lon="3.014350">
        <ele>2.4</ele>
      </trkpt>
      <trkpt lat="42.934980" lon="3.014010">
        <ele>2.5</ele>
      </trkpt>
      <trkpt lat="42.934520" lon="3.013350">
        <ele>1.8</ele>
      </trkpt>
      <trkpt lat="42.933880" lon="3.012880">
        <ele>2.4</ele>
      </trkpt>
      <trkpt lat="42.933150" lon="3.012460">
        <ele>3</ele>
      </trkpt>
      <trkpt lat="42.932970" lon="3.012520">
        <ele>3</ele>
      </trkpt>
      <trkpt lat="42.932760" lon="3.012480">
        <ele>3</ele>
      </trkpt>
      <trkpt lat="42.932270" lon="3.012340">
        <ele>3.5</ele>
      </trkpt>
      <trkpt lat="42.931870" lon="3.012120">
        <ele>3.4</ele>
      </trkpt>
      <trkpt lat="42.931070" lon="3.011550">
        <ele>4.9</ele>
      </trkpt>
      <trkpt lat="42.930380" lon="3.010810">
        <ele>5.8</ele>
      </trkpt>
      <trkpt lat="42.929700" lon="3.009980">
        <ele>2</ele>
      </trkpt>
      <trkpt lat="42.929560" lon="3.009780">
        <ele>1.5</ele>
      </trkpt>
      <trkpt lat="42.929530" lon="3.009670">
        <ele>1.3</ele>
      </trkpt>
      <trkpt lat="42.930030" lon="3.007040">
        <ele>2</ele>
      </trkpt>
      <trkpt lat="42.930040" lon="3.006760">
        <ele>2</ele>
      </trkpt>
      <trkpt lat="42.929990" lon="3.006410">
        <ele>2</ele>
      </trkpt>
      <trkpt lat="42.929610" lon="3.005020">
        <ele>2.5</ele>
      </trkpt>
      <trkpt lat="42.929570" lon="3.004530">
        <ele>2.3</ele>
      </trkpt>
      <trkpt lat="42.929600" lon="3.004190">
        <ele>2.6</ele>
      </trkpt>
      <trkpt lat="42.929780" lon="3.003540">
        <ele>3</ele>
      </trkpt>
      <trkpt lat="42.930540" lon="3.001080">
        <ele>4.9</ele>
      </trkpt>
      <trkpt lat="42.928760" lon="2.999320">
        <ele>5.7</ele>
      </trkpt>
      <trkpt lat="42.927410" lon="2.997940">
        <ele>8</ele>
      </trkpt>
      <trkpt lat="42.927070" lon="2.997620">
        <ele>8.3</ele>
      </trkpt>
      <trkpt lat="42.926870" lon="2.997410">
        <ele>8.8</ele>
      </trkpt>
      <trkpt lat="42.926800" lon="2.997290">
        <ele>8.9</ele>
      </trkpt>
      <trkpt lat="42.926730" lon="2.997240">
        <ele>8.9</ele>
      </trkpt>
      <trkpt lat="42.926650" lon="2.997200">
        <ele>9</ele>
      </trkpt>
      <trkpt lat="42.926160" lon="2.996690">
        <ele>9.9</ele>
      </trkpt>
      <trkpt lat="42.925500" lon="2.996020">
        <ele>11</ele>
      </trkpt>
      <trkpt lat="42.924400" lon="2.994930">
        <ele>12.2</ele>
      </trkpt>
      <trkpt lat="42.924440" lon="2.994810">
        <ele>12.7</ele>
      </trkpt>
      <trkpt lat="42.924750" lon="2.994670">
        <ele>12.8</ele>
      </trkpt>
      <trkpt lat="42.924820" lon="2.994480">
        <ele>12.1</ele>
      </trkpt>
      <trkpt lat="42.924910" lon="2.994110">
        <ele>13</ele>
      </trkpt>
      <trkpt lat="42.924910" lon="2.993860">
        <ele>13</ele>
      </trkpt>
      <trkpt lat="42.924830" lon="2.993660">
        <ele>13</ele>
      </trkpt>
      <trkpt lat="42.924840" lon="2.993380">
        <ele>13</ele>
      </trkpt>
      <trkpt lat="42.924940" lon="2.992970">
        <ele>13.2</ele>
      </trkpt>
      <trkpt lat="42.925010" lon="2.992790">
        <ele>14</ele>
      </trkpt>
      <trkpt lat="42.925020" lon="2.992680">
        <ele>14</ele>
      </trkpt>
      <trkpt lat="42.924960" lon="2.992530">
        <ele>14</ele>
      </trkpt>
      <trkpt lat="42.924690" lon="2.992170">
        <ele>13.9</ele>
      </trkpt>
      <trkpt lat="42.924620" lon="2.991980">
        <ele>14</ele>
      </trkpt>
      <trkpt lat="42.924590" lon="2.991770">
        <ele>14</ele>
      </trkpt>
      <trkpt lat="42.924570" lon="2.991660">
        <ele>14</ele>
      </trkpt>
      <trkpt lat="42.924440" lon="2.991280">
        <ele>14</ele>
      </trkpt>
      <trkpt lat="42.924310" lon="2.990970">
        <ele>14.5</ele>
      </trkpt>
      <trkpt lat="42.924200" lon="2.990830">
        <ele>14.9</ele>
      </trkpt>
      <trkpt lat="42.924070" lon="2.990720">
        <ele>15.3</ele>
      </trkpt>
      <trkpt lat="42.924020" lon="2.990680">
        <ele>15.5</ele>
      </trkpt>
      <trkpt lat="42.923890" lon="2.990580">
        <ele>16</ele>
      </trkpt>
      <trkpt lat="42.923810" lon="2.990480">
        <ele>15.8</ele>
      </trkpt>
      <trkpt lat="42.923750" lon="2.990360">
        <ele>15.7</ele>
      </trkpt>
      <trkpt lat="42.923680" lon="2.990120">
        <ele>15.9</ele>
      </trkpt>
      <trkpt lat="42.923600" lon="2.989960">
        <ele>16</ele>
      </trkpt>
      <trkpt lat="42.923260" lon="2.989480">
        <ele>16.3</ele>
      </trkpt>
      <trkpt lat="42.923150" lon="2.989210">
        <ele>16.9</ele>
      </trkpt>
      <trkpt lat="42.923090" lon="2.989080">
        <ele>17</ele>
      </trkpt>
      <trkpt lat="42.922920" lon="2.988830">
        <ele>17</ele>
      </trkpt>
      <trkpt lat="42.922680" lon="2.988480">
        <ele>17.5</ele>
      </trkpt>
      <trkpt lat="42.922610" lon="2.988320">
        <ele>18</ele>
      </trkpt>
      <trkpt lat="42.922410" lon="2.987760">
        <ele>18</ele>
      </trkpt>
      <trkpt lat="42.922290" lon="2.987480">
        <ele>18.1</ele>
      </trkpt>
      <trkpt lat="42.922190" lon="2.987310">
        <ele>18.8</ele>
      </trkpt>
      <trkpt lat="42.922100" lon="2.987260">
        <ele>19.3</ele>
      </trkpt>
      <trkpt lat="42.922040" lon="2.987260">
        <ele>19.4</ele>
      </trkpt>
      <trkpt lat="42.921770" lon="2.987360">
        <ele>19</ele>
      </trkpt>
      <trkpt lat="42.921580" lon="2.987360">
        <ele>18.8</ele>
      </trkpt>
      <trkpt lat="42.920940" lon="2.987280">
        <ele>19.2</ele>
      </trkpt>
      <trkpt lat="42.920880" lon="2.987250">
        <ele>19.1</ele>
      </trkpt>
      <trkpt lat="42.920780" lon="2.987150">
        <ele>18.7</ele>
      </trkpt>
      <trkpt lat="42.920530" lon="2.986800">
        <ele>19.1</ele>
      </trkpt>
      <trkpt lat="42.920390" lon="2.986690">
        <ele>19.6</ele>
      </trkpt>
      <trkpt lat="42.919760" lon="2.986470">
        <ele>23.2</ele>
      </trkpt>
      <trkpt lat="42.919490" lon="2.986260">
        <ele>23.7</ele>
      </trkpt>
      <trkpt lat="42.919090" lon="2.985920">
        <ele>23.8</ele>
      </trkpt>
      <trkpt lat="42.918600" lon="2.985310">
        <ele>27</ele>
      </trkpt>
      <trkpt lat="42.918190" lon="2.984880">
        <ele>28.9</ele>
      </trkpt>
      <trkpt lat="42.918040" lon="2.984770">
        <ele>29.2</ele>
      </trkpt>
      <trkpt lat="42.917740" lon="2.984690">
        <ele>29.5</ele>
      </trkpt>
      <trkpt lat="42.917580" lon="2.984570">
        <ele>30</ele>
      </trkpt>
      <trkpt lat="42.917450" lon="2.984400">
        <ele>32.4</ele>
      </trkpt>
      <trkpt lat="42.916990" lon="2.983670">
        <ele>30.9</ele>
      </trkpt>
      <trkpt lat="42.916880" lon="2.983620">
        <ele>30.5</ele>
      </trkpt>
      <trkpt lat="42.916780" lon="2.983630">
        <ele>31.4</ele>
      </trkpt>
      <trkpt lat="42.916360" lon="2.983870">
        <ele>36.2</ele>
      </trkpt>
      <trkpt lat="42.916030" lon="2.983830">
        <ele>37.4</ele>
      </trkpt>
      <trkpt lat="42.915630" lon="2.983690">
        <ele>37.9</ele>
      </trkpt>
      <trkpt lat="42.915190" lon="2.983690">
        <ele>39.9</ele>
      </trkpt>
      <trkpt lat="42.914800" lon="2.983630">
        <ele>42.4</ele>
      </trkpt>
      <trkpt lat="42.914370" lon="2.983580">
        <ele>45.3</ele>
      </trkpt>
      <trkpt lat="42.914250" lon="2.983560">
        <ele>45.7</ele>
      </trkpt>
      <trkpt lat="42.914110" lon="2.983460">
        <ele>46.1</ele>
      </trkpt>
      <trkpt lat="42.913970" lon="2.983240">
        <ele>47.3</ele>
      </trkpt>
      <trkpt lat="42.913880" lon="2.982870">
        <ele>49.7</ele>
      </trkpt>
      <trkpt lat="42.913780" lon="2.982770">
        <ele>50</ele>
      </trkpt>
      <trkpt lat="42.913680" lon="2.982730">
        <ele>50.2</ele>
      </trkpt>
      <trkpt lat="42.913590" lon="2.982680">
        <ele>50.1</ele>
      </trkpt>
      <trkpt lat="42.913340" lon="2.982530">
        <ele>48.8</ele>
      </trkpt>
      <trkpt lat="42.912960" lon="2.982500">
        <ele>50.3</ele>
      </trkpt>
      <trkpt lat="42.912540" lon="2.982450">
        <ele>50.5</ele>
      </trkpt>
      <trkpt lat="42.912450" lon="2.982500">
        <ele>50</ele>
      </trkpt>
      <trkpt lat="42.912370" lon="2.982600">
        <ele>49.3</ele>
      </trkpt>
      <trkpt lat="42.912280" lon="2.982640">
        <ele>49</ele>
      </trkpt>
      <trkpt lat="42.912080" lon="2.982490">
        <ele>48.6</ele>
      </trkpt>
      <trkpt lat="42.911860" lon="2.982430">
        <ele>48.1</ele>
      </trkpt>
      <trkpt lat="42.911600" lon="2.982450">
        <ele>48.2</ele>
      </trkpt>
      <trkpt lat="42.911190" lon="2.982420">
        <ele>49</ele>
      </trkpt>
      <trkpt lat="42.910890" lon="2.982470">
        <ele>46.7</ele>
      </trkpt>
      <trkpt lat="42.910720" lon="2.982580">
        <ele>44.9</ele>
      </trkpt>
      <trkpt lat="42.910630" lon="2.982590">
        <ele>44.4</ele>
      </trkpt>
      <trkpt lat="42.909940" lon="2.982200">
        <ele>41.1</ele>
      </trkpt>
      <trkpt lat="42.909800" lon="2.982120">
        <ele>41.4</ele>
      </trkpt>
      <trkpt lat="42.909650" lon="2.981990">
        <ele>41.9</ele>
      </trkpt>
      <trkpt lat="42.909340" lon="2.981790">
        <ele>43.7</ele>
      </trkpt>
      <trkpt lat="42.909120" lon="2.981670">
        <ele>45.3</ele>
      </trkpt>
      <trkpt lat="42.908950" lon="2.981620">
        <ele>46.7</ele>
      </trkpt>
      <trkpt lat="42.908400" lon="2.982250">
        <ele>51.4</ele>
      </trkpt>
      <trkpt lat="42.908310" lon="2.982320">
        <ele>52.7</ele>
      </trkpt>
      <trkpt lat="42.908000" lon="2.982400">
        <ele>53.1</ele>
      </trkpt>
      <trkpt lat="42.907670" lon="2.982510">
        <ele>50.3</ele>
      </trkpt>
      <trkpt lat="42.907200" lon="2.982430">
        <ele>46.9</ele>
      </trkpt>
      <trkpt lat="42.906970" lon="2.982360">
        <ele>46.1</ele>
      </trkpt>
      <trkpt lat="42.906640" lon="2.981960">
        <ele>46.9</ele>
      </trkpt>
      <trkpt lat="42.906370" lon="2.981790">
        <ele>48.1</ele>
      </trkpt>
      <trkpt lat="42.906230" lon="2.981770">
        <ele>48.2</ele>
      </trkpt>
      <trkpt lat="42.905940" lon="2.981830">
        <ele>48.4</ele>
      </trkpt>
      <trkpt lat="42.905400" lon="2.981820">
        <ele>49.3</ele>
      </trkpt>
      <trkpt lat="42.905340" lon="2.981890">
        <ele>48.6</ele>
      </trkpt>
      <trkpt lat="42.905300" lon="2.982120">
        <ele>46.7</ele>
      </trkpt>
      <trkpt lat="42.905230" lon="2.982240">
        <ele>46.1</ele>
      </trkpt>
      <trkpt lat="42.904810" lon="2.982540">
        <ele>45.6</ele>
      </trkpt>
      <trkpt lat="42.904440" lon="2.982940">
        <ele>47.7</ele>
      </trkpt>
      <trkpt lat="42.904430" lon="2.983050">
        <ele>48.3</ele>
      </trkpt>
      <trkpt lat="42.904530" lon="2.983320">
        <ele>48.1</ele>
      </trkpt>
      <trkpt lat="42.904520" lon="2.983430">
        <ele>48.4</ele>
      </trkpt>
      <trkpt lat="42.904480" lon="2.983470">
        <ele>48.9</ele>
      </trkpt>
      <trkpt lat="42.903930" lon="2.983730">
        <ele>54.7</ele>
      </trkpt>
      <trkpt lat="42.903850" lon="2.983800">
        <ele>55.4</ele>
      </trkpt>
      <trkpt lat="42.903540" lon="2.984330">
        <ele>56.6</ele>
      </trkpt>
      <trkpt lat="42.903230" lon="2.984850">
        <ele>56.5</ele>
      </trkpt>
      <trkpt lat="42.902960" lon="2.985450">
        <ele>54.5</ele>
      </trkpt>
      <trkpt lat="42.902910" lon="2.985850">
        <ele>53.5</ele>
      </trkpt>
      <trkpt lat="42.902860" lon="2.985960">
        <ele>53</ele>
      </trkpt>
      <trkpt lat="42.902530" lon="2.986300">
        <ele>51.8</ele>
      </trkpt>
      <trkpt lat="42.902390" lon="2.986790">
        <ele>49.6</ele>
      </trkpt>
      <trkpt lat="42.902270" lon="2.987000">
        <ele>47.5</ele>
      </trkpt>
      <trkpt lat="42.902040" lon="2.987240">
        <ele>45.6</ele>
      </trkpt>
      <trkpt lat="42.901800" lon="2.987330">
        <ele>44.2</ele>
      </trkpt>
      <trkpt lat="42.901430" lon="2.987370">
        <ele>40.9</ele>
      </trkpt>
      <trkpt lat="42.901150" lon="2.987440">
        <ele>39.4</ele>
      </trkpt>
      <trkpt lat="42.900760" lon="2.987390">
        <ele>36.8</ele>
      </trkpt>
      <trkpt lat="42.900670" lon="2.987410">
        <ele>35.9</ele>
      </trkpt>
      <trkpt lat="42.900550" lon="2.987480">
        <ele>33.5</ele>
      </trkpt>
      <trkpt lat="42.900330" lon="2.987880">
        <ele>32</ele>
      </trkpt>
      <trkpt lat="42.900160" lon="2.988250">
        <ele>29.9</ele>
      </trkpt>
      <trkpt lat="42.900030" lon="2.988460">
        <ele>28.9</ele>
      </trkpt>
      <trkpt lat="42.899880" lon="2.988650">
        <ele>28</ele>
      </trkpt>
      <trkpt lat="42.899690" lon="2.988960">
        <ele>25.8</ele>
      </trkpt>
      <trkpt lat="42.899520" lon="2.989160">
        <ele>23.3</ele>
      </trkpt>
      <trkpt lat="42.899170" lon="2.989420">
        <ele>20.9</ele>
      </trkpt>
      <trkpt lat="42.899010" lon="2.989380">
        <ele>19.3</ele>
      </trkpt>
      <trkpt lat="42.898700" lon="2.988890">
        <ele>17.6</ele>
      </trkpt>
      <trkpt lat="42.898520" lon="2.988530">
        <ele>17.7</ele>
      </trkpt>
      <trkpt lat="42.897820" lon="2.987700">
        <ele>17.8</ele>
      </trkpt>
      <trkpt lat="42.897400" lon="2.987280">
        <ele>18.8</ele>
      </trkpt>
      <trkpt lat="42.896710" lon="2.986780">
        <ele>21.3</ele>
      </trkpt>
      <trkpt lat="42.896400" lon="2.986650">
        <ele>23</ele>
      </trkpt>
      <trkpt lat="42.896160" lon="2.986590">
        <ele>25.7</ele>
      </trkpt>
      <trkpt lat="42.895880" lon="2.986450">
        <ele>28.6</ele>
      </trkpt>
      <trkpt lat="42.895790" lon="2.986300">
        <ele>29.7</ele>
      </trkpt>
      <trkpt lat="42.895500" lon="2.985730">
        <ele>31.2</ele>
      </trkpt>
      <trkpt lat="42.895400" lon="2.985690">
        <ele>31.2</ele>
      </trkpt>
      <trkpt lat="42.894960" lon="2.984950">
        <ele>34.2</ele>
      </trkpt>
      <trkpt lat="42.894800" lon="2.984550">
        <ele>35.8</ele>
      </trkpt>
      <trkpt lat="42.894570" lon="2.984670">
        <ele>33.1</ele>
      </trkpt>
      <trkpt lat="42.894500" lon="2.984620">
        <ele>32.8</ele>
      </trkpt>
      <trkpt lat="42.894450" lon="2.984650">
        <ele>32.3</ele>
      </trkpt>
      <trkpt lat="42.894440" lon="2.984730">
        <ele>32</ele>
      </trkpt>
      <trkpt lat="42.894290" lon="2.984870">
        <ele>34.3</ele>
      </trkpt>
      <trkpt lat="42.894240" lon="2.984910">
        <ele>35.3</ele>
      </trkpt>
      <trkpt lat="42.893990" lon="2.984600">
        <ele>39.3</ele>
      </trkpt>
      <trkpt lat="42.893940" lon="2.984560">
        <ele>40.2</ele>
      </trkpt>
      <trkpt lat="42.893920" lon="2.984670">
        <ele>40.5</ele>
      </trkpt>
      <trkpt lat="42.893120" lon="2.985820">
        <ele>30.8</ele>
      </trkpt>
      <trkpt lat="42.892830" lon="2.986130">
        <ele>27.9</ele>
      </trkpt>
      <trkpt lat="42.892730" lon="2.986220">
        <ele>26.6</ele>
      </trkpt>
      <trkpt lat="42.892620" lon="2.986280">
        <ele>25.4</ele>
      </trkpt>
      <trkpt lat="42.891780" lon="2.986380">
        <ele>20.4</ele>
      </trkpt>
      <trkpt lat="42.891260" lon="2.985530">
        <ele>21.4</ele>
      </trkpt>
      <trkpt lat="42.890970" lon="2.985410">
        <ele>23.1</ele>
      </trkpt>
      <trkpt lat="42.890550" lon="2.985180">
        <ele>24.3</ele>
      </trkpt>
      <trkpt lat="42.890180" lon="2.985090">
        <ele>23.6</ele>
      </trkpt>
      <trkpt lat="42.890040" lon="2.985100">
        <ele>24.8</ele>
      </trkpt>
      <trkpt lat="42.889880" lon="2.985180">
        <ele>24</ele>
      </trkpt>
      <trkpt lat="42.889770" lon="2.985210">
        <ele>23.9</ele>
      </trkpt>
      <trkpt lat="42.889660" lon="2.985200">
        <ele>23.7</ele>
      </trkpt>
      <trkpt lat="42.889570" lon="2.985160">
        <ele>23.8</ele>
      </trkpt>
      <trkpt lat="42.889360" lon="2.984970">
        <ele>25.3</ele>
      </trkpt>
      <trkpt lat="42.889280" lon="2.984960">
        <ele>24.6</ele>
      </trkpt>
      <trkpt lat="42.889190" lon="2.984990">
        <ele>23.3</ele>
      </trkpt>
      <trkpt lat="42.888980" lon="2.985230">
        <ele>21</ele>
      </trkpt>
      <trkpt lat="42.888680" lon="2.985400">
        <ele>20</ele>
      </trkpt>
      <trkpt lat="42.888630" lon="2.985500">
        <ele>18.8</ele>
      </trkpt>
      <trkpt lat="42.888510" lon="2.985910">
        <ele>14.9</ele>
      </trkpt>
      <trkpt lat="42.888410" lon="2.985930">
        <ele>14.9</ele>
      </trkpt>
      <trkpt lat="42.888180" lon="2.985870">
        <ele>15.1</ele>
      </trkpt>
      <trkpt lat="42.887980" lon="2.985760">
        <ele>15</ele>
      </trkpt>
      <trkpt lat="42.887740" lon="2.985610">
        <ele>15.5</ele>
      </trkpt>
      <trkpt lat="42.887620" lon="2.985620">
        <ele>15.1</ele>
      </trkpt>
      <trkpt lat="42.887460" lon="2.985710">
        <ele>14.3</ele>
      </trkpt>
      <trkpt lat="42.887370" lon="2.985710">
        <ele>14</ele>
      </trkpt>
      <trkpt lat="42.887160" lon="2.985590">
        <ele>13.7</ele>
      </trkpt>
      <trkpt lat="42.886760" lon="2.985390">
        <ele>14.2</ele>
      </trkpt>
      <trkpt lat="42.886250" lon="2.985220">
        <ele>15.2</ele>
      </trkpt>
      <trkpt lat="42.885800" lon="2.985070">
        <ele>16.4</ele>
      </trkpt>
      <trkpt lat="42.885130" lon="2.984700">
        <ele>16.6</ele>
      </trkpt>
      <trkpt lat="42.885030" lon="2.984540">
        <ele>17.4</ele>
      </trkpt>
      <trkpt lat="42.885170" lon="2.984050">
        <ele>19.2</ele>
      </trkpt>
      <trkpt lat="42.885110" lon="2.983920">
        <ele>19.8</ele>
      </trkpt>
      <trkpt lat="42.884850" lon="2.983700">
        <ele>21.5</ele>
      </trkpt>
      <trkpt lat="42.884340" lon="2.983490">
        <ele>21.7</ele>
      </trkpt>
      <trkpt lat="42.884040" lon="2.983500">
        <ele>21.3</ele>
      </trkpt>
      <trkpt lat="42.883800" lon="2.983510">
        <ele>21.4</ele>
      </trkpt>
      <trkpt lat="42.883660" lon="2.983420">
        <ele>21.7</ele>
      </trkpt>
      <trkpt lat="42.883470" lon="2.983290">
        <ele>22.2</ele>
      </trkpt>
      <trkpt lat="42.883220" lon="2.983230">
        <ele>22.4</ele>
      </trkpt>
      <trkpt lat="42.882980" lon="2.983110">
        <ele>22.8</ele>
      </trkpt>
      <trkpt lat="42.882860" lon="2.983070">
        <ele>22.9</ele>
      </trkpt>
      <trkpt lat="42.882630" lon="2.983100">
        <ele>22.8</ele>
      </trkpt>
      <trkpt lat="42.882530" lon="2.983060">
        <ele>23</ele>
      </trkpt>
      <trkpt lat="42.882100" lon="2.982560">
        <ele>23.9</ele>
      </trkpt>
      <trkpt lat="42.882020" lon="2.982570">
        <ele>23.8</ele>
      </trkpt>
      <trkpt lat="42.881920" lon="2.982670">
        <ele>23.4</ele>
      </trkpt>
      <trkpt lat="42.881780" lon="2.982720">
        <ele>23.2</ele>
      </trkpt>
      <trkpt lat="42.880890" lon="2.982460">
        <ele>25.9</ele>
      </trkpt>
      <trkpt lat="42.880770" lon="2.982530">
        <ele>25.8</ele>
      </trkpt>
      <trkpt lat="42.880630" lon="2.982870">
        <ele>25</ele>
      </trkpt>
      <trkpt lat="42.880570" lon="2.982980">
        <ele>25.7</ele>
      </trkpt>
      <trkpt lat="42.880340" lon="2.983140">
        <ele>27.4</ele>
      </trkpt>
      <trkpt lat="42.880220" lon="2.983080">
        <ele>27.4</ele>
      </trkpt>
      <trkpt lat="42.879960" lon="2.982850">
        <ele>26.7</ele>
      </trkpt>
      <trkpt lat="42.879540" lon="2.982330">
        <ele>27.9</ele>
      </trkpt>
      <trkpt lat="42.879300" lon="2.982130">
        <ele>29.9</ele>
      </trkpt>
      <trkpt lat="42.878990" lon="2.981770">
        <ele>33.3</ele>
      </trkpt>
      <trkpt lat="42.878720" lon="2.981510">
        <ele>37.3</ele>
      </trkpt>
      <trkpt lat="42.878450" lon="2.981040">
        <ele>41.9</ele>
      </trkpt>
      <trkpt lat="42.878290" lon="2.980800">
        <ele>44.5</ele>
      </trkpt>
      <trkpt lat="42.878040" lon="2.980610">
        <ele>48</ele>
      </trkpt>
      <trkpt lat="42.877690" lon="2.980480">
        <ele>52.2</ele>
      </trkpt>
      <trkpt lat="42.877030" lon="2.980280">
        <ele>58.4</ele>
      </trkpt>
      <trkpt lat="42.876680" lon="2.980130">
        <ele>60.1</ele>
      </trkpt>
      <trkpt lat="42.876160" lon="2.979730">
        <ele>61</ele>
      </trkpt>
      <trkpt lat="42.875750" lon="2.979510">
        <ele>63.7</ele>
      </trkpt>
      <trkpt lat="42.874880" lon="2.979480">
        <ele>67.9</ele>
      </trkpt>
      <trkpt lat="42.874630" lon="2.979530">
        <ele>69</ele>
      </trkpt>
      <trkpt lat="42.874450" lon="2.979420">
        <ele>70.2</ele>
      </trkpt>
      <trkpt lat="42.874100" lon="2.979470">
        <ele>72.1</ele>
      </trkpt>
      <trkpt lat="42.873810" lon="2.979330">
        <ele>74.8</ele>
      </trkpt>
      <trkpt lat="42.873600" lon="2.979300">
        <ele>76.6</ele>
      </trkpt>
      <trkpt lat="42.873410" lon="2.979260">
        <ele>78.4</ele>
      </trkpt>
      <trkpt lat="42.873240" lon="2.979180">
        <ele>80.2</ele>
      </trkpt>
      <trkpt lat="42.873120" lon="2.978890">
        <ele>83</ele>
      </trkpt>
      <trkpt lat="42.873370" lon="2.978630">
        <ele>85.6</ele>
      </trkpt>
      <trkpt lat="42.873420" lon="2.978220">
        <ele>88.9</ele>
      </trkpt>
      <trkpt lat="42.873410" lon="2.977960">
        <ele>91</ele>
      </trkpt>
      <trkpt lat="42.873370" lon="2.977480">
        <ele>95</ele>
      </trkpt>
      <trkpt lat="42.873450" lon="2.977310">
        <ele>96</ele>
      </trkpt>
      <trkpt lat="42.873700" lon="2.977220">
        <ele>96.3</ele>
      </trkpt>
      <trkpt lat="42.873820" lon="2.976950">
        <ele>98.7</ele>
      </trkpt>
      <trkpt lat="42.873830" lon="2.976540">
        <ele>101.7</ele>
      </trkpt>
      <trkpt lat="42.873760" lon="2.976100">
        <ele>104.5</ele>
      </trkpt>
      <trkpt lat="42.873640" lon="2.975540">
        <ele>108.7</ele>
      </trkpt>
      <trkpt lat="42.873450" lon="2.975250">
        <ele>111.3</ele>
      </trkpt>
      <trkpt lat="42.873380" lon="2.975050">
        <ele>113</ele>
      </trkpt>
      <trkpt lat="42.873310" lon="2.974800">
        <ele>115.2</ele>
      </trkpt>
      <trkpt lat="42.873160" lon="2.974570">
        <ele>117.5</ele>
      </trkpt>
      <trkpt lat="42.873150" lon="2.974410">
        <ele>118</ele>
      </trkpt>
      <trkpt lat="42.873180" lon="2.973940">
        <ele>121.9</ele>
      </trkpt>
      <trkpt lat="42.873160" lon="2.972770">
        <ele>130.3</ele>
      </trkpt>
      <trkpt lat="42.873100" lon="2.972620">
        <ele>120</ele>
      </trkpt>
      <trkpt lat="42.872910" lon="2.972440">
        <ele>120</ele>
      </trkpt>
      <trkpt lat="42.872670" lon="2.972410">
        <ele>131</ele>
      </trkpt>
      <trkpt lat="42.872360" lon="2.972700">
        <ele>120</ele>
      </trkpt>
      <trkpt lat="42.872200" lon="2.972680">
        <ele>120.087</ele>
      </trkpt>
      <trkpt lat="42.871770" lon="2.972390">
        <ele>123.973</ele>
      </trkpt>
      <trkpt lat="42.871610" lon="2.972150">
        <ele>131</ele>
      </trkpt>
      <trkpt lat="42.871410" lon="2.971770">
        <ele>132.6</ele>
      </trkpt>
      <trkpt lat="42.871110" lon="2.971290">
        <ele>133.3</ele>
      </trkpt>
      <trkpt lat="42.871000" lon="2.971040">
        <ele>133.6</ele>
      </trkpt>
      <trkpt lat="42.870850" lon="2.970550">
        <ele>129.998</ele>
      </trkpt>
      <trkpt lat="42.870570" lon="2.969730">
        <ele>135.9</ele>
      </trkpt>
      <trkpt lat="42.870230" lon="2.969270">
        <ele>137.5</ele>
      </trkpt>
      <trkpt lat="42.870070" lon="2.968980">
        <ele>137.6</ele>
      </trkpt>
      <trkpt lat="42.869950" lon="2.968970">
        <ele>137.5</ele>
      </trkpt>
      <trkpt lat="42.869560" lon="2.968990">
        <ele>136.6</ele>
      </trkpt>
      <trkpt lat="42.869310" lon="2.968950">
        <ele>136.4</ele>
      </trkpt>
      <trkpt lat="42.869000" lon="2.968730">
        <ele>130</ele>
      </trkpt>
      <trkpt lat="42.868530" lon="2.968280">
        <ele>130</ele>
      </trkpt>
      <trkpt lat="42.868390" lon="2.968110">
        <ele>136</ele>
      </trkpt>
      <trkpt lat="42.868330" lon="2.967780">
        <ele>136</ele>
      </trkpt>
      <trkpt lat="42.868320" lon="2.967430">
        <ele>135</ele>
      </trkpt>
      <trkpt lat="42.868170" lon="2.966840">
        <ele>134</ele>
      </trkpt>
      <trkpt lat="42.868020" lon="2.966430">
        <ele>133.9</ele>
      </trkpt>
      <trkpt lat="42.867640" lon="2.965470">
        <ele>130</ele>
      </trkpt>
      <trkpt lat="42.867560" lon="2.965200">
        <ele>137.1</ele>
      </trkpt>
      <trkpt lat="42.867480" lon="2.964840">
        <ele>130</ele>
      </trkpt>
      <trkpt lat="42.867270" lon="2.964390">
        <ele>137</ele>
      </trkpt>
      <trkpt lat="42.867070" lon="2.963850">
        <ele>137</ele>
      </trkpt>
      <trkpt lat="42.866810" lon="2.963570">
        <ele>137</ele>
      </trkpt>
      <trkpt lat="42.866540" lon="2.963210">
        <ele>137.7</ele>
      </trkpt>
      <trkpt lat="42.866100" lon="2.963250">
        <ele>131.296</ele>
      </trkpt>
      <trkpt lat="42.865740" lon="2.962940">
        <ele>132</ele>
      </trkpt>
      <trkpt lat="42.865610" lon="2.962780">
        <ele>138.2</ele>
      </trkpt>
      <trkpt lat="42.865480" lon="2.962490">
        <ele>137.5</ele>
      </trkpt>
      <trkpt lat="42.865310" lon="2.961930">
        <ele>136</ele>
      </trkpt>
      <trkpt lat="42.864660" lon="2.961090">
        <ele>135</ele>
      </trkpt>
      <trkpt lat="42.864520" lon="2.960780">
        <ele>135</ele>
      </trkpt>
      <trkpt lat="42.864430" lon="2.960370">
        <ele>135.1</ele>
      </trkpt>
      <trkpt lat="42.864110" lon="2.959320">
        <ele>136.4</ele>
      </trkpt>
      <trkpt lat="42.864020" lon="2.958950">
        <ele>137</ele>
      </trkpt>
      <trkpt lat="42.863520" lon="2.957800">
        <ele>134.661</ele>
      </trkpt>
      <trkpt lat="42.863340" lon="2.957180">
        <ele>140.2</ele>
      </trkpt>
      <trkpt lat="42.863220" lon="2.956540">
        <ele>139.8</ele>
      </trkpt>
      <trkpt lat="42.863260" lon="2.956000">
        <ele>133.064</ele>
      </trkpt>
      <trkpt lat="42.863450" lon="2.955550">
        <ele>135.68</ele>
      </trkpt>
      <trkpt lat="42.863680" lon="2.955370">
        <ele>138.51</ele>
      </trkpt>
      <trkpt lat="42.863870" lon="2.955170">
        <ele>139.85</ele>
      </trkpt>
      <trkpt lat="42.864030" lon="2.954900">
        <ele>143.9</ele>
      </trkpt>
      <trkpt lat="42.864190" lon="2.954490">
        <ele>145.1</ele>
      </trkpt>
      <trkpt lat="42.864350" lon="2.953950">
        <ele>142.291</ele>
      </trkpt>
      <trkpt lat="42.864370" lon="2.953200">
        <ele>144.962</ele>
      </trkpt>
      <trkpt lat="42.864160" lon="2.952610">
        <ele>146.6</ele>
      </trkpt>
      <trkpt lat="42.864100" lon="2.952270">
        <ele>147.6</ele>
      </trkpt>
      <trkpt lat="42.864050" lon="2.951280">
        <ele>150.4</ele>
      </trkpt>
      <trkpt lat="42.863780" lon="2.950480">
        <ele>152.3</ele>
      </trkpt>
      <trkpt lat="42.863440" lon="2.949320">
        <ele>153.1</ele>
      </trkpt>
      <trkpt lat="42.863320" lon="2.948950">
        <ele>152</ele>
      </trkpt>
      <trkpt lat="42.863240" lon="2.948320">
        <ele>149.9</ele>
      </trkpt>
      <trkpt lat="42.863260" lon="2.947970">
        <ele>147</ele>
      </trkpt>
      <trkpt lat="42.863330" lon="2.947660">
        <ele>144.1</ele>
      </trkpt>
      <trkpt lat="42.863290" lon="2.947330">
        <ele>141.8</ele>
      </trkpt>
      <trkpt lat="42.863120" lon="2.946610">
        <ele>136.1</ele>
      </trkpt>
      <trkpt lat="42.862930" lon="2.946310">
        <ele>133.3</ele>
      </trkpt>
      <trkpt lat="42.862530" lon="2.946120">
        <ele>128.4</ele>
      </trkpt>
      <trkpt lat="42.862390" lon="2.946010">
        <ele>126.925</ele>
      </trkpt>
      <trkpt lat="42.861740" lon="2.945390">
        <ele>119.3</ele>
      </trkpt>
      <trkpt lat="42.861410" lon="2.945230">
        <ele>115.7</ele>
      </trkpt>
      <trkpt lat="42.860960" lon="2.945280">
        <ele>110.3</ele>
      </trkpt>
      <trkpt lat="42.860660" lon="2.945190">
        <ele>107</ele>
      </trkpt>
      <trkpt lat="42.860340" lon="2.944670">
        <ele>104.501</ele>
      </trkpt>
      <trkpt lat="42.859640" lon="2.943690">
        <ele>90.3</ele>
      </trkpt>
      <trkpt lat="42.859470" lon="2.943530">
        <ele>88</ele>
      </trkpt>
      <trkpt lat="42.859220" lon="2.943550">
        <ele>85.335</ele>
      </trkpt>
      <trkpt lat="42.859010" lon="2.943920">
        <ele>84.672</ele>
      </trkpt>
      <trkpt lat="42.859050" lon="2.944390">
        <ele>81.965</ele>
      </trkpt>
      <trkpt lat="42.859500" lon="2.944800">
        <ele>79.9</ele>
      </trkpt>
      <trkpt lat="42.859530" lon="2.944960">
        <ele>78.7</ele>
      </trkpt>
      <trkpt lat="42.859420" lon="2.945230">
        <ele>75.8</ele>
      </trkpt>
      <trkpt lat="42.859160" lon="2.945760">
        <ele>71.1</ele>
      </trkpt>
      <trkpt lat="42.859230" lon="2.946270">
        <ele>74.309</ele>
      </trkpt>
      <trkpt lat="42.859130" lon="2.946390">
        <ele>69.2</ele>
      </trkpt>
      <trkpt lat="42.859010" lon="2.946250">
        <ele>69.73</ele>
      </trkpt>
      <trkpt lat="42.859020" lon="2.945740">
        <ele>65.4</ele>
      </trkpt>
      <trkpt lat="42.859070" lon="2.945280">
        <ele>67.954</ele>
      </trkpt>
      <trkpt lat="42.859000" lon="2.945180">
        <ele>64.5</ele>
      </trkpt>
      <trkpt lat="42.858560" lon="2.945260">
        <ele>58</ele>
      </trkpt>
      <trkpt lat="42.858210" lon="2.945150">
        <ele>55.8</ele>
      </trkpt>
      <trkpt lat="42.858080" lon="2.945160">
        <ele>53.2</ele>
      </trkpt>
      <trkpt lat="42.858090" lon="2.945310">
        <ele>54.08</ele>
      </trkpt>
      <trkpt lat="42.858450" lon="2.945510">
        <ele>55.133</ele>
      </trkpt>
      <trkpt lat="42.858580" lon="2.945650">
        <ele>50.3</ele>
      </trkpt>
      <trkpt lat="42.858560" lon="2.945870">
        <ele>48.8</ele>
      </trkpt>
      <trkpt lat="42.858250" lon="2.946320">
        <ele>43.6</ele>
      </trkpt>
      <trkpt lat="42.857920" lon="2.946750">
        <ele>37.7</ele>
      </trkpt>
      <trkpt lat="42.857840" lon="2.947090">
        <ele>35.1</ele>
      </trkpt>
      <trkpt lat="42.857500" lon="2.947060">
        <ele>32</ele>
      </trkpt>
      <trkpt lat="42.857110" lon="2.947050">
        <ele>28.6</ele>
      </trkpt>
      <trkpt lat="42.857070" lon="2.946990">
        <ele>28.1</ele>
      </trkpt>
      <trkpt lat="42.857080" lon="2.946800">
        <ele>28</ele>
      </trkpt>
      <trkpt lat="42.857050" lon="2.946740">
        <ele>27.7</ele>
      </trkpt>
      <trkpt lat="42.856990" lon="2.946640">
        <ele>27.3</ele>
      </trkpt>
      <trkpt lat="42.856910" lon="2.946440">
        <ele>26</ele>
      </trkpt>
      <trkpt lat="42.856840" lon="2.946360">
        <ele>25.6</ele>
      </trkpt>
      <trkpt lat="42.856790" lon="2.946280">
        <ele>25.4</ele>
      </trkpt>
      <trkpt lat="42.856690" lon="2.946060">
        <ele>24.9</ele>
      </trkpt>
      <trkpt lat="42.856590" lon="2.945870">
        <ele>23.6</ele>
      </trkpt>
      <trkpt lat="42.856600" lon="2.945720">
        <ele>23.2</ele>
      </trkpt>
      <trkpt lat="42.856370" lon="2.945260">
        <ele>23.2</ele>
      </trkpt>
      <trkpt lat="42.856230" lon="2.945300">
        <ele>22.9</ele>
      </trkpt>
      <trkpt lat="42.856070" lon="2.945310">
        <ele>22.7</ele>
      </trkpt>
      <trkpt lat="42.855930" lon="2.945270">
        <ele>22.4</ele>
      </trkpt>
      <trkpt lat="42.855740" lon="2.945160">
        <ele>21.7</ele>
      </trkpt>
      <trkpt lat="42.855340" lon="2.944760">
        <ele>19.6</ele>
      </trkpt>
      <trkpt lat="42.855210" lon="2.944600">
        <ele>20.678</ele>
      </trkpt>
      <trkpt lat="42.855110" lon="2.944350">
        <ele>17.6</ele>
      </trkpt>
      <trkpt lat="42.855080" lon="2.944050">
        <ele>17.6</ele>
      </trkpt>
      <trkpt lat="42.854900" lon="2.943650">
        <ele>16</ele>
      </trkpt>
      <trkpt lat="42.854890" lon="2.943550">
        <ele>15.8</ele>
      </trkpt>
      <trkpt lat="42.855010" lon="2.943350">
        <ele>17.2</ele>
      </trkpt>
      <trkpt lat="42.855040" lon="2.943260">
        <ele>19.756</ele>
      </trkpt>
      <trkpt lat="42.855050" lon="2.942960">
        <ele>18</ele>
      </trkpt>
      <trkpt lat="42.855120" lon="2.942560">
        <ele>20.4</ele>
      </trkpt>
      <trkpt lat="42.855090" lon="2.942320">
        <ele>20.4</ele>
      </trkpt>
      <trkpt lat="42.854980" lon="2.941730">
        <ele>18.6</ele>
      </trkpt>
      <trkpt lat="42.854960" lon="2.941560">
        <ele>18.9</ele>
      </trkpt>
      <trkpt lat="42.855080" lon="2.941380">
        <ele>21.5</ele>
      </trkpt>
      <trkpt lat="42.855190" lon="2.941180">
        <ele>23.2</ele>
      </trkpt>
      <trkpt lat="42.855210" lon="2.941060">
        <ele>23.5</ele>
      </trkpt>
      <trkpt lat="42.855140" lon="2.940870">
        <ele>23.3</ele>
      </trkpt>
      <trkpt lat="42.855020" lon="2.940780">
        <ele>22.1</ele>
      </trkpt>
      <trkpt lat="42.854870" lon="2.940790">
        <ele>19.9</ele>
      </trkpt>
      <trkpt lat="42.854810" lon="2.940720">
        <ele>19.5</ele>
      </trkpt>
      <trkpt lat="42.854720" lon="2.940590">
        <ele>18.8</ele>
      </trkpt>
      <trkpt lat="42.854540" lon="2.940190">
        <ele>19.5</ele>
      </trkpt>
      <trkpt lat="42.854430" lon="2.940020">
        <ele>18.8</ele>
      </trkpt>
      <trkpt lat="42.854270" lon="2.939880">
        <ele>17.9</ele>
      </trkpt>
      <trkpt lat="42.854250" lon="2.939750">
        <ele>18.4</ele>
      </trkpt>
      <trkpt lat="42.854250" lon="2.939640">
        <ele>19</ele>
      </trkpt>
      <trkpt lat="42.854200" lon="2.939470">
        <ele>18.9</ele>
      </trkpt>
      <trkpt lat="42.854230" lon="2.938880">
        <ele>28.918</ele>
      </trkpt>
      <trkpt lat="42.854200" lon="2.938750">
        <ele>23.6</ele>
      </trkpt>
      <trkpt lat="42.854100" lon="2.938570">
        <ele>22.8</ele>
      </trkpt>
      <trkpt lat="42.853670" lon="2.938310">
        <ele>25.185</ele>
      </trkpt>
      <trkpt lat="42.853610" lon="2.937990">
        <ele>31.7</ele>
      </trkpt>
      <trkpt lat="42.853520" lon="2.937780">
        <ele>32.4</ele>
      </trkpt>
      <trkpt lat="42.853490" lon="2.937610">
        <ele>33.1</ele>
      </trkpt>
      <trkpt lat="42.853480" lon="2.937280">
        <ele>32.8</ele>
      </trkpt>
      <trkpt lat="42.853040" lon="2.936710">
        <ele>21.3</ele>
      </trkpt>
      <trkpt lat="42.852890" lon="2.936410">
        <ele>17.9</ele>
      </trkpt>
      <trkpt lat="42.852650" lon="2.935840">
        <ele>17</ele>
      </trkpt>
      <trkpt lat="42.852580" lon="2.935450">
        <ele>18.4</ele>
      </trkpt>
      <trkpt lat="42.852430" lon="2.935140">
        <ele>20</ele>
      </trkpt>
      <trkpt lat="42.852170" lon="2.934660">
        <ele>18.8</ele>
      </trkpt>
      <trkpt lat="42.851830" lon="2.934210">
        <ele>16.1</ele>
      </trkpt>
      <trkpt lat="42.851760" lon="2.934050">
        <ele>15.6</ele>
      </trkpt>
      <trkpt lat="42.851760" lon="2.933770">
        <ele>17.332</ele>
      </trkpt>
      <trkpt lat="42.851710" lon="2.933660">
        <ele>14.1</ele>
      </trkpt>
      <trkpt lat="42.851430" lon="2.933250">
        <ele>13.4</ele>
      </trkpt>
      <trkpt lat="42.851190" lon="2.933000">
        <ele>11.5</ele>
      </trkpt>
      <trkpt lat="42.850900" lon="2.932600">
        <ele>11.9</ele>
      </trkpt>
      <trkpt lat="42.850870" lon="2.932420">
        <ele>14.132</ele>
      </trkpt>
      <trkpt lat="42.852190" lon="2.930200">
        <ele>22.561</ele>
      </trkpt>
      <trkpt lat="42.852590" lon="2.929730">
        <ele>23.67</ele>
      </trkpt>
      <trkpt lat="42.852810" lon="2.929390">
        <ele>25.422</ele>
      </trkpt>
      <trkpt lat="42.852840" lon="2.929060">
        <ele>26.332</ele>
      </trkpt>
      <trkpt lat="42.852730" lon="2.928840">
        <ele>23.7</ele>
      </trkpt>
      <trkpt lat="42.851880" lon="2.928020">
        <ele>20.8</ele>
      </trkpt>
      <trkpt lat="42.851600" lon="2.927690">
        <ele>19.8</ele>
      </trkpt>
      <trkpt lat="42.851400" lon="2.927370">
        <ele>18.6</ele>
      </trkpt>
      <trkpt lat="42.850820" lon="2.926700">
        <ele>15.1</ele>
      </trkpt>
      <trkpt lat="42.850060" lon="2.926010">
        <ele>14.3</ele>
      </trkpt>
      <trkpt lat="42.848360" lon="2.924620">
        <ele>16</ele>
      </trkpt>
      <trkpt lat="42.847420" lon="2.923880">
        <ele>17</ele>
      </trkpt>
      <trkpt lat="42.846210" lon="2.923290">
        <ele>15.3</ele>
      </trkpt>
      <trkpt lat="42.846010" lon="2.922800">
        <ele>16.2</ele>
      </trkpt>
      <trkpt lat="42.845350" lon="2.922960">
        <ele>15.2</ele>
      </trkpt>
      <trkpt lat="42.845280" lon="2.922290">
        <ele>14.78</ele>
      </trkpt>
      <trkpt lat="42.845150" lon="2.921160">
        <ele>21.699</ele>
      </trkpt>
      <trkpt lat="42.844910" lon="2.920690">
        <ele>19.7</ele>
      </trkpt>
      <trkpt lat="42.844790" lon="2.920350">
        <ele>19.9</ele>
      </trkpt>
      <trkpt lat="42.844720" lon="2.920020">
        <ele>26.917</ele>
      </trkpt>
      <trkpt lat="42.843770" lon="2.918600">
        <ele>20</ele>
      </trkpt>
      <trkpt lat="42.843640" lon="2.918460">
        <ele>20.1</ele>
      </trkpt>
      <trkpt lat="42.843460" lon="2.918430">
        <ele>19.5</ele>
      </trkpt>
      <trkpt lat="42.843260" lon="2.918470">
        <ele>18.7</ele>
      </trkpt>
      <trkpt lat="42.843060" lon="2.918580">
        <ele>18</ele>
      </trkpt>
      <trkpt lat="42.842710" lon="2.918870">
        <ele>18</ele>
      </trkpt>
      <trkpt lat="42.842600" lon="2.918840">
        <ele>17.9</ele>
      </trkpt>
      <trkpt lat="42.842340" lon="2.918630">
        <ele>17.1</ele>
      </trkpt>
      <trkpt lat="42.842200" lon="2.918600">
        <ele>17</ele>
      </trkpt>
      <trkpt lat="42.842150" lon="2.918590">
        <ele>17</ele>
      </trkpt>
      <trkpt lat="42.841990" lon="2.918740">
        <ele>17.9</ele>
      </trkpt>
      <trkpt lat="42.841630" lon="2.918670">
        <ele>19.7</ele>
      </trkpt>
      <trkpt lat="42.841370" lon="2.918650">
        <ele>20.4</ele>
      </trkpt>
      <trkpt lat="42.840930" lon="2.918560">
        <ele>17.8</ele>
      </trkpt>
      <trkpt lat="42.840670" lon="2.918650">
        <ele>17</ele>
      </trkpt>
      <trkpt lat="42.840420" lon="2.918910">
        <ele>15.5</ele>
      </trkpt>
      <trkpt lat="42.840140" lon="2.919290">
        <ele>12.1</ele>
      </trkpt>
      <trkpt lat="42.839780" lon="2.919610">
        <ele>12.8</ele>
      </trkpt>
      <trkpt lat="42.839390" lon="2.919570">
        <ele>10.8</ele>
      </trkpt>
      <trkpt lat="42.838910" lon="2.919300">
        <ele>12.1</ele>
      </trkpt>
      <trkpt lat="42.838520" lon="2.918860">
        <ele>13.07</ele>
      </trkpt>
      <trkpt lat="42.838280" lon="2.918970">
        <ele>12.708</ele>
      </trkpt>
      <trkpt lat="42.837630" lon="2.918540">
        <ele>10.2</ele>
      </trkpt>
      <trkpt lat="42.837490" lon="2.918920">
        <ele>9.9</ele>
      </trkpt>
      <trkpt lat="42.837140" lon="2.919340">
        <ele>10.815</ele>
      </trkpt>
      <trkpt lat="42.836750" lon="2.919700">
        <ele>8.3</ele>
      </trkpt>
      <trkpt lat="42.836560" lon="2.919820">
        <ele>7.9</ele>
      </trkpt>
      <trkpt lat="42.836400" lon="2.919860">
        <ele>7.5</ele>
      </trkpt>
      <trkpt lat="42.835950" lon="2.919800">
        <ele>7</ele>
      </trkpt>
      <trkpt lat="42.835200" lon="2.919370">
        <ele>7</ele>
      </trkpt>
      <trkpt lat="42.834810" lon="2.919290">
        <ele>6.7</ele>
      </trkpt>
      <trkpt lat="42.832890" lon="2.919650">
        <ele>7.2</ele>
      </trkpt>
      <trkpt lat="42.824540" lon="2.917130">
        <ele>12.4</ele>
      </trkpt>
      <trkpt lat="42.824460" lon="2.917200">
        <ele>12.9</ele>
      </trkpt>
      <trkpt lat="42.824230" lon="2.917170">
        <ele>12.8</ele>
      </trkpt>
      <trkpt lat="42.824110" lon="2.917240">
        <ele>13</ele>
      </trkpt>
      <trkpt lat="42.823850" lon="2.917280">
        <ele>13</ele>
      </trkpt>
      <trkpt lat="42.823220" lon="2.918190">
        <ele>11.6</ele>
      </trkpt>
      <trkpt lat="42.823110" lon="2.918270">
        <ele>11.2</ele>
      </trkpt>
      <trkpt lat="42.823000" lon="2.918390">
        <ele>11</ele>
      </trkpt>
      <trkpt lat="42.822570" lon="2.918280">
        <ele>11</ele>
      </trkpt>
      <trkpt lat="42.822460" lon="2.918850">
        <ele>10.1</ele>
      </trkpt>
      <trkpt lat="42.821220" lon="2.918320">
        <ele>10.4</ele>
      </trkpt>
      <trkpt lat="42.820640" lon="2.918130">
        <ele>10.7</ele>
      </trkpt>
      <trkpt lat="42.820240" lon="2.918120">
        <ele>11</ele>
      </trkpt>
      <trkpt lat="42.819640" lon="2.917930">
        <ele>11.3</ele>
      </trkpt>
      <trkpt lat="42.818930" lon="2.917780">
        <ele>12</ele>
      </trkpt>
      <trkpt lat="42.817230" lon="2.917410">
        <ele>12</ele>
      </trkpt>
      <trkpt lat="42.815590" lon="2.917320">
        <ele>11.7</ele>
      </trkpt>
      <trkpt lat="42.815250" lon="2.917370">
        <ele>11.5</ele>
      </trkpt>
      <trkpt lat="42.813480" lon="2.917830">
        <ele>11.6</ele>
      </trkpt>
      <trkpt lat="42.812470" lon="2.918060">
        <ele>11</ele>
      </trkpt>
      <trkpt lat="42.811770" lon="2.918100">
        <ele>11.8</ele>
      </trkpt>
      <trkpt lat="42.810480" lon="2.917940">
        <ele>11.4</ele>
      </trkpt>
      <trkpt lat="42.809220" lon="2.917970">
        <ele>11</ele>
      </trkpt>
      <trkpt lat="42.808840" lon="2.917890">
        <ele>12</ele>
      </trkpt>
      <trkpt lat="42.807540" lon="2.917450">
        <ele>11.1</ele>
      </trkpt>
      <trkpt lat="42.807290" lon="2.917550">
        <ele>11.6</ele>
      </trkpt>
      <trkpt lat="42.806160" lon="2.917210">
        <ele>12</ele>
      </trkpt>
      <trkpt lat="42.805030" lon="2.916660">
        <ele>12</ele>
      </trkpt>
      <trkpt lat="42.804530" lon="2.916310">
        <ele>12</ele>
      </trkpt>
      <trkpt lat="42.803600" lon="2.915520">
        <ele>12.1</ele>
      </trkpt>
      <trkpt lat="42.803340" lon="2.915400">
        <ele>12.6</ele>
      </trkpt>
      <trkpt lat="42.802350" lon="2.915060">
        <ele>12</ele>
      </trkpt>
      <trkpt lat="42.800720" lon="2.914830">
        <ele>13</ele>
      </trkpt>
      <trkpt lat="42.800520" lon="2.914710">
        <ele>13</ele>
      </trkpt>
      <trkpt lat="42.800060" lon="2.914570">
        <ele>13</ele>
      </trkpt>
      <trkpt lat="42.798480" lon="2.914420">
        <ele>13</ele>
      </trkpt>
      <trkpt lat="42.798250" lon="2.914270">
        <ele>13.1</ele>
      </trkpt>
      <trkpt lat="42.797150" lon="2.914110">
        <ele>14</ele>
      </trkpt>
      <trkpt lat="42.796580" lon="2.913770">
        <ele>14</ele>
      </trkpt>
      <trkpt lat="42.795720" lon="2.913200">
        <ele>14</ele>
      </trkpt>
      <trkpt lat="42.795010" lon="2.912660">
        <ele>14.5</ele>
      </trkpt>
      <trkpt lat="42.794850" lon="2.912950">
        <ele>15</ele>
      </trkpt>
      <trkpt lat="42.792990" lon="2.911100">
        <ele>15.3</ele>
      </trkpt>
      <trkpt lat="42.792380" lon="2.910590">
        <ele>16.4</ele>
      </trkpt>
      <trkpt lat="42.792740" lon="2.909920">
        <ele>15.7</ele>
      </trkpt>
      <trkpt lat="42.791820" lon="2.908990">
        <ele>16</ele>
      </trkpt>
      <trkpt lat="42.790890" lon="2.908100">
        <ele>16</ele>
      </trkpt>
      <trkpt lat="42.790830" lon="2.908010">
        <ele>16</ele>
      </trkpt>
      <trkpt lat="42.790790" lon="2.907820">
        <ele>16</ele>
      </trkpt>
      <trkpt lat="42.790490" lon="2.907150">
        <ele>16.2</ele>
      </trkpt>
      <trkpt lat="42.790520" lon="2.907060">
        <ele>16.5</ele>
      </trkpt>
      <trkpt lat="42.790650" lon="2.907090">
        <ele>16.5</ele>
      </trkpt>
      <trkpt lat="42.790820" lon="2.907090">
        <ele>16.5</ele>
      </trkpt>
      <trkpt lat="42.790890" lon="2.907120">
        <ele>16.5</ele>
      </trkpt>
      <trkpt lat="42.790980" lon="2.907050">
        <ele>16.8</ele>
      </trkpt>
      <trkpt lat="42.791010" lon="2.906930">
        <ele>17</ele>
      </trkpt>
      <trkpt lat="42.790970" lon="2.906770">
        <ele>17.3</ele>
      </trkpt>
      <trkpt lat="42.791460" lon="2.905930">
        <ele>17.5</ele>
      </trkpt>
      <trkpt lat="42.791420" lon="2.905640">
        <ele>17.1</ele>
      </trkpt>
      <trkpt lat="42.790560" lon="2.904670">
        <ele>17</ele>
      </trkpt>
      <trkpt lat="42.790380" lon="2.903990">
        <ele>17</ele>
      </trkpt>
      <trkpt lat="42.790310" lon="2.903860">
        <ele>17</ele>
      </trkpt>
      <trkpt lat="42.789860" lon="2.903410">
        <ele>17</ele>
      </trkpt>
      <trkpt lat="42.789230" lon="2.902830">
        <ele>17</ele>
      </trkpt>
      <trkpt lat="42.789120" lon="2.902570">
        <ele>17.2</ele>
      </trkpt>
      <trkpt lat="42.789110" lon="2.902090">
        <ele>18</ele>
      </trkpt>
      <trkpt lat="42.789070" lon="2.901720">
        <ele>18</ele>
      </trkpt>
      <trkpt lat="42.788720" lon="2.900610">
        <ele>18</ele>
      </trkpt>
      <trkpt lat="42.788610" lon="2.900220">
        <ele>18</ele>
      </trkpt>
      <trkpt lat="42.788480" lon="2.900010">
        <ele>18</ele>
      </trkpt>
      <trkpt lat="42.788320" lon="2.899900">
        <ele>18</ele>
      </trkpt>
      <trkpt lat="42.788120" lon="2.899840">
        <ele>18.3</ele>
      </trkpt>
      <trkpt lat="42.786380" lon="2.898500">
        <ele>19</ele>
      </trkpt>
      <trkpt lat="42.785240" lon="2.898160">
        <ele>19.4</ele>
      </trkpt>
      <trkpt lat="42.785030" lon="2.898210">
        <ele>19.6</ele>
      </trkpt>
      <trkpt lat="42.782290" lon="2.899730">
        <ele>20</ele>
      </trkpt>
      <trkpt lat="42.782110" lon="2.899900">
        <ele>20</ele>
      </trkpt>
      <trkpt lat="42.781770" lon="2.900510">
        <ele>20</ele>
      </trkpt>
      <trkpt lat="42.781700" lon="2.900560">
        <ele>20</ele>
      </trkpt>
      <trkpt lat="42.781600" lon="2.900560">
        <ele>20</ele>
      </trkpt>
      <trkpt lat="42.780780" lon="2.899700">
        <ele>21.2</ele>
      </trkpt>
      <trkpt lat="42.780680" lon="2.899550">
        <ele>21.9</ele>
      </trkpt>
      <trkpt lat="42.780660" lon="2.899160">
        <ele>22.2</ele>
      </trkpt>
      <trkpt lat="42.780510" lon="2.898950">
        <ele>22.2</ele>
      </trkpt>
      <trkpt lat="42.780270" lon="2.898930">
        <ele>22.1</ele>
      </trkpt>
      <trkpt lat="42.780110" lon="2.899020">
        <ele>21.6</ele>
      </trkpt>
      <trkpt lat="42.780010" lon="2.899080">
        <ele>21.5</ele>
      </trkpt>
      <trkpt lat="42.779880" lon="2.899070">
        <ele>21.2</ele>
      </trkpt>
      <trkpt lat="42.779710" lon="2.899250">
        <ele>21</ele>
      </trkpt>
      <trkpt lat="42.779650" lon="2.899490">
        <ele>20.6</ele>
      </trkpt>
      <trkpt lat="42.779650" lon="2.899750">
        <ele>19.9</ele>
      </trkpt>
      <trkpt lat="42.779630" lon="2.899850">
        <ele>19.4</ele>
      </trkpt>
      <trkpt lat="42.779560" lon="2.899910">
        <ele>19.4</ele>
      </trkpt>
      <trkpt lat="42.779470" lon="2.899920">
        <ele>19.9</ele>
      </trkpt>
      <trkpt lat="42.778760" lon="2.899320">
        <ele>21</ele>
      </trkpt>
      <trkpt lat="42.777950" lon="2.898750">
        <ele>21.7</ele>
      </trkpt>
      <trkpt lat="42.776870" lon="2.898100">
        <ele>20.4</ele>
      </trkpt>
      <trkpt lat="42.776800" lon="2.897880">
        <ele>20.6</ele>
      </trkpt>
      <trkpt lat="42.776590" lon="2.897030">
        <ele>20.2</ele>
      </trkpt>
      <trkpt lat="42.776360" lon="2.895720">
        <ele>21.6</ele>
      </trkpt>
      <trkpt lat="42.776350" lon="2.895470">
        <ele>21.5</ele>
      </trkpt>
      <trkpt lat="42.776700" lon="2.894350">
        <ele>22</ele>
      </trkpt>
      <trkpt lat="42.776640" lon="2.894220">
        <ele>21.8</ele>
      </trkpt>
      <trkpt lat="42.776360" lon="2.894160">
        <ele>19.8</ele>
      </trkpt>
      <trkpt lat="42.776080" lon="2.894160">
        <ele>18.1</ele>
      </trkpt>
      <trkpt lat="42.776130" lon="2.893440">
        <ele>18.5</ele>
      </trkpt>
      <trkpt lat="42.775370" lon="2.893250">
        <ele>17.5</ele>
      </trkpt>
      <trkpt lat="42.774880" lon="2.893170">
        <ele>18.9</ele>
      </trkpt>
      <trkpt lat="42.773800" lon="2.892990">
        <ele>20</ele>
      </trkpt>
      <trkpt lat="42.773790" lon="2.892910">
        <ele>19.6</ele>
      </trkpt>
      <trkpt lat="42.774350" lon="2.892730">
        <ele>18.4</ele>
      </trkpt>
      <trkpt lat="42.774860" lon="2.892560">
        <ele>17.9</ele>
      </trkpt>
      <trkpt lat="42.774930" lon="2.892420">
        <ele>18</ele>
      </trkpt>
      <trkpt lat="42.774970" lon="2.891700">
        <ele>18</ele>
      </trkpt>
      <trkpt lat="42.775040" lon="2.890940">
        <ele>18</ele>
      </trkpt>
      <trkpt lat="42.775230" lon="2.890180">
        <ele>18</ele>
      </trkpt>
      <trkpt lat="42.775420" lon="2.889610">
        <ele>18</ele>
      </trkpt>
      <trkpt lat="42.775570" lon="2.888640">
        <ele>18</ele>
      </trkpt>
      <trkpt lat="42.775700" lon="2.887900">
        <ele>18</ele>
      </trkpt>
      <trkpt lat="42.775910" lon="2.887220">
        <ele>18</ele>
      </trkpt>
      <trkpt lat="42.776070" lon="2.886700">
        <ele>18.8</ele>
      </trkpt>
      <trkpt lat="42.776120" lon="2.886410">
        <ele>19</ele>
      </trkpt>
      <trkpt lat="42.776090" lon="2.886100">
        <ele>19</ele>
      </trkpt>
      <trkpt lat="42.775860" lon="2.885330">
        <ele>19</ele>
      </trkpt>
      <trkpt lat="42.775440" lon="2.883990">
        <ele>19</ele>
      </trkpt>
      <trkpt lat="42.775310" lon="2.883610">
        <ele>19.9</ele>
      </trkpt>
      <trkpt lat="42.775210" lon="2.883450">
        <ele>19.5</ele>
      </trkpt>
      <trkpt lat="42.774890" lon="2.883260">
        <ele>19.8</ele>
      </trkpt>
      <trkpt lat="42.774820" lon="2.883170">
        <ele>19.8</ele>
      </trkpt>
      <trkpt lat="42.774800" lon="2.883010">
        <ele>19.7</ele>
      </trkpt>
      <trkpt lat="42.774640" lon="2.880050">
        <ele>20.3</ele>
      </trkpt>
      <trkpt lat="42.774610" lon="2.880000">
        <ele>20.4</ele>
      </trkpt>
      <trkpt lat="42.774360" lon="2.879900">
        <ele>19.7</ele>
      </trkpt>
      <trkpt lat="42.773230" lon="2.879770">
        <ele>17.8</ele>
      </trkpt>
      <trkpt lat="42.773200" lon="2.879450">
        <ele>18.4</ele>
      </trkpt>
      <trkpt lat="42.773080" lon="2.879330">
        <ele>20.9</ele>
      </trkpt>
      <trkpt lat="42.772770" lon="2.877610">
        <ele>21</ele>
      </trkpt>
      <trkpt lat="42.772770" lon="2.877450">
        <ele>21</ele>
      </trkpt>
      <trkpt lat="42.772710" lon="2.877310">
        <ele>20.9</ele>
      </trkpt>
      <trkpt lat="42.772360" lon="2.875750">
        <ele>20.2</ele>
      </trkpt>
      <trkpt lat="42.772160" lon="2.874570">
        <ele>20.4</ele>
      </trkpt>
      <trkpt lat="42.772060" lon="2.874020">
        <ele>18.8</ele>
      </trkpt>
      <trkpt lat="42.771760" lon="2.873240">
        <ele>19.6</ele>
      </trkpt>
      <trkpt lat="42.771740" lon="2.873120">
        <ele>20.2</ele>
      </trkpt>
      <trkpt lat="42.771680" lon="2.872930">
        <ele>20.5</ele>
      </trkpt>
      <trkpt lat="42.771420" lon="2.872100">
        <ele>19.4</ele>
      </trkpt>
      <trkpt lat="42.771380" lon="2.871850">
        <ele>20.1</ele>
      </trkpt>
      <trkpt lat="42.771450" lon="2.871160">
        <ele>19.9</ele>
      </trkpt>
      <trkpt lat="42.771770" lon="2.870370">
        <ele>20.2</ele>
      </trkpt>
      <trkpt lat="42.772060" lon="2.869800">
        <ele>20.3</ele>
      </trkpt>
      <trkpt lat="42.772370" lon="2.869420">
        <ele>18.3</ele>
      </trkpt>
      <trkpt lat="42.772460" lon="2.869270">
        <ele>17.5</ele>
      </trkpt>
      <trkpt lat="42.772600" lon="2.868740">
        <ele>20.8</ele>
      </trkpt>
      <trkpt lat="42.772890" lon="2.868220">
        <ele>20.4</ele>
      </trkpt>
      <trkpt lat="42.773120" lon="2.867540">
        <ele>21.6</ele>
      </trkpt>
      <trkpt lat="42.773230" lon="2.867290">
        <ele>21.8</ele>
      </trkpt>
      <trkpt lat="42.773280" lon="2.867250">
        <ele>21.9</ele>
      </trkpt>
      <trkpt lat="42.773370" lon="2.867250">
        <ele>21.3</ele>
      </trkpt>
      <trkpt lat="42.773460" lon="2.867160">
        <ele>20.5</ele>
      </trkpt>
      <trkpt lat="42.773710" lon="2.866690">
        <ele>20.6</ele>
      </trkpt>
      <trkpt lat="42.773790" lon="2.866490">
        <ele>21</ele>
      </trkpt>
      <trkpt lat="42.773920" lon="2.865970">
        <ele>21.3</ele>
      </trkpt>
      <trkpt lat="42.774050" lon="2.865860">
        <ele>21.2</ele>
      </trkpt>
      <trkpt lat="42.774280" lon="2.865280">
        <ele>22</ele>
      </trkpt>
      <trkpt lat="42.774530" lon="2.864780">
        <ele>22.5</ele>
      </trkpt>
      <trkpt lat="42.774840" lon="2.864300">
        <ele>22.5</ele>
      </trkpt>
      <trkpt lat="42.775140" lon="2.863520">
        <ele>22.5</ele>
      </trkpt>
      <trkpt lat="42.775300" lon="2.863030">
        <ele>21.6</ele>
      </trkpt>
      <trkpt lat="42.775400" lon="2.862430">
        <ele>21.2</ele>
      </trkpt>
      <trkpt lat="42.775400" lon="2.862310">
        <ele>21</ele>
      </trkpt>
      <trkpt lat="42.775370" lon="2.861980">
        <ele>21</ele>
      </trkpt>
      <trkpt lat="42.775100" lon="2.860680">
        <ele>20.5</ele>
      </trkpt>
      <trkpt lat="42.774410" lon="2.858230">
        <ele>22</ele>
      </trkpt>
      <trkpt lat="42.774190" lon="2.857830">
        <ele>21.9</ele>
      </trkpt>
      <trkpt lat="42.774060" lon="2.857610">
        <ele>22.4</ele>
      </trkpt>
      <trkpt lat="42.773630" lon="2.856670">
        <ele>22.6</ele>
      </trkpt>
      <trkpt lat="42.773420" lon="2.856220">
        <ele>22.3</ele>
      </trkpt>
      <trkpt lat="42.773110" lon="2.855430">
        <ele>22.5</ele>
      </trkpt>
      <trkpt lat="42.772870" lon="2.854970">
        <ele>22.1</ele>
      </trkpt>
      <trkpt lat="42.772650" lon="2.854410">
        <ele>22.7</ele>
      </trkpt>
      <trkpt lat="42.772390" lon="2.853630">
        <ele>22.9</ele>
      </trkpt>
      <trkpt lat="42.772220" lon="2.852810">
        <ele>24</ele>
      </trkpt>
      <trkpt lat="42.772100" lon="2.851520">
        <ele>21.9</ele>
      </trkpt>
      <trkpt lat="42.772060" lon="2.850770">
        <ele>24</ele>
      </trkpt>
      <trkpt lat="42.772050" lon="2.850500">
        <ele>25.1</ele>
      </trkpt>
      <trkpt lat="42.771970" lon="2.850020">
        <ele>28.1</ele>
      </trkpt>
      <trkpt lat="42.771840" lon="2.848830">
        <ele>27.1</ele>
      </trkpt>
      <trkpt lat="42.771710" lon="2.848750">
        <ele>28.5</ele>
      </trkpt>
      <trkpt lat="42.771680" lon="2.848500">
        <ele>28.9</ele>
      </trkpt>
      <trkpt lat="42.771690" lon="2.847990">
        <ele>28.8</ele>
      </trkpt>
      <trkpt lat="42.771810" lon="2.846850">
        <ele>28.5</ele>
      </trkpt>
      <trkpt lat="42.771980" lon="2.845940">
        <ele>28.5</ele>
      </trkpt>
      <trkpt lat="42.772020" lon="2.845610">
        <ele>28.2</ele>
      </trkpt>
      <trkpt lat="42.772030" lon="2.844850">
        <ele>28.9</ele>
      </trkpt>
      <trkpt lat="42.772030" lon="2.843800">
        <ele>28.9</ele>
      </trkpt>
      <trkpt lat="42.772030" lon="2.843800">
        <ele>28.9</ele>
      </trkpt>
      <trkpt lat="42.772070" lon="2.843470">
        <ele>28.9</ele>
      </trkpt>
      <trkpt lat="42.772190" lon="2.842990">
        <ele>29.3</ele>
      </trkpt>
      <trkpt lat="42.772700" lon="2.841950">
        <ele>30</ele>
      </trkpt>
      <trkpt lat="42.772810" lon="2.841800">
        <ele>30.1</ele>
      </trkpt>
      <trkpt lat="42.772880" lon="2.841770">
        <ele>29.4</ele>
      </trkpt>
      <trkpt lat="42.772920" lon="2.841690">
        <ele>29.3</ele>
      </trkpt>
      <trkpt lat="42.772920" lon="2.841600">
        <ele>29.9</ele>
      </trkpt>
      <trkpt lat="42.772970" lon="2.841450">
        <ele>30.5</ele>
      </trkpt>
      <trkpt lat="42.773080" lon="2.841340">
        <ele>31</ele>
      </trkpt>
      <trkpt lat="42.773190" lon="2.841230">
        <ele>31</ele>
      </trkpt>
      <trkpt lat="42.774830" lon="2.837630">
        <ele>32.8</ele>
      </trkpt>
      <trkpt lat="42.775210" lon="2.836630">
        <ele>33</ele>
      </trkpt>
      <trkpt lat="42.775440" lon="2.835610">
        <ele>33</ele>
      </trkpt>
      <trkpt lat="42.775730" lon="2.834090">
        <ele>33.7</ele>
      </trkpt>
      <trkpt lat="42.775740" lon="2.833860">
        <ele>34</ele>
      </trkpt>
      <trkpt lat="42.775770" lon="2.833800">
        <ele>34</ele>
      </trkpt>
      <trkpt lat="42.775740" lon="2.833650">
        <ele>34</ele>
      </trkpt>
      <trkpt lat="42.775650" lon="2.833620">
        <ele>34</ele>
      </trkpt>
      <trkpt lat="42.774510" lon="2.832640">
        <ele>35.4</ele>
      </trkpt>
      <trkpt lat="42.773110" lon="2.831460">
        <ele>37.4</ele>
      </trkpt>
      <trkpt lat="42.771640" lon="2.830550">
        <ele>41</ele>
      </trkpt>
      <trkpt lat="42.770560" lon="2.829670">
        <ele>43.2</ele>
      </trkpt>
      <trkpt lat="42.769500" lon="2.828560">
        <ele>48.5</ele>
      </trkpt>
      <trkpt lat="42.769160" lon="2.828050">
        <ele>50.1</ele>
      </trkpt>
      <trkpt lat="42.768960" lon="2.827870">
        <ele>51.2</ele>
      </trkpt>
      <trkpt lat="42.768610" lon="2.826970">
        <ele>55.1</ele>
      </trkpt>
      <trkpt lat="42.768430" lon="2.826600">
        <ele>55.8</ele>
      </trkpt>
      <trkpt lat="42.768310" lon="2.825960">
        <ele>57.4</ele>
      </trkpt>
      <trkpt lat="42.768150" lon="2.825710">
        <ele>59</ele>
      </trkpt>
      <trkpt lat="42.767970" lon="2.825580">
        <ele>60.5</ele>
      </trkpt>
      <trkpt lat="42.767810" lon="2.825590">
        <ele>61.2</ele>
      </trkpt>
      <trkpt lat="42.767630" lon="2.825740">
        <ele>62.4</ele>
      </trkpt>
      <trkpt lat="42.766770" lon="2.826720">
        <ele>68.8</ele>
      </trkpt>
      <trkpt lat="42.766610" lon="2.826770">
        <ele>69.2</ele>
      </trkpt>
      <trkpt lat="42.766400" lon="2.826720">
        <ele>68.5</ele>
      </trkpt>
      <trkpt lat="42.766290" lon="2.826640">
        <ele>68.5</ele>
      </trkpt>
      <trkpt lat="42.766080" lon="2.826300">
        <ele>68.5</ele>
      </trkpt>
      <trkpt lat="42.765950" lon="2.826180">
        <ele>67.5</ele>
      </trkpt>
      <trkpt lat="42.765480" lon="2.826000">
        <ele>67.2</ele>
      </trkpt>
      <trkpt lat="42.765260" lon="2.826010">
        <ele>66.8</ele>
      </trkpt>
      <trkpt lat="42.764830" lon="2.826210">
        <ele>68</ele>
      </trkpt>
      <trkpt lat="42.764630" lon="2.826180">
        <ele>68.8</ele>
      </trkpt>
      <trkpt lat="42.764170" lon="2.825640">
        <ele>68.1</ele>
      </trkpt>
      <trkpt lat="42.763900" lon="2.825340">
        <ele>69.4</ele>
      </trkpt>
      <trkpt lat="42.763520" lon="2.824740">
        <ele>68.6</ele>
      </trkpt>
      <trkpt lat="42.763320" lon="2.824250">
        <ele>66.6</ele>
      </trkpt>
      <trkpt lat="42.762570" lon="2.821860">
        <ele>68</ele>
      </trkpt>
      <trkpt lat="42.762450" lon="2.821670">
        <ele>69.2</ele>
      </trkpt>
      <trkpt lat="42.761740" lon="2.820860">
        <ele>72.1</ele>
      </trkpt>
      <trkpt lat="42.762280" lon="2.819790">
        <ele>75.1</ele>
      </trkpt>
      <trkpt lat="42.762970" lon="2.818670">
        <ele>77.8</ele>
      </trkpt>
      <trkpt lat="42.762900" lon="2.818570">
        <ele>78.3</ele>
      </trkpt>
      <trkpt lat="42.762320" lon="2.818640">
        <ele>78.9</ele>
      </trkpt>
      <trkpt lat="42.761730" lon="2.818530">
        <ele>78.6</ele>
      </trkpt>
      <trkpt lat="42.761070" lon="2.818160">
        <ele>81.4</ele>
      </trkpt>
      <trkpt lat="42.760700" lon="2.818100">
        <ele>82.3</ele>
      </trkpt>
      <trkpt lat="42.760410" lon="2.817960">
        <ele>82.4</ele>
      </trkpt>
      <trkpt lat="42.760290" lon="2.817920">
        <ele>82.5</ele>
      </trkpt>
      <trkpt lat="42.759830" lon="2.817870">
        <ele>82</ele>
      </trkpt>
      <trkpt lat="42.759440" lon="2.817800">
        <ele>79.9</ele>
      </trkpt>
      <trkpt lat="42.758990" lon="2.817610">
        <ele>79</ele>
      </trkpt>
      <trkpt lat="42.758610" lon="2.817330">
        <ele>78.2</ele>
      </trkpt>
      <trkpt lat="42.757670" lon="2.816340">
        <ele>77.8</ele>
      </trkpt>
      <trkpt lat="42.757500" lon="2.816180">
        <ele>77.7</ele>
      </trkpt>
      <trkpt lat="42.757300" lon="2.815900">
        <ele>77.3</ele>
      </trkpt>
      <trkpt lat="42.756860" lon="2.815450">
        <ele>75.8</ele>
      </trkpt>
      <trkpt lat="42.756640" lon="2.815210">
        <ele>75.9</ele>
      </trkpt>
      <trkpt lat="42.755280" lon="2.814200">
        <ele>75.9</ele>
      </trkpt>
      <trkpt lat="42.755170" lon="2.814100">
        <ele>75.6</ele>
      </trkpt>
      <trkpt lat="42.755090" lon="2.813960">
        <ele>75.3</ele>
      </trkpt>
      <trkpt lat="42.755030" lon="2.813510">
        <ele>77</ele>
      </trkpt>
      <trkpt lat="42.754520" lon="2.813500">
        <ele>76.4</ele>
      </trkpt>
      <trkpt lat="42.753970" lon="2.813390">
        <ele>76.1</ele>
      </trkpt>
      <trkpt lat="42.753860" lon="2.813390">
        <ele>75.7</ele>
      </trkpt>
      <trkpt lat="42.753290" lon="2.812820">
        <ele>75.8</ele>
      </trkpt>
      <trkpt lat="42.752580" lon="2.812280">
        <ele>76.1</ele>
      </trkpt>
      <trkpt lat="42.752010" lon="2.811450">
        <ele>76.4</ele>
      </trkpt>
      <trkpt lat="42.752010" lon="2.811450">
        <ele>76.4</ele>
      </trkpt>
      <trkpt lat="42.751270" lon="2.811430">
        <ele>74</ele>
      </trkpt>
      <trkpt lat="42.751260" lon="2.811360">
        <ele>74.1</ele>
      </trkpt>
      <trkpt lat="42.751410" lon="2.810360">
        <ele>76.4</ele>
      </trkpt>
      <trkpt lat="42.751280" lon="2.810270">
        <ele>77.8</ele>
      </trkpt>
      <trkpt lat="42.751130" lon="2.810120">
        <ele>79.4</ele>
      </trkpt>
      <trkpt lat="42.751040" lon="2.810040">
        <ele>80.4</ele>
      </trkpt>
      <trkpt lat="42.750900" lon="2.809940">
        <ele>81.6</ele>
      </trkpt>
      <trkpt lat="42.750760" lon="2.809830">
        <ele>81.9</ele>
      </trkpt>
      <trkpt lat="42.750670" lon="2.809810">
        <ele>81.8</ele>
      </trkpt>
      <trkpt lat="42.750400" lon="2.809720">
        <ele>81.4</ele>
      </trkpt>
      <trkpt lat="42.750270" lon="2.809620">
        <ele>81</ele>
      </trkpt>
      <trkpt lat="42.750180" lon="2.809530">
        <ele>80.6</ele>
      </trkpt>
      <trkpt lat="42.750300" lon="2.809190">
        <ele>81.1</ele>
      </trkpt>
      <trkpt lat="42.750210" lon="2.809040">
        <ele>81.4</ele>
      </trkpt>
      <trkpt lat="42.750190" lon="2.808970">
        <ele>81.5</ele>
      </trkpt>
      <trkpt lat="42.750180" lon="2.808870">
        <ele>81.6</ele>
      </trkpt>
      <trkpt lat="42.750180" lon="2.808800">
        <ele>81.5</ele>
      </trkpt>
      <trkpt lat="42.750220" lon="2.808470">
        <ele>81.2</ele>
      </trkpt>
      <trkpt lat="42.750210" lon="2.808400">
        <ele>80.9</ele>
      </trkpt>
      <trkpt lat="42.750090" lon="2.808210">
        <ele>79.9</ele>
      </trkpt>
      <trkpt lat="42.750040" lon="2.808100">
        <ele>79.3</ele>
      </trkpt>
      <trkpt lat="42.749990" lon="2.807810">
        <ele>79</ele>
      </trkpt>
      <trkpt lat="42.749930" lon="2.807750">
        <ele>79.1</ele>
      </trkpt>
      <trkpt lat="42.749700" lon="2.806940">
        <ele>80</ele>
      </trkpt>
      <trkpt lat="42.749400" lon="2.805440">
        <ele>83.3</ele>
      </trkpt>
      <trkpt lat="42.749280" lon="2.804970">
        <ele>83.5</ele>
      </trkpt>
      <trkpt lat="42.749120" lon="2.804640">
        <ele>84.3</ele>
      </trkpt>
      <trkpt lat="42.748370" lon="2.804200">
        <ele>87.8</ele>
      </trkpt>
      <trkpt lat="42.748200" lon="2.804060">
        <ele>89.6</ele>
      </trkpt>
      <trkpt lat="42.747970" lon="2.803990">
        <ele>91.6</ele>
      </trkpt>
      <trkpt lat="42.747900" lon="2.803950">
        <ele>92.2</ele>
      </trkpt>
      <trkpt lat="42.747690" lon="2.803750">
        <ele>93.3</ele>
      </trkpt>
      <trkpt lat="42.747530" lon="2.803720">
        <ele>93.1</ele>
      </trkpt>
      <trkpt lat="42.747370" lon="2.803740">
        <ele>92.8</ele>
      </trkpt>
      <trkpt lat="42.747280" lon="2.803780">
        <ele>92.5</ele>
      </trkpt>
      <trkpt lat="42.747160" lon="2.803730">
        <ele>92.4</ele>
      </trkpt>
      <trkpt lat="42.746560" lon="2.803160">
        <ele>92.2</ele>
      </trkpt>
      <trkpt lat="42.746410" lon="2.803110">
        <ele>91.9</ele>
      </trkpt>
      <trkpt lat="42.745960" lon="2.803230">
        <ele>90.7</ele>
      </trkpt>
      <trkpt lat="42.745830" lon="2.803210">
        <ele>90.4</ele>
      </trkpt>
      <trkpt lat="42.745550" lon="2.803060">
        <ele>88.9</ele>
      </trkpt>
      <trkpt lat="42.745460" lon="2.802910">
        <ele>89</ele>
      </trkpt>
      <trkpt lat="42.745350" lon="2.802530">
        <ele>89.5</ele>
      </trkpt>
      <trkpt lat="42.745110" lon="2.802110">
        <ele>86.7</ele>
      </trkpt>
      <trkpt lat="42.745030" lon="2.801910">
        <ele>85.7</ele>
      </trkpt>
      <trkpt lat="42.744860" lon="2.801280">
        <ele>85.1</ele>
      </trkpt>
      <trkpt lat="42.744760" lon="2.801070">
        <ele>83.9</ele>
      </trkpt>
      <trkpt lat="42.744630" lon="2.800880">
        <ele>84.1</ele>
      </trkpt>
      <trkpt lat="42.744500" lon="2.800800">
        <ele>84</ele>
      </trkpt>
      <trkpt lat="42.744410" lon="2.800630">
        <ele>84.4</ele>
      </trkpt>
      <trkpt lat="42.744280" lon="2.800500">
        <ele>85.8</ele>
      </trkpt>
      <trkpt lat="42.743520" lon="2.800150">
        <ele>88.2</ele>
      </trkpt>
      <trkpt lat="42.743290" lon="2.800030">
        <ele>89.5</ele>
      </trkpt>
      <trkpt lat="42.743130" lon="2.799930">
        <ele>91.9</ele>
      </trkpt>
      <trkpt lat="42.742590" lon="2.799340">
        <ele>95.9</ele>
      </trkpt>
      <trkpt lat="42.742340" lon="2.799090">
        <ele>94.3</ele>
      </trkpt>
      <trkpt lat="42.742250" lon="2.798970">
        <ele>94</ele>
      </trkpt>
      <trkpt lat="42.742150" lon="2.798800">
        <ele>93.9</ele>
      </trkpt>
      <trkpt lat="42.741910" lon="2.798590">
        <ele>94.6</ele>
      </trkpt>
      <trkpt lat="42.741300" lon="2.798170">
        <ele>100.1</ele>
      </trkpt>
      <trkpt lat="42.740960" lon="2.797840">
        <ele>103.2</ele>
      </trkpt>
      <trkpt lat="42.740670" lon="2.796700">
        <ele>108.6</ele>
      </trkpt>
      <trkpt lat="42.740520" lon="2.796380">
        <ele>109.6</ele>
      </trkpt>
      <trkpt lat="42.740390" lon="2.795840">
        <ele>115.1</ele>
      </trkpt>
      <trkpt lat="42.740260" lon="2.795530">
        <ele>115.2</ele>
      </trkpt>
      <trkpt lat="42.740060" lon="2.795150">
        <ele>115.9</ele>
      </trkpt>
      <trkpt lat="42.739730" lon="2.794630">
        <ele>116</ele>
      </trkpt>
      <trkpt lat="42.739520" lon="2.794370">
        <ele>115.5</ele>
      </trkpt>
      <trkpt lat="42.738800" lon="2.793640">
        <ele>113.3</ele>
      </trkpt>
      <trkpt lat="42.738690" lon="2.793480">
        <ele>112.6</ele>
      </trkpt>
      <trkpt lat="42.738460" lon="2.793050">
        <ele>112.5</ele>
      </trkpt>
      <trkpt lat="42.738250" lon="2.792800">
        <ele>112.3</ele>
      </trkpt>
      <trkpt lat="42.737960" lon="2.792570">
        <ele>112.2</ele>
      </trkpt>
      <trkpt lat="42.737190" lon="2.791800">
        <ele>111.4</ele>
      </trkpt>
      <trkpt lat="42.736800" lon="2.791430">
        <ele>111.8</ele>
      </trkpt>
      <trkpt lat="42.736310" lon="2.791130">
        <ele>111.7</ele>
      </trkpt>
      <trkpt lat="42.735800" lon="2.790700">
        <ele>111.4</ele>
      </trkpt>
      <trkpt lat="42.735620" lon="2.790500">
        <ele>111.4</ele>
      </trkpt>
      <trkpt lat="42.735390" lon="2.790110">
        <ele>111.4</ele>
      </trkpt>
      <trkpt lat="42.735340" lon="2.789970">
        <ele>111.2</ele>
      </trkpt>
      <trkpt lat="42.735290" lon="2.789780">
        <ele>111</ele>
      </trkpt>
      <trkpt lat="42.735320" lon="2.789520">
        <ele>111</ele>
      </trkpt>
      <trkpt lat="42.735370" lon="2.789340">
        <ele>110.5</ele>
      </trkpt>
      <trkpt lat="42.735530" lon="2.789090">
        <ele>108.1</ele>
      </trkpt>
      <trkpt lat="42.735570" lon="2.788970">
        <ele>107</ele>
      </trkpt>
      <trkpt lat="42.735550" lon="2.788860">
        <ele>105.8</ele>
      </trkpt>
      <trkpt lat="42.735430" lon="2.788670">
        <ele>103.9</ele>
      </trkpt>
      <trkpt lat="42.734850" lon="2.787990">
        <ele>102.7</ele>
      </trkpt>
      <trkpt lat="42.734770" lon="2.787840">
        <ele>102.9</ele>
      </trkpt>
      <trkpt lat="42.734710" lon="2.787620">
        <ele>104.2</ele>
      </trkpt>
      <trkpt lat="42.734640" lon="2.786980">
        <ele>106.9</ele>
      </trkpt>
      <trkpt lat="42.734580" lon="2.786860">
        <ele>107</ele>
      </trkpt>
      <trkpt lat="42.734340" lon="2.786590">
        <ele>107.3</ele>
      </trkpt>
      <trkpt lat="42.734360" lon="2.786280">
        <ele>108</ele>
      </trkpt>
      <trkpt lat="42.734340" lon="2.786140">
        <ele>108</ele>
      </trkpt>
      <trkpt lat="42.734290" lon="2.785970">
        <ele>108.2</ele>
      </trkpt>
      <trkpt lat="42.734200" lon="2.785800">
        <ele>108.2</ele>
      </trkpt>
      <trkpt lat="42.733610" lon="2.784960">
        <ele>109.2</ele>
      </trkpt>
      <trkpt lat="42.733370" lon="2.784690">
        <ele>110</ele>
      </trkpt>
      <trkpt lat="42.732960" lon="2.784260">
        <ele>111</ele>
      </trkpt>
      <trkpt lat="42.732440" lon="2.783770">
        <ele>113.4</ele>
      </trkpt>
      <trkpt lat="42.732220" lon="2.783640">
        <ele>113.9</ele>
      </trkpt>
      <trkpt lat="42.732170" lon="2.783610">
        <ele>114</ele>
      </trkpt>
      <trkpt lat="42.732170" lon="2.783520">
        <ele>114.3</ele>
      </trkpt>
      <trkpt lat="42.732960" lon="2.782010">
        <ele>119.8</ele>
      </trkpt>
      <trkpt lat="42.733290" lon="2.781410">
        <ele>121.9</ele>
      </trkpt>
      <trkpt lat="42.733610" lon="2.780930">
        <ele>123.7</ele>
      </trkpt>
      <trkpt lat="42.733930" lon="2.780290">
        <ele>128</ele>
      </trkpt>
      <trkpt lat="42.734130" lon="2.779820">
        <ele>129.7</ele>
      </trkpt>
      <trkpt lat="42.734410" lon="2.779270">
        <ele>129.2</ele>
      </trkpt>
      <trkpt lat="42.734470" lon="2.779090">
        <ele>128.8</ele>
      </trkpt>
      <trkpt lat="42.734370" lon="2.778870">
        <ele>129.6</ele>
      </trkpt>
      <trkpt lat="42.734150" lon="2.778710">
        <ele>131</ele>
      </trkpt>
      <trkpt lat="42.734040" lon="2.778600">
        <ele>131.1</ele>
      </trkpt>
      <trkpt lat="42.733530" lon="2.777890">
        <ele>132.5</ele>
      </trkpt>
      <trkpt lat="42.733440" lon="2.777770">
        <ele>132.2</ele>
      </trkpt>
      <trkpt lat="42.733220" lon="2.777660">
        <ele>131</ele>
      </trkpt>
      <trkpt lat="42.733100" lon="2.777570">
        <ele>130.9</ele>
      </trkpt>
      <trkpt lat="42.732750" lon="2.777260">
        <ele>129.8</ele>
      </trkpt>
      <trkpt lat="42.732640" lon="2.777130">
        <ele>129.9</ele>
      </trkpt>
      <trkpt lat="42.732150" lon="2.776550">
        <ele>128.9</ele>
      </trkpt>
      <trkpt lat="42.731960" lon="2.776270">
        <ele>128.5</ele>
      </trkpt>
      <trkpt lat="42.731600" lon="2.775630">
        <ele>128.3</ele>
      </trkpt>
      <trkpt lat="42.731210" lon="2.774980">
        <ele>128.4</ele>
      </trkpt>
      <trkpt lat="42.730980" lon="2.774690">
        <ele>127</ele>
      </trkpt>
      <trkpt lat="42.730780" lon="2.774470">
        <ele>125.4</ele>
      </trkpt>
      <trkpt lat="42.730340" lon="2.774140">
        <ele>122.5</ele>
      </trkpt>
      <trkpt lat="42.729940" lon="2.773800">
        <ele>123.5</ele>
      </trkpt>
      <trkpt lat="42.729470" lon="2.773550">
        <ele>123.7</ele>
      </trkpt>
      <trkpt lat="42.729170" lon="2.773320">
        <ele>124</ele>
      </trkpt>
      <trkpt lat="42.728330" lon="2.772990">
        <ele>124.3</ele>
      </trkpt>
      <trkpt lat="42.727890" lon="2.772780">
        <ele>125</ele>
      </trkpt>
      <trkpt lat="42.727690" lon="2.772600">
        <ele>124.8</ele>
      </trkpt>
      <trkpt lat="42.727480" lon="2.772430">
        <ele>124</ele>
      </trkpt>
      <trkpt lat="42.726890" lon="2.772260">
        <ele>122.1</ele>
      </trkpt>
      <trkpt lat="42.726680" lon="2.772180">
        <ele>122</ele>
      </trkpt>
      <trkpt lat="42.725600" lon="2.771300">
        <ele>120</ele>
      </trkpt>
      <trkpt lat="42.724680" lon="2.770920">
        <ele>119</ele>
      </trkpt>
      <trkpt lat="42.723640" lon="2.770430">
        <ele>118.1</ele>
      </trkpt>
      <trkpt lat="42.722820" lon="2.770130">
        <ele>118</ele>
      </trkpt>
      <trkpt lat="42.722530" lon="2.769880">
        <ele>118</ele>
      </trkpt>
      <trkpt lat="42.722200" lon="2.769660">
        <ele>117.2</ele>
      </trkpt>
      <trkpt lat="42.721590" lon="2.769710">
        <ele>118</ele>
      </trkpt>
      <trkpt lat="42.720960" lon="2.769570">
        <ele>118</ele>
      </trkpt>
      <trkpt lat="42.718580" lon="2.770930">
        <ele>119</ele>
      </trkpt>
      <trkpt lat="42.717780" lon="2.771530">
        <ele>119.5</ele>
      </trkpt>
      <trkpt lat="42.717240" lon="2.771950">
        <ele>119</ele>
      </trkpt>
      <trkpt lat="42.716180" lon="2.773310">
        <ele>116.2</ele>
      </trkpt>
      <trkpt lat="42.715560" lon="2.773960">
        <ele>114.5</ele>
      </trkpt>
      <trkpt lat="42.715390" lon="2.774050">
        <ele>113.5</ele>
      </trkpt>
      <trkpt lat="42.715200" lon="2.774070">
        <ele>111.6</ele>
      </trkpt>
      <trkpt lat="42.714300" lon="2.774070">
        <ele>104.6</ele>
      </trkpt>
      <trkpt lat="42.713520" lon="2.774120">
        <ele>100.7</ele>
      </trkpt>
      <trkpt lat="42.713310" lon="2.774170">
        <ele>100</ele>
      </trkpt>
      <trkpt lat="42.712850" lon="2.774370">
        <ele>99.3</ele>
      </trkpt>
      <trkpt lat="42.712410" lon="2.774470">
        <ele>98</ele>
      </trkpt>
      <trkpt lat="42.711670" lon="2.774610">
        <ele>97</ele>
      </trkpt>
      <trkpt lat="42.711450" lon="2.774720">
        <ele>97</ele>
      </trkpt>
      <trkpt lat="42.711020" lon="2.775120">
        <ele>96</ele>
      </trkpt>
      <trkpt lat="42.710760" lon="2.775180">
        <ele>95.7</ele>
      </trkpt>
      <trkpt lat="42.710490" lon="2.775180">
        <ele>95</ele>
      </trkpt>
      <trkpt lat="42.709650" lon="2.775030">
        <ele>94</ele>
      </trkpt>
      <trkpt lat="42.709450" lon="2.775030">
        <ele>94</ele>
      </trkpt>
      <trkpt lat="42.708160" lon="2.775300">
        <ele>88.2</ele>
      </trkpt>
      <trkpt lat="42.707770" lon="2.775340">
        <ele>85.9</ele>
      </trkpt>
      <trkpt lat="42.707590" lon="2.775310">
        <ele>84.8</ele>
      </trkpt>
      <trkpt lat="42.706940" lon="2.775110">
        <ele>79.6</ele>
      </trkpt>
      <trkpt lat="42.706740" lon="2.774980">
        <ele>76.4</ele>
      </trkpt>
      <trkpt lat="42.706450" lon="2.774650">
        <ele>73.7</ele>
      </trkpt>
      <trkpt lat="42.706290" lon="2.774350">
        <ele>72.3</ele>
      </trkpt>
      <trkpt lat="42.706060" lon="2.773880">
        <ele>72.8</ele>
      </trkpt>
      <trkpt lat="42.705740" lon="2.773810">
        <ele>71.9</ele>
      </trkpt>
      <trkpt lat="42.704280" lon="2.773650">
        <ele>70.4</ele>
      </trkpt>
      <trkpt lat="42.703740" lon="2.773640">
        <ele>70</ele>
      </trkpt>
      <trkpt lat="42.702540" lon="2.773330">
        <ele>69.1</ele>
      </trkpt>
      <trkpt lat="42.702300" lon="2.773200">
        <ele>69</ele>
      </trkpt>
      <trkpt lat="42.701810" lon="2.772860">
        <ele>69</ele>
      </trkpt>
      <trkpt lat="42.700580" lon="2.771950">
        <ele>69</ele>
      </trkpt>
      <trkpt lat="42.699940" lon="2.771380">
        <ele>69</ele>
      </trkpt>
      <trkpt lat="42.699230" lon="2.771050">
        <ele>69</ele>
      </trkpt>
      <trkpt lat="42.698580" lon="2.770440">
        <ele>69.5</ele>
      </trkpt>
      <trkpt lat="42.698130" lon="2.770420">
        <ele>69</ele>
      </trkpt>
      <trkpt lat="42.697980" lon="2.770470">
        <ele>69</ele>
      </trkpt>
      <trkpt lat="42.696600" lon="2.771220">
        <ele>68</ele>
      </trkpt>
      <trkpt lat="42.696320" lon="2.771570">
        <ele>68</ele>
      </trkpt>
      <trkpt lat="42.695960" lon="2.771720">
        <ele>67.9</ele>
      </trkpt>
      <trkpt lat="42.695830" lon="2.771710">
        <ele>67.8</ele>
      </trkpt>
      <trkpt lat="42.695680" lon="2.771660">
        <ele>67.4</ele>
      </trkpt>
      <trkpt lat="42.695590" lon="2.771600">
        <ele>67.1</ele>
      </trkpt>
      <trkpt lat="42.695420" lon="2.771390">
        <ele>67</ele>
      </trkpt>
      <trkpt lat="42.695350" lon="2.771260">
        <ele>67.1</ele>
      </trkpt>
      <trkpt lat="42.695260" lon="2.771240">
        <ele>67</ele>
      </trkpt>
      <trkpt lat="42.695190" lon="2.771210">
        <ele>67</ele>
      </trkpt>
      <trkpt lat="42.695090" lon="2.771120">
        <ele>67</ele>
      </trkpt>
      <trkpt lat="42.695010" lon="2.771100">
        <ele>67</ele>
      </trkpt>
      <trkpt lat="42.694830" lon="2.771110">
        <ele>66.4</ele>
      </trkpt>
      <trkpt lat="42.694530" lon="2.771190">
        <ele>66.1</ele>
      </trkpt>
      <trkpt lat="42.694470" lon="2.771140">
        <ele>66</ele>
      </trkpt>
      <trkpt lat="42.694400" lon="2.770290">
        <ele>66.9</ele>
      </trkpt>
      <trkpt lat="42.694280" lon="2.770330">
        <ele>66.4</ele>
      </trkpt>
      <trkpt lat="42.694150" lon="2.770340">
        <ele>66</ele>
      </trkpt>
      <trkpt lat="42.694020" lon="2.770280">
        <ele>66</ele>
      </trkpt>
      <trkpt lat="42.693910" lon="2.770140">
        <ele>66</ele>
      </trkpt>
      <trkpt lat="42.693840" lon="2.769920">
        <ele>66.3</ele>
      </trkpt>
      <trkpt lat="42.693740" lon="2.769980">
        <ele>66.1</ele>
      </trkpt>
      <trkpt lat="42.693620" lon="2.770270">
        <ele>66</ele>
      </trkpt>
      <trkpt lat="42.693520" lon="2.770350">
        <ele>66.3</ele>
      </trkpt>
      <trkpt lat="42.693450" lon="2.770360">
        <ele>66.6</ele>
      </trkpt>
      <trkpt lat="42.693060" lon="2.770260">
        <ele>66.1</ele>
      </trkpt>
      <trkpt lat="42.692780" lon="2.770250">
        <ele>67</ele>
      </trkpt>
      <trkpt lat="42.692610" lon="2.770190">
        <ele>67</ele>
      </trkpt>
      <trkpt lat="42.692510" lon="2.770110">
        <ele>67</ele>
      </trkpt>
      <trkpt lat="42.692060" lon="2.769530">
        <ele>66.1</ele>
      </trkpt>
      <trkpt lat="42.691890" lon="2.769310">
        <ele>66.5</ele>
      </trkpt>
      <trkpt lat="42.691720" lon="2.769030">
        <ele>66.5</ele>
      </trkpt>
      <trkpt lat="42.691590" lon="2.768680">
        <ele>66</ele>
      </trkpt>
      <trkpt lat="42.691430" lon="2.767970">
        <ele>66.9</ele>
      </trkpt>
      <trkpt lat="42.691180" lon="2.767110">
        <ele>67.1</ele>
      </trkpt>
      <trkpt lat="42.690830" lon="2.765670">
        <ele>68</ele>
      </trkpt>
      <trkpt lat="42.690690" lon="2.764570">
        <ele>68</ele>
      </trkpt>
      <trkpt lat="42.690630" lon="2.763630">
        <ele>68.7</ele>
      </trkpt>
      <trkpt lat="42.690510" lon="2.762560">
        <ele>69</ele>
      </trkpt>
      <trkpt lat="42.690480" lon="2.762300">
        <ele>69</ele>
      </trkpt>
      <trkpt lat="42.690490" lon="2.762050">
        <ele>69</ele>
      </trkpt>
      <trkpt lat="42.690410" lon="2.761560">
        <ele>69</ele>
      </trkpt>
      <trkpt lat="42.690370" lon="2.761050">
        <ele>68.7</ele>
      </trkpt>
      <trkpt lat="42.690380" lon="2.760530">
        <ele>70</ele>
      </trkpt>
      <trkpt lat="42.690350" lon="2.760420">
        <ele>70</ele>
      </trkpt>
      <trkpt lat="42.690320" lon="2.760350">
        <ele>70</ele>
      </trkpt>
      <trkpt lat="42.690330" lon="2.760140">
        <ele>70</ele>
      </trkpt>
      <trkpt lat="42.690350" lon="2.760060">
        <ele>70</ele>
      </trkpt>
      <trkpt lat="42.690350" lon="2.759950">
        <ele>70</ele>
      </trkpt>
      <trkpt lat="42.690270" lon="2.759880">
        <ele>70</ele>
      </trkpt>
      <trkpt lat="42.690210" lon="2.759850">
        <ele>70</ele>
      </trkpt>
      <trkpt lat="42.689390" lon="2.759330">
        <ele>70</ele>
      </trkpt>
      <trkpt lat="42.689240" lon="2.759190">
        <ele>70</ele>
      </trkpt>
      <trkpt lat="42.689250" lon="2.759110">
        <ele>70</ele>
      </trkpt>
      <trkpt lat="42.689350" lon="2.758730">
        <ele>70</ele>
      </trkpt>
      <trkpt lat="42.689420" lon="2.758660">
        <ele>70</ele>
      </trkpt>
      <trkpt lat="42.689480" lon="2.758380">
        <ele>70</ele>
      </trkpt>
      <trkpt lat="42.689540" lon="2.758040">
        <ele>70</ele>
      </trkpt>
      <trkpt lat="42.689610" lon="2.757760">
        <ele>70</ele>
      </trkpt>
      <trkpt lat="42.689720" lon="2.757570">
        <ele>70.7</ele>
      </trkpt>
      <trkpt lat="42.689830" lon="2.757190">
        <ele>71</ele>
      </trkpt>
      <trkpt lat="42.689890" lon="2.756900">
        <ele>71</ele>
      </trkpt>
      <trkpt lat="42.689980" lon="2.756580">
        <ele>71</ele>
      </trkpt>
      <trkpt lat="42.690100" lon="2.756240">
        <ele>71.7</ele>
      </trkpt>
      <trkpt lat="42.689950" lon="2.756160">
        <ele>71.7</ele>
      </trkpt>
      <trkpt lat="42.689810" lon="2.756050">
        <ele>71.2</ele>
      </trkpt>
      <trkpt lat="42.689750" lon="2.755950">
        <ele>71</ele>
      </trkpt>
      <trkpt lat="42.689650" lon="2.755630">
        <ele>70.7</ele>
      </trkpt>
      <trkpt lat="42.689590" lon="2.755400">
        <ele>70.8</ele>
      </trkpt>
      <trkpt lat="42.689560" lon="2.755330">
        <ele>70.9</ele>
      </trkpt>
      <trkpt lat="42.689490" lon="2.755240">
        <ele>71</ele>
      </trkpt>
      <trkpt lat="42.688320" lon="2.754820">
        <ele>71.7</ele>
      </trkpt>
      <trkpt lat="42.688270" lon="2.754740">
        <ele>71.9</ele>
      </trkpt>
      <trkpt lat="42.688140" lon="2.752450">
        <ele>72.9</ele>
      </trkpt>
      <trkpt lat="42.686520" lon="2.752670">
        <ele>72.4</ele>
      </trkpt>
      <trkpt lat="42.686520" lon="2.752890">
        <ele>72.8</ele>
      </trkpt>
      <trkpt lat="42.686170" lon="2.753160">
        <ele>72.8</ele>
      </trkpt>
      <trkpt lat="42.686030" lon="2.753220">
        <ele>72.9</ele>
      </trkpt>
      <trkpt lat="42.685850" lon="2.753210">
        <ele>72.6</ele>
      </trkpt>
      <trkpt lat="42.685730" lon="2.753130">
        <ele>71.9</ele>
      </trkpt>
      <trkpt lat="42.685660" lon="2.753060">
        <ele>71.4</ele>
      </trkpt>
      <trkpt lat="42.684990" lon="2.752100">
        <ele>70.8</ele>
      </trkpt>
      <trkpt lat="42.684820" lon="2.751960">
        <ele>69.5</ele>
      </trkpt>
      <trkpt lat="42.684620" lon="2.751880">
        <ele>67.8</ele>
      </trkpt>
      <trkpt lat="42.683790" lon="2.751630">
        <ele>69.1</ele>
      </trkpt>
      <trkpt lat="42.683650" lon="2.751490">
        <ele>70.2</ele>
      </trkpt>
      <trkpt lat="42.683550" lon="2.751300">
        <ele>70.9</ele>
      </trkpt>
      <trkpt lat="42.683520" lon="2.751080">
        <ele>72.1</ele>
      </trkpt>
      <trkpt lat="42.683670" lon="2.750120">
        <ele>75.6</ele>
      </trkpt>
      <trkpt lat="42.683620" lon="2.749870">
        <ele>77.4</ele>
      </trkpt>
      <trkpt lat="42.683540" lon="2.749730">
        <ele>78</ele>
      </trkpt>
      <trkpt lat="42.683420" lon="2.749610">
        <ele>78.3</ele>
      </trkpt>
      <trkpt lat="42.683280" lon="2.749530">
        <ele>78.9</ele>
      </trkpt>
      <trkpt lat="42.682180" lon="2.749110">
        <ele>80.4</ele>
      </trkpt>
      <trkpt lat="42.680960" lon="2.748640">
        <ele>87.6</ele>
      </trkpt>
      <trkpt lat="42.680360" lon="2.748400">
        <ele>91</ele>
      </trkpt>
      <trkpt lat="42.680230" lon="2.748040">
        <ele>92.2</ele>
      </trkpt>
      <trkpt lat="42.680070" lon="2.747970">
        <ele>92.5</ele>
      </trkpt>
      <trkpt lat="42.679850" lon="2.748000">
        <ele>92.9</ele>
      </trkpt>
      <trkpt lat="42.679710" lon="2.747830">
        <ele>93</ele>
      </trkpt>
      <trkpt lat="42.679640" lon="2.747450">
        <ele>93.3</ele>
      </trkpt>
      <trkpt lat="42.679690" lon="2.745870">
        <ele>94.1</ele>
      </trkpt>
      <trkpt lat="42.679800" lon="2.744900">
        <ele>95.3</ele>
      </trkpt>
      <trkpt lat="42.679730" lon="2.743900">
        <ele>95</ele>
      </trkpt>
      <trkpt lat="42.679670" lon="2.742220">
        <ele>95.8</ele>
      </trkpt>
      <trkpt lat="42.679700" lon="2.741700">
        <ele>96</ele>
      </trkpt>
      <trkpt lat="42.680110" lon="2.739720">
        <ele>96</ele>
      </trkpt>
      <trkpt lat="42.680180" lon="2.739080">
        <ele>96.4</ele>
      </trkpt>
      <trkpt lat="42.680100" lon="2.738840">
        <ele>96.4</ele>
      </trkpt>
      <trkpt lat="42.679890" lon="2.738540">
        <ele>95.6</ele>
      </trkpt>
      <trkpt lat="42.679540" lon="2.738150">
        <ele>94.7</ele>
      </trkpt>
      <trkpt lat="42.678980" lon="2.737730">
        <ele>95.4</ele>
      </trkpt>
      <trkpt lat="42.678820" lon="2.737580">
        <ele>95.9</ele>
      </trkpt>
      <trkpt lat="42.678160" lon="2.736800">
        <ele>96.6</ele>
      </trkpt>
      <trkpt lat="42.677930" lon="2.736650">
        <ele>97.4</ele>
      </trkpt>
      <trkpt lat="42.677550" lon="2.736420">
        <ele>98.7</ele>
      </trkpt>
      <trkpt lat="42.677210" lon="2.737740">
        <ele>98</ele>
      </trkpt>
      <trkpt lat="42.677170" lon="2.737860">
        <ele>98</ele>
      </trkpt>
      <trkpt lat="42.677090" lon="2.737860">
        <ele>98</ele>
      </trkpt>
      <trkpt lat="42.676540" lon="2.737690">
        <ele>97.3</ele>
      </trkpt>
      <trkpt lat="42.676360" lon="2.737650">
        <ele>97.4</ele>
      </trkpt>
      <trkpt lat="42.675510" lon="2.737600">
        <ele>97.7</ele>
      </trkpt>
      <trkpt lat="42.674780" lon="2.737630">
        <ele>97.5</ele>
      </trkpt>
      <trkpt lat="42.674290" lon="2.737570">
        <ele>98</ele>
      </trkpt>
      <trkpt lat="42.673970" lon="2.737460">
        <ele>98</ele>
      </trkpt>
      <trkpt lat="42.673340" lon="2.737080">
        <ele>98.5</ele>
      </trkpt>
      <trkpt lat="42.672810" lon="2.736820">
        <ele>99</ele>
      </trkpt>
      <trkpt lat="42.672230" lon="2.736490">
        <ele>99.6</ele>
      </trkpt>
      <trkpt lat="42.671980" lon="2.736520">
        <ele>99.5</ele>
      </trkpt>
      <trkpt lat="42.671460" lon="2.736670">
        <ele>99</ele>
      </trkpt>
      <trkpt lat="42.671160" lon="2.736660">
        <ele>99</ele>
      </trkpt>
      <trkpt lat="42.670480" lon="2.736390">
        <ele>99</ele>
      </trkpt>
      <trkpt lat="42.670010" lon="2.736290">
        <ele>99</ele>
      </trkpt>
      <trkpt lat="42.669440" lon="2.736210">
        <ele>99</ele>
      </trkpt>
      <trkpt lat="42.668200" lon="2.735510">
        <ele>99.2</ele>
      </trkpt>
      <trkpt lat="42.667650" lon="2.735210">
        <ele>99.7</ele>
      </trkpt>
      <trkpt lat="42.667210" lon="2.734860">
        <ele>100</ele>
      </trkpt>
      <trkpt lat="42.666960" lon="2.734730">
        <ele>100</ele>
      </trkpt>
      <trkpt lat="42.666650" lon="2.734620">
        <ele>100.6</ele>
      </trkpt>
      <trkpt lat="42.666470" lon="2.734640">
        <ele>100.7</ele>
      </trkpt>
      <trkpt lat="42.666250" lon="2.734510">
        <ele>99.6</ele>
      </trkpt>
      <trkpt lat="42.665940" lon="2.734030">
        <ele>100.2</ele>
      </trkpt>
      <trkpt lat="42.665440" lon="2.733490">
        <ele>100.7</ele>
      </trkpt>
      <trkpt lat="42.665090" lon="2.733260">
        <ele>101.4</ele>
      </trkpt>
      <trkpt lat="42.663990" lon="2.732830">
        <ele>102.8</ele>
      </trkpt>
      <trkpt lat="42.663450" lon="2.732430">
        <ele>102.6</ele>
      </trkpt>
      <trkpt lat="42.663090" lon="2.732040">
        <ele>103.3</ele>
      </trkpt>
      <trkpt lat="42.662760" lon="2.731600">
        <ele>104.7</ele>
      </trkpt>
      <trkpt lat="42.662570" lon="2.731270">
        <ele>103.5</ele>
      </trkpt>
      <trkpt lat="42.661840" lon="2.729380">
        <ele>107.3</ele>
      </trkpt>
      <trkpt lat="42.661270" lon="2.727950">
        <ele>109</ele>
      </trkpt>
      <trkpt lat="42.661280" lon="2.727710">
        <ele>109.5</ele>
      </trkpt>
      <trkpt lat="42.661210" lon="2.727680">
        <ele>109.8</ele>
      </trkpt>
      <trkpt lat="42.660840" lon="2.727970">
        <ele>111.6</ele>
      </trkpt>
      <trkpt lat="42.660830" lon="2.728100">
        <ele>110.5</ele>
      </trkpt>
      <trkpt lat="42.660880" lon="2.728120">
        <ele>110</ele>
      </trkpt>
      <trkpt lat="42.660850" lon="2.728210">
        <ele>109.4</ele>
      </trkpt>
      <trkpt lat="42.660540" lon="2.728470">
        <ele>108.5</ele>
      </trkpt>
      <trkpt lat="42.660450" lon="2.728580">
        <ele>108.1</ele>
      </trkpt>
      <trkpt lat="42.660340" lon="2.728920">
        <ele>107.7</ele>
      </trkpt>
      <trkpt lat="42.660170" lon="2.729450">
        <ele>107</ele>
      </trkpt>
      <trkpt lat="42.660010" lon="2.729950">
        <ele>107</ele>
      </trkpt>
      <trkpt lat="42.659860" lon="2.730510">
        <ele>106.6</ele>
      </trkpt>
      <trkpt lat="42.659750" lon="2.730980">
        <ele>105.6</ele>
      </trkpt>
      <trkpt lat="42.659700" lon="2.731320">
        <ele>106</ele>
      </trkpt>
      <trkpt lat="42.659630" lon="2.731790">
        <ele>106</ele>
      </trkpt>
      <trkpt lat="42.659550" lon="2.732230">
        <ele>106</ele>
      </trkpt>
      <trkpt lat="42.659450" lon="2.732650">
        <ele>105.5</ele>
      </trkpt>
      <trkpt lat="42.659300" lon="2.733250">
        <ele>105</ele>
      </trkpt>
      <trkpt lat="42.659070" lon="2.734150">
        <ele>105</ele>
      </trkpt>
      <trkpt lat="42.658880" lon="2.735020">
        <ele>104</ele>
      </trkpt>
      <trkpt lat="42.658760" lon="2.735500">
        <ele>104</ele>
      </trkpt>
      <trkpt lat="42.658610" lon="2.736030">
        <ele>104</ele>
      </trkpt>
      <trkpt lat="42.658410" lon="2.736800">
        <ele>103.4</ele>
      </trkpt>
      <trkpt lat="42.658210" lon="2.737440">
        <ele>103</ele>
      </trkpt>
      <trkpt lat="42.657980" lon="2.738150">
        <ele>102.7</ele>
      </trkpt>
      <trkpt lat="42.657860" lon="2.738650">
        <ele>102.6</ele>
      </trkpt>
      <trkpt lat="42.657500" lon="2.740320">
        <ele>101.8</ele>
      </trkpt>
      <trkpt lat="42.657090" lon="2.742240">
        <ele>101</ele>
      </trkpt>
      <trkpt lat="42.657000" lon="2.742630">
        <ele>100.8</ele>
      </trkpt>
      <trkpt lat="42.656910" lon="2.742910">
        <ele>100.4</ele>
      </trkpt>
      <trkpt lat="42.656600" lon="2.744200">
        <ele>99</ele>
      </trkpt>
      <trkpt lat="42.656110" lon="2.746260">
        <ele>98</ele>
      </trkpt>
      <trkpt lat="42.656030" lon="2.746720">
        <ele>98.6</ele>
      </trkpt>
      <trkpt lat="42.655750" lon="2.748020">
        <ele>97.4</ele>
      </trkpt>
      <trkpt lat="42.655250" lon="2.750010">
        <ele>97</ele>
      </trkpt>
      <trkpt lat="42.654670" lon="2.752020">
        <ele>95.8</ele>
      </trkpt>
      <trkpt lat="42.654550" lon="2.752390">
        <ele>95.6</ele>
      </trkpt>
      <trkpt lat="42.653960" lon="2.753450">
        <ele>95</ele>
      </trkpt>
      <trkpt lat="42.653720" lon="2.753910">
        <ele>95</ele>
      </trkpt>
      <trkpt lat="42.653570" lon="2.754280">
        <ele>95</ele>
      </trkpt>
      <trkpt lat="42.653240" lon="2.755370">
        <ele>94</ele>
      </trkpt>
      <trkpt lat="42.652750" lon="2.756830">
        <ele>93.4</ele>
      </trkpt>
      <trkpt lat="42.652530" lon="2.757450">
        <ele>93.7</ele>
      </trkpt>
      <trkpt lat="42.652320" lon="2.757990">
        <ele>92.7</ele>
      </trkpt>
      <trkpt lat="42.652090" lon="2.758530">
        <ele>92</ele>
      </trkpt>
      <trkpt lat="42.651770" lon="2.759430">
        <ele>92</ele>
      </trkpt>
      <trkpt lat="42.651210" lon="2.761460">
        <ele>91.4</ele>
      </trkpt>
      <trkpt lat="42.651020" lon="2.762290">
        <ele>91</ele>
      </trkpt>
      <trkpt lat="42.650860" lon="2.762750">
        <ele>91</ele>
      </trkpt>
      <trkpt lat="42.649670" lon="2.765530">
        <ele>90</ele>
      </trkpt>
      <trkpt lat="42.649140" lon="2.766770">
        <ele>89</ele>
      </trkpt>
      <trkpt lat="42.648630" lon="2.767980">
        <ele>88.3</ele>
      </trkpt>
      <trkpt lat="42.647970" lon="2.769380">
        <ele>88</ele>
      </trkpt>
      <trkpt lat="42.647690" lon="2.770030">
        <ele>87.9</ele>
      </trkpt>
      <trkpt lat="42.647130" lon="2.771570">
        <ele>86.8</ele>
      </trkpt>
      <trkpt lat="42.646850" lon="2.772350">
        <ele>86.5</ele>
      </trkpt>
      <trkpt lat="42.646490" lon="2.773190">
        <ele>86</ele>
      </trkpt>
      <trkpt lat="42.646220" lon="2.774160">
        <ele>86</ele>
      </trkpt>
      <trkpt lat="42.645250" lon="2.776580">
        <ele>85.8</ele>
      </trkpt>
      <trkpt lat="42.645100" lon="2.776950">
        <ele>85.6</ele>
      </trkpt>
      <trkpt lat="42.645000" lon="2.777310">
        <ele>83.8</ele>
      </trkpt>
      <trkpt lat="42.645020" lon="2.777380">
        <ele>82.8</ele>
      </trkpt>
      <trkpt lat="42.645010" lon="2.777410">
        <ele>82.3</ele>
      </trkpt>
      <trkpt lat="42.644970" lon="2.777410">
        <ele>82.2</ele>
      </trkpt>
      <trkpt lat="42.644910" lon="2.777740">
        <ele>84.5</ele>
      </trkpt>
      <trkpt lat="42.644590" lon="2.777680">
        <ele>83.7</ele>
      </trkpt>
      <trkpt lat="42.644500" lon="2.777750">
        <ele>85.4</ele>
      </trkpt>
      <trkpt lat="42.643640" lon="2.779800">
        <ele>85.1</ele>
      </trkpt>
      <trkpt lat="42.643340" lon="2.780620">
        <ele>85</ele>
      </trkpt>
      <trkpt lat="42.643090" lon="2.781530">
        <ele>85.5</ele>
      </trkpt>
      <trkpt lat="42.642940" lon="2.782040">
        <ele>86</ele>
      </trkpt>
      <trkpt lat="42.642920" lon="2.782400">
        <ele>86</ele>
      </trkpt>
      <trkpt lat="42.642960" lon="2.783250">
        <ele>85.5</ele>
      </trkpt>
      <trkpt lat="42.642910" lon="2.783380">
        <ele>85.6</ele>
      </trkpt>
      <trkpt lat="42.642810" lon="2.783400">
        <ele>85.9</ele>
      </trkpt>
      <trkpt lat="42.642530" lon="2.783190">
        <ele>86</ele>
      </trkpt>
      <trkpt lat="42.642190" lon="2.782990">
        <ele>86.1</ele>
      </trkpt>
      <trkpt lat="42.641970" lon="2.782730">
        <ele>86.7</ele>
      </trkpt>
      <trkpt lat="42.641810" lon="2.782740">
        <ele>86.9</ele>
      </trkpt>
      <trkpt lat="42.641570" lon="2.783080">
        <ele>87</ele>
      </trkpt>
      <trkpt lat="42.641340" lon="2.783480">
        <ele>87</ele>
      </trkpt>
      <trkpt lat="42.641200" lon="2.783600">
        <ele>87</ele>
      </trkpt>
      <trkpt lat="42.640900" lon="2.783750">
        <ele>87</ele>
      </trkpt>
      <trkpt lat="42.640440" lon="2.784230">
        <ele>88</ele>
      </trkpt>
      <trkpt lat="42.640040" lon="2.784720">
        <ele>88</ele>
      </trkpt>
      <trkpt lat="42.639930" lon="2.784740">
        <ele>88</ele>
      </trkpt>
      <trkpt lat="42.639820" lon="2.784680">
        <ele>88</ele>
      </trkpt>
      <trkpt lat="42.639600" lon="2.784320">
        <ele>88</ele>
      </trkpt>
      <trkpt lat="42.639520" lon="2.784250">
        <ele>88</ele>
      </trkpt>
      <trkpt lat="42.639430" lon="2.784310">
        <ele>88.1</ele>
      </trkpt>
      <trkpt lat="42.638620" lon="2.785640">
        <ele>89</ele>
      </trkpt>
      <trkpt lat="42.638720" lon="2.785860">
        <ele>89</ele>
      </trkpt>
      <trkpt lat="42.638430" lon="2.786150">
        <ele>89.6</ele>
      </trkpt>
      <trkpt lat="42.638290" lon="2.786350">
        <ele>89.3</ele>
      </trkpt>
      <trkpt lat="42.637920" lon="2.786740">
        <ele>90</ele>
      </trkpt>
      <trkpt lat="42.637630" lon="2.787010">
        <ele>90</ele>
      </trkpt>
      <trkpt lat="42.636420" lon="2.787910">
        <ele>91</ele>
      </trkpt>
      <trkpt lat="42.636330" lon="2.787850">
        <ele>91</ele>
      </trkpt>
      <trkpt lat="42.636050" lon="2.787010">
        <ele>91</ele>
      </trkpt>
      <trkpt lat="42.635990" lon="2.786760">
        <ele>91</ele>
      </trkpt>
      <trkpt lat="42.635910" lon="2.786760">
        <ele>91</ele>
      </trkpt>
      <trkpt lat="42.635810" lon="2.786920">
        <ele>91.1</ele>
      </trkpt>
      <trkpt lat="42.635700" lon="2.787010">
        <ele>91.6</ele>
      </trkpt>
      <trkpt lat="42.634660" lon="2.787640">
        <ele>92.6</ele>
      </trkpt>
      <trkpt lat="42.634620" lon="2.787720">
        <ele>92.9</ele>
      </trkpt>
      <trkpt lat="42.635150" lon="2.788480">
        <ele>92</ele>
      </trkpt>
      <trkpt lat="42.635410" lon="2.788820">
        <ele>92</ele>
      </trkpt>
      <trkpt lat="42.635380" lon="2.788970">
        <ele>92</ele>
      </trkpt>
      <trkpt lat="42.634980" lon="2.789070">
        <ele>92.1</ele>
      </trkpt>
      <trkpt lat="42.634710" lon="2.789370">
        <ele>93</ele>
      </trkpt>
      <trkpt lat="42.634510" lon="2.789670">
        <ele>93</ele>
      </trkpt>
      <trkpt lat="42.633750" lon="2.790470">
        <ele>93.2</ele>
      </trkpt>
      <trkpt lat="42.633680" lon="2.790450">
        <ele>93.3</ele>
      </trkpt>
      <trkpt lat="42.633340" lon="2.789950">
        <ele>94</ele>
      </trkpt>
      <trkpt lat="42.633230" lon="2.789970">
        <ele>94</ele>
      </trkpt>
      <trkpt lat="42.631860" lon="2.791450">
        <ele>95</ele>
      </trkpt>
      <trkpt lat="42.631780" lon="2.791910">
        <ele>95</ele>
      </trkpt>
      <trkpt lat="42.631690" lon="2.792930">
        <ele>95</ele>
      </trkpt>
      <trkpt lat="42.631620" lon="2.793140">
        <ele>95</ele>
      </trkpt>
      <trkpt lat="42.631200" lon="2.793960">
        <ele>95</ele>
      </trkpt>
      <trkpt lat="42.631120" lon="2.794270">
        <ele>95</ele>
      </trkpt>
      <trkpt lat="42.630870" lon="2.796380">
        <ele>95</ele>
      </trkpt>
      <trkpt lat="42.630740" lon="2.796960">
        <ele>95</ele>
      </trkpt>
      <trkpt lat="42.630630" lon="2.797180">
        <ele>95</ele>
      </trkpt>
      <trkpt lat="42.630200" lon="2.797710">
        <ele>95.8</ele>
      </trkpt>
      <trkpt lat="42.629810" lon="2.798330">
        <ele>96.3</ele>
      </trkpt>
      <trkpt lat="42.629200" lon="2.799370">
        <ele>98</ele>
      </trkpt>
      <trkpt lat="42.628620" lon="2.800660">
        <ele>99.4</ele>
      </trkpt>
      <trkpt lat="42.628450" lon="2.801450">
        <ele>99.6</ele>
      </trkpt>
      <trkpt lat="42.628340" lon="2.801690">
        <ele>99.9</ele>
      </trkpt>
      <trkpt lat="42.627920" lon="2.803050">
        <ele>99</ele>
      </trkpt>
      <trkpt lat="42.627420" lon="2.802280">
        <ele>100</ele>
      </trkpt>
      <trkpt lat="42.626930" lon="2.801450">
        <ele>100.3</ele>
      </trkpt>
      <trkpt lat="42.626550" lon="2.800840">
        <ele>101.4</ele>
      </trkpt>
      <trkpt lat="42.626140" lon="2.800500">
        <ele>101.5</ele>
      </trkpt>
      <trkpt lat="42.625220" lon="2.799880">
        <ele>100.7</ele>
      </trkpt>
      <trkpt lat="42.624740" lon="2.799550">
        <ele>101</ele>
      </trkpt>
      <trkpt lat="42.624420" lon="2.799250">
        <ele>101</ele>
      </trkpt>
      <trkpt lat="42.624190" lon="2.798890">
        <ele>100.9</ele>
      </trkpt>
      <trkpt lat="42.623550" lon="2.797340">
        <ele>101</ele>
      </trkpt>
      <trkpt lat="42.623170" lon="2.796210">
        <ele>102</ele>
      </trkpt>
      <trkpt lat="42.622810" lon="2.794930">
        <ele>103</ele>
      </trkpt>
      <trkpt lat="42.621470" lon="2.793800">
        <ele>105.7</ele>
      </trkpt>
      <trkpt lat="42.621030" lon="2.793510">
        <ele>106.1</ele>
      </trkpt>
      <trkpt lat="42.620560" lon="2.793260">
        <ele>107</ele>
      </trkpt>
      <trkpt lat="42.620420" lon="2.793120">
        <ele>107.5</ele>
      </trkpt>
      <trkpt lat="42.619940" lon="2.792520">
        <ele>108.2</ele>
      </trkpt>
      <trkpt lat="42.619620" lon="2.792160">
        <ele>109</ele>
      </trkpt>
      <trkpt lat="42.618920" lon="2.791630">
        <ele>110</ele>
      </trkpt>
      <trkpt lat="42.618300" lon="2.791120">
        <ele>110.9</ele>
      </trkpt>
      <trkpt lat="42.618140" lon="2.790920">
        <ele>110.8</ele>
      </trkpt>
      <trkpt lat="42.617800" lon="2.790290">
        <ele>112.8</ele>
      </trkpt>
      <trkpt lat="42.617430" lon="2.790140">
        <ele>111.6</ele>
      </trkpt>
      <trkpt lat="42.617150" lon="2.789920">
        <ele>112.4</ele>
      </trkpt>
      <trkpt lat="42.616900" lon="2.789630">
        <ele>112.5</ele>
      </trkpt>
      <trkpt lat="42.616710" lon="2.789270">
        <ele>113.1</ele>
      </trkpt>
      <trkpt lat="42.615750" lon="2.787730">
        <ele>114.4</ele>
      </trkpt>
      <trkpt lat="42.614940" lon="2.786520">
        <ele>117</ele>
      </trkpt>
      <trkpt lat="42.613040" lon="2.783420">
        <ele>122</ele>
      </trkpt>
      <trkpt lat="42.610850" lon="2.780310">
        <ele>126</ele>
      </trkpt>
      <trkpt lat="42.610220" lon="2.779230">
        <ele>127</ele>
      </trkpt>
      <trkpt lat="42.609720" lon="2.778230">
        <ele>128</ele>
      </trkpt>
      <trkpt lat="42.609440" lon="2.777530">
        <ele>129</ele>
      </trkpt>
      <trkpt lat="42.608960" lon="2.775910">
        <ele>130.3</ele>
      </trkpt>
      <trkpt lat="42.608330" lon="2.774020">
        <ele>131</ele>
      </trkpt>
      <trkpt lat="42.608100" lon="2.772920">
        <ele>129.2</ele>
      </trkpt>
      <trkpt lat="42.608040" lon="2.772950">
        <ele>128.5</ele>
      </trkpt>
      <trkpt lat="42.607960" lon="2.772680">
        <ele>128.6</ele>
      </trkpt>
      <trkpt lat="42.607800" lon="2.772510">
        <ele>130.7</ele>
      </trkpt>
      <trkpt lat="42.607780" lon="2.772390">
        <ele>131.7</ele>
      </trkpt>
      <trkpt lat="42.607560" lon="2.772450">
        <ele>129.6</ele>
      </trkpt>
      <trkpt lat="42.607410" lon="2.772290">
        <ele>128.2</ele>
      </trkpt>
      <trkpt lat="42.607360" lon="2.772170">
        <ele>128.2</ele>
      </trkpt>
      <trkpt lat="42.607260" lon="2.772120">
        <ele>127.5</ele>
      </trkpt>
      <trkpt lat="42.607100" lon="2.772160">
        <ele>123.5</ele>
      </trkpt>
      <trkpt lat="42.606940" lon="2.772110">
        <ele>121.3</ele>
      </trkpt>
      <trkpt lat="42.606860" lon="2.771930">
        <ele>121.7</ele>
      </trkpt>
      <trkpt lat="42.606820" lon="2.771680">
        <ele>117.8</ele>
      </trkpt>
      <trkpt lat="42.606580" lon="2.771780">
        <ele>113.7</ele>
      </trkpt>
      <trkpt lat="42.605970" lon="2.772230">
        <ele>109</ele>
      </trkpt>
      <trkpt lat="42.605730" lon="2.772210">
        <ele>108.6</ele>
      </trkpt>
      <trkpt lat="42.605640" lon="2.772120">
        <ele>108.6</ele>
      </trkpt>
      <trkpt lat="42.605310" lon="2.771340">
        <ele>109</ele>
      </trkpt>
      <trkpt lat="42.604760" lon="2.770220">
        <ele>109</ele>
      </trkpt>
      <trkpt lat="42.604060" lon="2.769350">
        <ele>108.8</ele>
      </trkpt>
      <trkpt lat="42.603280" lon="2.768690">
        <ele>110.9</ele>
      </trkpt>
      <trkpt lat="42.602870" lon="2.768340">
        <ele>113.1</ele>
      </trkpt>
      <trkpt lat="42.601780" lon="2.767570">
        <ele>128.4</ele>
      </trkpt>
      <trkpt lat="42.601410" lon="2.767250">
        <ele>131.1</ele>
      </trkpt>
      <trkpt lat="42.600930" lon="2.766630">
        <ele>133.1</ele>
      </trkpt>
      <trkpt lat="42.599730" lon="2.765410">
        <ele>135.1</ele>
      </trkpt>
      <trkpt lat="42.599270" lon="2.765010">
        <ele>133.4</ele>
      </trkpt>
      <trkpt lat="42.599080" lon="2.764990">
        <ele>131.9</ele>
      </trkpt>
      <trkpt lat="42.598610" lon="2.765330">
        <ele>134.8</ele>
      </trkpt>
      <trkpt lat="42.598290" lon="2.765350">
        <ele>140</ele>
      </trkpt>
      <trkpt lat="42.598070" lon="2.765280">
        <ele>140</ele>
      </trkpt>
      <trkpt lat="42.598400" lon="2.765230">
        <ele>138.9</ele>
      </trkpt>
      <trkpt lat="42.598550" lon="2.765060">
        <ele>138.5</ele>
      </trkpt>
      <trkpt lat="42.598540" lon="2.764870">
        <ele>137.9</ele>
      </trkpt>
      <trkpt lat="42.598360" lon="2.764460">
        <ele>138.5</ele>
      </trkpt>
      <trkpt lat="42.598220" lon="2.763540">
        <ele>137.2</ele>
      </trkpt>
      <trkpt lat="42.597950" lon="2.762810">
        <ele>139.8</ele>
      </trkpt>
      <trkpt lat="42.597810" lon="2.762720">
        <ele>141</ele>
      </trkpt>
      <trkpt lat="42.597380" lon="2.762960">
        <ele>141.5</ele>
      </trkpt>
      <trkpt lat="42.597260" lon="2.762960">
        <ele>141.4</ele>
      </trkpt>
      <trkpt lat="42.596300" lon="2.763380">
        <ele>141.8</ele>
      </trkpt>
      <trkpt lat="42.596040" lon="2.763560">
        <ele>141.5</ele>
      </trkpt>
      <trkpt lat="42.595480" lon="2.763800">
        <ele>141.5</ele>
      </trkpt>
      <trkpt lat="42.595020" lon="2.763930">
        <ele>141.9</ele>
      </trkpt>
      <trkpt lat="42.593940" lon="2.763980">
        <ele>138.1</ele>
      </trkpt>
      <trkpt lat="42.592550" lon="2.764490">
        <ele>138.7</ele>
      </trkpt>
      <trkpt lat="42.591990" lon="2.764750">
        <ele>137</ele>
      </trkpt>
      <trkpt lat="42.591540" lon="2.764820">
        <ele>136.5</ele>
      </trkpt>
      <trkpt lat="42.590510" lon="2.765060">
        <ele>134.1</ele>
      </trkpt>
      <trkpt lat="42.590290" lon="2.765060">
        <ele>133.5</ele>
      </trkpt>
      <trkpt lat="42.589810" lon="2.764950">
        <ele>131.7</ele>
      </trkpt>
      <trkpt lat="42.588940" lon="2.764890">
        <ele>133.6</ele>
      </trkpt>
      <trkpt lat="42.588780" lon="2.765000">
        <ele>134.8</ele>
      </trkpt>
      <trkpt lat="42.588480" lon="2.765540">
        <ele>136</ele>
      </trkpt>
      <trkpt lat="42.587990" lon="2.766120">
        <ele>136</ele>
      </trkpt>
      <trkpt lat="42.587620" lon="2.766450">
        <ele>134.9</ele>
      </trkpt>
      <trkpt lat="42.587140" lon="2.766620">
        <ele>136</ele>
      </trkpt>
      <trkpt lat="42.586570" lon="2.767260">
        <ele>133.8</ele>
      </trkpt>
      <trkpt lat="42.585700" lon="2.768370">
        <ele>130.5</ele>
      </trkpt>
      <trkpt lat="42.585490" lon="2.768700">
        <ele>130.5</ele>
      </trkpt>
      <trkpt lat="42.585490" lon="2.768980">
        <ele>130.7</ele>
      </trkpt>
      <trkpt lat="42.585450" lon="2.769240">
        <ele>130</ele>
      </trkpt>
      <trkpt lat="42.585300" lon="2.769510">
        <ele>129.8</ele>
      </trkpt>
      <trkpt lat="42.584340" lon="2.770880">
        <ele>132.2</ele>
      </trkpt>
      <trkpt lat="42.584270" lon="2.771070">
        <ele>133.4</ele>
      </trkpt>
      <trkpt lat="42.584230" lon="2.771730">
        <ele>135.2</ele>
      </trkpt>
      <trkpt lat="42.584070" lon="2.772170">
        <ele>138</ele>
      </trkpt>
      <trkpt lat="42.583780" lon="2.772570">
        <ele>137.2</ele>
      </trkpt>
      <trkpt lat="42.583580" lon="2.772780">
        <ele>134.6</ele>
      </trkpt>
      <trkpt lat="42.583360" lon="2.772810">
        <ele>131.9</ele>
      </trkpt>
      <trkpt lat="42.583140" lon="2.772900">
        <ele>129.9</ele>
      </trkpt>
      <trkpt lat="42.582360" lon="2.773440">
        <ele>127.3</ele>
      </trkpt>
      <trkpt lat="42.582260" lon="2.774540">
        <ele>126.8</ele>
      </trkpt>
      <trkpt lat="42.582120" lon="2.774950">
        <ele>125.5</ele>
      </trkpt>
      <trkpt lat="42.581760" lon="2.775570">
        <ele>129</ele>
      </trkpt>
      <trkpt lat="42.581070" lon="2.777230">
        <ele>135.4</ele>
      </trkpt>
      <trkpt lat="42.581060" lon="2.777470">
        <ele>137.5</ele>
      </trkpt>
      <trkpt lat="42.580900" lon="2.777680">
        <ele>140.8</ele>
      </trkpt>
      <trkpt lat="42.580590" lon="2.778210">
        <ele>142.3</ele>
      </trkpt>
      <trkpt lat="42.580260" lon="2.778650">
        <ele>141</ele>
      </trkpt>
      <trkpt lat="42.580210" lon="2.778630">
        <ele>141</ele>
      </trkpt>
      <trkpt lat="42.579840" lon="2.779170">
        <ele>138.6</ele>
      </trkpt>
      <trkpt lat="42.579100" lon="2.780580">
        <ele>132.1</ele>
      </trkpt>
      <trkpt lat="42.579000" lon="2.780850">
        <ele>130.9</ele>
      </trkpt>
      <trkpt lat="42.578850" lon="2.781950">
        <ele>125.1</ele>
      </trkpt>
      <trkpt lat="42.578890" lon="2.782630">
        <ele>124</ele>
      </trkpt>
      <trkpt lat="42.578870" lon="2.783110">
        <ele>126.5</ele>
      </trkpt>
      <trkpt lat="42.578910" lon="2.783370">
        <ele>128.1</ele>
      </trkpt>
      <trkpt lat="42.578880" lon="2.783770">
        <ele>129.7</ele>
      </trkpt>
      <trkpt lat="42.578730" lon="2.784170">
        <ele>131.7</ele>
      </trkpt>
      <trkpt lat="42.578570" lon="2.784290">
        <ele>132.8</ele>
      </trkpt>
      <trkpt lat="42.578500" lon="2.784300">
        <ele>133.4</ele>
      </trkpt>
      <trkpt lat="42.578220" lon="2.784200">
        <ele>136.2</ele>
      </trkpt>
      <trkpt lat="42.577570" lon="2.784990">
        <ele>144.8</ele>
      </trkpt>
      <trkpt lat="42.577120" lon="2.785310">
        <ele>143.1</ele>
      </trkpt>
      <trkpt lat="42.576210" lon="2.785680">
        <ele>135.4</ele>
      </trkpt>
      <trkpt lat="42.576110" lon="2.785810">
        <ele>134.9</ele>
      </trkpt>
      <trkpt lat="42.576020" lon="2.786130">
        <ele>133.6</ele>
      </trkpt>
      <trkpt lat="42.575620" lon="2.786310">
        <ele>129.5</ele>
      </trkpt>
      <trkpt lat="42.575510" lon="2.786450">
        <ele>129.5</ele>
      </trkpt>
      <trkpt lat="42.575290" lon="2.787040">
        <ele>131.8</ele>
      </trkpt>
      <trkpt lat="42.575350" lon="2.787330">
        <ele>131.3</ele>
      </trkpt>
      <trkpt lat="42.575340" lon="2.787660">
        <ele>133.5</ele>
      </trkpt>
      <trkpt lat="42.575160" lon="2.788250">
        <ele>136.3</ele>
      </trkpt>
      <trkpt lat="42.574950" lon="2.788520">
        <ele>136.9</ele>
      </trkpt>
      <trkpt lat="42.574780" lon="2.788650">
        <ele>136.5</ele>
      </trkpt>
      <trkpt lat="42.574610" lon="2.789650">
        <ele>129.5</ele>
      </trkpt>
      <trkpt lat="42.574550" lon="2.789820">
        <ele>128.4</ele>
      </trkpt>
      <trkpt lat="42.574390" lon="2.789980">
        <ele>128.4</ele>
      </trkpt>
      <trkpt lat="42.574020" lon="2.790080">
        <ele>128</ele>
      </trkpt>
      <trkpt lat="42.572750" lon="2.790660">
        <ele>129.5</ele>
      </trkpt>
      <trkpt lat="42.572290" lon="2.790820">
        <ele>131.4</ele>
      </trkpt>
      <trkpt lat="42.571530" lon="2.791060">
        <ele>132.1</ele>
      </trkpt>
      <trkpt lat="42.571310" lon="2.791210">
        <ele>132.8</ele>
      </trkpt>
      <trkpt lat="42.570700" lon="2.791840">
        <ele>136</ele>
      </trkpt>
      <trkpt lat="42.570230" lon="2.792160">
        <ele>137.8</ele>
      </trkpt>
      <trkpt lat="42.570070" lon="2.792420">
        <ele>138.5</ele>
      </trkpt>
      <trkpt lat="42.569630" lon="2.793510">
        <ele>147.9</ele>
      </trkpt>
      <trkpt lat="42.569590" lon="2.793810">
        <ele>150.4</ele>
      </trkpt>
      <trkpt lat="42.569320" lon="2.794120">
        <ele>151.5</ele>
      </trkpt>
      <trkpt lat="42.569490" lon="2.794710">
        <ele>153.3</ele>
      </trkpt>
      <trkpt lat="42.569890" lon="2.795260">
        <ele>156.4</ele>
      </trkpt>
      <trkpt lat="42.569910" lon="2.795380">
        <ele>156.8</ele>
      </trkpt>
      <trkpt lat="42.569530" lon="2.795760">
        <ele>153.7</ele>
      </trkpt>
      <trkpt lat="42.569400" lon="2.795740">
        <ele>152.3</ele>
      </trkpt>
      <trkpt lat="42.569260" lon="2.795670">
        <ele>151.1</ele>
      </trkpt>
      <trkpt lat="42.569110" lon="2.795760">
        <ele>150.2</ele>
      </trkpt>
      <trkpt lat="42.568360" lon="2.796640">
        <ele>146.9</ele>
      </trkpt>
      <trkpt lat="42.568050" lon="2.796970">
        <ele>144.8</ele>
      </trkpt>
      <trkpt lat="42.567550" lon="2.797600">
        <ele>139.8</ele>
      </trkpt>
      <trkpt lat="42.567380" lon="2.797870">
        <ele>138.3</ele>
      </trkpt>
      <trkpt lat="42.567310" lon="2.798090">
        <ele>136.8</ele>
      </trkpt>
      <trkpt lat="42.567190" lon="2.798440">
        <ele>134.1</ele>
      </trkpt>
      <trkpt lat="42.567060" lon="2.798630">
        <ele>132.3</ele>
      </trkpt>
      <trkpt lat="42.566770" lon="2.798840">
        <ele>130.6</ele>
      </trkpt>
      <trkpt lat="42.566760" lon="2.798880">
        <ele>130.4</ele>
      </trkpt>
      <trkpt lat="42.566810" lon="2.799030">
        <ele>130</ele>
      </trkpt>
      <trkpt lat="42.566750" lon="2.799220">
        <ele>129</ele>
      </trkpt>
      <trkpt lat="42.566340" lon="2.799570">
        <ele>125.6</ele>
      </trkpt>
      <trkpt lat="42.566300" lon="2.799550">
        <ele>125.2</ele>
      </trkpt>
      <trkpt lat="42.566030" lon="2.799130">
        <ele>125.5</ele>
      </trkpt>
      <trkpt lat="42.565860" lon="2.798530">
        <ele>126.4</ele>
      </trkpt>
      <trkpt lat="42.565680" lon="2.798330">
        <ele>127.6</ele>
      </trkpt>
      <trkpt lat="42.564810" lon="2.797900">
        <ele>128.1</ele>
      </trkpt>
      <trkpt lat="42.564320" lon="2.797590">
        <ele>125.4</ele>
      </trkpt>
      <trkpt lat="42.564010" lon="2.797160">
        <ele>123.7</ele>
      </trkpt>
      <trkpt lat="42.563810" lon="2.796960">
        <ele>122.6</ele>
      </trkpt>
      <trkpt lat="42.563600" lon="2.796950">
        <ele>124</ele>
      </trkpt>
      <trkpt lat="42.563490" lon="2.796970">
        <ele>124.4</ele>
      </trkpt>
      <trkpt lat="42.563340" lon="2.797040">
        <ele>125</ele>
      </trkpt>
      <trkpt lat="42.563020" lon="2.797350">
        <ele>126.7</ele>
      </trkpt>
      <trkpt lat="42.562910" lon="2.797340">
        <ele>127.5</ele>
      </trkpt>
      <trkpt lat="42.562640" lon="2.796920">
        <ele>131.3</ele>
      </trkpt>
      <trkpt lat="42.562520" lon="2.796730">
        <ele>131.6</ele>
      </trkpt>
      <trkpt lat="42.562400" lon="2.796620">
        <ele>133</ele>
      </trkpt>
      <trkpt lat="42.562160" lon="2.796470">
        <ele>135.2</ele>
      </trkpt>
      <trkpt lat="42.562000" lon="2.796300">
        <ele>136.2</ele>
      </trkpt>
      <trkpt lat="42.561870" lon="2.796070">
        <ele>136.7</ele>
      </trkpt>
      <trkpt lat="42.561510" lon="2.795610">
        <ele>133.1</ele>
      </trkpt>
      <trkpt lat="42.561270" lon="2.795380">
        <ele>130.4</ele>
      </trkpt>
      <trkpt lat="42.561020" lon="2.795230">
        <ele>129</ele>
      </trkpt>
      <trkpt lat="42.560820" lon="2.795160">
        <ele>128.5</ele>
      </trkpt>
      <trkpt lat="42.560680" lon="2.795020">
        <ele>129</ele>
      </trkpt>
      <trkpt lat="42.560450" lon="2.794030">
        <ele>131.2</ele>
      </trkpt>
      <trkpt lat="42.560350" lon="2.793770">
        <ele>133.2</ele>
      </trkpt>
      <trkpt lat="42.560190" lon="2.793520">
        <ele>135.5</ele>
      </trkpt>
      <trkpt lat="42.559820" lon="2.792450">
        <ele>141</ele>
      </trkpt>
      <trkpt lat="42.559690" lon="2.791920">
        <ele>143.9</ele>
      </trkpt>
      <trkpt lat="42.559260" lon="2.791500">
        <ele>143.2</ele>
      </trkpt>
      <trkpt lat="42.559120" lon="2.791330">
        <ele>143</ele>
      </trkpt>
      <trkpt lat="42.558780" lon="2.791080">
        <ele>141.7</ele>
      </trkpt>
      <trkpt lat="42.558610" lon="2.790920">
        <ele>141.7</ele>
      </trkpt>
      <trkpt lat="42.558210" lon="2.790440">
        <ele>141.2</ele>
      </trkpt>
      <trkpt lat="42.558100" lon="2.790350">
        <ele>140.9</ele>
      </trkpt>
      <trkpt lat="42.557500" lon="2.791250">
        <ele>137</ele>
      </trkpt>
      <trkpt lat="42.557360" lon="2.791480">
        <ele>134.3</ele>
      </trkpt>
      <trkpt lat="42.557290" lon="2.791550">
        <ele>134.1</ele>
      </trkpt>
      <trkpt lat="42.557230" lon="2.791570">
        <ele>134</ele>
      </trkpt>
      <trkpt lat="42.557140" lon="2.791580">
        <ele>134.2</ele>
      </trkpt>
      <trkpt lat="42.557060" lon="2.791540">
        <ele>134.3</ele>
      </trkpt>
      <trkpt lat="42.556950" lon="2.791530">
        <ele>134.5</ele>
      </trkpt>
      <trkpt lat="42.556830" lon="2.791560">
        <ele>135</ele>
      </trkpt>
      <trkpt lat="42.556460" lon="2.791720">
        <ele>136.3</ele>
      </trkpt>
      <trkpt lat="42.556320" lon="2.791840">
        <ele>137.2</ele>
      </trkpt>
      <trkpt lat="42.556120" lon="2.792100">
        <ele>138.6</ele>
      </trkpt>
      <trkpt lat="42.555950" lon="2.792190">
        <ele>139.2</ele>
      </trkpt>
      <trkpt lat="42.555600" lon="2.792280">
        <ele>140.1</ele>
      </trkpt>
      <trkpt lat="42.555400" lon="2.792340">
        <ele>141.8</ele>
      </trkpt>
      <trkpt lat="42.555220" lon="2.792440">
        <ele>142.9</ele>
      </trkpt>
      <trkpt lat="42.554840" lon="2.792770">
        <ele>145.5</ele>
      </trkpt>
      <trkpt lat="42.554760" lon="2.792820">
        <ele>146.7</ele>
      </trkpt>
      <trkpt lat="42.554440" lon="2.792870">
        <ele>148.7</ele>
      </trkpt>
      <trkpt lat="42.554170" lon="2.793070">
        <ele>149.9</ele>
      </trkpt>
      <trkpt lat="42.553810" lon="2.793410">
        <ele>153.7</ele>
      </trkpt>
      <trkpt lat="42.551660" lon="2.795470">
        <ele>163.9</ele>
      </trkpt>
      <trkpt lat="42.551580" lon="2.795510">
        <ele>164.1</ele>
      </trkpt>
      <trkpt lat="42.551440" lon="2.795470">
        <ele>165.3</ele>
      </trkpt>
      <trkpt lat="42.551360" lon="2.795440">
        <ele>166.1</ele>
      </trkpt>
      <trkpt lat="42.551220" lon="2.795510">
        <ele>166.6</ele>
      </trkpt>
      <trkpt lat="42.551050" lon="2.795620">
        <ele>166.6</ele>
      </trkpt>
      <trkpt lat="42.550890" lon="2.795600">
        <ele>167.6</ele>
      </trkpt>
      <trkpt lat="42.550780" lon="2.795560">
        <ele>168.2</ele>
      </trkpt>
      <trkpt lat="42.550610" lon="2.795420">
        <ele>169.4</ele>
      </trkpt>
      <trkpt lat="42.550530" lon="2.795400">
        <ele>169.6</ele>
      </trkpt>
      <trkpt lat="42.550470" lon="2.795420">
        <ele>169.8</ele>
      </trkpt>
      <trkpt lat="42.550390" lon="2.795510">
        <ele>170.2</ele>
      </trkpt>
      <trkpt lat="42.550000" lon="2.796110">
        <ele>172</ele>
      </trkpt>
      <trkpt lat="42.549540" lon="2.796920">
        <ele>175.3</ele>
      </trkpt>
      <trkpt lat="42.549440" lon="2.797070">
        <ele>174.5</ele>
      </trkpt>
      <trkpt lat="42.548630" lon="2.797670">
        <ele>170.1</ele>
      </trkpt>
      <trkpt lat="42.548330" lon="2.797760">
        <ele>167.8</ele>
      </trkpt>
      <trkpt lat="42.548160" lon="2.797860">
        <ele>167.1</ele>
      </trkpt>
      <trkpt lat="42.547840" lon="2.798070">
        <ele>165.5</ele>
      </trkpt>
      <trkpt lat="42.547730" lon="2.798100">
        <ele>165</ele>
      </trkpt>
      <trkpt lat="42.547360" lon="2.798100">
        <ele>163.2</ele>
      </trkpt>
      <trkpt lat="42.547090" lon="2.798190">
        <ele>161.3</ele>
      </trkpt>
      <trkpt lat="42.546640" lon="2.798410">
        <ele>159.4</ele>
      </trkpt>
      <trkpt lat="42.546310" lon="2.798500">
        <ele>158</ele>
      </trkpt>
      <trkpt lat="42.545990" lon="2.798650">
        <ele>156.3</ele>
      </trkpt>
      <trkpt lat="42.545630" lon="2.798850">
        <ele>154.5</ele>
      </trkpt>
      <trkpt lat="42.545100" lon="2.799360">
        <ele>148.3</ele>
      </trkpt>
      <trkpt lat="42.544930" lon="2.799550">
        <ele>145.7</ele>
      </trkpt>
      <trkpt lat="42.544780" lon="2.799670">
        <ele>145.5</ele>
      </trkpt>
      <trkpt lat="42.544750" lon="2.799800">
        <ele>144.6</ele>
      </trkpt>
      <trkpt lat="42.544790" lon="2.800120">
        <ele>139.6</ele>
      </trkpt>
      <trkpt lat="42.544740" lon="2.800290">
        <ele>139.1</ele>
      </trkpt>
      <trkpt lat="42.544540" lon="2.800480">
        <ele>136.6</ele>
      </trkpt>
      <trkpt lat="42.544400" lon="2.800780">
        <ele>134.5</ele>
      </trkpt>
      <trkpt lat="42.544260" lon="2.801170">
        <ele>130.2</ele>
      </trkpt>
      <trkpt lat="42.544160" lon="2.801270">
        <ele>131.3</ele>
      </trkpt>
      <trkpt lat="42.543920" lon="2.801330">
        <ele>129.7</ele>
      </trkpt>
      <trkpt lat="42.543650" lon="2.801530">
        <ele>126.1</ele>
      </trkpt>
      <trkpt lat="42.543500" lon="2.801590">
        <ele>126.2</ele>
      </trkpt>
      <trkpt lat="42.543380" lon="2.801530">
        <ele>127.3</ele>
      </trkpt>
      <trkpt lat="42.543270" lon="2.801290">
        <ele>126</ele>
      </trkpt>
      <trkpt lat="42.543000" lon="2.800530">
        <ele>121.5</ele>
      </trkpt>
      <trkpt lat="42.542920" lon="2.800120">
        <ele>118.2</ele>
      </trkpt>
      <trkpt lat="42.542830" lon="2.800070">
        <ele>117.4</ele>
      </trkpt>
      <trkpt lat="42.542700" lon="2.800210">
        <ele>115.4</ele>
      </trkpt>
      <trkpt lat="42.542500" lon="2.800630">
        <ele>114</ele>
      </trkpt>
      <trkpt lat="42.542480" lon="2.800890">
        <ele>113.6</ele>
      </trkpt>
      <trkpt lat="42.542500" lon="2.801150">
        <ele>113</ele>
      </trkpt>
      <trkpt lat="42.542460" lon="2.801370">
        <ele>112.4</ele>
      </trkpt>
      <trkpt lat="42.542300" lon="2.801650">
        <ele>110.6</ele>
      </trkpt>
      <trkpt lat="42.542070" lon="2.801990">
        <ele>110.2</ele>
      </trkpt>
      <trkpt lat="42.541980" lon="2.802170">
        <ele>111.3</ele>
      </trkpt>
      <trkpt lat="42.541620" lon="2.802970">
        <ele>110.2</ele>
      </trkpt>
      <trkpt lat="42.541540" lon="2.803250">
        <ele>109.7</ele>
      </trkpt>
      <trkpt lat="42.541500" lon="2.803960">
        <ele>108.7</ele>
      </trkpt>
      <trkpt lat="42.541590" lon="2.804120">
        <ele>108.2</ele>
      </trkpt>
      <trkpt lat="42.542540" lon="2.804810">
        <ele>104.5</ele>
      </trkpt>
      <trkpt lat="42.543090" lon="2.805260">
        <ele>103.6</ele>
      </trkpt>
      <trkpt lat="42.543140" lon="2.805500">
        <ele>103.2</ele>
      </trkpt>
      <trkpt lat="42.543130" lon="2.805920">
        <ele>102.6</ele>
      </trkpt>
      <trkpt lat="42.543040" lon="2.806340">
        <ele>100.8</ele>
      </trkpt>
      <trkpt lat="42.542900" lon="2.806720">
        <ele>101.7</ele>
      </trkpt>
      <trkpt lat="42.542530" lon="2.807400">
        <ele>99.9</ele>
      </trkpt>
      <trkpt lat="42.542100" lon="2.807870">
        <ele>99.8</ele>
      </trkpt>
      <trkpt lat="42.541930" lon="2.808230">
        <ele>98.1</ele>
      </trkpt>
      <trkpt lat="42.541900" lon="2.808440">
        <ele>99.7</ele>
      </trkpt>
      <trkpt lat="42.541900" lon="2.808610">
        <ele>99.7</ele>
      </trkpt>
      <trkpt lat="42.541970" lon="2.808810">
        <ele>98.3</ele>
      </trkpt>
      <trkpt lat="42.542080" lon="2.809010">
        <ele>98</ele>
      </trkpt>
      <trkpt lat="42.541890" lon="2.809480">
        <ele>97.2</ele>
      </trkpt>
      <trkpt lat="42.541790" lon="2.809630">
        <ele>97.1</ele>
      </trkpt>
      <trkpt lat="42.541700" lon="2.809680">
        <ele>97.2</ele>
      </trkpt>
      <trkpt lat="42.541400" lon="2.810050">
        <ele>100</ele>
      </trkpt>
      <trkpt lat="42.541290" lon="2.810270">
        <ele>100.6</ele>
      </trkpt>
      <trkpt lat="42.541250" lon="2.810470">
        <ele>101.9</ele>
      </trkpt>
      <trkpt lat="42.541280" lon="2.811300">
        <ele>98.7</ele>
      </trkpt>
      <trkpt lat="42.541200" lon="2.811730">
        <ele>95.5</ele>
      </trkpt>
      <trkpt lat="42.541030" lon="2.812200">
        <ele>94.4</ele>
      </trkpt>
      <trkpt lat="42.540790" lon="2.812580">
        <ele>94.5</ele>
      </trkpt>
      <trkpt lat="42.540690" lon="2.812740">
        <ele>93.5</ele>
      </trkpt>
      <trkpt lat="42.540440" lon="2.813040">
        <ele>95.5</ele>
      </trkpt>
      <trkpt lat="42.540090" lon="2.813660">
        <ele>92</ele>
      </trkpt>
      <trkpt lat="42.540020" lon="2.813550">
        <ele>93</ele>
      </trkpt>
      <trkpt lat="42.540040" lon="2.813280">
        <ele>97.6</ele>
      </trkpt>
      <trkpt lat="42.540110" lon="2.813010">
        <ele>102.8</ele>
      </trkpt>
      <trkpt lat="42.540180" lon="2.812500">
        <ele>108.7</ele>
      </trkpt>
      <trkpt lat="42.540150" lon="2.812180">
        <ele>110.6</ele>
      </trkpt>
      <trkpt lat="42.540090" lon="2.811920">
        <ele>110.7</ele>
      </trkpt>
      <trkpt lat="42.540050" lon="2.811800">
        <ele>110.9</ele>
      </trkpt>
      <trkpt lat="42.539950" lon="2.811740">
        <ele>111.3</ele>
      </trkpt>
      <trkpt lat="42.539810" lon="2.811720">
        <ele>112.9</ele>
      </trkpt>
      <trkpt lat="42.539690" lon="2.811650">
        <ele>113.3</ele>
      </trkpt>
      <trkpt lat="42.539620" lon="2.811430">
        <ele>113.5</ele>
      </trkpt>
      <trkpt lat="42.539630" lon="2.811190">
        <ele>116.6</ele>
      </trkpt>
      <trkpt lat="42.539840" lon="2.810120">
        <ele>129.8</ele>
      </trkpt>
      <trkpt lat="42.539800" lon="2.810070">
        <ele>131.7</ele>
      </trkpt>
      <trkpt lat="42.539130" lon="2.810510">
        <ele>135.2</ele>
      </trkpt>
      <trkpt lat="42.539010" lon="2.810630">
        <ele>134.5</ele>
      </trkpt>
      <trkpt lat="42.538930" lon="2.810630">
        <ele>135.3</ele>
      </trkpt>
      <trkpt lat="42.538810" lon="2.810530">
        <ele>136.2</ele>
      </trkpt>
      <trkpt lat="42.538880" lon="2.810360">
        <ele>139.6</ele>
      </trkpt>
      <trkpt lat="42.539330" lon="2.809910">
        <ele>143.3</ele>
      </trkpt>
      <trkpt lat="42.539470" lon="2.809720">
        <ele>144.7</ele>
      </trkpt>
      <trkpt lat="42.539470" lon="2.809690">
        <ele>144.3</ele>
      </trkpt>
      <trkpt lat="42.539440" lon="2.809660">
        <ele>144.1</ele>
      </trkpt>
      <trkpt lat="42.539300" lon="2.809800">
        <ele>144.7</ele>
      </trkpt>
      <trkpt lat="42.539230" lon="2.809770">
        <ele>145.3</ele>
      </trkpt>
      <trkpt lat="42.537790" lon="2.808260">
        <ele>151.9</ele>
      </trkpt>
      <trkpt lat="42.537620" lon="2.808250">
        <ele>154.1</ele>
      </trkpt>
      <trkpt lat="42.537520" lon="2.808320">
        <ele>155.8</ele>
      </trkpt>
      <trkpt lat="42.537390" lon="2.808460">
        <ele>154.8</ele>
      </trkpt>
      <trkpt lat="42.537270" lon="2.808550">
        <ele>155.6</ele>
      </trkpt>
      <trkpt lat="42.537180" lon="2.808540">
        <ele>156.7</ele>
      </trkpt>
      <trkpt lat="42.537000" lon="2.808380">
        <ele>158.5</ele>
      </trkpt>
      <trkpt lat="42.536850" lon="2.808190">
        <ele>156.8</ele>
      </trkpt>
      <trkpt lat="42.536690" lon="2.807110">
        <ele>163.3</ele>
      </trkpt>
      <trkpt lat="42.536620" lon="2.806900">
        <ele>164.4</ele>
      </trkpt>
      <trkpt lat="42.536170" lon="2.805910">
        <ele>174.9</ele>
      </trkpt>
      <trkpt lat="42.535690" lon="2.805020">
        <ele>174.1</ele>
      </trkpt>
      <trkpt lat="42.535370" lon="2.804350">
        <ele>176.3</ele>
      </trkpt>
      <trkpt lat="42.535250" lon="2.804170">
        <ele>178.2</ele>
      </trkpt>
      <trkpt lat="42.535100" lon="2.804010">
        <ele>180.2</ele>
      </trkpt>
      <trkpt lat="42.534980" lon="2.803820">
        <ele>182.3</ele>
      </trkpt>
      <trkpt lat="42.534600" lon="2.802940">
        <ele>187.2</ele>
      </trkpt>
      <trkpt lat="42.534520" lon="2.802530">
        <ele>188.4</ele>
      </trkpt>
      <trkpt lat="42.534380" lon="2.802310">
        <ele>187.5</ele>
      </trkpt>
      <trkpt lat="42.533810" lon="2.800980">
        <ele>187.4</ele>
      </trkpt>
      <trkpt lat="42.533660" lon="2.800680">
        <ele>188.2</ele>
      </trkpt>
      <trkpt lat="42.533260" lon="2.800070">
        <ele>192.2</ele>
      </trkpt>
      <trkpt lat="42.533100" lon="2.799770">
        <ele>193.8</ele>
      </trkpt>
      <trkpt lat="42.532600" lon="2.799210">
        <ele>194.3</ele>
      </trkpt>
      <trkpt lat="42.532430" lon="2.799080">
        <ele>193.9</ele>
      </trkpt>
      <trkpt lat="42.532200" lon="2.798950">
        <ele>194.1</ele>
      </trkpt>
      <trkpt lat="42.531970" lon="2.798760">
        <ele>192.7</ele>
      </trkpt>
      <trkpt lat="42.531780" lon="2.798550">
        <ele>191.5</ele>
      </trkpt>
      <trkpt lat="42.531470" lon="2.798600">
        <ele>189.4</ele>
      </trkpt>
      <trkpt lat="42.531170" lon="2.798430">
        <ele>189.8</ele>
      </trkpt>
      <trkpt lat="42.530930" lon="2.798040">
        <ele>193.8</ele>
      </trkpt>
      <trkpt lat="42.529670" lon="2.796350">
        <ele>199</ele>
      </trkpt>
      <trkpt lat="42.529260" lon="2.795610">
        <ele>193.6</ele>
      </trkpt>
      <trkpt lat="42.529000" lon="2.795150">
        <ele>196.6</ele>
      </trkpt>
      <trkpt lat="42.528090" lon="2.791850">
        <ele>202.1</ele>
      </trkpt>
      <trkpt lat="42.528080" lon="2.791520">
        <ele>201.6</ele>
      </trkpt>
      <trkpt lat="42.528190" lon="2.791090">
        <ele>199</ele>
      </trkpt>
      <trkpt lat="42.528200" lon="2.790780">
        <ele>198.5</ele>
      </trkpt>
      <trkpt lat="42.528170" lon="2.789500">
        <ele>194.5</ele>
      </trkpt>
      <trkpt lat="42.528210" lon="2.789170">
        <ele>191.9</ele>
      </trkpt>
      <trkpt lat="42.528300" lon="2.788950">
        <ele>192.5</ele>
      </trkpt>
      <trkpt lat="42.528270" lon="2.788850">
        <ele>192.3</ele>
      </trkpt>
      <trkpt lat="42.527720" lon="2.789110">
        <ele>189.6</ele>
      </trkpt>
      <trkpt lat="42.527470" lon="2.789450">
        <ele>188.8</ele>
      </trkpt>
      <trkpt lat="42.527230" lon="2.789550">
        <ele>187.8</ele>
      </trkpt>
      <trkpt lat="42.526970" lon="2.789570">
        <ele>186.6</ele>
      </trkpt>
      <trkpt lat="42.526810" lon="2.789450">
        <ele>186</ele>
      </trkpt>
      <trkpt lat="42.526140" lon="2.788720">
        <ele>186.3</ele>
      </trkpt>
      <trkpt lat="42.525840" lon="2.788490">
        <ele>185.1</ele>
      </trkpt>
      <trkpt lat="42.525790" lon="2.788390">
        <ele>184.3</ele>
      </trkpt>
      <trkpt lat="42.525690" lon="2.787870">
        <ele>183.8</ele>
      </trkpt>
      <trkpt lat="42.525770" lon="2.787440">
        <ele>182</ele>
      </trkpt>
      <trkpt lat="42.525760" lon="2.787220">
        <ele>181.5</ele>
      </trkpt>
      <trkpt lat="42.525620" lon="2.787110">
        <ele>180.8</ele>
      </trkpt>
      <trkpt lat="42.525230" lon="2.787260">
        <ele>180.2</ele>
      </trkpt>
      <trkpt lat="42.525020" lon="2.787210">
        <ele>177.9</ele>
      </trkpt>
      <trkpt lat="42.524750" lon="2.787040">
        <ele>176.8</ele>
      </trkpt>
      <trkpt lat="42.524600" lon="2.786830">
        <ele>175.9</ele>
      </trkpt>
      <trkpt lat="42.524530" lon="2.786490">
        <ele>173.1</ele>
      </trkpt>
      <trkpt lat="42.524580" lon="2.786030">
        <ele>167.7</ele>
      </trkpt>
      <trkpt lat="42.524560" lon="2.785860">
        <ele>167.3</ele>
      </trkpt>
      <trkpt lat="42.524460" lon="2.785780">
        <ele>168.1</ele>
      </trkpt>
      <trkpt lat="42.524070" lon="2.785770">
        <ele>167.4</ele>
      </trkpt>
      <trkpt lat="42.523680" lon="2.785520">
        <ele>162.5</ele>
      </trkpt>
      <trkpt lat="42.523460" lon="2.785490">
        <ele>161</ele>
      </trkpt>
      <trkpt lat="42.523360" lon="2.785520">
        <ele>160.6</ele>
      </trkpt>
      <trkpt lat="42.523200" lon="2.785640">
        <ele>158.9</ele>
      </trkpt>
      <trkpt lat="42.523140" lon="2.785850">
        <ele>157.8</ele>
      </trkpt>
      <trkpt lat="42.523180" lon="2.785980">
        <ele>156.3</ele>
      </trkpt>
      <trkpt lat="42.523350" lon="2.786250">
        <ele>155.5</ele>
      </trkpt>
      <trkpt lat="42.523400" lon="2.786380">
        <ele>155.3</ele>
      </trkpt>
      <trkpt lat="42.523380" lon="2.786680">
        <ele>153.8</ele>
      </trkpt>
      <trkpt lat="42.523330" lon="2.786790">
        <ele>153.3</ele>
      </trkpt>
      <trkpt lat="42.523260" lon="2.786830">
        <ele>152.6</ele>
      </trkpt>
      <trkpt lat="42.522740" lon="2.786860">
        <ele>145.2</ele>
      </trkpt>
      <trkpt lat="42.522310" lon="2.786920">
        <ele>139.7</ele>
      </trkpt>
      <trkpt lat="42.522220" lon="2.786970">
        <ele>139.4</ele>
      </trkpt>
      <trkpt lat="42.521990" lon="2.787290">
        <ele>136.9</ele>
      </trkpt>
      <trkpt lat="42.521700" lon="2.787470">
        <ele>133.7</ele>
      </trkpt>
      <trkpt lat="42.521050" lon="2.788140">
        <ele>123.9</ele>
      </trkpt>
      <trkpt lat="42.520920" lon="2.788210">
        <ele>123</ele>
      </trkpt>
      <trkpt lat="42.520660" lon="2.788270">
        <ele>120.1</ele>
      </trkpt>
      <trkpt lat="42.520460" lon="2.788450">
        <ele>120.1</ele>
      </trkpt>
      <trkpt lat="42.520300" lon="2.788440">
        <ele>118.7</ele>
      </trkpt>
      <trkpt lat="42.519990" lon="2.788000">
        <ele>115.6</ele>
      </trkpt>
      <trkpt lat="42.518800" lon="2.787220">
        <ele>107.7</ele>
      </trkpt>
      <trkpt lat="42.518660" lon="2.787090">
        <ele>111.2</ele>
      </trkpt>
      <trkpt lat="42.518560" lon="2.787050">
        <ele>112.2</ele>
      </trkpt>
      <trkpt lat="42.518120" lon="2.787030">
        <ele>113.6</ele>
      </trkpt>
      <trkpt lat="42.517990" lon="2.786980">
        <ele>114.6</ele>
      </trkpt>
      <trkpt lat="42.517920" lon="2.786930">
        <ele>115.1</ele>
      </trkpt>
      <trkpt lat="42.514890" lon="2.786830">
        <ele>115.4</ele>
      </trkpt>
      <trkpt lat="42.514660" lon="2.786840">
        <ele>115.8</ele>
      </trkpt>
      <trkpt lat="42.514560" lon="2.786960">
        <ele>115.4</ele>
      </trkpt>
      <trkpt lat="42.514380" lon="2.786950">
        <ele>114.8</ele>
      </trkpt>
      <trkpt lat="42.513210" lon="2.787410">
        <ele>113.7</ele>
      </trkpt>
      <trkpt lat="42.512990" lon="2.787650">
        <ele>112.3</ele>
      </trkpt>
      <trkpt lat="42.512880" lon="2.787950">
        <ele>111.1</ele>
      </trkpt>
      <trkpt lat="42.512800" lon="2.788490">
        <ele>109.7</ele>
      </trkpt>
      <trkpt lat="42.512710" lon="2.788690">
        <ele>108.6</ele>
      </trkpt>
      <trkpt lat="42.512300" lon="2.788980">
        <ele>105</ele>
      </trkpt>
      <trkpt lat="42.512170" lon="2.789110">
        <ele>103.1</ele>
      </trkpt>
      <trkpt lat="42.511670" lon="2.789840">
        <ele>105.4</ele>
      </trkpt>
      <trkpt lat="42.511450" lon="2.789970">
        <ele>105.7</ele>
      </trkpt>
      <trkpt lat="42.511390" lon="2.790050">
        <ele>106.2</ele>
      </trkpt>
      <trkpt lat="42.511370" lon="2.790360">
        <ele>107.1</ele>
      </trkpt>
      <trkpt lat="42.510880" lon="2.790970">
        <ele>106</ele>
      </trkpt>
      <trkpt lat="42.510510" lon="2.791220">
        <ele>105</ele>
      </trkpt>
      <trkpt lat="42.509980" lon="2.791810">
        <ele>105.3</ele>
      </trkpt>
      <trkpt lat="42.509910" lon="2.791830">
        <ele>104.7</ele>
      </trkpt>
      <trkpt lat="42.509770" lon="2.791940">
        <ele>104.3</ele>
      </trkpt>
      <trkpt lat="42.509490" lon="2.792260">
        <ele>103.6</ele>
      </trkpt>
      <trkpt lat="42.508830" lon="2.793170">
        <ele>103.1</ele>
      </trkpt>
      <trkpt lat="42.508640" lon="2.793260">
        <ele>102.1</ele>
      </trkpt>
      <trkpt lat="42.506670" lon="2.792890">
        <ele>93.6</ele>
      </trkpt>
      <trkpt lat="42.506500" lon="2.792890">
        <ele>94</ele>
      </trkpt>
      <trkpt lat="42.506260" lon="2.793060">
        <ele>95</ele>
      </trkpt>
      <trkpt lat="42.504670" lon="2.795630">
        <ele>91.8</ele>
      </trkpt>
      <trkpt lat="42.504580" lon="2.795860">
        <ele>93</ele>
      </trkpt>
      <trkpt lat="42.504520" lon="2.796110">
        <ele>93.5</ele>
      </trkpt>
      <trkpt lat="42.504310" lon="2.797320">
        <ele>100.6</ele>
      </trkpt>
      <trkpt lat="42.504250" lon="2.798070">
        <ele>106.7</ele>
      </trkpt>
      <trkpt lat="42.504310" lon="2.798440">
        <ele>108.9</ele>
      </trkpt>
      <trkpt lat="42.504440" lon="2.798560">
        <ele>107.7</ele>
      </trkpt>
      <trkpt lat="42.504700" lon="2.798650">
        <ele>109.3</ele>
      </trkpt>
      <trkpt lat="42.504860" lon="2.798830">
        <ele>110.3</ele>
      </trkpt>
      <trkpt lat="42.504840" lon="2.799060">
        <ele>110.9</ele>
      </trkpt>
      <trkpt lat="42.504760" lon="2.799150">
        <ele>111.7</ele>
      </trkpt>
      <trkpt lat="42.504650" lon="2.799170">
        <ele>112.3</ele>
      </trkpt>
      <trkpt lat="42.504490" lon="2.799130">
        <ele>112.7</ele>
      </trkpt>
      <trkpt lat="42.504310" lon="2.798920">
        <ele>113</ele>
      </trkpt>
      <trkpt lat="42.503970" lon="2.798040">
        <ele>114.1</ele>
      </trkpt>
      <trkpt lat="42.503790" lon="2.797980">
        <ele>115</ele>
      </trkpt>
      <trkpt lat="42.503650" lon="2.798000">
        <ele>115</ele>
      </trkpt>
      <trkpt lat="42.502730" lon="2.798320">
        <ele>116</ele>
      </trkpt>
      <trkpt lat="42.501510" lon="2.798320">
        <ele>117.5</ele>
      </trkpt>
      <trkpt lat="42.500480" lon="2.798210">
        <ele>119.2</ele>
      </trkpt>
      <trkpt lat="42.499660" lon="2.798500">
        <ele>120.5</ele>
      </trkpt>
      <trkpt lat="42.499190" lon="2.798610">
        <ele>121</ele>
      </trkpt>
      <trkpt lat="42.498890" lon="2.798790">
        <ele>122</ele>
      </trkpt>
      <trkpt lat="42.498550" lon="2.799090">
        <ele>122</ele>
      </trkpt>
      <trkpt lat="42.495450" lon="2.801110">
        <ele>127</ele>
      </trkpt>
      <trkpt lat="42.493010" lon="2.802170">
        <ele>131.3</ele>
      </trkpt>
      <trkpt lat="42.492550" lon="2.802280">
        <ele>132</ele>
      </trkpt>
      <trkpt lat="42.491920" lon="2.802270">
        <ele>132.9</ele>
      </trkpt>
      <trkpt lat="42.491550" lon="2.802200">
        <ele>133.6</ele>
      </trkpt>
      <trkpt lat="42.490880" lon="2.802000">
        <ele>132.2</ele>
      </trkpt>
      <trkpt lat="42.490710" lon="2.802080">
        <ele>130.2</ele>
      </trkpt>
      <trkpt lat="42.490640" lon="2.802220">
        <ele>128.4</ele>
      </trkpt>
      <trkpt lat="42.490480" lon="2.802780">
        <ele>124</ele>
      </trkpt>
      <trkpt lat="42.490350" lon="2.802800">
        <ele>123.9</ele>
      </trkpt>
      <trkpt lat="42.490250" lon="2.802700">
        <ele>124.5</ele>
      </trkpt>
      <trkpt lat="42.490140" lon="2.802740">
        <ele>123.9</ele>
      </trkpt>
      <trkpt lat="42.490120" lon="2.802930">
        <ele>122</ele>
      </trkpt>
      <trkpt lat="42.490060" lon="2.803170">
        <ele>119.5</ele>
      </trkpt>
      <trkpt lat="42.489450" lon="2.805340">
        <ele>115.4</ele>
      </trkpt>
      <trkpt lat="42.489380" lon="2.805740">
        <ele>116.5</ele>
      </trkpt>
      <trkpt lat="42.489450" lon="2.805880">
        <ele>117.7</ele>
      </trkpt>
      <trkpt lat="42.489540" lon="2.805920">
        <ele>120.7</ele>
      </trkpt>
      <trkpt lat="42.489470" lon="2.806380">
        <ele>126.1</ele>
      </trkpt>
      <trkpt lat="42.489500" lon="2.806460">
        <ele>127.2</ele>
      </trkpt>
      <trkpt lat="42.489800" lon="2.806630">
        <ele>129</ele>
      </trkpt>
      <trkpt lat="42.489770" lon="2.806950">
        <ele>129.9</ele>
      </trkpt>
      <trkpt lat="42.489580" lon="2.806890">
        <ele>130.2</ele>
      </trkpt>
      <trkpt lat="42.489250" lon="2.806700">
        <ele>130.5</ele>
      </trkpt>
      <trkpt lat="42.489030" lon="2.806750">
        <ele>131.1</ele>
      </trkpt>
      <trkpt lat="42.488740" lon="2.806910">
        <ele>132.1</ele>
      </trkpt>
      <trkpt lat="42.488450" lon="2.807030">
        <ele>132.6</ele>
      </trkpt>
      <trkpt lat="42.488020" lon="2.807090">
        <ele>134.1</ele>
      </trkpt>
      <trkpt lat="42.487730" lon="2.807230">
        <ele>135</ele>
      </trkpt>
      <trkpt lat="42.486340" lon="2.807850">
        <ele>139.8</ele>
      </trkpt>
      <trkpt lat="42.486180" lon="2.807840">
        <ele>139.8</ele>
      </trkpt>
      <trkpt lat="42.486020" lon="2.808000">
        <ele>142.6</ele>
      </trkpt>
      <trkpt lat="42.485890" lon="2.808040">
        <ele>143.6</ele>
      </trkpt>
      <trkpt lat="42.485700" lon="2.808200">
        <ele>146.3</ele>
      </trkpt>
      <trkpt lat="42.485670" lon="2.808300">
        <ele>147.4</ele>
      </trkpt>
      <trkpt lat="42.485580" lon="2.808410">
        <ele>149.2</ele>
      </trkpt>
      <trkpt lat="42.485190" lon="2.808680">
        <ele>157.3</ele>
      </trkpt>
      <trkpt lat="42.484910" lon="2.808790">
        <ele>161.5</ele>
      </trkpt>
      <trkpt lat="42.484680" lon="2.808950">
        <ele>164.7</ele>
      </trkpt>
      <trkpt lat="42.484500" lon="2.809270">
        <ele>170.3</ele>
      </trkpt>
      <trkpt lat="42.484190" lon="2.809620">
        <ele>174.4</ele>
      </trkpt>
      <trkpt lat="42.483870" lon="2.810110">
        <ele>181.7</ele>
      </trkpt>
      <trkpt lat="42.483790" lon="2.810360">
        <ele>188.1</ele>
      </trkpt>
      <trkpt lat="42.483670" lon="2.810390">
        <ele>189.3</ele>
      </trkpt>
      <trkpt lat="42.483640" lon="2.810140">
        <ele>187.8</ele>
      </trkpt>
      <trkpt lat="42.483660" lon="2.809870">
        <ele>187.5</ele>
      </trkpt>
      <trkpt lat="42.483630" lon="2.809760">
        <ele>189.1</ele>
      </trkpt>
      <trkpt lat="42.483540" lon="2.809690">
        <ele>190.1</ele>
      </trkpt>
      <trkpt lat="42.482700" lon="2.809790">
        <ele>198.1</ele>
      </trkpt>
      <trkpt lat="42.482160" lon="2.809770">
        <ele>203.3</ele>
      </trkpt>
      <trkpt lat="42.482010" lon="2.809800">
        <ele>203.8</ele>
      </trkpt>
      <trkpt lat="42.481900" lon="2.809890">
        <ele>205.3</ele>
      </trkpt>
      <trkpt lat="42.481650" lon="2.810210">
        <ele>209</ele>
      </trkpt>
      <trkpt lat="42.481540" lon="2.810300">
        <ele>210.6</ele>
      </trkpt>
      <trkpt lat="42.481130" lon="2.810360">
        <ele>214.9</ele>
      </trkpt>
      <trkpt lat="42.480990" lon="2.810420">
        <ele>214.6</ele>
      </trkpt>
      <trkpt lat="42.480930" lon="2.810500">
        <ele>215.9</ele>
      </trkpt>
      <trkpt lat="42.480910" lon="2.810700">
        <ele>216.6</ele>
      </trkpt>
      <trkpt lat="42.481050" lon="2.810950">
        <ele>220.6</ele>
      </trkpt>
      <trkpt lat="42.481070" lon="2.811040">
        <ele>221.4</ele>
      </trkpt>
      <trkpt lat="42.481050" lon="2.811210">
        <ele>222.5</ele>
      </trkpt>
      <trkpt lat="42.480990" lon="2.811350">
        <ele>223.5</ele>
      </trkpt>
      <trkpt lat="42.480840" lon="2.811550">
        <ele>226.8</ele>
      </trkpt>
      <trkpt lat="42.480780" lon="2.811580">
        <ele>227.8</ele>
      </trkpt>
      <trkpt lat="42.480420" lon="2.811630">
        <ele>231.2</ele>
      </trkpt>
      <trkpt lat="42.480310" lon="2.811680">
        <ele>233.2</ele>
      </trkpt>
      <trkpt lat="42.480120" lon="2.811870">
        <ele>235.4</ele>
      </trkpt>
      <trkpt lat="42.479960" lon="2.812490">
        <ele>237.7</ele>
      </trkpt>
      <trkpt lat="42.479890" lon="2.812700">
        <ele>240.4</ele>
      </trkpt>
      <trkpt lat="42.479650" lon="2.813130">
        <ele>243.3</ele>
      </trkpt>
      <trkpt lat="42.479030" lon="2.813930">
        <ele>248.8</ele>
      </trkpt>
      <trkpt lat="42.478890" lon="2.814170">
        <ele>251.1</ele>
      </trkpt>
      <trkpt lat="42.478850" lon="2.814440">
        <ele>252.7</ele>
      </trkpt>
      <trkpt lat="42.478780" lon="2.814670">
        <ele>255.3</ele>
      </trkpt>
      <trkpt lat="42.478670" lon="2.814860">
        <ele>255.2</ele>
      </trkpt>
      <trkpt lat="42.478540" lon="2.815030">
        <ele>254.3</ele>
      </trkpt>
      <trkpt lat="42.478410" lon="2.815460">
        <ele>256.3</ele>
      </trkpt>
      <trkpt lat="42.478350" lon="2.815920">
        <ele>258.4</ele>
      </trkpt>
      <trkpt lat="42.478400" lon="2.816170">
        <ele>258.5</ele>
      </trkpt>
      <trkpt lat="42.478450" lon="2.816300">
        <ele>257.7</ele>
      </trkpt>
      <trkpt lat="42.478630" lon="2.816610">
        <ele>258.3</ele>
      </trkpt>
      <trkpt lat="42.478630" lon="2.816760">
        <ele>258.1</ele>
      </trkpt>
      <trkpt lat="42.478500" lon="2.816900">
        <ele>258.4</ele>
      </trkpt>
      <trkpt lat="42.478210" lon="2.817000">
        <ele>259.7</ele>
      </trkpt>
      <trkpt lat="42.478100" lon="2.817070">
        <ele>260.5</ele>
      </trkpt>
      <trkpt lat="42.477980" lon="2.817280">
        <ele>262.3</ele>
      </trkpt>
      <trkpt lat="42.477970" lon="2.817530">
        <ele>262.5</ele>
      </trkpt>
      <trkpt lat="42.478010" lon="2.817670">
        <ele>261.6</ele>
      </trkpt>
      <trkpt lat="42.478300" lon="2.817950">
        <ele>259</ele>
      </trkpt>
      <trkpt lat="42.478340" lon="2.818130">
        <ele>258.4</ele>
      </trkpt>
      <trkpt lat="42.478270" lon="2.818490">
        <ele>258.8</ele>
      </trkpt>
      <trkpt lat="42.478250" lon="2.818740">
        <ele>259.3</ele>
      </trkpt>
      <trkpt lat="42.478290" lon="2.819440">
        <ele>257.1</ele>
      </trkpt>
      <trkpt lat="42.478330" lon="2.819680">
        <ele>255.3</ele>
      </trkpt>
      <trkpt lat="42.478430" lon="2.819860">
        <ele>253.7</ele>
      </trkpt>
      <trkpt lat="42.478520" lon="2.819910">
        <ele>253.6</ele>
      </trkpt>
      <trkpt lat="42.478680" lon="2.819970">
        <ele>255.1</ele>
      </trkpt>
      <trkpt lat="42.478760" lon="2.820370">
        <ele>255.4</ele>
      </trkpt>
      <trkpt lat="42.478770" lon="2.820540">
        <ele>255.6</ele>
      </trkpt>
      <trkpt lat="42.478820" lon="2.820660">
        <ele>256.5</ele>
      </trkpt>
      <trkpt lat="42.478990" lon="2.820800">
        <ele>258.4</ele>
      </trkpt>
      <trkpt lat="42.479130" lon="2.820880">
        <ele>259.5</ele>
      </trkpt>
      <trkpt lat="42.479540" lon="2.821030">
        <ele>265.5</ele>
      </trkpt>
      <trkpt lat="42.479650" lon="2.821130">
        <ele>266.6</ele>
      </trkpt>
      <trkpt lat="42.479720" lon="2.821320">
        <ele>268.5</ele>
      </trkpt>
      <trkpt lat="42.479740" lon="2.821580">
        <ele>270.4</ele>
      </trkpt>
      <trkpt lat="42.479620" lon="2.822060">
        <ele>272.9</ele>
      </trkpt>
      <trkpt lat="42.479490" lon="2.822480">
        <ele>274.4</ele>
      </trkpt>
      <trkpt lat="42.479520" lon="2.822770">
        <ele>275.9</ele>
      </trkpt>
      <trkpt lat="42.479630" lon="2.823300">
        <ele>277.6</ele>
      </trkpt>
      <trkpt lat="42.479570" lon="2.824370">
        <ele>272.8</ele>
      </trkpt>
      <trkpt lat="42.479440" lon="2.824770">
        <ele>271.5</ele>
      </trkpt>
      <trkpt lat="42.478900" lon="2.825070">
        <ele>275.7</ele>
      </trkpt>
      <trkpt lat="42.478730" lon="2.825280">
        <ele>278.6</ele>
      </trkpt>
      <trkpt lat="42.478100" lon="2.825390">
        <ele>283.8</ele>
      </trkpt>
      <trkpt lat="42.478030" lon="2.825590">
        <ele>286</ele>
      </trkpt>
      <trkpt lat="42.478120" lon="2.825920">
        <ele>289.1</ele>
      </trkpt>
      <trkpt lat="42.478130" lon="2.826480">
        <ele>296.7</ele>
      </trkpt>
      <trkpt lat="42.477810" lon="2.826710">
        <ele>296.4</ele>
      </trkpt>
      <trkpt lat="42.477510" lon="2.827060">
        <ele>298.7</ele>
      </trkpt>
      <trkpt lat="42.477310" lon="2.826580">
        <ele>296.2</ele>
      </trkpt>
      <trkpt lat="42.477130" lon="2.826510">
        <ele>297.9</ele>
      </trkpt>
      <trkpt lat="42.476990" lon="2.826530">
        <ele>298.5</ele>
      </trkpt>
      <trkpt lat="42.476820" lon="2.826700">
        <ele>300</ele>
      </trkpt>
      <trkpt lat="42.476660" lon="2.826730">
        <ele>298.7</ele>
      </trkpt>
      <trkpt lat="42.476260" lon="2.826630">
        <ele>298.3</ele>
      </trkpt>
      <trkpt lat="42.476150" lon="2.826490">
        <ele>297.8</ele>
      </trkpt>
      <trkpt lat="42.476250" lon="2.826120">
        <ele>297</ele>
      </trkpt>
      <trkpt lat="42.476280" lon="2.825900">
        <ele>296.2</ele>
      </trkpt>
      <trkpt lat="42.476050" lon="2.825400">
        <ele>295.8</ele>
      </trkpt>
      <trkpt lat="42.475980" lon="2.825150">
        <ele>293.2</ele>
      </trkpt>
      <trkpt lat="42.475820" lon="2.824920">
        <ele>292.9</ele>
      </trkpt>
      <trkpt lat="42.475630" lon="2.824230">
        <ele>293.4</ele>
      </trkpt>
      <trkpt lat="42.475560" lon="2.824150">
        <ele>293.7</ele>
      </trkpt>
      <trkpt lat="42.475530" lon="2.824110">
        <ele>293.7</ele>
      </trkpt>
      <trkpt lat="42.475340" lon="2.824070">
        <ele>294.7</ele>
      </trkpt>
      <trkpt lat="42.475180" lon="2.823880">
        <ele>294.7</ele>
      </trkpt>
      <trkpt lat="42.474960" lon="2.823500">
        <ele>293.2</ele>
      </trkpt>
      <trkpt lat="42.474700" lon="2.823380">
        <ele>292.8</ele>
      </trkpt>
      <trkpt lat="42.474420" lon="2.823430">
        <ele>291.1</ele>
      </trkpt>
      <trkpt lat="42.474100" lon="2.823570">
        <ele>290.8</ele>
      </trkpt>
      <trkpt lat="42.473920" lon="2.823590">
        <ele>290.4</ele>
      </trkpt>
      <trkpt lat="42.473730" lon="2.823520">
        <ele>289.1</ele>
      </trkpt>
      <trkpt lat="42.473530" lon="2.823540">
        <ele>290</ele>
      </trkpt>
      <trkpt lat="42.473110" lon="2.823710">
        <ele>291.8</ele>
      </trkpt>
      <trkpt lat="42.472840" lon="2.824190">
        <ele>292.5</ele>
      </trkpt>
      <trkpt lat="42.472660" lon="2.824390">
        <ele>293</ele>
      </trkpt>
      <trkpt lat="42.472430" lon="2.824770">
        <ele>295.8</ele>
      </trkpt>
      <trkpt lat="42.472340" lon="2.824990">
        <ele>297.1</ele>
      </trkpt>
      <trkpt lat="42.472360" lon="2.825360">
        <ele>302</ele>
      </trkpt>
      <trkpt lat="42.472270" lon="2.825560">
        <ele>302.2</ele>
      </trkpt>
      <trkpt lat="42.472060" lon="2.825520">
        <ele>302.8</ele>
      </trkpt>
      <trkpt lat="42.471770" lon="2.825610">
        <ele>305.4</ele>
      </trkpt>
      <trkpt lat="42.471220" lon="2.826000">
        <ele>306.7</ele>
      </trkpt>
      <trkpt lat="42.471000" lon="2.826010">
        <ele>306</ele>
      </trkpt>
      <trkpt lat="42.470910" lon="2.825870">
        <ele>305.7</ele>
      </trkpt>
      <trkpt lat="42.470870" lon="2.825690">
        <ele>307.4</ele>
      </trkpt>
      <trkpt lat="42.470590" lon="2.825550">
        <ele>306.4</ele>
      </trkpt>
      <trkpt lat="42.470370" lon="2.825530">
        <ele>307.2</ele>
      </trkpt>
      <trkpt lat="42.470210" lon="2.825640">
        <ele>306.9</ele>
      </trkpt>
      <trkpt lat="42.470130" lon="2.825750">
        <ele>306.1</ele>
      </trkpt>
      <trkpt lat="42.469950" lon="2.825910">
        <ele>304.1</ele>
      </trkpt>
      <trkpt lat="42.469780" lon="2.825960">
        <ele>302.5</ele>
      </trkpt>
      <trkpt lat="42.469310" lon="2.825830">
        <ele>302.1</ele>
      </trkpt>
      <trkpt lat="42.469220" lon="2.825680">
        <ele>300.9</ele>
      </trkpt>
      <trkpt lat="42.469270" lon="2.825550">
        <ele>301.8</ele>
      </trkpt>
      <trkpt lat="42.469470" lon="2.825250">
        <ele>300.2</ele>
      </trkpt>
      <trkpt lat="42.469620" lon="2.824860">
        <ele>299.1</ele>
      </trkpt>
      <trkpt lat="42.469600" lon="2.824690">
        <ele>298</ele>
      </trkpt>
      <trkpt lat="42.469420" lon="2.824440">
        <ele>297.7</ele>
      </trkpt>
      <trkpt lat="42.469050" lon="2.824120">
        <ele>299</ele>
      </trkpt>
      <trkpt lat="42.468770" lon="2.823800">
        <ele>302</ele>
      </trkpt>
      <trkpt lat="42.468570" lon="2.823650">
        <ele>303.4</ele>
      </trkpt>
      <trkpt lat="42.468490" lon="2.823430">
        <ele>304</ele>
      </trkpt>
      <trkpt lat="42.468410" lon="2.823180">
        <ele>303.7</ele>
      </trkpt>
      <trkpt lat="42.468260" lon="2.823080">
        <ele>303.4</ele>
      </trkpt>
      <trkpt lat="42.468060" lon="2.823070">
        <ele>303.1</ele>
      </trkpt>
      <trkpt lat="42.467860" lon="2.822930">
        <ele>304.1</ele>
      </trkpt>
      <trkpt lat="42.467770" lon="2.822750">
        <ele>304.4</ele>
      </trkpt>
      <trkpt lat="42.467600" lon="2.822810">
        <ele>306.1</ele>
      </trkpt>
      <trkpt lat="42.467230" lon="2.822900">
        <ele>308</ele>
      </trkpt>
      <trkpt lat="42.466750" lon="2.822760">
        <ele>309.1</ele>
      </trkpt>
      <trkpt lat="42.466630" lon="2.822620">
        <ele>309.2</ele>
      </trkpt>
      <trkpt lat="42.466480" lon="2.822410">
        <ele>308.7</ele>
      </trkpt>
      <trkpt lat="42.466390" lon="2.822340">
        <ele>308.7</ele>
      </trkpt>
      <trkpt lat="42.466280" lon="2.822320">
        <ele>308.7</ele>
      </trkpt>
      <trkpt lat="42.465710" lon="2.822420">
        <ele>308.6</ele>
      </trkpt>
      <trkpt lat="42.465440" lon="2.822440">
        <ele>309.3</ele>
      </trkpt>
      <trkpt lat="42.465330" lon="2.822380">
        <ele>309.7</ele>
      </trkpt>
      <trkpt lat="42.465160" lon="2.822020">
        <ele>309.1</ele>
      </trkpt>
      <trkpt lat="42.465020" lon="2.821840">
        <ele>308.5</ele>
      </trkpt>
      <trkpt lat="42.464900" lon="2.821750">
        <ele>309.8</ele>
      </trkpt>
      <trkpt lat="42.464760" lon="2.821780">
        <ele>307.2</ele>
      </trkpt>
      <trkpt lat="42.464440" lon="2.822070">
        <ele>303</ele>
      </trkpt>
      <trkpt lat="42.464320" lon="2.822080">
        <ele>302.2</ele>
      </trkpt>
      <trkpt lat="42.464080" lon="2.821950">
        <ele>303.7</ele>
      </trkpt>
      <trkpt lat="42.463800" lon="2.822040">
        <ele>305.4</ele>
      </trkpt>
      <trkpt lat="42.463730" lon="2.821970">
        <ele>306.6</ele>
      </trkpt>
      <trkpt lat="42.463600" lon="2.821690">
        <ele>306.9</ele>
      </trkpt>
      <trkpt lat="42.463220" lon="2.821010">
        <ele>315.3</ele>
      </trkpt>
      <trkpt lat="42.463050" lon="2.820630">
        <ele>318.8</ele>
      </trkpt>
      <trkpt lat="42.462930" lon="2.820260">
        <ele>323.2</ele>
      </trkpt>
      <trkpt lat="42.462770" lon="2.820040">
        <ele>327</ele>
      </trkpt>
      <trkpt lat="42.462750" lon="2.819940">
        <ele>327.6</ele>
      </trkpt>
      <trkpt lat="42.462760" lon="2.819870">
        <ele>328.3</ele>
      </trkpt>
      <trkpt lat="42.462880" lon="2.819750">
        <ele>326</ele>
      </trkpt>
      <trkpt lat="42.462910" lon="2.819600">
        <ele>325.9</ele>
      </trkpt>
      <trkpt lat="42.462900" lon="2.819510">
        <ele>326.7</ele>
      </trkpt>
      <trkpt lat="42.462850" lon="2.819420">
        <ele>328.2</ele>
      </trkpt>
      <trkpt lat="42.462670" lon="2.819310">
        <ele>330</ele>
      </trkpt>
      <trkpt lat="42.462570" lon="2.819320">
        <ele>331.9</ele>
      </trkpt>
      <trkpt lat="42.462520" lon="2.819480">
        <ele>333.7</ele>
      </trkpt>
      <trkpt lat="42.462330" lon="2.819640">
        <ele>336.6</ele>
      </trkpt>
      <trkpt lat="42.462270" lon="2.819700">
        <ele>337.9</ele>
      </trkpt>
      <trkpt lat="42.462230" lon="2.819840">
        <ele>340.1</ele>
      </trkpt>
      <trkpt lat="42.462180" lon="2.819970">
        <ele>342.3</ele>
      </trkpt>
      <trkpt lat="42.462280" lon="2.820130">
        <ele>342.3</ele>
      </trkpt>
      <trkpt lat="42.462480" lon="2.820910">
        <ele>346.5</ele>
      </trkpt>
      <trkpt lat="42.462500" lon="2.821420">
        <ele>348.2</ele>
      </trkpt>
      <trkpt lat="42.462530" lon="2.821630">
        <ele>348.5</ele>
      </trkpt>
      <trkpt lat="42.462700" lon="2.821960">
        <ele>347.8</ele>
      </trkpt>
      <trkpt lat="42.462780" lon="2.822360">
        <ele>347.9</ele>
      </trkpt>
      <trkpt lat="42.462870" lon="2.822550">
        <ele>349</ele>
      </trkpt>
      <trkpt lat="42.463250" lon="2.822950">
        <ele>349.9</ele>
      </trkpt>
      <trkpt lat="42.463310" lon="2.823110">
        <ele>350.9</ele>
      </trkpt>
      <trkpt lat="42.463320" lon="2.823270">
        <ele>351.2</ele>
      </trkpt>
      <trkpt lat="42.463310" lon="2.823840">
        <ele>350.8</ele>
      </trkpt>
      <trkpt lat="42.463240" lon="2.824310">
        <ele>352.4</ele>
      </trkpt>
      <trkpt lat="42.463330" lon="2.824820">
        <ele>349.7</ele>
      </trkpt>
      <trkpt lat="42.463330" lon="2.825020">
        <ele>348.8</ele>
      </trkpt>
      <trkpt lat="42.463270" lon="2.825170">
        <ele>347.3</ele>
      </trkpt>
      <trkpt lat="42.463190" lon="2.825220">
        <ele>347</ele>
      </trkpt>
      <trkpt lat="42.462950" lon="2.825280">
        <ele>346.8</ele>
      </trkpt>
      <trkpt lat="42.462920" lon="2.825340">
        <ele>347.7</ele>
      </trkpt>
      <trkpt lat="42.462960" lon="2.825460">
        <ele>348.3</ele>
      </trkpt>
      <trkpt lat="42.463130" lon="2.825680">
        <ele>346</ele>
      </trkpt>
      <trkpt lat="42.463160" lon="2.825820">
        <ele>347.1</ele>
      </trkpt>
      <trkpt lat="42.463130" lon="2.826110">
        <ele>346.3</ele>
      </trkpt>
      <trkpt lat="42.463110" lon="2.826500">
        <ele>344.2</ele>
      </trkpt>
      <trkpt lat="42.463040" lon="2.826630">
        <ele>344.7</ele>
      </trkpt>
      <trkpt lat="42.462880" lon="2.826730">
        <ele>344</ele>
      </trkpt>
      <trkpt lat="42.462650" lon="2.826800">
        <ele>344.5</ele>
      </trkpt>
      <trkpt lat="42.462450" lon="2.826940">
        <ele>341.4</ele>
      </trkpt>
      <trkpt lat="42.462030" lon="2.827090">
        <ele>338.3</ele>
      </trkpt>
      <trkpt lat="42.461860" lon="2.827250">
        <ele>335.8</ele>
      </trkpt>
      <trkpt lat="42.461780" lon="2.827440">
        <ele>335.9</ele>
      </trkpt>
      <trkpt lat="42.461790" lon="2.827860">
        <ele>335.6</ele>
      </trkpt>
      <trkpt lat="42.461840" lon="2.828040">
        <ele>334</ele>
      </trkpt>
      <trkpt lat="42.461910" lon="2.828050">
        <ele>332</ele>
      </trkpt>
      <trkpt lat="42.462010" lon="2.827810">
        <ele>330.8</ele>
      </trkpt>
      <trkpt lat="42.462140" lon="2.827710">
        <ele>331.2</ele>
      </trkpt>
      <trkpt lat="42.462310" lon="2.827700">
        <ele>330.7</ele>
      </trkpt>
      <trkpt lat="42.462700" lon="2.827970">
        <ele>333.5</ele>
      </trkpt>
      <trkpt lat="42.462760" lon="2.828130">
        <ele>335.3</ele>
      </trkpt>
      <trkpt lat="42.462720" lon="2.828670">
        <ele>338</ele>
      </trkpt>
      <trkpt lat="42.462810" lon="2.829240">
        <ele>341</ele>
      </trkpt>
      <trkpt lat="42.462920" lon="2.829530">
        <ele>341.2</ele>
      </trkpt>
      <trkpt lat="42.462860" lon="2.829770">
        <ele>345.1</ele>
      </trkpt>
      <trkpt lat="42.462880" lon="2.829920">
        <ele>346.6</ele>
      </trkpt>
      <trkpt lat="42.462990" lon="2.830000">
        <ele>344.9</ele>
      </trkpt>
      <trkpt lat="42.463270" lon="2.830110">
        <ele>344.1</ele>
      </trkpt>
      <trkpt lat="42.463330" lon="2.830240">
        <ele>345.5</ele>
      </trkpt>
      <trkpt lat="42.463330" lon="2.830340">
        <ele>345</ele>
      </trkpt>
      <trkpt lat="42.463290" lon="2.830500">
        <ele>343.7</ele>
      </trkpt>
      <trkpt lat="42.463160" lon="2.830770">
        <ele>342.7</ele>
      </trkpt>
      <trkpt lat="42.463140" lon="2.830940">
        <ele>342.7</ele>
      </trkpt>
      <trkpt lat="42.463230" lon="2.831220">
        <ele>338.2</ele>
      </trkpt>
      <trkpt lat="42.463210" lon="2.831420">
        <ele>337.6</ele>
      </trkpt>
      <trkpt lat="42.463160" lon="2.831690">
        <ele>336.3</ele>
      </trkpt>
      <trkpt lat="42.463150" lon="2.832040">
        <ele>335.9</ele>
      </trkpt>
      <trkpt lat="42.463100" lon="2.832250">
        <ele>335.1</ele>
      </trkpt>
      <trkpt lat="42.462990" lon="2.832520">
        <ele>333.2</ele>
      </trkpt>
      <trkpt lat="42.463000" lon="2.832610">
        <ele>334.3</ele>
      </trkpt>
      <trkpt lat="42.463110" lon="2.832850">
        <ele>333.9</ele>
      </trkpt>
      <trkpt lat="42.463160" lon="2.833090">
        <ele>336.8</ele>
      </trkpt>
      <trkpt lat="42.463200" lon="2.833170">
        <ele>337.7</ele>
      </trkpt>
      <trkpt lat="42.463270" lon="2.833200">
        <ele>337.1</ele>
      </trkpt>
      <trkpt lat="42.463320" lon="2.833140">
        <ele>335</ele>
      </trkpt>
      <trkpt lat="42.463440" lon="2.832880">
        <ele>335.3</ele>
      </trkpt>
      <trkpt lat="42.463700" lon="2.832560">
        <ele>338.5</ele>
      </trkpt>
      <trkpt lat="42.464030" lon="2.832080">
        <ele>338.3</ele>
      </trkpt>
      <trkpt lat="42.464190" lon="2.832040">
        <ele>340</ele>
      </trkpt>
      <trkpt lat="42.464320" lon="2.832060">
        <ele>338</ele>
      </trkpt>
      <trkpt lat="42.464390" lon="2.832180">
        <ele>338.7</ele>
      </trkpt>
      <trkpt lat="42.464460" lon="2.832710">
        <ele>340.8</ele>
      </trkpt>
      <trkpt lat="42.464590" lon="2.832950">
        <ele>341.9</ele>
      </trkpt>
      <trkpt lat="42.464730" lon="2.833000">
        <ele>340.6</ele>
      </trkpt>
      <trkpt lat="42.465040" lon="2.832860">
        <ele>340.4</ele>
      </trkpt>
      <trkpt lat="42.465520" lon="2.832820">
        <ele>337.4</ele>
      </trkpt>
      <trkpt lat="42.465550" lon="2.832940">
        <ele>337.6</ele>
      </trkpt>
      <trkpt lat="42.465470" lon="2.833400">
        <ele>339.4</ele>
      </trkpt>
      <trkpt lat="42.465510" lon="2.833520">
        <ele>339.8</ele>
      </trkpt>
      <trkpt lat="42.465730" lon="2.833700">
        <ele>339</ele>
      </trkpt>
      <trkpt lat="42.465820" lon="2.833920">
        <ele>340.3</ele>
      </trkpt>
      <trkpt lat="42.465800" lon="2.834240">
        <ele>340.6</ele>
      </trkpt>
      <trkpt lat="42.465700" lon="2.834490">
        <ele>341.6</ele>
      </trkpt>
      <trkpt lat="42.465480" lon="2.834840">
        <ele>342.7</ele>
      </trkpt>
      <trkpt lat="42.465170" lon="2.835180">
        <ele>344.9</ele>
      </trkpt>
      <trkpt lat="42.464960" lon="2.835540">
        <ele>345.2</ele>
      </trkpt>
      <trkpt lat="42.464940" lon="2.835680">
        <ele>345.8</ele>
      </trkpt>
      <trkpt lat="42.464980" lon="2.835990">
        <ele>345.2</ele>
      </trkpt>
      <trkpt lat="42.464940" lon="2.836190">
        <ele>345.6</ele>
      </trkpt>
      <trkpt lat="42.464870" lon="2.836330">
        <ele>344.9</ele>
      </trkpt>
      <trkpt lat="42.464740" lon="2.836380">
        <ele>346</ele>
      </trkpt>
      <trkpt lat="42.464550" lon="2.836400">
        <ele>347.9</ele>
      </trkpt>
      <trkpt lat="42.464500" lon="2.836510">
        <ele>348.5</ele>
      </trkpt>
      <trkpt lat="42.464530" lon="2.836750">
        <ele>348.8</ele>
      </trkpt>
      <trkpt lat="42.464740" lon="2.836930">
        <ele>347</ele>
      </trkpt>
      <trkpt lat="42.464790" lon="2.837130">
        <ele>346</ele>
      </trkpt>
      <trkpt lat="42.464750" lon="2.837280">
        <ele>347.5</ele>
      </trkpt>
      <trkpt lat="42.464660" lon="2.837470">
        <ele>349</ele>
      </trkpt>
      <trkpt lat="42.464650" lon="2.837570">
        <ele>350.1</ele>
      </trkpt>
      <trkpt lat="42.464700" lon="2.837670">
        <ele>349.8</ele>
      </trkpt>
      <trkpt lat="42.464890" lon="2.837840">
        <ele>347.9</ele>
      </trkpt>
      <trkpt lat="42.464930" lon="2.838100">
        <ele>348.2</ele>
      </trkpt>
      <trkpt lat="42.464890" lon="2.838300">
        <ele>348.3</ele>
      </trkpt>
      <trkpt lat="42.464820" lon="2.838520">
        <ele>349.2</ele>
      </trkpt>
      <trkpt lat="42.464810" lon="2.838770">
        <ele>348.4</ele>
      </trkpt>
      <trkpt lat="42.464720" lon="2.839020">
        <ele>348.6</ele>
      </trkpt>
      <trkpt lat="42.464610" lon="2.839140">
        <ele>347.8</ele>
      </trkpt>
      <trkpt lat="42.464500" lon="2.839150">
        <ele>348.8</ele>
      </trkpt>
      <trkpt lat="42.464340" lon="2.839090">
        <ele>350.4</ele>
      </trkpt>
      <trkpt lat="42.464210" lon="2.839010">
        <ele>351.2</ele>
      </trkpt>
      <trkpt lat="42.464090" lon="2.839070">
        <ele>351.4</ele>
      </trkpt>
      <trkpt lat="42.464030" lon="2.839230">
        <ele>351.1</ele>
      </trkpt>
      <trkpt lat="42.464180" lon="2.839840">
        <ele>349.7</ele>
      </trkpt>
      <trkpt lat="42.464180" lon="2.840050">
        <ele>349.3</ele>
      </trkpt>
      <trkpt lat="42.464100" lon="2.840240">
        <ele>350</ele>
      </trkpt>
      <trkpt lat="42.463970" lon="2.840360">
        <ele>349.3</ele>
      </trkpt>
      <trkpt lat="42.463820" lon="2.840340">
        <ele>350.7</ele>
      </trkpt>
      <trkpt lat="42.463620" lon="2.840250">
        <ele>351.1</ele>
      </trkpt>
      <trkpt lat="42.463490" lon="2.840250">
        <ele>353.5</ele>
      </trkpt>
      <trkpt lat="42.463410" lon="2.840320">
        <ele>353.7</ele>
      </trkpt>
      <trkpt lat="42.463400" lon="2.840410">
        <ele>354.6</ele>
      </trkpt>
      <trkpt lat="42.463470" lon="2.840710">
        <ele>352.5</ele>
      </trkpt>
      <trkpt lat="42.463510" lon="2.841390">
        <ele>353.4</ele>
      </trkpt>
      <trkpt lat="42.463430" lon="2.841680">
        <ele>353</ele>
      </trkpt>
      <trkpt lat="42.463270" lon="2.842070">
        <ele>354.2</ele>
      </trkpt>
      <trkpt lat="42.463240" lon="2.842260">
        <ele>354.4</ele>
      </trkpt>
      <trkpt lat="42.463240" lon="2.842460">
        <ele>354.8</ele>
      </trkpt>
      <trkpt lat="42.463190" lon="2.842560">
        <ele>354.9</ele>
      </trkpt>
      <trkpt lat="42.463060" lon="2.842620">
        <ele>354.9</ele>
      </trkpt>
      <trkpt lat="42.463000" lon="2.842700">
        <ele>354.9</ele>
      </trkpt>
      <trkpt lat="42.462960" lon="2.842990">
        <ele>354.9</ele>
      </trkpt>
      <trkpt lat="42.462890" lon="2.843220">
        <ele>355.4</ele>
      </trkpt>
      <trkpt lat="42.462770" lon="2.843460">
        <ele>355.2</ele>
      </trkpt>
      <trkpt lat="42.462610" lon="2.843770">
        <ele>355.6</ele>
      </trkpt>
      <trkpt lat="42.462430" lon="2.844000">
        <ele>355.9</ele>
      </trkpt>
      <trkpt lat="42.462210" lon="2.844270">
        <ele>356.1</ele>
      </trkpt>
      <trkpt lat="42.461900" lon="2.844590">
        <ele>357.3</ele>
      </trkpt>
      <trkpt lat="42.461580" lon="2.844860">
        <ele>355.4</ele>
      </trkpt>
      <trkpt lat="42.461470" lon="2.844890">
        <ele>354.5</ele>
      </trkpt>
      <trkpt lat="42.461380" lon="2.844680">
        <ele>358.1</ele>
      </trkpt>
      <trkpt lat="42.461290" lon="2.844280">
        <ele>361.7</ele>
      </trkpt>
      <trkpt lat="42.461210" lon="2.844190">
        <ele>360.9</ele>
      </trkpt>
      <trkpt lat="42.461120" lon="2.844170">
        <ele>358.1</ele>
      </trkpt>
      <trkpt lat="42.460830" lon="2.844550">
        <ele>358.3</ele>
      </trkpt>
      <trkpt lat="42.460690" lon="2.844630">
        <ele>358.5</ele>
      </trkpt>
      <trkpt lat="42.460450" lon="2.844720">
        <ele>359.1</ele>
      </trkpt>
      <trkpt lat="42.460350" lon="2.844830">
        <ele>358.4</ele>
      </trkpt>
      <trkpt lat="42.460220" lon="2.845080">
        <ele>357.9</ele>
      </trkpt>
      <trkpt lat="42.460100" lon="2.845590">
        <ele>357.6</ele>
      </trkpt>
      <trkpt lat="42.459760" lon="2.846100">
        <ele>356</ele>
      </trkpt>
      <trkpt lat="42.459700" lon="2.846210">
        <ele>357.2</ele>
      </trkpt>
      <trkpt lat="42.459680" lon="2.846390">
        <ele>356.5</ele>
      </trkpt>
      <trkpt lat="42.459790" lon="2.846690">
        <ele>353.6</ele>
      </trkpt>
      <trkpt lat="42.459780" lon="2.846870">
        <ele>352.9</ele>
      </trkpt>
      <trkpt lat="42.459630" lon="2.847350">
        <ele>351.2</ele>
      </trkpt>
      <trkpt lat="42.459750" lon="2.847460">
        <ele>349.3</ele>
      </trkpt>
      <trkpt lat="42.459780" lon="2.847570">
        <ele>349.4</ele>
      </trkpt>
      <trkpt lat="42.459740" lon="2.847750">
        <ele>348.5</ele>
      </trkpt>
      <trkpt lat="42.459640" lon="2.848100">
        <ele>346.6</ele>
      </trkpt>
      <trkpt lat="42.459560" lon="2.848280">
        <ele>345.5</ele>
      </trkpt>
      <trkpt lat="42.459440" lon="2.848370">
        <ele>343.7</ele>
      </trkpt>
      <trkpt lat="42.459190" lon="2.848370">
        <ele>342.7</ele>
      </trkpt>
      <trkpt lat="42.459140" lon="2.848430">
        <ele>342.1</ele>
      </trkpt>
      <trkpt lat="42.459140" lon="2.848570">
        <ele>340.6</ele>
      </trkpt>
      <trkpt lat="42.459290" lon="2.848710">
        <ele>339.5</ele>
      </trkpt>
      <trkpt lat="42.459320" lon="2.848780">
        <ele>338.7</ele>
      </trkpt>
      <trkpt lat="42.459330" lon="2.848920">
        <ele>337</ele>
      </trkpt>
      <trkpt lat="42.459260" lon="2.849010">
        <ele>335.8</ele>
      </trkpt>
      <trkpt lat="42.458950" lon="2.849110">
        <ele>332.7</ele>
      </trkpt>
      <trkpt lat="42.458720" lon="2.849330">
        <ele>330.4</ele>
      </trkpt>
      <trkpt lat="42.458550" lon="2.849520">
        <ele>329.2</ele>
      </trkpt>
      <trkpt lat="42.458340" lon="2.849930">
        <ele>326.9</ele>
      </trkpt>
      <trkpt lat="42.458070" lon="2.850170">
        <ele>326.1</ele>
      </trkpt>
      <trkpt lat="42.457970" lon="2.850410">
        <ele>325.1</ele>
      </trkpt>
      <trkpt lat="42.457840" lon="2.850620">
        <ele>324.9</ele>
      </trkpt>
      <trkpt lat="42.457790" lon="2.850750">
        <ele>324</ele>
      </trkpt>
      <trkpt lat="42.457790" lon="2.850930">
        <ele>322.9</ele>
      </trkpt>
      <trkpt lat="42.457840" lon="2.851200">
        <ele>322.9</ele>
      </trkpt>
      <trkpt lat="42.457890" lon="2.851350">
        <ele>322.3</ele>
      </trkpt>
      <trkpt lat="42.458030" lon="2.851500">
        <ele>320.8</ele>
      </trkpt>
      <trkpt lat="42.458280" lon="2.851720">
        <ele>320</ele>
      </trkpt>
      <trkpt lat="42.458330" lon="2.851850">
        <ele>320</ele>
      </trkpt>
      <trkpt lat="42.458300" lon="2.852020">
        <ele>319.5</ele>
      </trkpt>
      <trkpt lat="42.458220" lon="2.852220">
        <ele>318.4</ele>
      </trkpt>
      <trkpt lat="42.458110" lon="2.852290">
        <ele>317.3</ele>
      </trkpt>
      <trkpt lat="42.457900" lon="2.852280">
        <ele>318.5</ele>
      </trkpt>
      <trkpt lat="42.457780" lon="2.852350">
        <ele>318.2</ele>
      </trkpt>
      <trkpt lat="42.457540" lon="2.852730">
        <ele>316.4</ele>
      </trkpt>
      <trkpt lat="42.457270" lon="2.853010">
        <ele>314.5</ele>
      </trkpt>
      <trkpt lat="42.456830" lon="2.853810">
        <ele>311.7</ele>
      </trkpt>
      <trkpt lat="42.456750" lon="2.854240">
        <ele>309.4</ele>
      </trkpt>
      <trkpt lat="42.456680" lon="2.854320">
        <ele>310</ele>
      </trkpt>
      <trkpt lat="42.456580" lon="2.854320">
        <ele>310</ele>
      </trkpt>
      <trkpt lat="42.456370" lon="2.854280">
        <ele>309.9</ele>
      </trkpt>
      <trkpt lat="42.456260" lon="2.854360">
        <ele>309.9</ele>
      </trkpt>
      <trkpt lat="42.456070" lon="2.854770">
        <ele>309.6</ele>
      </trkpt>
      <trkpt lat="42.455950" lon="2.854950">
        <ele>310.6</ele>
      </trkpt>
      <trkpt lat="42.455640" lon="2.855860">
        <ele>308.7</ele>
      </trkpt>
      <trkpt lat="42.455640" lon="2.856000">
        <ele>308.3</ele>
      </trkpt>
      <trkpt lat="42.455730" lon="2.856070">
        <ele>307.9</ele>
      </trkpt>
      <trkpt lat="42.455850" lon="2.856070">
        <ele>308</ele>
      </trkpt>
      <trkpt lat="42.456120" lon="2.855950">
        <ele>309.2</ele>
      </trkpt>
      <trkpt lat="42.456650" lon="2.855670">
        <ele>310.4</ele>
      </trkpt>
      <trkpt lat="42.456780" lon="2.855620">
        <ele>309.7</ele>
      </trkpt>
      <trkpt lat="42.456970" lon="2.855680">
        <ele>313</ele>
      </trkpt>
      <trkpt lat="42.457070" lon="2.855600">
        <ele>314.9</ele>
      </trkpt>
      <trkpt lat="42.457150" lon="2.855360">
        <ele>311.9</ele>
      </trkpt>
      <trkpt lat="42.457270" lon="2.855260">
        <ele>312.4</ele>
      </trkpt>
      <trkpt lat="42.457480" lon="2.855170">
        <ele>313.7</ele>
      </trkpt>
      <trkpt lat="42.457780" lon="2.854850">
        <ele>316.2</ele>
      </trkpt>
      <trkpt lat="42.458070" lon="2.854710">
        <ele>318.2</ele>
      </trkpt>
      <trkpt lat="42.458310" lon="2.854550">
        <ele>319</ele>
      </trkpt>
      <trkpt lat="42.458460" lon="2.854560">
        <ele>318.1</ele>
      </trkpt>
      <trkpt lat="42.458570" lon="2.854700">
        <ele>320.1</ele>
      </trkpt>
      <trkpt lat="42.458790" lon="2.855160">
        <ele>325</ele>
      </trkpt>
      <trkpt lat="42.458840" lon="2.855200">
        <ele>324.3</ele>
      </trkpt>
      <trkpt lat="42.458930" lon="2.855190">
        <ele>324.1</ele>
      </trkpt>
      <trkpt lat="42.459010" lon="2.855060">
        <ele>324</ele>
      </trkpt>
      <trkpt lat="42.459210" lon="2.854680">
        <ele>322.3</ele>
      </trkpt>
      <trkpt lat="42.459350" lon="2.854660">
        <ele>322.8</ele>
      </trkpt>
      <trkpt lat="42.459470" lon="2.854730">
        <ele>324.6</ele>
      </trkpt>
      <trkpt lat="42.459970" lon="2.855530">
        <ele>330.6</ele>
      </trkpt>
      <trkpt lat="42.460010" lon="2.855660">
        <ele>332.1</ele>
      </trkpt>
      <trkpt lat="42.459940" lon="2.855700">
        <ele>335.6</ele>
      </trkpt>
      <trkpt lat="42.459750" lon="2.855440">
        <ele>335.8</ele>
      </trkpt>
      <trkpt lat="42.459480" lon="2.855270">
        <ele>338.7</ele>
      </trkpt>
      <trkpt lat="42.459330" lon="2.855260">
        <ele>338.2</ele>
      </trkpt>
      <trkpt lat="42.459290" lon="2.855360">
        <ele>340.3</ele>
      </trkpt>
      <trkpt lat="42.459340" lon="2.855430">
        <ele>342.5</ele>
      </trkpt>
      <trkpt lat="42.459480" lon="2.855460">
        <ele>343.5</ele>
      </trkpt>
      <trkpt lat="42.459630" lon="2.855610">
        <ele>343.8</ele>
      </trkpt>
      <trkpt lat="42.459880" lon="2.856000">
        <ele>346.8</ele>
      </trkpt>
      <trkpt lat="42.460010" lon="2.856170">
        <ele>348.8</ele>
      </trkpt>
      <trkpt lat="42.460090" lon="2.856240">
        <ele>350.2</ele>
      </trkpt>
      <trkpt lat="42.460210" lon="2.856280">
        <ele>350.4</ele>
      </trkpt>
      <trkpt lat="42.460470" lon="2.856280">
        <ele>350.1</ele>
      </trkpt>
      <trkpt lat="42.460610" lon="2.856380">
        <ele>351.8</ele>
      </trkpt>
      <trkpt lat="42.460650" lon="2.856540">
        <ele>351.6</ele>
      </trkpt>
      <trkpt lat="42.460570" lon="2.856720">
        <ele>353.9</ele>
      </trkpt>
      <trkpt lat="42.460320" lon="2.857130">
        <ele>358.9</ele>
      </trkpt>
      <trkpt lat="42.460290" lon="2.857220">
        <ele>358.6</ele>
      </trkpt>
      <trkpt lat="42.460310" lon="2.857340">
        <ele>360.6</ele>
      </trkpt>
      <trkpt lat="42.460570" lon="2.857550">
        <ele>360.4</ele>
      </trkpt>
      <trkpt lat="42.460620" lon="2.857630">
        <ele>360.1</ele>
      </trkpt>
      <trkpt lat="42.460620" lon="2.857790">
        <ele>361.9</ele>
      </trkpt>
      <trkpt lat="42.460530" lon="2.858180">
        <ele>364.1</ele>
      </trkpt>
      <trkpt lat="42.460550" lon="2.858300">
        <ele>363.2</ele>
      </trkpt>
      <trkpt lat="42.460730" lon="2.858550">
        <ele>362.5</ele>
      </trkpt>
      <trkpt lat="42.460760" lon="2.858620">
        <ele>363.2</ele>
      </trkpt>
      <trkpt lat="42.460720" lon="2.858620">
        <ele>364.3</ele>
      </trkpt>
      <trkpt lat="42.460430" lon="2.858370">
        <ele>368.8</ele>
      </trkpt>
      <trkpt lat="42.460400" lon="2.858270">
        <ele>369.2</ele>
      </trkpt>
      <trkpt lat="42.460390" lon="2.857910">
        <ele>370</ele>
      </trkpt>
      <trkpt lat="42.460340" lon="2.857790">
        <ele>371.3</ele>
      </trkpt>
      <trkpt lat="42.460250" lon="2.857740">
        <ele>372.1</ele>
      </trkpt>
      <trkpt lat="42.459960" lon="2.857880">
        <ele>377.4</ele>
      </trkpt>
      <trkpt lat="42.459840" lon="2.857910">
        <ele>380.3</ele>
      </trkpt>
      <trkpt lat="42.459790" lon="2.857900">
        <ele>381</ele>
      </trkpt>
      <trkpt lat="42.459750" lon="2.857790">
        <ele>380.5</ele>
      </trkpt>
      <trkpt lat="42.459770" lon="2.857590">
        <ele>380.1</ele>
      </trkpt>
      <trkpt lat="42.459770" lon="2.857300">
        <ele>381</ele>
      </trkpt>
      <trkpt lat="42.459710" lon="2.857000">
        <ele>380.7</ele>
      </trkpt>
      <trkpt lat="42.459610" lon="2.856840">
        <ele>378.1</ele>
      </trkpt>
      <trkpt lat="42.459500" lon="2.856780">
        <ele>377.8</ele>
      </trkpt>
      <trkpt lat="42.459190" lon="2.856810">
        <ele>376.8</ele>
      </trkpt>
      <trkpt lat="42.458920" lon="2.856590">
        <ele>372.4</ele>
      </trkpt>
      <trkpt lat="42.458700" lon="2.856500">
        <ele>370.6</ele>
      </trkpt>
      <trkpt lat="42.458370" lon="2.856260">
        <ele>366.7</ele>
      </trkpt>
      <trkpt lat="42.458280" lon="2.856210">
        <ele>365.5</ele>
      </trkpt>
      <trkpt lat="42.458040" lon="2.856210">
        <ele>363.5</ele>
      </trkpt>
      <trkpt lat="42.457860" lon="2.856300">
        <ele>360.8</ele>
      </trkpt>
      <trkpt lat="42.457670" lon="2.856650">
        <ele>359.3</ele>
      </trkpt>
      <trkpt lat="42.457560" lon="2.856760">
        <ele>356.6</ele>
      </trkpt>
      <trkpt lat="42.457460" lon="2.856920">
        <ele>357.5</ele>
      </trkpt>
      <trkpt lat="42.457380" lon="2.856980">
        <ele>358.2</ele>
      </trkpt>
      <trkpt lat="42.457330" lon="2.856980">
        <ele>357.4</ele>
      </trkpt>
      <trkpt lat="42.457050" lon="2.856830">
        <ele>350</ele>
      </trkpt>
      <trkpt lat="42.456870" lon="2.856840">
        <ele>349.5</ele>
      </trkpt>
      <trkpt lat="42.456650" lon="2.856900">
        <ele>347.5</ele>
      </trkpt>
      <trkpt lat="42.456520" lon="2.857030">
        <ele>346.9</ele>
      </trkpt>
      <trkpt lat="42.456330" lon="2.857300">
        <ele>344.7</ele>
      </trkpt>
      <trkpt lat="42.456200" lon="2.857730">
        <ele>343.9</ele>
      </trkpt>
      <trkpt lat="42.456120" lon="2.857790">
        <ele>341.6</ele>
      </trkpt>
      <trkpt lat="42.455850" lon="2.857840">
        <ele>339</ele>
      </trkpt>
      <trkpt lat="42.455790" lon="2.858130">
        <ele>338.4</ele>
      </trkpt>
      <trkpt lat="42.455680" lon="2.858150">
        <ele>337.9</ele>
      </trkpt>
      <trkpt lat="42.455490" lon="2.858040">
        <ele>334.4</ele>
      </trkpt>
      <trkpt lat="42.455270" lon="2.857730">
        <ele>330.2</ele>
      </trkpt>
      <trkpt lat="42.455190" lon="2.857710">
        <ele>328.9</ele>
      </trkpt>
      <trkpt lat="42.455090" lon="2.857750">
        <ele>328.4</ele>
      </trkpt>
      <trkpt lat="42.454940" lon="2.857900">
        <ele>329.5</ele>
      </trkpt>
      <trkpt lat="42.454850" lon="2.857940">
        <ele>328.9</ele>
      </trkpt>
      <trkpt lat="42.454650" lon="2.857860">
        <ele>326.5</ele>
      </trkpt>
      <trkpt lat="42.454570" lon="2.857950">
        <ele>326.9</ele>
      </trkpt>
    </trkseg>
  </trk>
</gpx>